booking_id,booking_date,user_id,flight_carrier_code,flight_origin_id,flight_dest_id,passengers,revenue
1,2025-10-04 14:23:07,1318,DL,15016,11433,4,1016.12
2,2025-04-12 16:09:49,3881,DL,14869,12478,2,1136.44
3,2024-03-03 18:52:46,1101,DL,14057,14869,4,2038.94
4,2024-02-08 09:59:39,3754,DL,14869,12478,3,1474.53
5,2025-09-27 23:46:20,1785,WN,13303,12478,4,2300.58
6,2025-06-24 23:19:48,1449,DL,14057,14869,3,1571.79
7,2025-08-27 14:18:04,4799,DL,10397,15016,1,280.38
8,2025-01-29 13:22:36,3313,WN,13303,12478,3,1686.02
9,2025-01-09 23:58:18,3693,DL,10397,15016,1,197.66
10,2025-04-09 00:06:53,4904,DL,10397,15016,1,267.62
11,2024-08-09 13:03:14,3202,DL,14057,14869,4,2275.99
12,2025-10-04 22:50:56,4813,DL,15016,11433,1,258.85
13,2024-01-10 06:17:58,2411,UA,10397,12892,1,468.48
14,2025-09-27 11:41:32,2159,DL,14057,14869,2,733.72
15,2024-05-18 14:39:45,1444,DL,12266,10397,4,1388.81
16,2025-04-30 22:45:35,1524,DL,14869,12478,2,626.08
17,2025-01-31 03:14:26,4626,DL,15016,11433,1,283.09
18,2025-03-12 03:53:32,4629,DL,11193,12892,2,481.76
19,2025-08-14 21:02:59,4383,DL,14057,14869,4,1073.48
20,2025-04-13 04:34:08,1042,DL,11193,12892,3,1615.93
21,2025-03-17 03:55:22,2230,WN,13303,12478,1,571.95
22,2024-01-08 06:51:44,4653,DL,11433,13303,2,984.55
23,2024-10-04 17:18:38,1407,DL,14057,14869,1,481.4
24,2025-10-05 14:46:07,3091,DL,15016,11433,1,308.35
25,2024-09-26 00:32:06,1160,DL,10397,15016,1,315.15
26,2024-07-09 01:52:43,1972,DL,12266,10397,1,504.45
27,2025-01-10 18:04:22,2353,DL,11193,12892,1,456.33
28,2025-06-03 17:33:34,4308,DL,14869,12478,1,154.16
29,2024-09-29 13:06:02,4853,UA,10397,12892,2,714.38
30,2025-05-27 10:42:19,3825,WN,13303,12478,3,485.84
31,2024-01-19 18:09:09,4970,DL,10397,15016,3,1219.73
32,2024-03-23 00:10:25,3785,DL,14869,12478,2,916.32
33,2025-05-09 04:43:33,1091,DL,11433,13303,4,2374.75
34,2025-01-12 09:04:53,2538,DL,10397,15016,1,421.21
35,2024-08-18 00:24:17,1354,DL,12266,10397,1,505.98
36,2024-02-27 22:19:48,2408,DL,11193,12892,4,1243.88
37,2024-06-09 08:26:22,4191,AA,12892,10397,2,1086.75
38,2024-10-30 14:25:50,3636,DL,15016,11433,4,1414.74
39,2025-05-14 01:38:57,2709,DL,15016,11433,2,768.15
40,2024-09-03 05:57:18,2484,AA,12892,10397,1,372.55
41,2025-04-30 14:46:13,4784,DL,12266,10397,4,2037.39
42,2024-05-14 13:11:11,1746,DL,11193,12892,3,898.72
43,2025-08-25 00:14:22,1884,DL,11193,12892,4,670.52
44,2025-04-12 17:46:02,2548,DL,11433,13303,3,771.83
45,2025-06-01 01:12:17,2398,DL,10397,15016,4,838.39
46,2024-07-17 06:22:17,3090,DL,10397,15016,1,264.29
47,2024-01-30 18:34:09,1015,DL,10397,15016,2,1119.68
48,2025-04-17 08:42:33,2376,UA,10397,12892,1,343.42
49,2024-12-17 13:36:45,3441,DL,14869,12478,2,449.45
50,2024-11-26 07:42:51,1731,AA,12892,10397,4,886.52
51,2024-10-17 21:54:18,4887,DL,15016,11433,2,786.05
52,2024-06-07 10:21:50,1148,WN,13303,12478,1,179.42
53,2024-05-08 14:14:33,2609,UA,10397,12892,1,348.79
54,2024-05-07 12:18:53,3284,DL,11433,13303,3,526.62
55,2024-01-27 16:10:09,4394,DL,15016,11433,2,706.03
56,2024-01-07 03:41:49,4188,WN,13303,12478,1,237.52
57,2024-08-06 20:52:06,2570,DL,11193,12892,1,200.76
58,2024-03-30 02:54:02,3602,AA,12892,10397,2,1132.38
59,2025-02-02 22:12:55,3570,DL,11193,12892,1,270.2
60,2025-06-14 10:21:19,1211,WN,13303,12478,4,627.2
61,2025-06-06 05:53:14,2325,DL,10397,15016,1,432.09
62,2024-04-09 17:17:58,2591,DL,11433,13303,3,1125.0
63,2024-10-05 08:48:51,4832,DL,11433,13303,2,649.82
64,2025-05-25 18:15:37,2762,UA,10397,12892,4,710.97
65,2025-06-05 15:05:16,1930,DL,15016,11433,2,498.87
66,2024-09-19 21:44:49,4989,DL,12266,10397,2,1188.22
67,2024-10-19 07:41:08,1800,DL,14057,14869,2,617.13
68,2025-08-12 05:57:43,1248,DL,14057,14869,1,291.84
69,2024-06-01 22:59:14,2152,UA,10397,12892,4,852.04
70,2025-09-28 09:13:47,1659,AA,12892,10397,4,1712.65
71,2024-10-10 02:15:12,2969,UA,10397,12892,2,402.93
72,2024-01-09 12:25:00,1445,UA,10397,12892,3,1515.56
73,2025-05-25 22:18:37,1877,WN,13303,12478,4,621.83
74,2025-03-17 23:47:07,4012,AA,12892,10397,2,620.43
75,2024-09-07 03:31:00,4979,DL,11193,12892,2,750.69
76,2024-01-31 08:19:39,3330,DL,11433,13303,1,340.11
77,2025-06-02 09:01:24,1666,DL,11193,12892,4,1942.38
78,2025-02-22 14:59:34,1968,DL,15016,11433,1,363.72
79,2024-08-11 15:51:00,1461,UA,10397,12892,3,1141.52
80,2025-08-13 05:15:21,4738,DL,14057,14869,2,818.58
81,2024-02-07 20:55:24,1140,DL,11193,12892,4,753.84
82,2024-06-05 09:42:25,2397,DL,14057,14869,2,336.23
83,2024-10-08 08:58:36,1603,DL,11433,13303,4,1183.79
84,2025-03-10 07:02:08,4011,DL,11193,12892,1,223.29
85,2025-10-14 13:41:14,1727,DL,14869,12478,3,651.37
86,2024-11-29 06:55:11,4827,WN,13303,12478,3,732.34
87,2025-04-15 09:52:20,4563,AA,12892,10397,2,1198.68
88,2024-05-12 10:30:08,2538,UA,10397,12892,2,579.39
89,2025-09-30 07:08:58,4169,DL,10397,15016,3,1317.96
90,2024-12-29 05:50:09,3548,DL,12266,10397,3,1515.11
91,2025-08-10 01:13:12,3169,AA,12892,10397,3,1102.32
92,2024-04-24 01:50:20,1779,WN,13303,12478,2,372.6
93,2024-04-21 22:56:53,2279,DL,14057,14869,1,337.04
94,2025-04-15 05:17:33,1919,DL,11433,13303,1,540.32
95,2024-03-30 05:07:54,1183,DL,11433,13303,4,847.88
96,2025-03-09 13:08:36,2833,WN,13303,12478,3,681.27
97,2025-09-09 13:18:41,1612,DL,10397,15016,3,750.55
98,2024-02-29 22:37:48,4829,DL,11193,12892,2,1012.35
99,2025-01-18 13:33:19,2138,DL,14869,12478,2,373.15
100,2024-04-30 23:35:23,2272,DL,14869,12478,2,941.37
101,2024-12-13 00:35:51,2232,DL,11193,12892,4,1436.37
102,2025-05-10 06:15:41,2699,DL,11193,12892,2,394.48
103,2024-06-27 14:31:20,1720,DL,11193,12892,2,1115.75
104,2024-09-14 09:02:52,2746,UA,10397,12892,2,1078.82
105,2024-12-18 22:20:07,2514,DL,14869,12478,2,740.43
106,2025-02-03 20:23:23,3636,DL,12266,10397,3,1194.94
107,2024-05-15 12:29:09,3127,DL,11193,12892,1,396.27
108,2025-08-06 22:44:06,4819,AA,12892,10397,4,1693.86
109,2025-08-30 14:33:30,1280,WN,13303,12478,4,1224.86
110,2024-09-29 13:29:29,1674,AA,12892,10397,2,1062.52
111,2024-10-26 01:25:19,4842,DL,15016,11433,3,1786.32
112,2024-05-11 18:12:29,4937,DL,11193,12892,3,881.45
113,2024-09-18 21:20:44,4788,DL,12266,10397,4,805.27
114,2024-08-06 12:07:50,2151,DL,11433,13303,2,329.41
115,2024-07-06 02:22:29,2777,DL,14869,12478,2,335.42
116,2025-10-20 07:57:12,3622,AA,12892,10397,4,1179.51
117,2024-05-21 03:34:57,4963,DL,11193,12892,3,1234.16
118,2024-01-08 10:31:39,3831,DL,11193,12892,2,956.26
119,2025-10-08 01:54:44,3842,DL,14057,14869,1,241.02
120,2024-09-03 23:51:15,2348,DL,10397,15016,2,544.69
121,2024-03-21 07:19:04,3483,DL,14057,14869,2,327.4
122,2024-06-01 18:11:07,2293,DL,11433,13303,1,303.87
123,2025-02-28 14:59:02,2355,DL,14869,12478,3,455.02
124,2025-05-26 04:42:34,1649,DL,12266,10397,3,1090.24
125,2025-07-29 17:09:08,3490,DL,10397,15016,1,540.27
126,2024-03-17 11:16:07,2275,DL,14057,14869,4,1048.43
127,2024-04-21 23:03:18,4796,DL,11433,13303,4,1301.67
128,2025-03-01 02:29:06,3229,DL,11433,13303,2,1027.26
129,2024-08-22 04:48:21,3574,UA,10397,12892,3,1132.02
130,2024-01-07 01:50:41,3252,DL,15016,11433,4,988.8
131,2024-01-09 03:29:30,1533,DL,12266,10397,1,301.08
132,2025-06-15 05:01:18,2617,WN,13303,12478,2,849.44
133,2024-03-02 19:21:12,1164,WN,13303,12478,3,1107.55
134,2024-08-07 20:37:42,3063,DL,11193,12892,2,423.58
135,2025-05-17 17:57:34,2057,WN,13303,12478,4,1809.72
136,2024-09-01 16:45:36,3951,WN,13303,12478,4,1679.8
137,2025-05-12 16:52:05,4434,DL,15016,11433,1,445.39
138,2025-05-13 00:04:18,4193,DL,10397,15016,3,1415.37
139,2025-01-23 16:18:59,1848,DL,11433,13303,4,1715.77
140,2025-07-01 16:21:09,2916,DL,15016,11433,4,2218.07
141,2025-08-03 00:35:06,3076,DL,11193,12892,4,2373.94
142,2024-01-24 09:16:00,2626,AA,12892,10397,2,902.89
143,2025-03-18 18:27:31,1059,DL,15016,11433,2,979.31
144,2024-12-20 01:43:47,3749,DL,15016,11433,4,1142.84
145,2025-02-21 07:17:06,2619,WN,13303,12478,2,965.52
146,2024-03-10 08:30:04,4457,DL,10397,15016,4,1782.39
147,2025-03-11 03:49:22,2344,DL,14869,12478,4,1820.2
148,2024-11-29 08:20:03,4637,DL,10397,15016,1,560.8
149,2024-03-25 21:43:23,4863,DL,15016,11433,3,1644.86
150,2025-04-05 17:51:46,2403,DL,11433,13303,4,1077.29
151,2024-06-21 05:15:50,1891,DL,14869,12478,2,620.11
152,2025-01-25 10:55:49,3692,DL,11433,13303,2,633.27
153,2024-08-19 06:04:00,3905,DL,14869,12478,1,448.99
154,2025-03-15 03:47:34,2894,DL,12266,10397,2,894.12
155,2024-01-18 11:34:26,4438,DL,11193,12892,2,672.07
156,2025-07-28 19:29:44,3420,WN,13303,12478,4,1268.58
157,2025-10-12 08:17:37,1500,DL,12266,10397,3,499.78
158,2024-06-30 18:35:43,3763,DL,14869,12478,3,1456.72
159,2024-11-04 08:40:12,2693,DL,15016,11433,1,161.39
160,2025-10-26 23:54:19,3903,DL,11433,13303,1,281.6
161,2024-05-30 20:54:42,1747,DL,12266,10397,1,235.63
162,2024-02-23 00:20:42,2611,DL,15016,11433,2,947.92
163,2024-11-27 17:26:20,2409,DL,11433,13303,4,1778.79
164,2025-08-15 11:17:44,4664,DL,11433,13303,3,1395.21
165,2025-04-04 16:26:29,3510,DL,12266,10397,1,501.21
166,2024-05-24 12:16:36,4977,DL,12266,10397,3,1176.59
167,2024-02-18 07:14:34,3527,DL,15016,11433,3,1201.99
168,2024-12-02 12:44:30,3285,DL,10397,15016,1,202.88
169,2024-02-01 09:30:51,3337,DL,10397,15016,1,310.38
170,2025-05-08 16:47:25,4957,AA,12892,10397,4,1994.84
171,2025-07-09 01:06:53,2806,UA,10397,12892,2,925.93
172,2025-02-09 14:30:04,4977,DL,12266,10397,2,363.62
173,2025-01-28 06:23:13,4524,DL,10397,15016,3,1304.94
174,2025-05-23 02:46:06,4255,DL,15016,11433,1,372.65
175,2024-01-31 08:53:10,2080,DL,14869,12478,2,860.68
176,2025-01-12 17:53:49,1388,DL,12266,10397,3,1596.21
177,2025-03-03 23:19:46,4255,DL,12266,10397,1,444.13
178,2025-01-24 06:44:30,1008,DL,15016,11433,2,592.98
179,2025-08-05 06:39:21,3359,DL,11193,12892,2,694.62
180,2025-05-10 03:06:51,1555,DL,15016,11433,1,356.74
181,2024-10-31 21:02:27,3397,DL,15016,11433,1,161.73
182,2024-12-24 15:09:05,2907,DL,14057,14869,2,821.63
183,2025-05-13 00:09:20,2514,UA,10397,12892,3,1654.17
184,2024-06-01 21:16:29,3177,UA,10397,12892,4,1064.46
185,2025-05-12 11:44:17,3174,DL,14057,14869,4,1495.86
186,2024-12-21 17:04:13,3551,UA,10397,12892,4,1033.79
187,2025-05-28 04:58:32,4195,DL,11193,12892,2,1030.05
188,2025-10-08 07:58:50,2993,DL,14869,12478,4,1284.75
189,2025-03-14 20:29:56,1580,DL,12266,10397,4,1960.49
190,2025-03-04 01:30:54,3189,DL,12266,10397,1,230.41
191,2025-05-09 03:50:50,4766,DL,12266,10397,2,533.17
192,2025-04-09 04:13:07,2521,DL,11193,12892,4,650.68
193,2024-05-28 06:38:59,1937,DL,14057,14869,1,540.42
194,2024-07-07 17:12:12,4116,WN,13303,12478,4,2103.52
195,2025-01-26 08:08:25,4834,DL,14057,14869,4,2321.45
196,2024-09-09 23:54:55,2229,DL,11433,13303,4,1349.02
197,2024-06-06 05:59:42,1297,UA,10397,12892,1,362.53
198,2024-07-31 20:54:55,1143,UA,10397,12892,2,866.37
199,2024-09-04 14:39:01,3113,DL,15016,11433,3,1394.27
200,2025-10-14 11:09:18,2786,DL,12266,10397,1,414.36
201,2024-02-12 17:25:25,4797,DL,12266,10397,2,1025.6
202,2025-09-20 11:06:05,2232,DL,12266,10397,3,1104.84
203,2024-01-16 14:06:03,2839,UA,10397,12892,4,1190.53
204,2025-01-27 21:55:48,1665,WN,13303,12478,3,668.64
205,2024-11-03 09:29:12,1310,DL,14057,14869,1,171.28
206,2025-05-16 23:12:48,3202,WN,13303,12478,2,425.57
207,2024-04-04 09:10:07,3569,DL,11433,13303,3,818.18
208,2024-10-12 19:11:04,1888,DL,11433,13303,4,1091.25
209,2024-06-03 06:42:48,1403,DL,12266,10397,2,995.44
210,2025-09-26 17:02:24,3074,DL,12266,10397,4,609.48
211,2025-03-22 08:19:06,3301,UA,10397,12892,4,1987.22
212,2024-07-04 12:51:06,3197,DL,15016,11433,3,1001.56
213,2024-04-15 03:37:37,3920,DL,10397,15016,1,544.22
214,2025-09-12 08:10:17,3878,DL,14057,14869,1,536.45
215,2025-05-27 05:40:11,1829,DL,11433,13303,1,201.87
216,2025-02-24 17:01:20,1441,DL,15016,11433,1,341.84
217,2025-07-23 12:50:10,3823,DL,15016,11433,1,263.18
218,2025-07-09 19:12:30,2570,DL,14057,14869,2,544.88
219,2024-07-13 06:49:33,3198,DL,12266,10397,3,921.94
220,2024-12-24 16:55:03,3483,WN,13303,12478,4,1344.49
221,2025-04-15 01:07:25,1648,DL,10397,15016,4,1092.49
222,2024-12-30 07:37:05,1522,DL,14869,12478,1,478.2
223,2025-05-15 05:02:49,3292,DL,10397,15016,4,2382.65
224,2025-06-28 13:51:29,1207,DL,11433,13303,2,845.62
225,2024-06-11 12:13:26,4069,DL,14869,12478,3,491.08
226,2024-06-04 17:34:05,3804,DL,12266,10397,1,587.88
227,2025-01-16 02:46:26,1579,WN,13303,12478,4,2108.03
228,2024-06-15 18:44:11,2913,DL,10397,15016,1,436.44
229,2025-04-23 15:29:23,1774,DL,15016,11433,4,1305.81
230,2025-10-28 20:43:14,3116,DL,14057,14869,2,428.78
231,2024-08-08 02:42:07,2301,DL,15016,11433,1,478.62
232,2024-09-27 03:40:22,1816,UA,10397,12892,3,530.03
233,2024-12-21 11:10:57,2386,DL,10397,15016,4,2261.39
234,2025-10-10 18:34:57,4353,DL,15016,11433,2,933.44
235,2025-06-08 12:09:36,3124,DL,14057,14869,2,807.24
236,2025-10-01 03:25:57,4905,DL,11193,12892,2,644.73
237,2024-07-27 17:12:44,2314,DL,15016,11433,1,463.61
238,2024-01-02 11:53:43,2593,AA,12892,10397,4,1956.79
239,2024-07-05 21:58:54,4002,DL,11433,13303,3,1555.43
240,2024-03-11 18:20:50,4558,DL,14869,12478,4,1163.77
241,2025-01-13 13:21:23,3070,DL,11433,13303,2,786.31
242,2025-04-16 21:05:18,1543,DL,11433,13303,3,1552.12
243,2024-02-27 04:16:52,2382,DL,11433,13303,4,1321.42
244,2024-02-16 08:19:58,3743,DL,10397,15016,4,1011.53
245,2024-05-08 02:39:23,4967,DL,11193,12892,3,863.17
246,2024-12-31 02:05:26,2194,DL,11193,12892,3,750.56
247,2024-07-27 19:57:52,2061,DL,12266,10397,2,947.73
248,2024-08-25 20:53:26,1436,AA,12892,10397,1,440.73
249,2024-04-24 19:11:48,4423,DL,11433,13303,1,310.85
250,2024-04-22 15:42:23,3900,DL,12266,10397,3,559.27
251,2024-04-13 18:57:37,4290,DL,14057,14869,2,541.02
252,2024-03-28 00:30:51,3522,DL,12266,10397,4,716.6
253,2025-04-26 02:02:14,2652,WN,13303,12478,4,723.74
254,2024-09-15 03:59:24,3436,WN,13303,12478,1,512.2
255,2024-09-23 13:29:07,3252,UA,10397,12892,3,805.92
256,2024-03-14 11:10:02,1720,AA,12892,10397,4,749.4
257,2024-12-08 19:28:54,3078,AA,12892,10397,1,354.0
258,2024-03-09 18:29:43,3257,DL,14057,14869,2,504.68
259,2025-09-21 00:30:15,1994,DL,10397,15016,1,358.77
260,2025-03-30 08:37:04,4376,DL,10397,15016,2,1025.67
261,2025-07-03 05:00:31,3889,WN,13303,12478,4,2350.75
262,2024-05-02 04:35:13,4648,UA,10397,12892,1,403.72
263,2025-07-08 11:25:12,3793,DL,14869,12478,3,921.32
264,2025-01-23 05:28:36,4571,DL,10397,15016,3,828.21
265,2025-08-07 03:42:28,2343,AA,12892,10397,2,860.19
266,2024-02-03 06:11:39,4110,DL,12266,10397,4,2144.81
267,2024-01-08 01:00:07,3292,DL,12266,10397,3,1021.56
268,2024-11-28 14:14:04,2780,DL,10397,15016,4,1832.28
269,2024-11-10 01:02:13,3344,AA,12892,10397,4,945.41
270,2024-01-05 01:17:46,4347,DL,14869,12478,3,1562.45
271,2024-06-17 19:23:56,3955,DL,15016,11433,4,1263.58
272,2024-04-24 13:24:24,3280,DL,11433,13303,1,403.72
273,2024-11-17 17:14:27,1420,DL,11433,13303,1,271.03
274,2024-03-25 10:28:49,4019,DL,15016,11433,4,2256.04
275,2025-01-10 23:10:45,3798,DL,10397,15016,3,1495.17
276,2024-03-13 13:30:44,4632,DL,15016,11433,2,616.24
277,2024-10-01 22:37:26,3156,DL,12266,10397,3,1249.23
278,2025-03-03 06:56:00,4424,DL,11433,13303,3,1181.63
279,2024-02-19 22:50:54,4242,DL,14869,12478,3,1375.21
280,2025-01-17 08:36:36,3318,DL,11193,12892,3,1596.56
281,2025-09-16 07:37:12,2213,DL,11433,13303,4,1480.64
282,2024-09-26 14:43:31,4784,DL,11433,13303,3,1489.82
283,2025-06-22 16:11:59,1834,AA,12892,10397,2,650.07
284,2024-07-19 21:52:48,4448,DL,14869,12478,2,671.77
285,2024-01-01 22:32:15,2142,DL,12266,10397,3,1349.18
286,2024-10-23 21:54:59,2719,DL,10397,15016,1,266.57
287,2025-04-19 02:08:07,1102,DL,12266,10397,3,934.92
288,2025-06-04 06:28:58,3552,DL,10397,15016,1,483.99
289,2025-01-17 04:10:10,3140,DL,14869,12478,4,1301.44
290,2025-07-23 03:08:34,1528,AA,12892,10397,1,303.29
291,2024-11-29 11:39:59,3560,WN,13303,12478,1,306.3
292,2025-06-12 03:42:56,3000,DL,11433,13303,1,375.53
293,2024-12-04 15:18:16,3535,DL,14869,12478,1,157.24
294,2024-04-29 19:44:21,3515,DL,14057,14869,2,862.98
295,2025-10-18 02:06:29,2885,DL,14057,14869,1,593.76
296,2024-04-01 13:41:46,1895,WN,13303,12478,2,706.26
297,2025-02-17 13:36:50,3243,DL,14057,14869,4,970.72
298,2024-03-08 14:29:50,2903,DL,10397,15016,1,286.35
299,2025-10-20 03:53:10,1028,DL,10397,15016,2,997.52
300,2025-08-02 14:42:26,2702,DL,14057,14869,3,857.33
301,2025-06-06 21:03:07,2479,DL,14057,14869,4,2181.42
302,2025-05-17 02:38:06,3116,DL,12266,10397,4,2243.33
303,2025-09-28 14:00:31,4924,DL,11433,13303,2,765.23
304,2024-12-12 06:01:30,2220,DL,14869,12478,4,1080.5
305,2024-07-21 02:40:21,4701,UA,10397,12892,4,747.72
306,2025-03-06 06:49:37,4370,DL,15016,11433,1,308.23
307,2024-05-30 23:24:28,1768,DL,11433,13303,2,343.11
308,2025-09-11 04:20:17,2670,DL,12266,10397,1,339.47
309,2025-05-10 00:10:14,3835,DL,11433,13303,4,1994.49
310,2024-09-21 09:29:41,3490,AA,12892,10397,3,1174.28
311,2025-07-22 04:55:55,3433,DL,15016,11433,4,1880.77
312,2024-06-10 05:50:47,2696,DL,14869,12478,1,303.31
313,2025-06-09 20:03:46,1508,DL,10397,15016,1,354.93
314,2024-09-20 23:20:09,4739,DL,12266,10397,3,1218.24
315,2025-03-25 19:39:25,3726,DL,14057,14869,4,1621.27
316,2025-01-03 00:12:19,2157,WN,13303,12478,1,230.37
317,2025-04-29 04:07:25,2818,DL,11193,12892,4,1842.73
318,2025-04-26 06:41:49,3566,WN,13303,12478,3,1097.85
319,2024-05-19 02:58:25,2372,DL,11193,12892,1,563.15
320,2024-11-17 02:34:19,1971,DL,11193,12892,3,1679.81
321,2024-11-05 17:23:16,1815,AA,12892,10397,2,405.96
322,2024-10-08 07:45:47,1380,DL,11193,12892,2,961.78
323,2025-01-13 09:19:01,4786,DL,12266,10397,2,490.57
324,2024-11-13 20:17:16,3204,AA,12892,10397,2,725.62
325,2025-09-04 21:47:16,2554,AA,12892,10397,1,244.97
326,2024-11-15 04:17:36,2716,DL,14869,12478,2,835.66
327,2024-04-08 20:57:22,2534,DL,14057,14869,4,2342.59
328,2024-07-26 15:28:58,4010,DL,14057,14869,2,1156.41
329,2024-12-06 19:07:34,2568,DL,14869,12478,4,2314.98
330,2025-09-09 10:49:29,2057,WN,13303,12478,4,1980.49
331,2024-11-08 18:49:23,3328,DL,10397,15016,3,1260.78
332,2025-06-02 12:15:31,2705,DL,14869,12478,2,523.48
333,2024-05-31 19:50:06,3972,AA,12892,10397,4,1502.86
334,2025-02-13 19:57:38,1476,DL,11433,13303,1,300.57
335,2024-03-16 02:43:14,2832,DL,14869,12478,2,1151.67
336,2024-07-16 15:17:25,3879,DL,14057,14869,3,1550.47
337,2024-05-28 13:40:17,3089,DL,14057,14869,3,1611.62
338,2024-09-04 02:44:49,3927,DL,15016,11433,2,1181.98
339,2025-02-14 17:07:28,3928,DL,14057,14869,4,2126.83
340,2024-09-25 21:38:07,2749,DL,14869,12478,1,225.03
341,2025-05-01 06:15:11,2032,UA,10397,12892,3,1571.8
342,2024-11-24 20:42:32,3935,DL,10397,15016,3,1053.77
343,2024-03-24 23:18:25,3196,DL,11433,13303,2,633.17
344,2025-09-07 08:23:29,1693,DL,12266,10397,4,832.32
345,2024-11-23 19:07:15,1300,DL,12266,10397,4,1117.38
346,2024-08-19 05:20:40,4885,DL,12266,10397,4,1305.53
347,2025-07-25 19:30:43,3173,DL,11193,12892,3,1234.82
348,2024-03-31 09:12:14,2096,DL,15016,11433,4,1945.65
349,2024-07-15 04:29:57,2168,WN,13303,12478,1,478.3
350,2024-04-19 22:28:36,3301,DL,14869,12478,2,372.14
351,2025-10-17 09:25:44,3355,DL,11193,12892,4,2067.03
352,2024-05-24 09:31:55,2185,WN,13303,12478,3,1037.04
353,2024-05-16 13:59:51,1937,DL,11433,13303,2,607.87
354,2025-06-03 21:30:35,2173,WN,13303,12478,2,1181.64
355,2024-04-08 19:17:25,2407,UA,10397,12892,3,1413.3
356,2025-10-18 11:32:07,1913,AA,12892,10397,2,1041.8
357,2024-03-12 12:24:21,1500,DL,14057,14869,2,987.12
358,2025-06-10 16:44:47,4538,DL,14869,12478,1,511.26
359,2024-07-20 15:00:22,1475,DL,12266,10397,2,1146.52
360,2025-01-16 03:14:01,2327,DL,10397,15016,4,808.46
361,2024-09-20 18:16:56,1145,DL,14057,14869,2,754.19
362,2024-04-15 06:10:36,4815,UA,10397,12892,3,1485.01
363,2024-12-31 10:25:50,1698,DL,12266,10397,3,1289.58
364,2024-03-24 23:27:33,4032,UA,10397,12892,2,792.04
365,2024-12-12 14:33:59,4776,DL,14057,14869,3,903.41
366,2025-03-24 07:22:34,4464,DL,14869,12478,2,938.12
367,2025-09-19 03:23:39,3360,WN,13303,12478,3,1507.59
368,2025-03-15 11:11:05,4551,DL,15016,11433,2,853.05
369,2025-06-05 03:21:53,2655,DL,14869,12478,2,570.4
370,2025-08-18 16:10:25,2685,DL,12266,10397,2,1164.53
371,2025-05-08 00:49:54,2524,DL,14057,14869,4,779.42
372,2025-04-28 19:52:44,2113,DL,11193,12892,2,604.12
373,2025-07-02 12:16:44,1047,AA,12892,10397,4,2163.19
374,2025-05-21 13:54:29,1389,AA,12892,10397,4,1419.78
375,2024-04-28 06:01:52,4058,DL,14869,12478,4,2271.84
376,2024-09-22 13:33:03,2753,DL,15016,11433,3,1618.77
377,2024-01-18 22:34:23,1193,DL,15016,11433,1,451.71
378,2024-07-02 18:36:56,1821,DL,11433,13303,4,2047.86
379,2024-12-25 10:37:59,1005,DL,11193,12892,1,213.98
380,2024-07-31 18:10:55,1532,AA,12892,10397,3,620.56
381,2024-09-24 16:12:33,3105,DL,11433,13303,1,495.55
382,2025-07-31 02:31:21,3079,UA,10397,12892,2,350.94
383,2025-08-17 12:19:41,3451,WN,13303,12478,2,420.54
384,2025-10-08 13:18:30,4443,DL,12266,10397,1,470.74
385,2025-06-18 21:29:09,1763,DL,11433,13303,4,964.22
386,2024-05-13 00:12:35,3676,UA,10397,12892,1,259.8
387,2025-02-16 04:08:18,1427,DL,12266,10397,1,155.02
388,2025-07-04 01:28:41,1475,DL,10397,15016,2,824.0
389,2024-01-14 19:21:31,2954,AA,12892,10397,3,747.18
390,2025-02-01 06:18:08,1374,DL,11193,12892,3,1626.39
391,2024-11-21 06:43:49,1898,UA,10397,12892,3,1278.49
392,2025-07-12 09:23:36,3429,WN,13303,12478,4,1400.77
393,2024-02-10 05:12:50,2268,DL,14057,14869,4,820.61
394,2025-02-02 11:24:31,2799,DL,14869,12478,1,249.33
395,2025-05-21 11:49:02,4980,DL,11433,13303,1,168.5
396,2024-01-29 11:52:53,1809,DL,14057,14869,4,1664.18
397,2024-04-15 18:32:37,2399,WN,13303,12478,1,433.43
398,2024-04-19 23:12:42,3114,UA,10397,12892,3,1664.5
399,2024-02-16 09:11:22,2620,DL,10397,15016,4,1587.21
400,2024-09-11 04:13:35,2313,DL,10397,15016,2,433.98
401,2024-02-26 21:46:52,1077,AA,12892,10397,2,993.05
402,2025-08-25 20:49:05,2474,DL,15016,11433,1,380.77
403,2024-09-27 15:14:54,4001,WN,13303,12478,4,2104.49
404,2024-02-27 14:46:15,4530,AA,12892,10397,3,1484.12
405,2024-04-12 13:43:12,2252,WN,13303,12478,1,313.17
406,2024-03-25 22:30:01,4422,DL,15016,11433,4,1598.23
407,2024-08-09 07:34:01,3949,WN,13303,12478,2,983.83
408,2025-04-30 17:14:35,2527,DL,12266,10397,4,1184.68
409,2024-12-28 19:41:53,2123,DL,10397,15016,3,597.98
410,2024-07-28 16:53:42,1760,UA,10397,12892,2,1064.66
411,2025-09-05 11:23:41,1950,DL,14057,14869,4,1740.07
412,2024-09-15 11:02:07,2175,UA,10397,12892,1,584.8
413,2025-10-21 22:28:23,1045,DL,11433,13303,2,919.2
414,2024-03-06 12:24:49,1666,WN,13303,12478,1,395.65
415,2025-05-10 01:19:09,3143,DL,12266,10397,4,1502.22
416,2024-03-27 13:23:36,2987,UA,10397,12892,2,452.35
417,2024-06-29 05:43:02,2940,DL,15016,11433,1,355.19
418,2024-01-12 20:05:59,3201,UA,10397,12892,1,572.47
419,2024-04-26 23:59:20,3656,DL,14057,14869,3,528.04
420,2025-03-04 03:28:58,4064,DL,14869,12478,2,1111.71
421,2025-03-27 04:46:43,1661,WN,13303,12478,3,585.71
422,2024-11-10 11:14:47,1253,AA,12892,10397,4,761.25
423,2025-04-20 06:44:41,1309,DL,10397,15016,2,1163.79
424,2025-08-23 08:54:01,2404,DL,10397,15016,1,194.31
425,2024-07-19 14:46:50,4346,DL,11433,13303,3,1703.53
426,2025-02-19 10:19:56,1023,WN,13303,12478,2,701.21
427,2025-09-03 11:44:34,3072,DL,12266,10397,3,575.95
428,2025-04-28 07:48:22,4504,DL,10397,15016,4,756.78
429,2024-05-18 15:42:55,1671,DL,11193,12892,1,288.29
430,2024-06-24 23:44:57,1979,DL,11193,12892,2,422.52
431,2024-11-14 10:46:44,1314,DL,14869,12478,4,1721.49
432,2024-10-01 02:56:57,3500,UA,10397,12892,4,1993.15
433,2024-12-12 07:24:42,3596,DL,14057,14869,3,1444.45
434,2025-07-17 08:42:07,2502,DL,14057,14869,2,887.76
435,2024-02-12 11:57:49,4897,DL,11433,13303,2,1144.39
436,2024-11-28 11:23:07,1009,DL,14869,12478,4,895.25
437,2025-02-19 01:43:37,3640,WN,13303,12478,1,505.34
438,2024-11-07 17:31:59,1343,DL,11433,13303,4,751.29
439,2024-04-14 06:25:52,1678,DL,10397,15016,2,984.22
440,2025-06-01 17:11:15,4850,UA,10397,12892,1,326.45
441,2025-08-22 08:22:38,3872,DL,12266,10397,1,327.81
442,2025-01-14 06:24:49,2885,UA,10397,12892,2,862.77
443,2024-05-19 08:36:51,1284,DL,14869,12478,2,981.67
444,2024-06-30 21:50:15,2523,DL,14057,14869,4,1655.8
445,2025-03-07 05:41:42,4532,DL,14057,14869,4,1546.73
446,2025-03-15 01:52:03,4436,AA,12892,10397,1,352.49
447,2024-08-27 05:27:24,2623,WN,13303,12478,1,595.53
448,2025-10-13 19:23:11,1864,UA,10397,12892,4,807.95
449,2024-12-08 18:02:35,4878,UA,10397,12892,1,263.33
450,2025-10-31 14:03:27,4211,DL,15016,11433,4,937.88
451,2025-02-01 17:03:05,4154,UA,10397,12892,1,213.3
452,2024-02-08 18:56:57,4533,AA,12892,10397,4,1093.3
453,2024-09-24 18:55:33,3442,DL,11433,13303,4,2048.33
454,2024-09-30 21:44:50,3133,AA,12892,10397,2,1008.37
455,2025-05-03 17:54:49,1580,WN,13303,12478,2,387.18
456,2025-04-06 22:22:31,3345,DL,12266,10397,4,1528.84
457,2024-03-13 17:10:26,2777,WN,13303,12478,4,1684.19
458,2025-06-09 10:33:28,1504,DL,10397,15016,2,325.88
459,2024-06-22 01:35:41,3680,WN,13303,12478,1,169.67
460,2025-05-23 05:03:09,2008,WN,13303,12478,4,1553.07
461,2025-02-26 23:05:01,1855,DL,11193,12892,1,161.04
462,2025-04-09 19:07:34,1777,DL,15016,11433,3,1066.93
463,2024-11-08 10:53:51,3633,UA,10397,12892,2,583.01
464,2025-03-02 10:55:50,3394,DL,14869,12478,1,545.86
465,2024-07-08 22:54:01,4999,DL,11193,12892,1,221.55
466,2024-05-25 07:34:57,1490,UA,10397,12892,3,1133.39
467,2025-10-09 11:17:55,1903,DL,14057,14869,1,168.02
468,2025-03-02 04:32:52,4963,DL,10397,15016,1,457.62
469,2024-12-25 12:38:50,4908,DL,14057,14869,3,1296.14
470,2024-04-08 13:41:17,4513,DL,11433,13303,3,956.02
471,2025-10-11 19:55:42,1279,DL,11193,12892,2,399.78
472,2024-02-03 21:58:40,3342,DL,11193,12892,1,407.77
473,2025-04-10 11:11:21,4439,DL,15016,11433,2,766.44
474,2024-09-27 00:23:24,2859,DL,14869,12478,4,889.41
475,2024-11-11 07:03:50,3812,AA,12892,10397,4,1890.85
476,2025-06-19 13:56:04,4845,DL,14057,14869,2,411.18
477,2024-04-18 20:01:21,4640,DL,12266,10397,3,692.56
478,2025-03-11 13:02:42,1829,AA,12892,10397,3,1182.7
479,2025-06-13 05:18:55,1864,DL,15016,11433,2,367.7
480,2025-08-29 18:25:54,1915,DL,14869,12478,4,601.85
481,2025-06-11 12:50:42,4233,DL,14057,14869,1,233.89
482,2025-08-09 19:55:14,3927,DL,14057,14869,3,1000.59
483,2025-05-24 09:16:33,3910,DL,15016,11433,3,1103.47
484,2024-07-22 20:29:19,2302,WN,13303,12478,2,911.91
485,2024-05-03 16:23:25,4525,DL,14869,12478,2,556.83
486,2025-04-22 21:41:47,2394,WN,13303,12478,2,308.36
487,2025-04-12 08:37:51,3802,DL,14057,14869,3,772.17
488,2024-02-22 04:36:17,4303,AA,12892,10397,4,2143.48
489,2024-03-21 21:32:58,4686,UA,10397,12892,4,2214.26
490,2024-04-24 03:07:19,3802,DL,15016,11433,2,525.65
491,2024-09-06 15:58:51,1033,DL,15016,11433,1,323.41
492,2024-07-18 03:24:08,1910,DL,14057,14869,1,480.14
493,2025-07-17 23:31:07,1625,DL,11433,13303,4,938.18
494,2024-05-18 23:27:22,3590,DL,12266,10397,3,1332.22
495,2024-01-26 04:11:05,1189,AA,12892,10397,2,969.44
496,2024-09-04 23:10:44,3997,DL,11433,13303,3,1216.86
497,2024-12-02 07:49:58,3229,WN,13303,12478,2,556.97
498,2025-05-14 12:37:39,2862,DL,14057,14869,1,497.89
499,2024-05-07 19:03:08,4439,DL,11193,12892,4,1360.53
500,2025-04-27 20:03:54,2766,DL,11433,13303,4,1377.62
501,2024-03-10 15:12:55,1675,DL,14869,12478,3,1188.38
502,2024-01-03 00:22:48,1691,DL,15016,11433,3,675.97
503,2024-08-27 02:02:41,4792,DL,15016,11433,1,369.55
504,2024-10-29 20:40:04,3374,DL,14869,12478,4,1333.58
505,2025-08-02 08:48:30,2186,DL,12266,10397,4,2248.55
506,2025-09-12 10:35:13,3085,WN,13303,12478,2,426.42
507,2025-03-13 23:36:43,3108,DL,12266,10397,1,198.57
508,2024-01-03 11:30:42,3976,DL,11193,12892,1,192.78
509,2024-05-06 17:04:14,2628,WN,13303,12478,3,1104.15
510,2024-02-27 08:10:37,4806,UA,10397,12892,2,572.38
511,2025-01-31 04:30:25,4143,AA,12892,10397,1,511.43
512,2024-08-30 13:44:00,2007,DL,14869,12478,4,883.53
513,2025-09-13 07:02:48,2466,DL,10397,15016,1,303.16
514,2024-10-02 05:47:51,1305,DL,15016,11433,2,642.31
515,2025-07-13 08:00:03,4239,UA,10397,12892,3,806.75
516,2025-04-01 02:24:46,2368,DL,12266,10397,1,318.46
517,2025-07-21 15:11:15,2141,DL,11193,12892,4,1386.58
518,2024-09-05 12:39:01,3854,DL,11193,12892,4,2149.15
519,2025-06-23 10:02:19,2339,DL,11193,12892,1,563.68
520,2024-01-23 23:44:54,3429,DL,11193,12892,1,259.2
521,2024-12-01 08:34:58,2200,WN,13303,12478,2,345.64
522,2025-06-22 13:47:56,1287,WN,13303,12478,3,1129.86
523,2024-08-14 15:16:14,2587,DL,14057,14869,3,1317.16
524,2025-07-05 21:00:15,1824,DL,10397,15016,4,613.88
525,2024-03-09 21:27:54,4772,UA,10397,12892,3,763.43
526,2025-05-24 14:53:05,1294,DL,14869,12478,4,1049.84
527,2024-09-06 18:52:17,3124,DL,15016,11433,2,484.43
528,2024-09-11 03:41:26,3469,UA,10397,12892,4,2364.25
529,2024-11-24 23:37:02,4884,DL,14057,14869,2,516.67
530,2024-07-19 03:53:35,2285,DL,12266,10397,3,1394.59
531,2024-01-06 08:35:03,1544,DL,12266,10397,2,1114.01
532,2024-07-26 05:40:33,1509,DL,14869,12478,4,1005.23
533,2025-03-23 02:26:06,4909,DL,10397,15016,4,1946.01
534,2024-12-09 15:09:31,1644,DL,12266,10397,2,640.59
535,2025-03-06 15:47:16,3708,UA,10397,12892,2,536.93
536,2025-07-09 10:11:37,1109,DL,10397,15016,3,1034.42
537,2025-06-28 14:57:30,1970,WN,13303,12478,2,912.68
538,2024-01-15 21:04:50,1076,WN,13303,12478,1,522.42
539,2025-05-28 19:17:09,2330,DL,11433,13303,1,595.58
540,2025-09-12 05:33:57,1988,UA,10397,12892,2,1059.0
541,2025-02-24 14:17:54,4044,DL,15016,11433,4,1921.54
542,2025-03-07 03:59:01,4010,DL,11433,13303,1,196.99
543,2025-09-24 18:23:24,2136,DL,14057,14869,1,532.7
544,2025-02-21 12:57:58,2996,DL,14057,14869,3,1131.12
545,2024-10-03 18:46:04,4834,WN,13303,12478,4,1855.29
546,2024-05-04 10:12:46,4279,DL,11433,13303,3,928.61
547,2024-07-17 13:56:34,2006,DL,14057,14869,3,962.16
548,2025-08-09 13:28:04,2708,DL,14057,14869,1,197.64
549,2024-12-31 06:39:22,3370,WN,13303,12478,4,2394.62
550,2025-08-13 15:17:34,4646,UA,10397,12892,3,1678.14
551,2024-07-27 02:40:45,2327,DL,14057,14869,1,294.44
552,2025-10-28 03:44:17,2982,WN,13303,12478,1,582.61
553,2025-08-21 23:13:35,4948,DL,14057,14869,2,1077.3
554,2025-05-22 19:27:25,4710,DL,11193,12892,3,1102.31
555,2025-10-25 14:34:18,3211,DL,14057,14869,4,1576.07
556,2025-01-14 08:32:50,3702,UA,10397,12892,2,1030.02
557,2024-07-11 18:07:03,1356,DL,14057,14869,1,396.06
558,2025-01-19 20:17:53,3047,UA,10397,12892,2,793.9
559,2025-06-09 19:41:00,1595,WN,13303,12478,1,236.05
560,2025-02-07 18:11:56,2020,DL,11193,12892,4,923.8
561,2024-09-18 08:45:40,3023,DL,12266,10397,1,447.2
562,2025-02-10 17:57:14,1773,WN,13303,12478,1,394.66
563,2025-05-22 20:37:45,4148,DL,10397,15016,4,1395.52
564,2025-10-17 04:38:10,1652,DL,15016,11433,4,609.7
565,2024-10-24 01:20:34,3064,WN,13303,12478,3,908.54
566,2025-02-21 02:28:17,4649,DL,10397,15016,4,720.75
567,2024-03-28 09:22:53,1130,DL,11193,12892,3,1426.34
568,2024-08-02 11:55:40,3875,DL,12266,10397,4,1780.33
569,2024-09-21 07:01:59,4621,DL,14057,14869,3,1392.9
570,2025-10-04 13:06:15,4870,DL,12266,10397,1,504.05
571,2024-07-03 00:47:10,4114,DL,12266,10397,2,1063.08
572,2025-05-25 22:31:11,3143,DL,12266,10397,3,587.75
573,2024-05-29 01:23:45,4936,DL,10397,15016,4,1747.9
574,2025-07-11 03:24:47,2326,DL,10397,15016,2,539.1
575,2024-11-09 22:12:27,4176,DL,15016,11433,1,513.07
576,2024-06-28 21:29:18,1797,UA,10397,12892,3,1305.41
577,2025-01-26 05:05:11,2817,DL,11193,12892,2,667.1
578,2025-01-28 23:16:57,3204,AA,12892,10397,1,181.4
579,2025-10-10 07:44:06,3046,DL,14869,12478,2,952.21
580,2024-09-18 00:35:33,2451,DL,10397,15016,1,217.11
581,2024-04-21 07:43:29,4680,UA,10397,12892,3,1335.06
582,2024-01-30 19:12:44,2134,UA,10397,12892,2,883.93
583,2025-05-25 13:30:58,4699,DL,14057,14869,4,2225.84
584,2024-08-03 03:29:13,2187,DL,15016,11433,4,1476.41
585,2024-10-29 20:51:50,4545,WN,13303,12478,3,1551.8
586,2024-07-12 01:01:22,4537,DL,15016,11433,4,1594.47
587,2024-01-27 05:13:19,4272,AA,12892,10397,1,566.64
588,2024-03-09 11:39:37,2445,DL,15016,11433,1,530.29
589,2024-12-23 08:22:23,3938,DL,15016,11433,2,316.36
590,2024-07-05 18:04:44,4840,DL,12266,10397,1,250.32
591,2024-11-14 23:14:13,3401,UA,10397,12892,4,1939.39
592,2024-02-02 17:20:28,4325,WN,13303,12478,2,647.97
593,2024-06-21 02:32:20,4947,DL,14869,12478,1,543.0
594,2024-01-20 11:01:41,1300,UA,10397,12892,1,171.45
595,2024-04-19 22:06:16,4708,WN,13303,12478,1,544.99
596,2024-11-06 16:04:56,3617,WN,13303,12478,2,492.67
597,2025-06-16 17:31:06,1263,WN,13303,12478,4,989.19
598,2024-09-05 04:57:11,4831,UA,10397,12892,4,1512.88
599,2024-01-04 22:09:56,3631,DL,14057,14869,2,845.47
600,2024-06-23 09:31:56,4940,DL,11193,12892,4,849.93
601,2025-01-28 02:43:38,2545,DL,14869,12478,1,556.68
602,2024-03-22 14:20:46,2060,DL,12266,10397,2,606.44
603,2024-06-24 07:36:20,3904,DL,14869,12478,1,169.6
604,2025-03-04 01:29:53,3378,AA,12892,10397,2,898.13
605,2025-06-05 17:25:40,3344,DL,14869,12478,2,645.95
606,2025-01-18 10:35:52,3705,UA,10397,12892,3,797.54
607,2025-03-06 11:24:50,3017,DL,14869,12478,2,929.12
608,2025-09-22 04:10:16,3388,DL,14869,12478,1,152.14
609,2024-09-15 12:48:40,3939,AA,12892,10397,4,1501.01
610,2024-09-06 21:14:14,3750,DL,11193,12892,4,2037.78
611,2024-02-04 22:53:16,3242,DL,11193,12892,3,893.87
612,2024-04-12 11:40:36,4750,WN,13303,12478,3,1457.2
613,2024-11-22 19:30:25,2927,DL,14869,12478,4,1411.96
614,2024-03-07 09:57:39,2640,DL,11433,13303,2,745.06
615,2025-10-12 19:44:10,4512,WN,13303,12478,1,386.06
616,2025-04-10 14:35:01,1411,DL,15016,11433,3,826.12
617,2024-08-22 18:13:10,4978,DL,14057,14869,3,837.59
618,2024-03-03 20:27:47,1675,AA,12892,10397,4,2139.93
619,2024-05-22 16:48:55,1189,AA,12892,10397,4,1739.57
620,2025-04-19 01:18:52,3190,DL,15016,11433,1,580.33
621,2024-05-08 20:01:08,4980,DL,14057,14869,2,1106.8
622,2025-06-17 02:14:19,2160,DL,11193,12892,2,489.16
623,2024-01-15 10:57:10,4401,DL,10397,15016,2,770.52
624,2025-07-18 10:41:13,2663,DL,11193,12892,2,587.79
625,2024-06-21 12:19:37,1405,DL,12266,10397,4,1107.04
626,2024-11-07 05:51:15,1525,WN,13303,12478,2,769.81
627,2025-05-31 06:14:46,4478,DL,15016,11433,4,1668.61
628,2025-09-06 11:48:56,1846,DL,14869,12478,1,386.47
629,2025-01-02 14:00:44,1086,DL,10397,15016,3,690.91
630,2025-01-04 06:47:39,3792,WN,13303,12478,2,542.15
631,2025-09-23 17:22:43,4524,DL,11433,13303,2,928.43
632,2024-09-07 03:56:28,2651,DL,10397,15016,2,962.53
633,2025-05-06 01:00:18,4768,DL,11433,13303,2,356.97
634,2024-03-20 03:05:20,2963,WN,13303,12478,2,731.23
635,2025-04-06 08:30:54,3803,DL,14869,12478,2,706.95
636,2024-01-09 10:37:51,2847,DL,12266,10397,4,1379.7
637,2024-12-20 03:20:19,1164,AA,12892,10397,1,568.81
638,2024-02-02 22:06:39,1598,WN,13303,12478,3,1186.97
639,2024-09-10 06:56:40,2987,DL,11193,12892,4,714.59
640,2025-05-04 13:09:31,3284,DL,12266,10397,3,1437.96
641,2025-03-16 22:39:44,3599,AA,12892,10397,1,168.58
642,2025-05-16 07:15:53,4729,DL,14057,14869,1,571.01
643,2025-04-28 04:47:08,1175,DL,11433,13303,4,1722.79
644,2025-02-14 16:47:24,3040,DL,11433,13303,4,1523.71
645,2025-10-02 06:32:30,4572,DL,11433,13303,4,2211.23
646,2025-04-18 05:12:28,1049,DL,14869,12478,3,1340.92
647,2025-02-02 01:02:02,1936,DL,15016,11433,4,1564.16
648,2025-05-06 10:27:12,3202,DL,11193,12892,4,1496.88
649,2024-07-21 01:02:44,3378,DL,12266,10397,1,389.89
650,2024-03-29 23:13:30,2247,DL,12266,10397,3,571.24
651,2025-06-06 12:15:59,2366,DL,10397,15016,1,381.82
652,2024-02-29 00:47:01,4552,DL,11433,13303,3,1784.83
653,2025-02-20 01:48:35,1110,AA,12892,10397,4,631.64
654,2025-10-16 03:30:08,2724,UA,10397,12892,4,1308.89
655,2025-06-14 09:05:51,3429,UA,10397,12892,1,460.63
656,2024-09-07 15:12:50,2402,AA,12892,10397,2,1065.96
657,2025-01-06 21:23:33,3182,DL,15016,11433,3,1057.06
658,2025-09-07 09:32:59,2136,DL,12266,10397,3,626.52
659,2025-05-19 05:41:53,4994,AA,12892,10397,3,497.14
660,2024-10-14 16:15:29,1122,DL,10397,15016,4,1565.19
661,2024-05-05 23:08:34,3309,DL,11193,12892,1,224.64
662,2024-09-22 13:29:11,2219,UA,10397,12892,4,1938.25
663,2024-03-16 09:57:11,3032,DL,15016,11433,1,341.62
664,2024-06-13 17:44:10,1106,DL,14057,14869,2,623.81
665,2025-07-02 05:44:26,3207,DL,14057,14869,4,2250.59
666,2025-10-31 01:58:26,4901,WN,13303,12478,4,1029.41
667,2025-04-27 05:53:37,2450,DL,14057,14869,1,589.57
668,2024-07-16 14:01:27,4061,DL,14869,12478,1,313.17
669,2025-09-10 18:18:44,3922,DL,12266,10397,3,1588.75
670,2024-06-14 15:40:42,2704,DL,14869,12478,2,694.5
671,2025-01-30 05:44:56,1987,UA,10397,12892,1,435.73
672,2025-06-04 13:54:12,2909,DL,14057,14869,1,431.03
673,2024-11-15 10:36:37,3629,DL,14869,12478,4,1360.03
674,2025-02-11 17:51:00,2884,DL,11193,12892,1,172.27
675,2025-05-14 01:39:13,3059,AA,12892,10397,2,847.07
676,2025-02-16 05:28:27,1484,AA,12892,10397,1,319.54
677,2025-03-09 11:40:00,1388,UA,10397,12892,4,1993.89
678,2024-07-04 15:21:12,4905,WN,13303,12478,2,447.66
679,2024-02-19 20:23:53,1974,DL,12266,10397,2,649.03
680,2025-07-24 23:29:53,2166,DL,14869,12478,3,969.03
681,2025-01-18 12:11:34,4897,DL,11433,13303,3,644.97
682,2024-12-27 20:18:02,1981,DL,14869,12478,3,1341.91
683,2025-04-24 11:17:23,1443,DL,14057,14869,2,730.79
684,2025-10-08 12:37:44,1476,DL,11193,12892,4,638.36
685,2025-07-24 02:03:33,3053,DL,11433,13303,4,2140.31
686,2025-09-02 02:10:06,3477,DL,12266,10397,4,1098.96
687,2025-01-03 14:01:53,4879,DL,11193,12892,3,1223.32
688,2024-01-06 09:52:22,3971,DL,11193,12892,4,1131.42
689,2024-11-25 14:51:14,2959,DL,11433,13303,2,615.55
690,2024-10-24 21:14:35,4908,DL,15016,11433,1,339.95
691,2024-02-16 05:26:56,3515,UA,10397,12892,2,557.98
692,2025-01-16 15:18:02,2019,DL,14869,12478,3,1426.45
693,2025-03-03 08:47:17,3754,DL,10397,15016,4,1898.95
694,2024-01-05 04:31:37,2399,DL,11433,13303,2,534.31
695,2024-06-30 18:05:29,1535,DL,14869,12478,2,389.78
696,2025-02-14 02:47:10,4319,DL,15016,11433,1,587.38
697,2024-06-19 08:58:32,4998,DL,10397,15016,1,359.2
698,2024-08-22 22:33:59,3357,DL,15016,11433,1,339.08
699,2025-03-06 19:19:22,4914,DL,14057,14869,1,509.63
700,2025-06-11 23:49:48,2727,DL,10397,15016,2,749.04
701,2024-04-26 23:36:56,4786,DL,14869,12478,4,1186.17
702,2025-05-23 00:13:56,1286,DL,10397,15016,3,1328.56
703,2024-09-22 00:07:21,1568,UA,10397,12892,1,150.57
704,2024-06-04 22:22:43,2080,DL,11433,13303,3,814.0
705,2025-06-07 01:55:26,1107,DL,11193,12892,2,442.95
706,2025-04-03 06:16:00,2653,DL,11193,12892,1,356.17
707,2024-03-14 06:59:52,1867,DL,10397,15016,1,207.55
708,2024-03-05 13:41:26,4104,DL,11193,12892,2,518.75
709,2024-10-28 19:31:58,4807,WN,13303,12478,2,487.77
710,2025-01-06 04:40:47,1393,DL,12266,10397,2,681.11
711,2025-07-02 06:48:56,4272,DL,14869,12478,1,365.77
712,2024-02-05 07:22:49,4117,DL,14869,12478,3,1471.75
713,2025-10-05 18:40:38,1212,DL,15016,11433,3,1331.9
714,2024-04-20 07:09:23,2905,DL,12266,10397,1,417.97
715,2025-03-02 16:59:01,4746,DL,14869,12478,1,174.49
716,2024-12-07 05:42:36,1436,DL,10397,15016,4,1967.05
717,2024-12-26 22:47:31,3983,DL,15016,11433,1,344.61
718,2024-03-20 07:41:48,2626,DL,11433,13303,2,896.77
719,2024-12-08 21:40:38,3107,DL,11433,13303,4,1598.33
720,2024-09-25 14:57:00,3571,AA,12892,10397,2,676.39
721,2024-04-22 07:50:51,3520,AA,12892,10397,3,907.34
722,2024-05-21 20:46:56,2100,DL,14869,12478,4,1340.02
723,2025-10-08 15:29:59,2692,DL,12266,10397,2,465.35
724,2025-09-10 07:14:14,4961,AA,12892,10397,4,716.8
725,2024-09-20 09:29:03,1861,UA,10397,12892,1,424.77
726,2024-05-01 12:29:52,2683,DL,14057,14869,1,434.44
727,2024-07-20 14:12:32,4363,DL,11193,12892,3,939.64
728,2025-04-10 19:15:24,2369,AA,12892,10397,2,1012.99
729,2024-06-03 22:34:42,2184,DL,14869,12478,1,310.53
730,2024-12-16 08:03:18,3617,DL,15016,11433,4,863.39
731,2024-10-19 20:44:16,4233,DL,11433,13303,3,1301.34
732,2024-05-29 16:52:00,3348,DL,10397,15016,1,434.22
733,2025-06-05 19:33:54,4643,DL,15016,11433,1,281.61
734,2024-07-14 05:03:01,2966,UA,10397,12892,1,356.4
735,2024-05-15 08:34:15,1146,DL,14057,14869,3,1705.67
736,2025-01-28 19:36:36,4455,UA,10397,12892,4,2201.09
737,2024-03-20 11:56:26,1372,UA,10397,12892,2,812.01
738,2025-08-29 09:31:26,4472,WN,13303,12478,4,2356.91
739,2025-05-26 01:05:31,1863,WN,13303,12478,4,2276.0
740,2024-12-08 01:37:59,4594,DL,15016,11433,4,1714.52
741,2024-05-04 13:24:40,2087,AA,12892,10397,1,534.37
742,2025-10-18 05:22:39,2348,WN,13303,12478,4,906.25
743,2024-02-07 12:03:31,1182,DL,12266,10397,3,509.76
744,2025-02-07 22:45:23,2726,UA,10397,12892,4,728.6
745,2025-01-26 21:48:26,4101,AA,12892,10397,3,1084.42
746,2024-10-26 07:47:41,4784,DL,11433,13303,4,1567.71
747,2025-03-10 19:07:28,3994,DL,15016,11433,1,296.61
748,2024-06-01 06:00:00,1128,DL,14057,14869,1,375.55
749,2024-10-03 09:41:28,4060,AA,12892,10397,2,510.88
750,2025-04-30 01:35:22,3268,DL,12266,10397,1,309.47
751,2024-11-29 03:10:28,1382,DL,12266,10397,1,376.29
752,2025-08-11 08:45:19,3811,DL,10397,15016,1,209.8
753,2024-11-17 06:02:17,4690,DL,12266,10397,3,1287.53
754,2024-02-04 02:13:53,2413,DL,11193,12892,2,1090.79
755,2025-04-27 14:56:17,4764,DL,14057,14869,3,1261.77
756,2025-03-06 22:31:03,3049,DL,14869,12478,2,887.79
757,2025-04-06 11:05:43,1448,WN,13303,12478,4,1757.4
758,2025-06-07 14:46:26,4653,DL,11193,12892,3,613.35
759,2024-05-11 10:57:26,2120,DL,12266,10397,3,859.49
760,2025-03-03 00:23:23,2815,DL,10397,15016,4,752.98
761,2024-04-11 23:42:06,4000,DL,11433,13303,3,1742.11
762,2024-08-05 12:46:40,3664,DL,15016,11433,1,443.96
763,2024-01-26 08:43:00,1708,DL,11433,13303,3,674.44
764,2025-09-22 00:30:33,3438,DL,11433,13303,2,1011.6
765,2025-08-22 06:11:29,3840,DL,15016,11433,1,309.01
766,2024-04-23 06:51:26,3357,DL,12266,10397,1,370.57
767,2024-01-08 00:44:42,1493,DL,15016,11433,4,1170.59
768,2024-11-13 17:18:36,3763,DL,11193,12892,3,1634.4
769,2025-08-20 13:05:44,3167,DL,11433,13303,1,423.2
770,2024-06-04 09:05:29,3738,DL,12266,10397,4,2314.89
771,2024-04-06 18:23:34,4694,DL,14869,12478,1,573.2
772,2024-12-06 16:45:47,1959,DL,11193,12892,4,752.89
773,2024-01-12 00:44:51,2663,DL,11193,12892,2,901.74
774,2025-08-11 14:34:17,1134,DL,14869,12478,3,551.48
775,2025-03-26 10:52:43,4277,DL,14057,14869,2,909.06
776,2025-04-13 14:46:00,3125,DL,14869,12478,1,251.75
777,2025-06-06 03:10:23,3386,DL,14057,14869,4,1993.19
778,2024-12-22 02:06:32,2682,DL,14057,14869,4,1638.1
779,2024-02-29 17:24:03,1327,DL,12266,10397,1,432.77
780,2025-03-22 20:42:04,2922,DL,11433,13303,3,1648.5
781,2025-02-04 00:38:23,4195,DL,14869,12478,2,992.01
782,2024-11-28 03:57:59,1187,DL,12266,10397,4,1096.99
783,2025-09-27 02:41:47,3530,DL,14869,12478,2,539.81
784,2025-08-24 07:54:23,4386,DL,15016,11433,3,1113.52
785,2024-01-31 20:46:47,4005,DL,15016,11433,4,1564.82
786,2025-02-18 11:46:04,2840,DL,10397,15016,3,1283.6
787,2024-05-13 06:14:07,2399,WN,13303,12478,3,914.2
788,2024-07-16 02:01:28,4822,AA,12892,10397,3,1422.96
789,2025-02-27 16:03:01,3906,DL,14057,14869,3,881.61
790,2024-01-05 19:14:38,3273,AA,12892,10397,2,609.39
791,2024-07-27 03:15:42,2762,DL,14869,12478,1,171.02
792,2024-09-15 03:52:30,2586,UA,10397,12892,2,661.14
793,2025-07-05 11:50:38,1964,DL,15016,11433,2,345.65
794,2025-03-06 19:14:04,1979,DL,11193,12892,3,1785.74
795,2024-05-31 07:17:58,2074,DL,11433,13303,3,948.32
796,2024-02-15 10:07:53,2602,DL,11433,13303,2,411.97
797,2024-01-16 22:19:00,1205,DL,14057,14869,4,937.58
798,2025-06-19 21:27:12,2580,AA,12892,10397,1,426.3
799,2024-09-14 08:15:41,4856,DL,14869,12478,3,1788.77
800,2025-06-08 02:02:29,3608,UA,10397,12892,3,770.74
801,2025-08-16 22:23:58,4790,AA,12892,10397,3,507.45
802,2024-11-19 13:53:42,3224,DL,15016,11433,4,1164.61
803,2024-12-29 09:42:11,3646,WN,13303,12478,3,1439.79
804,2024-04-24 18:31:29,4071,DL,14869,12478,1,343.91
805,2024-08-19 12:57:12,3422,DL,10397,15016,1,596.3
806,2024-06-21 20:04:53,4687,DL,10397,15016,4,1149.63
807,2024-02-13 05:33:28,4907,DL,14057,14869,3,1026.43
808,2024-06-18 17:41:15,4120,DL,12266,10397,3,467.17
809,2025-03-29 01:31:58,4312,DL,14869,12478,4,1117.56
810,2025-01-09 23:54:40,4976,WN,13303,12478,2,1115.82
811,2024-01-16 14:11:20,1161,DL,12266,10397,2,550.45
812,2024-05-07 07:31:55,2202,DL,11193,12892,3,1647.95
813,2025-08-17 23:28:49,2796,DL,15016,11433,1,216.03
814,2024-10-01 13:06:22,2712,DL,14869,12478,1,370.49
815,2024-12-01 21:22:06,3008,DL,12266,10397,1,349.98
816,2025-09-30 18:55:20,1013,WN,13303,12478,2,1010.44
817,2025-06-22 14:54:53,2115,DL,11433,13303,1,194.5
818,2024-12-18 08:05:50,2621,DL,14869,12478,4,603.82
819,2024-12-30 07:11:13,1074,WN,13303,12478,4,1234.95
820,2024-11-21 22:05:18,3753,DL,14869,12478,4,1140.23
821,2025-04-17 15:07:15,1591,DL,14869,12478,1,319.03
822,2025-06-15 12:35:49,2468,DL,12266,10397,3,1622.34
823,2025-08-31 06:03:05,3687,DL,12266,10397,1,405.27
824,2024-09-19 14:41:48,1456,DL,11193,12892,2,346.6
825,2024-11-30 18:37:03,1299,AA,12892,10397,3,1686.01
826,2025-05-15 09:24:46,4744,DL,10397,15016,3,1352.34
827,2025-03-02 15:09:01,4583,DL,10397,15016,2,357.84
828,2024-04-17 12:01:37,4747,WN,13303,12478,2,473.36
829,2025-09-11 00:53:36,4787,DL,12266,10397,3,590.68
830,2025-10-10 05:02:36,4390,AA,12892,10397,4,1199.53
831,2025-01-18 21:29:20,3157,AA,12892,10397,3,1610.59
832,2024-06-30 03:02:07,4561,DL,15016,11433,4,2155.03
833,2025-02-24 22:40:15,2988,DL,10397,15016,4,1158.37
834,2025-06-29 23:25:12,3808,AA,12892,10397,3,468.08
835,2024-08-28 10:20:34,1528,DL,12266,10397,1,421.84
836,2024-06-04 01:18:50,3733,AA,12892,10397,3,1658.25
837,2025-10-06 06:04:26,4781,DL,14057,14869,2,323.77
838,2025-03-05 22:21:20,2761,DL,14869,12478,1,569.64
839,2024-09-08 16:26:09,2479,DL,14869,12478,1,512.25
840,2025-05-02 01:37:36,4355,DL,15016,11433,4,2172.29
841,2024-04-24 00:26:34,1691,DL,14869,12478,1,401.49
842,2025-06-26 02:34:27,4563,DL,11193,12892,4,1289.09
843,2024-01-07 19:41:09,4541,DL,15016,11433,4,1099.38
844,2024-10-02 04:51:29,3681,DL,11193,12892,1,221.31
845,2024-07-10 16:04:36,4408,DL,11433,13303,2,1024.0
846,2024-02-04 09:06:39,2724,DL,15016,11433,2,1166.72
847,2025-03-29 15:25:52,3512,DL,12266,10397,3,1392.15
848,2024-04-17 06:05:53,1394,DL,10397,15016,3,976.75
849,2024-06-06 15:48:00,1449,DL,11193,12892,3,1265.21
850,2024-07-20 19:22:38,3486,WN,13303,12478,1,504.75
851,2024-01-10 05:01:43,2731,WN,13303,12478,4,2024.88
852,2025-02-26 05:25:46,3304,DL,15016,11433,1,251.86
853,2024-03-14 02:19:54,2779,DL,14869,12478,4,1891.0
854,2025-06-12 15:40:44,2716,UA,10397,12892,1,381.96
855,2025-02-08 22:28:00,4640,AA,12892,10397,1,296.88
856,2024-08-30 10:04:00,2789,DL,12266,10397,1,394.1
857,2025-01-03 16:17:17,2283,DL,15016,11433,1,303.18
858,2025-03-19 10:34:03,4931,DL,14869,12478,2,474.12
859,2025-09-04 20:16:30,3666,DL,12266,10397,4,2218.28
860,2024-11-19 22:33:47,2215,AA,12892,10397,3,1381.27
861,2025-04-19 22:40:15,4786,DL,14057,14869,3,1041.5
862,2024-03-18 08:01:22,2592,DL,11193,12892,4,727.02
863,2024-12-21 19:22:05,3220,AA,12892,10397,3,1387.3
864,2024-12-01 08:26:10,4480,AA,12892,10397,1,333.27
865,2024-08-13 02:09:01,3034,DL,10397,15016,1,546.05
866,2025-07-17 20:57:23,3501,DL,14869,12478,1,374.83
867,2024-06-16 07:33:35,3586,DL,14869,12478,4,1056.58
868,2025-03-30 21:25:11,4626,DL,15016,11433,4,1539.18
869,2024-03-06 02:15:51,3310,DL,14869,12478,3,1567.71
870,2025-03-31 12:08:39,4675,DL,11193,12892,2,675.67
871,2024-03-27 04:23:22,3427,WN,13303,12478,3,1730.38
872,2025-04-09 10:16:05,3372,DL,10397,15016,1,579.13
873,2025-10-24 08:44:31,2324,DL,10397,15016,3,1752.2
874,2024-06-29 12:24:49,2276,UA,10397,12892,1,298.54
875,2024-10-18 01:43:14,2513,AA,12892,10397,1,334.12
876,2025-06-19 21:37:49,4561,DL,11433,13303,3,820.03
877,2025-05-20 13:15:54,2364,DL,11433,13303,2,1075.44
878,2024-06-22 10:04:03,2468,DL,12266,10397,3,1522.69
879,2025-06-18 20:39:52,4622,DL,14057,14869,2,864.75
880,2024-01-18 12:15:22,1606,AA,12892,10397,1,577.08
881,2024-03-16 10:17:01,4373,DL,10397,15016,1,412.39
882,2025-04-23 01:53:17,2670,DL,11193,12892,1,187.26
883,2024-08-21 00:22:40,3022,DL,12266,10397,3,1799.83
884,2024-06-07 23:10:09,4583,DL,12266,10397,2,683.7
885,2025-04-14 23:59:12,3324,DL,15016,11433,3,459.23
886,2025-03-05 08:05:49,1891,AA,12892,10397,4,2154.45
887,2025-03-03 11:42:08,2524,AA,12892,10397,2,914.77
888,2025-04-12 07:20:36,4923,UA,10397,12892,1,481.34
889,2025-03-15 14:15:46,1735,WN,13303,12478,3,1412.41
890,2025-04-14 18:34:57,3099,DL,15016,11433,2,540.99
891,2025-10-14 02:33:25,4600,DL,15016,11433,2,1008.75
892,2025-09-24 19:13:30,3847,DL,11193,12892,1,567.95
893,2024-01-04 15:20:10,2703,AA,12892,10397,1,275.88
894,2025-01-23 14:07:20,4945,DL,15016,11433,3,1663.82
895,2024-03-02 06:26:05,1165,AA,12892,10397,4,2139.03
896,2025-04-10 15:55:36,4858,DL,14057,14869,1,439.2
897,2024-02-27 03:21:37,3681,AA,12892,10397,4,677.63
898,2024-01-26 11:31:51,2166,AA,12892,10397,3,687.55
899,2025-07-18 19:35:44,1590,DL,15016,11433,1,327.5
900,2025-04-15 14:50:13,1221,DL,11433,13303,2,1192.89
901,2025-02-11 10:39:45,4216,DL,12266,10397,2,806.29
902,2024-09-03 17:23:40,4610,DL,14057,14869,4,1640.55
903,2024-10-25 16:04:02,4703,UA,10397,12892,1,359.32
904,2025-03-23 18:32:47,3750,DL,14057,14869,1,220.25
905,2024-04-03 12:01:32,4090,DL,14869,12478,2,1155.14
906,2025-04-16 20:21:07,1760,DL,15016,11433,4,1981.78
907,2024-05-03 19:57:19,1497,DL,14057,14869,1,157.59
908,2025-07-16 15:37:56,3713,DL,11433,13303,4,1520.61
909,2024-05-11 04:04:57,4028,DL,15016,11433,4,1792.22
910,2025-07-22 09:29:33,1962,UA,10397,12892,1,199.44
911,2025-01-02 05:14:15,2013,DL,10397,15016,1,514.6
912,2024-03-14 17:57:58,1344,DL,12266,10397,4,1481.52
913,2024-04-10 19:41:28,4359,DL,12266,10397,2,823.42
914,2025-06-04 13:34:00,3613,DL,12266,10397,1,307.0
915,2024-03-29 00:12:03,1918,DL,11193,12892,3,958.14
916,2024-08-12 20:50:11,3145,DL,15016,11433,1,506.09
917,2024-11-19 23:52:42,4936,DL,14869,12478,1,366.89
918,2025-05-15 02:52:59,3659,DL,14869,12478,1,575.99
919,2024-11-20 16:05:47,4115,DL,14869,12478,3,548.67
920,2024-02-22 10:51:58,1636,AA,12892,10397,1,333.76
921,2025-07-23 13:44:36,1248,DL,15016,11433,1,595.85
922,2024-08-12 10:54:28,4117,DL,12266,10397,3,597.37
923,2025-08-04 09:02:59,4459,DL,14869,12478,1,564.98
924,2025-04-03 23:53:53,3016,WN,13303,12478,1,397.34
925,2024-07-13 01:59:50,4099,DL,14057,14869,1,182.72
926,2024-01-31 22:27:41,4224,UA,10397,12892,1,323.05
927,2024-09-13 05:33:23,1787,DL,12266,10397,1,540.36
928,2025-04-07 14:18:41,1332,DL,15016,11433,3,873.32
929,2025-10-25 05:58:26,2788,DL,11193,12892,4,801.03
930,2025-06-10 23:48:39,1819,WN,13303,12478,1,199.16
931,2025-02-03 08:04:46,4670,DL,15016,11433,4,995.04
932,2025-02-06 21:53:42,1540,DL,10397,15016,3,1209.11
933,2024-08-18 18:37:49,3357,DL,14057,14869,1,553.42
934,2024-04-10 03:27:31,4035,DL,11433,13303,3,1005.31
935,2024-07-28 02:49:16,3171,AA,12892,10397,2,487.8
936,2025-04-03 00:25:35,3302,DL,14869,12478,4,1205.98
937,2025-10-22 04:41:55,1566,DL,11433,13303,1,537.77
938,2024-11-11 06:28:53,2371,DL,12266,10397,2,1086.59
939,2024-09-13 05:31:49,1903,DL,10397,15016,3,865.7
940,2024-11-25 18:41:28,1766,DL,14869,12478,4,1619.66
941,2024-03-18 19:57:12,2439,DL,14869,12478,2,727.75
942,2025-04-30 02:02:08,2385,DL,11433,13303,1,253.03
943,2024-09-06 06:52:07,4733,WN,13303,12478,4,1437.66
944,2024-04-29 14:47:35,4260,DL,12266,10397,2,341.04
945,2025-04-20 06:30:52,4335,DL,14869,12478,2,402.13
946,2024-03-15 08:41:19,4779,AA,12892,10397,4,646.93
947,2025-06-18 03:45:56,2858,AA,12892,10397,2,732.48
948,2025-05-05 11:00:45,2709,DL,15016,11433,3,1500.35
949,2024-04-12 00:48:43,4237,WN,13303,12478,2,1144.16
950,2024-06-30 20:32:10,2489,AA,12892,10397,2,776.39
951,2024-04-08 14:58:20,4681,UA,10397,12892,4,676.3
952,2024-07-18 13:30:16,2510,DL,15016,11433,4,1114.99
953,2024-10-17 08:28:36,3001,DL,10397,15016,1,580.86
954,2025-02-15 22:29:57,1030,DL,10397,15016,4,2159.07
955,2025-06-13 22:08:53,2647,UA,10397,12892,4,713.73
956,2025-07-22 02:16:22,2055,DL,11433,13303,3,630.34
957,2024-06-14 10:12:20,4132,DL,11193,12892,3,1793.36
958,2025-06-06 14:34:25,3245,DL,12266,10397,1,411.16
959,2024-10-09 21:46:30,3799,DL,10397,15016,2,342.52
960,2024-08-14 21:17:11,3697,DL,10397,15016,3,1772.77
961,2025-05-24 22:42:14,2597,DL,15016,11433,4,2387.7
962,2024-12-23 09:24:29,4124,UA,10397,12892,2,1144.88
963,2025-05-28 07:44:09,1713,WN,13303,12478,4,812.31
964,2024-12-10 17:04:34,4858,UA,10397,12892,4,2321.56
965,2025-06-30 07:18:24,4329,DL,10397,15016,4,1139.22
966,2025-08-28 00:32:54,1376,DL,14869,12478,2,651.15
967,2024-11-19 01:06:43,4697,UA,10397,12892,1,276.61
968,2025-09-14 20:34:16,3787,DL,12266,10397,4,803.59
969,2024-08-10 09:21:45,3304,WN,13303,12478,3,1579.14
970,2025-10-05 12:05:44,2481,DL,14057,14869,1,522.05
971,2025-04-18 00:18:52,1942,UA,10397,12892,2,611.43
972,2025-08-17 08:58:37,4079,AA,12892,10397,1,241.4
973,2024-01-01 10:43:00,1643,UA,10397,12892,3,732.04
974,2024-05-05 17:06:56,1718,DL,14869,12478,4,1444.03
975,2025-10-27 16:51:36,2957,AA,12892,10397,2,1065.55
976,2025-04-24 18:00:48,2821,WN,13303,12478,4,1089.03
977,2025-08-29 13:16:27,1707,DL,14869,12478,3,1293.32
978,2025-05-18 15:50:43,2668,DL,12266,10397,3,518.16
979,2024-05-04 18:12:02,3748,UA,10397,12892,3,1078.76
980,2025-07-28 17:25:28,4839,DL,11193,12892,2,639.79
981,2025-06-25 07:20:57,1201,WN,13303,12478,1,419.75
982,2024-10-28 20:03:12,4113,UA,10397,12892,4,2355.46
983,2024-04-06 00:01:08,3623,AA,12892,10397,3,1644.52
984,2025-06-28 09:38:37,1852,DL,14869,12478,2,1020.16
985,2024-09-02 15:11:41,3766,DL,11433,13303,1,307.87
986,2024-12-07 13:10:06,2757,DL,11193,12892,4,632.36
987,2025-01-25 21:55:34,1313,WN,13303,12478,2,630.85
988,2025-10-03 10:14:26,1498,DL,10397,15016,4,911.09
989,2025-08-19 01:54:31,1600,DL,15016,11433,1,205.13
990,2024-05-07 00:08:15,3295,WN,13303,12478,1,401.05
991,2025-07-15 08:14:15,2497,DL,15016,11433,1,589.49
992,2024-07-18 17:34:41,2293,DL,14869,12478,3,1269.28
993,2024-04-04 12:37:12,2954,DL,14057,14869,2,940.3
994,2024-10-17 01:44:52,3334,DL,11433,13303,4,1532.71
995,2024-03-13 18:50:59,3875,DL,11193,12892,4,1646.41
996,2024-04-24 12:45:29,4984,WN,13303,12478,2,893.85
997,2025-06-05 23:38:49,2513,DL,14869,12478,2,412.52
998,2024-08-31 16:23:12,4808,DL,15016,11433,1,432.74
999,2024-04-08 04:18:16,4941,DL,14869,12478,2,444.4
1000,2025-05-04 11:46:32,1822,WN,13303,12478,1,412.86
1001,2025-05-25 22:41:34,1954,UA,10397,12892,2,481.28
1002,2025-09-12 15:05:31,2140,AA,12892,10397,3,781.87
1003,2024-06-09 19:50:10,4735,DL,11433,13303,2,627.66
1004,2025-09-28 09:05:06,2088,DL,10397,15016,1,469.83
1005,2024-05-11 17:10:59,1095,WN,13303,12478,3,990.23
1006,2024-04-08 03:12:17,3174,DL,11433,13303,3,1473.22
1007,2024-12-09 12:24:10,4524,WN,13303,12478,1,314.36
1008,2024-05-28 06:06:57,3729,DL,11193,12892,3,1506.64
1009,2025-03-16 22:13:30,1916,DL,11193,12892,1,388.84
1010,2025-03-03 04:59:00,4727,DL,10397,15016,4,1051.77
1011,2024-02-14 06:18:23,4043,DL,11433,13303,3,816.64
1012,2024-10-22 14:37:49,2873,DL,10397,15016,2,443.33
1013,2024-09-11 08:08:04,3455,DL,14057,14869,3,1649.19
1014,2024-09-26 07:49:30,3348,DL,15016,11433,2,314.53
1015,2025-04-22 04:28:19,1232,DL,10397,15016,2,364.23
1016,2025-10-24 20:13:01,3740,DL,15016,11433,3,470.73
1017,2024-06-20 04:15:38,4371,DL,12266,10397,4,2018.63
1018,2025-04-06 16:07:54,1198,WN,13303,12478,2,462.29
1019,2024-01-26 04:37:57,2166,DL,12266,10397,2,658.55
1020,2024-09-06 13:41:59,4499,DL,12266,10397,4,2196.39
1021,2024-10-03 22:40:17,4901,DL,14057,14869,3,1386.81
1022,2024-06-16 07:59:08,3950,DL,11193,12892,3,1617.37
1023,2024-01-16 08:56:16,2885,DL,14057,14869,1,539.41
1024,2025-08-30 20:01:36,1996,WN,13303,12478,1,328.08
1025,2024-01-30 13:35:14,3929,DL,11193,12892,1,170.22
1026,2024-10-01 17:04:11,1110,DL,11433,13303,2,663.31
1027,2024-03-07 02:16:25,1771,DL,11193,12892,1,321.86
1028,2024-03-20 13:09:01,4249,DL,10397,15016,4,628.0
1029,2025-09-19 03:29:02,2393,DL,12266,10397,4,1665.22
1030,2024-07-19 11:17:21,3427,DL,14057,14869,4,1431.3
1031,2024-12-03 04:55:45,2583,DL,12266,10397,1,385.66
1032,2024-11-12 15:12:58,3136,DL,14869,12478,3,465.51
1033,2025-02-26 01:25:09,3994,DL,10397,15016,3,1042.83
1034,2024-12-08 14:52:04,2829,DL,12266,10397,2,857.6
1035,2025-10-30 15:11:51,4473,DL,11433,13303,3,1103.93
1036,2025-05-04 03:50:39,3247,DL,15016,11433,2,525.8
1037,2025-02-26 13:54:27,1575,DL,14057,14869,3,1016.17
1038,2025-01-30 06:35:17,3166,DL,15016,11433,4,1732.8
1039,2025-03-23 23:13:53,3059,DL,10397,15016,3,1610.56
1040,2024-03-28 02:45:05,2241,DL,15016,11433,2,679.99
1041,2024-03-31 20:25:40,2603,DL,14869,12478,4,2169.83
1042,2025-04-08 12:49:33,1228,DL,12266,10397,1,309.05
1043,2024-12-16 13:09:27,1674,DL,14057,14869,4,835.16
1044,2025-05-27 12:46:19,2335,DL,11433,13303,3,1549.74
1045,2025-08-22 17:50:02,4492,UA,10397,12892,3,1683.92
1046,2025-02-19 21:43:09,2949,DL,10397,15016,2,1153.16
1047,2024-10-30 07:50:49,2309,DL,11433,13303,3,1560.57
1048,2024-03-15 11:46:46,4078,UA,10397,12892,3,1783.49
1049,2024-06-16 16:02:54,1620,DL,12266,10397,4,2054.61
1050,2024-10-30 23:58:52,3579,WN,13303,12478,3,1705.02
1051,2024-01-24 22:06:21,1740,WN,13303,12478,4,975.48
1052,2025-05-22 02:52:37,1896,DL,11193,12892,2,1069.68
1053,2025-09-08 03:58:30,1313,DL,14057,14869,3,733.08
1054,2025-04-12 20:40:33,4298,DL,14057,14869,2,494.72
1055,2024-08-21 12:54:02,2816,AA,12892,10397,3,1076.27
1056,2024-08-14 19:12:36,2965,DL,15016,11433,4,1914.96
1057,2025-02-08 18:07:05,1243,DL,15016,11433,1,333.95
1058,2024-04-22 11:12:05,3252,WN,13303,12478,3,630.95
1059,2025-01-26 22:06:55,4416,UA,10397,12892,3,1341.04
1060,2024-11-15 10:43:32,3226,DL,14869,12478,2,680.58
1061,2024-02-16 10:08:57,2443,DL,15016,11433,3,1132.03
1062,2024-07-06 15:56:15,3824,DL,11433,13303,2,916.31
1063,2025-07-11 21:25:50,1208,DL,11193,12892,3,1093.84
1064,2024-02-16 09:41:37,2244,UA,10397,12892,3,1793.85
1065,2025-05-19 15:31:43,1467,DL,15016,11433,2,888.4
1066,2024-09-21 06:01:24,3858,DL,11193,12892,4,1037.86
1067,2025-05-16 11:51:28,4227,DL,15016,11433,4,854.86
1068,2025-04-03 22:29:15,2661,DL,11193,12892,2,950.72
1069,2025-01-03 16:36:10,1122,WN,13303,12478,1,446.7
1070,2025-04-27 20:40:31,1664,DL,11193,12892,1,214.84
1071,2025-07-23 16:08:48,3100,AA,12892,10397,4,1231.79
1072,2025-07-17 14:30:12,1422,DL,15016,11433,4,974.64
1073,2025-03-06 23:00:43,1135,DL,15016,11433,1,421.78
1074,2024-02-06 17:52:27,3435,WN,13303,12478,1,177.11
1075,2024-12-11 12:36:22,3353,AA,12892,10397,1,396.05
1076,2025-01-12 19:21:17,1846,DL,15016,11433,3,610.78
1077,2025-06-29 15:02:26,4227,WN,13303,12478,1,274.96
1078,2024-03-07 20:35:02,1025,DL,11433,13303,1,185.86
1079,2025-10-30 21:44:11,4691,DL,12266,10397,1,567.6
1080,2024-05-04 14:19:40,1514,DL,15016,11433,3,505.36
1081,2024-02-29 14:14:23,4791,DL,10397,15016,1,532.77
1082,2024-01-24 17:32:00,1763,DL,14869,12478,3,1246.4
1083,2025-03-30 01:50:37,1556,UA,10397,12892,3,1263.58
1084,2025-08-25 11:29:33,4640,DL,14869,12478,2,832.3
1085,2025-10-10 14:21:38,1771,DL,11193,12892,2,613.37
1086,2025-03-27 09:23:41,2060,DL,14869,12478,1,560.88
1087,2024-08-27 15:37:38,3867,DL,10397,15016,2,1000.67
1088,2025-09-21 22:22:22,4476,DL,11193,12892,3,1067.07
1089,2025-03-22 14:34:29,2669,DL,10397,15016,1,259.71
1090,2024-11-18 10:25:41,1223,DL,12266,10397,3,1504.79
1091,2025-10-02 10:09:06,1162,DL,12266,10397,2,673.98
1092,2025-02-23 03:40:00,2266,DL,11433,13303,3,1146.43
1093,2024-04-27 17:39:59,3089,DL,11433,13303,1,541.58
1094,2024-08-14 08:29:33,2509,WN,13303,12478,2,578.67
1095,2025-01-08 13:24:29,3332,DL,12266,10397,4,781.46
1096,2024-01-11 17:40:23,3738,DL,12266,10397,3,1562.35
1097,2024-05-06 16:09:12,4305,DL,10397,15016,3,1676.32
1098,2025-08-09 11:28:43,1382,DL,11193,12892,4,1322.12
1099,2025-07-06 10:31:11,2245,DL,10397,15016,4,2171.4
1100,2025-07-18 01:30:30,2784,DL,11433,13303,1,261.36
1101,2025-04-12 07:49:53,2718,UA,10397,12892,4,1530.33
1102,2024-09-10 00:27:29,4399,DL,10397,15016,4,1416.56
1103,2024-11-18 04:39:57,2687,DL,11193,12892,2,860.58
1104,2024-01-04 14:16:44,3082,DL,14057,14869,1,500.78
1105,2025-05-06 23:28:28,4200,DL,10397,15016,2,994.84
1106,2024-04-18 05:11:56,1793,DL,15016,11433,3,790.27
1107,2025-08-29 11:05:37,4450,DL,14869,12478,3,778.92
1108,2025-02-19 21:41:22,4017,DL,14057,14869,4,1797.96
1109,2024-02-25 23:08:15,3892,AA,12892,10397,4,2104.14
1110,2024-12-27 12:00:09,3688,WN,13303,12478,3,1728.8
1111,2025-08-30 23:30:46,3707,DL,10397,15016,1,204.76
1112,2025-05-10 14:55:16,2239,AA,12892,10397,4,2152.24
1113,2024-08-02 13:00:35,3361,DL,14057,14869,2,501.83
1114,2025-06-29 02:43:11,4943,DL,14057,14869,1,551.41
1115,2024-08-16 14:36:07,1389,DL,15016,11433,2,1144.4
1116,2024-05-24 17:57:54,2639,DL,11433,13303,3,935.97
1117,2024-12-10 21:58:57,2301,DL,12266,10397,3,1305.46
1118,2024-02-17 07:45:50,4278,UA,10397,12892,4,1719.23
1119,2025-04-02 19:15:49,4060,UA,10397,12892,3,1207.99
1120,2024-08-12 10:40:42,2958,DL,14057,14869,4,1896.8
1121,2025-02-25 22:01:45,4103,WN,13303,12478,4,1256.77
1122,2025-05-26 04:15:57,2211,DL,11433,13303,2,750.05
1123,2025-06-14 07:10:29,4151,DL,14869,12478,2,902.84
1124,2024-04-27 01:11:48,3932,DL,11193,12892,2,732.93
1125,2025-10-10 01:25:39,3677,DL,10397,15016,1,223.82
1126,2025-06-25 23:43:02,4390,DL,15016,11433,1,588.62
1127,2024-04-23 10:09:38,1205,UA,10397,12892,2,386.91
1128,2025-01-30 22:25:03,4358,AA,12892,10397,2,808.92
1129,2024-11-15 05:04:02,4233,UA,10397,12892,3,1156.76
1130,2024-04-27 00:31:08,1167,WN,13303,12478,3,1251.67
1131,2024-02-28 12:27:42,2633,UA,10397,12892,1,324.91
1132,2025-09-11 09:43:53,1990,DL,15016,11433,4,780.88
1133,2024-04-14 01:21:15,1657,DL,10397,15016,1,566.57
1134,2024-10-11 10:07:13,1181,DL,11433,13303,3,1792.4
1135,2024-04-09 23:41:58,4594,DL,12266,10397,1,183.88
1136,2025-06-04 20:54:57,1241,DL,11193,12892,4,2216.68
1137,2024-08-09 17:51:50,3490,DL,15016,11433,2,1198.72
1138,2025-08-16 16:10:02,4967,DL,14869,12478,4,1358.65
1139,2025-01-21 14:42:29,4389,DL,15016,11433,1,150.9
1140,2024-10-07 15:48:45,3823,DL,11193,12892,1,243.9
1141,2024-08-29 02:57:25,4572,DL,14869,12478,4,2119.01
1142,2024-02-21 00:43:31,2632,DL,15016,11433,4,2237.88
1143,2025-07-26 15:06:46,3723,DL,14057,14869,3,741.67
1144,2025-04-09 09:05:46,2527,WN,13303,12478,4,1998.59
1145,2024-04-17 14:48:45,1386,DL,14057,14869,2,326.78
1146,2025-01-02 00:05:38,1989,DL,10397,15016,4,1362.46
1147,2024-03-05 20:09:20,2515,DL,15016,11433,4,1474.36
1148,2025-06-24 13:05:08,2458,WN,13303,12478,1,183.03
1149,2024-09-06 23:15:24,3213,WN,13303,12478,1,327.19
1150,2025-05-08 05:15:46,2246,DL,10397,15016,3,1758.1
1151,2024-09-30 02:32:31,3935,UA,10397,12892,3,1592.64
1152,2024-01-09 14:10:45,1578,UA,10397,12892,2,956.88
1153,2024-04-28 19:37:08,1445,WN,13303,12478,4,2231.1
1154,2024-03-15 16:49:24,4452,DL,12266,10397,4,1741.0
1155,2024-12-30 18:42:29,4630,WN,13303,12478,3,1421.03
1156,2025-04-04 18:40:16,2901,DL,11193,12892,2,1047.32
1157,2024-08-05 13:27:40,1319,AA,12892,10397,1,233.44
1158,2025-01-28 05:37:13,4823,AA,12892,10397,3,874.75
1159,2025-05-28 01:29:54,1879,DL,15016,11433,2,555.69
1160,2024-09-24 21:59:55,4292,DL,14869,12478,4,1828.76
1161,2025-02-04 05:55:03,3338,DL,14869,12478,3,1368.44
1162,2024-12-25 08:51:03,1830,DL,10397,15016,4,1498.98
1163,2024-09-18 18:19:44,4108,DL,10397,15016,1,237.7
1164,2024-04-25 23:39:04,4258,WN,13303,12478,4,1688.01
1165,2025-06-01 19:22:19,3288,DL,12266,10397,3,982.06
1166,2025-01-17 06:17:32,1311,UA,10397,12892,4,1705.7
1167,2025-02-25 09:55:28,4909,DL,14869,12478,3,1305.3
1168,2024-03-24 03:17:31,2653,UA,10397,12892,2,533.01
1169,2024-12-18 18:41:43,1687,DL,11193,12892,1,172.61
1170,2025-04-17 06:31:15,2608,DL,11193,12892,3,1364.81
1171,2024-08-22 20:20:23,2574,DL,14057,14869,2,990.84
1172,2025-01-30 03:21:20,2509,DL,11433,13303,4,2346.18
1173,2025-06-08 12:19:19,2205,DL,15016,11433,4,1950.34
1174,2024-07-19 11:54:59,2810,AA,12892,10397,2,1067.62
1175,2024-12-25 11:47:28,1265,WN,13303,12478,3,1125.88
1176,2024-11-17 06:20:01,4564,WN,13303,12478,4,1114.68
1177,2024-04-11 17:51:07,1163,DL,12266,10397,4,1257.45
1178,2025-07-30 19:26:50,3806,DL,12266,10397,3,1107.68
1179,2024-02-29 15:29:01,2280,DL,11193,12892,2,1040.23
1180,2025-03-09 20:34:55,4624,DL,11433,13303,2,349.56
1181,2024-11-27 16:58:47,3030,DL,12266,10397,1,261.19
1182,2025-08-15 05:58:05,4963,UA,10397,12892,3,1001.24
1183,2024-07-12 08:30:20,4008,AA,12892,10397,4,1568.23
1184,2024-12-05 17:45:40,4551,DL,12266,10397,3,1661.03
1185,2025-04-13 10:07:21,3217,DL,11433,13303,3,1091.06
1186,2025-02-14 02:04:12,2024,DL,12266,10397,4,1153.76
1187,2024-08-04 14:57:52,2902,DL,14869,12478,2,470.12
1188,2025-04-07 10:26:59,2358,DL,12266,10397,4,1309.36
1189,2024-04-09 20:44:30,3238,DL,15016,11433,1,185.14
1190,2024-08-10 11:35:09,4083,DL,11433,13303,2,494.92
1191,2025-10-22 14:51:14,2822,DL,11193,12892,2,319.0
1192,2025-06-04 11:09:55,4886,DL,14057,14869,1,572.44
1193,2025-09-13 03:50:07,3838,DL,14057,14869,2,978.28
1194,2025-09-01 22:00:10,1679,DL,12266,10397,4,778.72
1195,2024-06-07 05:47:35,4176,DL,12266,10397,2,363.86
1196,2024-07-24 03:08:12,2717,DL,12266,10397,3,676.6
1197,2024-12-10 06:54:50,3517,DL,10397,15016,4,1181.58
1198,2024-03-19 14:25:07,3564,DL,14869,12478,4,1874.28
1199,2024-12-13 19:13:04,3125,DL,11433,13303,3,1564.07
1200,2024-06-13 19:48:28,2969,DL,12266,10397,1,255.73
1201,2025-08-23 15:14:10,2691,DL,10397,15016,1,265.05
1202,2025-02-14 08:40:58,2629,DL,12266,10397,2,531.64
1203,2024-05-26 17:38:51,2230,DL,11193,12892,4,761.52
1204,2025-09-06 21:43:46,1506,DL,14057,14869,2,369.85
1205,2025-06-05 13:38:10,3538,DL,11433,13303,4,1994.59
1206,2024-05-08 08:37:49,3465,DL,15016,11433,3,1395.2
1207,2024-01-05 23:21:43,4544,UA,10397,12892,1,288.85
1208,2024-05-29 13:28:45,3525,UA,10397,12892,2,847.91
1209,2025-08-02 19:08:15,1942,DL,14057,14869,3,1622.01
1210,2024-01-12 06:03:11,1804,DL,12266,10397,3,1588.03
1211,2025-01-24 02:56:25,3342,DL,11193,12892,4,1012.25
1212,2025-02-17 08:17:04,4137,WN,13303,12478,3,1564.18
1213,2024-10-27 01:24:46,2527,AA,12892,10397,3,1164.55
1214,2024-11-22 15:52:05,1877,DL,11433,13303,3,651.24
1215,2024-10-21 08:09:04,3652,UA,10397,12892,2,716.21
1216,2025-04-29 12:04:40,4864,DL,12266,10397,3,758.42
1217,2024-08-16 00:25:19,3028,DL,14057,14869,4,756.15
1218,2024-06-29 13:59:44,3850,DL,15016,11433,1,196.31
1219,2025-06-19 23:41:29,3997,AA,12892,10397,4,1582.28
1220,2025-04-21 01:09:35,2688,UA,10397,12892,3,1756.5
1221,2025-07-27 11:25:47,2421,DL,11193,12892,4,1753.93
1222,2025-10-05 09:53:16,3616,DL,11433,13303,1,457.55
1223,2025-10-13 03:44:27,1846,UA,10397,12892,2,669.51
1224,2025-02-05 20:44:05,3578,DL,15016,11433,1,242.06
1225,2025-05-05 17:14:54,2812,AA,12892,10397,3,909.81
1226,2024-02-21 22:14:20,2214,DL,11193,12892,2,676.42
1227,2024-06-14 22:33:38,3430,UA,10397,12892,3,1318.23
1228,2025-06-22 00:57:07,2875,DL,10397,15016,3,1368.17
1229,2024-06-20 05:00:40,1649,AA,12892,10397,1,244.15
1230,2024-10-27 09:11:44,2737,DL,15016,11433,1,302.43
1231,2025-06-02 19:00:46,1096,DL,14869,12478,1,236.97
1232,2025-02-19 14:08:14,2289,WN,13303,12478,2,803.58
1233,2024-01-07 21:33:35,2730,DL,14057,14869,1,193.98
1234,2024-04-02 01:10:31,2129,DL,11433,13303,1,587.89
1235,2024-12-27 22:03:00,4990,DL,14057,14869,4,1238.62
1236,2024-10-09 07:37:44,4299,AA,12892,10397,4,1376.73
1237,2024-09-15 04:21:58,2094,DL,10397,15016,2,907.06
1238,2025-02-13 17:04:11,4590,DL,11433,13303,2,1104.9
1239,2025-05-11 18:51:29,1389,DL,12266,10397,4,1402.75
1240,2025-02-19 03:18:34,3729,DL,14869,12478,2,952.54
1241,2024-05-16 21:24:58,4817,UA,10397,12892,4,2218.99
1242,2025-07-16 17:35:42,1102,DL,14869,12478,3,1189.51
1243,2025-05-08 18:44:28,3454,UA,10397,12892,2,1193.7
1244,2024-07-29 16:26:31,4710,DL,14869,12478,3,1467.47
1245,2025-02-12 22:44:21,3817,DL,14869,12478,1,429.15
1246,2025-10-22 19:19:18,1458,DL,14057,14869,2,1192.99
1247,2024-03-25 12:16:06,2114,WN,13303,12478,1,338.42
1248,2025-09-05 12:44:05,4148,DL,10397,15016,2,563.03
1249,2024-08-26 10:09:30,4396,DL,11433,13303,1,373.52
1250,2024-01-08 03:52:33,1156,DL,15016,11433,2,1014.09
1251,2024-11-06 16:40:45,4151,DL,11193,12892,2,1031.11
1252,2024-09-02 05:09:32,2316,DL,10397,15016,1,556.56
1253,2025-07-15 10:04:19,3064,DL,15016,11433,2,912.36
1254,2024-12-11 08:35:18,4109,DL,12266,10397,1,434.74
1255,2025-05-07 05:44:32,4046,WN,13303,12478,2,667.09
1256,2025-05-29 10:33:47,2401,DL,15016,11433,2,1055.04
1257,2025-06-14 22:45:20,3808,DL,12266,10397,3,1763.78
1258,2024-03-18 21:52:55,1197,AA,12892,10397,2,585.56
1259,2024-05-19 02:40:59,1767,UA,10397,12892,3,990.4
1260,2024-05-25 01:45:28,1115,DL,10397,15016,1,430.79
1261,2025-03-13 05:39:49,1175,DL,11193,12892,4,2235.03
1262,2024-09-04 14:49:38,2759,DL,11193,12892,4,1084.7
1263,2025-06-27 14:05:03,1378,AA,12892,10397,1,420.06
1264,2025-05-27 16:50:32,4028,DL,14869,12478,1,498.1
1265,2025-02-06 21:00:26,3724,DL,11193,12892,1,441.61
1266,2025-09-01 18:15:11,2094,WN,13303,12478,2,690.76
1267,2025-06-22 20:48:48,4716,UA,10397,12892,2,851.03
1268,2024-10-25 04:08:24,1407,UA,10397,12892,3,796.16
1269,2025-10-28 20:21:04,4946,AA,12892,10397,1,304.57
1270,2024-02-17 04:42:59,4750,AA,12892,10397,2,757.51
1271,2025-08-26 17:19:34,2367,DL,11433,13303,1,306.66
1272,2024-05-27 14:37:07,1950,DL,10397,15016,2,890.52
1273,2025-01-06 10:20:22,1536,DL,14057,14869,2,395.48
1274,2025-05-28 18:17:34,2016,DL,12266,10397,2,569.62
1275,2024-07-10 16:48:20,1465,DL,14057,14869,3,1172.15
1276,2025-06-14 16:52:13,1492,UA,10397,12892,3,1664.28
1277,2024-12-14 22:05:23,1374,DL,11433,13303,4,1983.68
1278,2025-08-12 21:30:53,1537,DL,15016,11433,1,434.94
1279,2025-04-22 17:29:21,1526,DL,15016,11433,1,304.64
1280,2024-06-05 18:43:27,3242,UA,10397,12892,1,579.83
1281,2025-08-15 01:33:25,4351,DL,15016,11433,2,766.02
1282,2025-03-16 16:44:38,4407,AA,12892,10397,2,610.82
1283,2025-02-10 15:55:38,3026,AA,12892,10397,2,388.52
1284,2024-10-29 22:41:11,3276,DL,14869,12478,3,755.01
1285,2024-08-05 23:55:19,1260,DL,14869,12478,2,974.99
1286,2025-09-20 21:59:39,3405,UA,10397,12892,3,523.35
1287,2024-11-13 18:54:56,2653,AA,12892,10397,3,590.98
1288,2024-09-05 17:13:21,2133,DL,15016,11433,4,1705.88
1289,2024-03-01 05:38:27,3259,DL,10397,15016,3,921.97
1290,2025-09-07 01:35:48,3074,DL,14869,12478,3,743.12
1291,2025-03-08 17:58:24,4391,DL,11193,12892,1,415.49
1292,2025-08-04 23:08:03,3998,DL,12266,10397,1,382.17
1293,2024-08-02 10:37:02,3244,UA,10397,12892,3,1350.3
1294,2025-05-29 14:21:16,4690,DL,10397,15016,3,1610.94
1295,2025-01-06 18:20:52,4118,DL,12266,10397,3,1275.65
1296,2024-11-18 22:48:32,3714,AA,12892,10397,2,381.5
1297,2024-06-06 08:54:39,3016,DL,14869,12478,3,1750.01
1298,2025-09-08 05:30:04,3812,DL,15016,11433,2,334.39
1299,2024-10-22 16:20:00,1908,AA,12892,10397,4,748.85
1300,2024-08-08 11:10:10,1962,DL,11433,13303,1,296.3
1301,2025-04-13 18:51:18,1681,UA,10397,12892,2,603.98
1302,2025-01-22 03:13:36,4954,AA,12892,10397,1,325.73
1303,2025-01-01 10:51:17,1659,WN,13303,12478,3,852.09
1304,2024-05-17 06:24:41,2141,DL,12266,10397,2,1078.22
1305,2025-07-18 11:50:42,4382,WN,13303,12478,1,591.8
1306,2024-08-11 03:01:56,2128,DL,14869,12478,3,1071.53
1307,2024-01-17 02:23:33,1995,DL,15016,11433,1,417.11
1308,2025-09-02 21:20:01,2423,DL,11193,12892,2,982.98
1309,2024-05-05 22:05:48,3657,DL,14057,14869,3,509.36
1310,2024-09-03 20:24:09,3512,DL,10397,15016,2,974.88
1311,2024-02-17 18:47:37,4078,DL,15016,11433,2,355.46
1312,2024-04-03 00:53:32,3932,DL,14869,12478,4,1563.1
1313,2024-01-13 14:18:22,3502,DL,11433,13303,2,399.1
1314,2024-07-29 20:08:36,1830,DL,10397,15016,2,527.32
1315,2024-07-06 20:41:02,1396,AA,12892,10397,1,188.53
1316,2025-01-16 12:34:31,3631,DL,10397,15016,3,618.84
1317,2025-08-04 05:32:51,1506,DL,14057,14869,4,810.01
1318,2025-07-10 00:30:16,1281,DL,15016,11433,1,283.93
1319,2024-03-06 09:31:20,4148,WN,13303,12478,2,1055.7
1320,2025-04-02 12:01:37,4102,DL,15016,11433,1,543.06
1321,2025-06-19 21:03:42,3962,DL,14869,12478,2,1199.96
1322,2024-05-10 13:36:59,2002,DL,11193,12892,2,755.94
1323,2024-12-02 22:45:50,1952,DL,11193,12892,4,996.98
1324,2025-08-26 20:26:42,2822,AA,12892,10397,1,238.18
1325,2024-09-16 12:47:41,3998,DL,10397,15016,1,239.92
1326,2025-07-15 06:18:58,3703,DL,12266,10397,2,376.64
1327,2024-03-14 03:32:43,4871,DL,14057,14869,1,317.8
1328,2025-03-22 21:06:25,3213,DL,12266,10397,3,1321.24
1329,2024-12-01 01:12:29,4260,UA,10397,12892,4,2016.6
1330,2024-02-28 17:43:58,4527,DL,12266,10397,2,839.65
1331,2024-06-26 22:12:47,4282,DL,15016,11433,1,190.24
1332,2024-07-15 18:51:47,3050,DL,10397,15016,1,535.73
1333,2024-06-24 01:25:22,1478,DL,10397,15016,3,586.49
1334,2025-08-17 23:19:18,4394,DL,10397,15016,3,1307.99
1335,2024-11-21 04:04:20,1532,DL,12266,10397,3,985.06
1336,2025-09-01 23:52:31,2303,DL,15016,11433,4,1469.41
1337,2025-06-09 23:51:29,1268,AA,12892,10397,1,345.79
1338,2025-05-30 18:37:32,1745,UA,10397,12892,1,425.63
1339,2024-03-27 02:02:15,4289,DL,11193,12892,2,911.44
1340,2025-01-06 18:10:12,1691,WN,13303,12478,2,322.55
1341,2024-08-04 19:04:24,4320,AA,12892,10397,1,362.56
1342,2024-11-11 11:35:47,1116,UA,10397,12892,2,1148.61
1343,2025-08-03 20:58:36,2370,UA,10397,12892,1,585.77
1344,2024-08-23 21:43:41,4001,DL,11433,13303,2,862.03
1345,2025-03-09 18:29:17,1270,DL,14057,14869,3,1079.39
1346,2025-02-20 05:40:08,3229,DL,12266,10397,2,834.68
1347,2025-04-16 09:24:18,3956,DL,10397,15016,2,415.82
1348,2024-08-03 14:01:10,3814,DL,14057,14869,4,631.37
1349,2024-07-01 16:25:06,2063,AA,12892,10397,2,611.52
1350,2024-05-16 06:38:49,2228,DL,14057,14869,1,543.89
1351,2024-06-12 13:59:49,4059,DL,15016,11433,4,703.66
1352,2025-06-11 00:02:19,1636,AA,12892,10397,4,2330.38
1353,2025-09-09 03:40:27,3895,DL,15016,11433,4,1249.99
1354,2024-11-18 11:25:00,4836,AA,12892,10397,1,208.85
1355,2024-04-17 12:38:05,1335,DL,14057,14869,3,455.61
1356,2025-10-03 01:13:25,2869,AA,12892,10397,4,1063.92
1357,2025-03-03 06:34:29,3183,AA,12892,10397,4,2219.15
1358,2025-02-17 06:07:49,3527,DL,12266,10397,4,2132.34
1359,2024-05-10 22:18:44,2684,DL,14057,14869,2,1083.81
1360,2024-12-07 19:26:45,1575,DL,15016,11433,1,349.3
1361,2024-09-03 13:39:19,1608,UA,10397,12892,3,1751.7
1362,2024-12-01 08:27:42,4729,DL,15016,11433,3,1253.44
1363,2024-10-30 06:42:59,3433,DL,11433,13303,2,472.8
1364,2025-06-30 08:44:38,4076,DL,14057,14869,1,531.09
1365,2024-02-18 00:41:50,4406,UA,10397,12892,3,1394.82
1366,2025-10-11 15:02:38,3192,DL,12266,10397,4,1184.82
1367,2025-03-14 13:00:58,3404,AA,12892,10397,3,1270.15
1368,2024-09-04 23:34:05,2287,AA,12892,10397,2,1121.32
1369,2024-02-05 21:27:57,3725,DL,12266,10397,2,946.32
1370,2025-06-12 03:55:48,2124,DL,12266,10397,1,442.62
1371,2025-09-03 03:49:19,4650,DL,10397,15016,2,555.46
1372,2025-06-19 11:53:58,3091,AA,12892,10397,1,243.66
1373,2024-07-10 00:20:18,4566,UA,10397,12892,1,519.47
1374,2024-03-09 19:04:01,3213,AA,12892,10397,1,285.67
1375,2025-09-02 01:32:00,3004,UA,10397,12892,3,1428.35
1376,2025-08-12 15:59:23,1223,DL,12266,10397,2,1153.45
1377,2025-01-22 12:07:48,4280,DL,14057,14869,3,1448.15
1378,2024-10-18 06:01:59,1367,DL,14869,12478,1,345.19
1379,2025-03-02 08:01:21,2680,AA,12892,10397,1,363.71
1380,2024-02-19 19:43:18,3522,DL,11193,12892,1,478.48
1381,2025-06-18 15:34:07,1109,UA,10397,12892,1,160.47
1382,2025-04-17 19:26:18,4805,WN,13303,12478,4,866.02
1383,2024-03-31 23:51:00,3713,UA,10397,12892,2,953.79
1384,2025-09-01 19:33:32,2033,AA,12892,10397,1,282.61
1385,2025-05-05 19:32:56,4417,DL,11433,13303,1,311.02
1386,2024-03-16 13:35:01,1037,AA,12892,10397,4,1716.87
1387,2024-02-10 17:38:13,4245,UA,10397,12892,4,1813.15
1388,2024-05-01 00:33:25,3647,DL,10397,15016,1,510.39
1389,2024-02-27 18:20:37,1414,DL,14057,14869,2,330.36
1390,2024-03-01 05:43:12,3591,DL,11193,12892,3,1584.92
1391,2025-01-11 05:27:05,2153,DL,14057,14869,4,634.58
1392,2025-06-16 10:13:12,1352,UA,10397,12892,4,817.78
1393,2024-11-24 07:21:02,3499,UA,10397,12892,3,631.15
1394,2025-05-25 09:12:38,2724,DL,12266,10397,4,2260.36
1395,2024-05-07 00:18:55,1102,AA,12892,10397,3,1082.25
1396,2025-01-27 00:37:39,4680,DL,14869,12478,4,1929.98
1397,2024-01-31 05:36:44,4769,DL,14057,14869,4,1614.72
1398,2024-04-02 00:57:41,1129,DL,10397,15016,1,205.38
1399,2024-04-17 20:29:28,4503,DL,14057,14869,2,424.45
1400,2025-07-21 14:07:48,1439,DL,14869,12478,3,1593.32
1401,2025-09-14 14:21:23,3238,DL,15016,11433,2,586.39
1402,2024-02-26 06:53:30,3940,DL,12266,10397,1,453.66
1403,2024-07-03 00:46:52,3256,AA,12892,10397,3,1495.53
1404,2024-11-23 18:46:33,2324,WN,13303,12478,1,360.57
1405,2025-04-08 10:30:17,4068,DL,14869,12478,3,808.79
1406,2024-02-23 05:06:29,1913,DL,10397,15016,2,426.81
1407,2024-03-28 21:05:53,4583,DL,11193,12892,4,1968.38
1408,2024-09-01 19:03:50,4865,DL,12266,10397,1,256.01
1409,2025-08-13 20:54:43,3638,AA,12892,10397,2,974.27
1410,2024-06-02 18:44:35,1256,UA,10397,12892,1,170.41
1411,2024-06-30 02:04:47,3330,WN,13303,12478,3,513.43
1412,2025-05-26 05:33:23,3036,DL,11433,13303,3,1739.87
1413,2024-04-10 11:15:22,1046,UA,10397,12892,1,495.92
1414,2024-11-09 06:12:00,2256,DL,12266,10397,3,1601.25
1415,2025-05-08 13:19:43,4292,DL,12266,10397,2,968.37
1416,2024-07-31 17:49:52,3762,DL,11433,13303,1,161.87
1417,2024-11-02 08:17:44,3047,DL,11433,13303,3,1729.0
1418,2024-12-14 05:19:27,2886,AA,12892,10397,3,1071.23
1419,2024-10-06 06:54:34,4034,DL,14057,14869,2,650.4
1420,2024-05-22 19:27:10,3855,DL,15016,11433,4,2380.21
1421,2025-07-28 10:51:59,1068,DL,14869,12478,4,2111.95
1422,2025-09-30 17:20:22,2806,DL,11193,12892,2,321.99
1423,2024-03-18 10:39:48,1775,DL,10397,15016,4,658.67
1424,2024-11-26 10:21:23,3705,DL,10397,15016,2,772.43
1425,2025-02-08 18:26:55,3163,DL,15016,11433,4,1229.93
1426,2024-11-01 23:09:42,2924,AA,12892,10397,4,1370.55
1427,2024-09-27 19:06:37,3958,DL,11433,13303,2,901.28
1428,2025-03-19 12:32:53,2919,DL,10397,15016,4,1184.72
1429,2024-02-08 14:32:29,3837,DL,14057,14869,2,887.29
1430,2024-03-13 03:52:58,4159,DL,14057,14869,1,219.06
1431,2025-03-18 18:50:08,1041,DL,15016,11433,4,1383.13
1432,2025-03-04 21:12:28,3646,DL,14057,14869,2,1183.51
1433,2025-05-18 15:21:30,4676,DL,15016,11433,4,1307.84
1434,2024-02-04 18:57:05,2114,DL,14057,14869,4,1386.53
1435,2025-01-19 23:29:58,2774,DL,14057,14869,3,1524.07
1436,2025-02-09 04:44:09,4408,DL,14057,14869,3,680.76
1437,2025-06-30 06:35:09,1526,UA,10397,12892,1,553.25
1438,2025-03-10 00:10:24,3114,UA,10397,12892,3,828.27
1439,2024-04-11 23:48:57,3526,DL,14869,12478,4,1605.07
1440,2024-09-28 19:52:58,4354,DL,10397,15016,2,807.04
1441,2024-11-09 21:29:38,1644,UA,10397,12892,4,1442.01
1442,2025-08-27 00:03:44,1822,AA,12892,10397,1,420.98
1443,2025-05-06 06:39:20,1613,DL,14057,14869,3,942.01
1444,2025-10-04 14:29:09,1628,DL,14869,12478,4,1807.38
1445,2025-07-08 19:03:14,2563,DL,11433,13303,3,1620.32
1446,2024-08-20 07:21:41,2022,DL,14869,12478,3,1322.95
1447,2024-01-21 06:13:50,2538,DL,12266,10397,3,1538.3
1448,2025-08-28 20:23:58,1613,AA,12892,10397,4,836.28
1449,2024-01-18 13:04:09,3063,DL,15016,11433,1,406.18
1450,2024-11-28 23:43:32,1442,DL,15016,11433,1,216.72
1451,2024-12-19 07:01:41,4051,WN,13303,12478,4,640.67
1452,2025-07-15 21:03:24,2860,DL,15016,11433,4,1593.55
1453,2024-02-21 16:21:48,2225,UA,10397,12892,3,1604.2
1454,2024-11-29 11:41:57,2707,DL,11433,13303,4,864.65
1455,2025-07-11 13:59:36,3060,WN,13303,12478,1,346.86
1456,2025-07-23 22:18:00,2675,DL,14057,14869,2,426.39
1457,2024-01-04 03:49:24,1435,UA,10397,12892,3,1289.22
1458,2024-10-29 05:03:06,4405,DL,10397,15016,2,547.14
1459,2025-03-21 11:38:11,3954,AA,12892,10397,3,1281.24
1460,2024-07-14 22:35:24,1732,DL,12266,10397,1,425.84
1461,2024-12-30 18:07:01,2429,DL,14057,14869,2,424.94
1462,2025-08-09 03:43:08,1712,DL,12266,10397,3,1014.98
1463,2025-09-10 00:44:57,1826,DL,11433,13303,4,945.43
1464,2024-08-12 10:31:18,4142,DL,12266,10397,2,892.73
1465,2024-10-30 02:06:01,4813,DL,12266,10397,3,1440.57
1466,2024-11-13 04:16:29,2254,DL,15016,11433,4,1528.95
1467,2025-06-15 13:11:55,2748,DL,10397,15016,4,1831.36
1468,2025-09-03 18:00:35,2293,DL,12266,10397,4,1864.8
1469,2024-01-06 03:19:59,1540,DL,12266,10397,1,166.41
1470,2024-04-05 23:25:23,3782,DL,11433,13303,1,235.91
1471,2025-06-11 11:39:40,4496,DL,11193,12892,3,862.46
1472,2024-03-17 22:37:51,4799,DL,10397,15016,2,367.02
1473,2024-04-23 01:29:32,2833,DL,12266,10397,1,389.02
1474,2024-11-26 22:32:40,2416,DL,12266,10397,4,1548.08
1475,2025-03-15 20:03:20,2888,AA,12892,10397,2,328.3
1476,2025-10-28 19:02:41,3730,UA,10397,12892,2,922.04
1477,2025-01-27 08:30:30,2568,WN,13303,12478,2,727.25
1478,2024-09-17 11:11:27,4719,UA,10397,12892,2,785.47
1479,2025-10-01 05:11:51,2305,DL,11433,13303,1,419.54
1480,2025-06-16 23:44:15,4175,UA,10397,12892,1,546.84
1481,2024-04-05 03:20:36,1245,DL,15016,11433,1,430.53
1482,2024-11-30 14:48:37,3402,UA,10397,12892,3,868.26
1483,2025-07-07 19:29:04,2011,DL,10397,15016,2,621.64
1484,2024-12-06 20:05:22,3306,DL,14869,12478,4,710.15
1485,2024-05-25 19:50:21,2737,DL,11433,13303,3,1386.67
1486,2025-03-20 11:34:01,4049,DL,14057,14869,2,932.92
1487,2025-09-13 04:25:20,3517,AA,12892,10397,1,594.67
1488,2024-05-14 00:25:02,1192,DL,10397,15016,2,1008.31
1489,2025-04-23 01:36:48,1545,DL,15016,11433,4,1493.42
1490,2024-08-30 12:14:01,1998,DL,11193,12892,2,371.06
1491,2025-10-30 05:17:06,1975,DL,12266,10397,4,765.31
1492,2024-07-23 19:29:26,3425,UA,10397,12892,3,1552.14
1493,2024-01-08 06:00:07,1128,WN,13303,12478,1,433.9
1494,2024-04-21 23:14:04,3737,DL,11433,13303,1,466.34
1495,2024-08-12 21:44:20,2257,DL,14869,12478,4,1982.1
1496,2025-07-13 22:00:45,3955,DL,10397,15016,3,1611.04
1497,2024-10-16 01:36:07,1424,DL,14869,12478,3,683.61
1498,2024-08-25 05:33:53,3861,DL,15016,11433,2,779.32
1499,2024-04-13 15:21:06,2406,DL,14057,14869,1,183.06
1500,2024-11-07 09:51:16,3218,DL,11193,12892,1,572.77
1501,2025-05-10 02:16:54,4346,UA,10397,12892,1,153.59
1502,2024-05-06 19:39:32,3009,DL,11433,13303,3,1334.25
1503,2025-05-07 03:35:53,3753,DL,11433,13303,3,615.59
1504,2025-04-12 13:45:42,1652,DL,12266,10397,2,410.43
1505,2024-06-24 08:36:38,1287,DL,14869,12478,3,1187.25
1506,2024-09-20 10:06:51,4451,UA,10397,12892,4,1367.32
1507,2025-06-11 11:20:19,3471,DL,11433,13303,1,422.35
1508,2024-07-29 20:39:19,3026,WN,13303,12478,4,1972.24
1509,2024-02-06 21:24:25,4644,DL,11433,13303,4,1896.01
1510,2025-04-02 10:56:04,4231,AA,12892,10397,2,1181.92
1511,2024-12-16 08:19:37,3873,DL,15016,11433,1,327.31
1512,2025-05-24 05:50:42,3168,DL,11433,13303,2,585.81
1513,2024-03-15 15:16:48,3101,DL,12266,10397,2,746.06
1514,2024-10-03 04:24:00,1130,DL,14869,12478,4,1159.81
1515,2024-10-26 01:00:41,3816,DL,12266,10397,3,1000.66
1516,2025-06-03 06:56:21,4024,DL,14869,12478,2,1168.92
1517,2024-12-12 04:57:54,3658,DL,11193,12892,4,1182.81
1518,2025-06-10 03:11:20,2169,UA,10397,12892,4,804.98
1519,2025-05-15 14:44:33,2997,DL,14057,14869,1,447.93
1520,2024-10-23 07:32:00,2322,DL,10397,15016,1,312.28
1521,2024-02-07 11:05:34,4763,WN,13303,12478,3,1374.79
1522,2024-11-17 04:29:08,2880,DL,11193,12892,1,192.57
1523,2024-01-03 11:25:48,1870,DL,12266,10397,1,248.48
1524,2024-04-18 16:05:14,3386,WN,13303,12478,2,752.04
1525,2024-09-29 14:39:54,3922,DL,12266,10397,4,2362.87
1526,2025-08-26 06:36:39,3881,DL,14869,12478,2,628.09
1527,2024-03-15 09:40:43,3608,UA,10397,12892,3,978.68
1528,2025-07-03 01:44:09,2568,DL,11193,12892,1,569.41
1529,2024-06-13 19:23:56,1147,DL,14057,14869,2,675.14
1530,2025-06-28 22:29:44,3123,DL,11433,13303,3,1677.77
1531,2024-01-05 07:08:59,3518,AA,12892,10397,2,986.71
1532,2025-04-18 02:47:19,1788,AA,12892,10397,1,425.31
1533,2024-01-07 12:35:47,1936,DL,14057,14869,4,1154.79
1534,2024-12-01 07:34:39,3622,DL,10397,15016,1,420.07
1535,2024-09-01 15:38:20,3864,DL,11433,13303,1,474.22
1536,2024-06-13 21:02:33,1842,DL,10397,15016,2,552.01
1537,2025-04-03 12:25:50,2014,DL,12266,10397,3,1580.8
1538,2024-02-25 05:27:42,2025,DL,11433,13303,2,1181.61
1539,2025-04-09 21:57:28,2075,AA,12892,10397,2,784.63
1540,2024-12-04 11:01:40,4096,DL,12266,10397,1,220.28
1541,2024-03-01 23:31:06,4075,DL,12266,10397,4,620.82
1542,2024-04-11 15:32:09,4165,DL,11433,13303,3,1093.39
1543,2024-10-23 14:16:24,2109,DL,14869,12478,4,917.21
1544,2025-02-11 06:48:26,2898,DL,15016,11433,2,416.31
1545,2024-07-14 10:17:34,1722,WN,13303,12478,4,1908.37
1546,2025-02-18 02:05:29,4124,DL,14869,12478,4,2189.95
1547,2025-08-18 23:22:59,4193,DL,15016,11433,3,1466.36
1548,2025-02-09 14:42:22,4876,DL,15016,11433,3,1708.01
1549,2025-04-29 09:35:20,2878,DL,12266,10397,3,641.33
1550,2025-05-05 04:02:29,4317,AA,12892,10397,3,475.77
1551,2024-12-31 03:49:18,3704,DL,11193,12892,1,163.42
1552,2024-04-30 01:01:11,2668,DL,14057,14869,3,1269.99
1553,2025-04-07 05:36:42,4208,DL,14057,14869,3,1456.81
1554,2024-07-14 15:15:19,1844,DL,10397,15016,2,314.97
1555,2024-05-06 20:10:27,3165,DL,11433,13303,3,729.51
1556,2024-08-12 20:29:43,1806,DL,11433,13303,1,220.25
1557,2025-04-24 18:56:10,2814,WN,13303,12478,1,329.75
1558,2024-11-20 08:03:09,3808,UA,10397,12892,2,1196.55
1559,2024-04-06 00:34:08,1929,DL,11433,13303,4,1291.48
1560,2024-03-22 08:51:35,1237,DL,14869,12478,1,430.74
1561,2024-07-03 04:22:51,4075,DL,10397,15016,2,565.86
1562,2025-02-09 19:47:14,1009,DL,11193,12892,4,864.94
1563,2024-06-18 13:55:46,3452,DL,11193,12892,1,216.38
1564,2024-01-04 03:52:47,4158,DL,15016,11433,2,1164.11
1565,2025-09-10 09:18:05,2189,DL,11193,12892,3,1273.19
1566,2024-05-14 04:29:57,3071,DL,11433,13303,1,251.51
1567,2025-01-20 02:28:50,2565,DL,11193,12892,2,1061.89
1568,2024-06-26 05:50:04,2762,DL,11433,13303,3,630.8
1569,2024-06-01 06:51:24,4987,WN,13303,12478,2,1143.39
1570,2024-02-11 17:41:22,4205,DL,11433,13303,3,990.47
1571,2024-09-12 16:06:10,1321,DL,15016,11433,1,453.14
1572,2025-07-30 12:47:53,1297,UA,10397,12892,4,1794.27
1573,2024-06-24 12:31:46,4516,DL,12266,10397,4,1146.39
1574,2025-01-15 20:00:28,4807,DL,14869,12478,1,504.87
1575,2024-10-13 05:15:20,4363,DL,11433,13303,2,611.57
1576,2024-09-29 17:09:52,4491,DL,12266,10397,1,394.56
1577,2025-09-13 06:51:05,4044,DL,14869,12478,3,1773.47
1578,2025-09-23 06:51:40,4832,DL,12266,10397,3,886.25
1579,2024-01-08 10:12:51,1868,DL,15016,11433,2,402.53
1580,2025-09-01 04:03:02,2523,AA,12892,10397,2,658.13
1581,2024-01-25 11:09:07,1444,DL,14869,12478,2,431.65
1582,2025-04-07 12:14:03,3173,DL,10397,15016,2,421.23
1583,2024-06-07 06:46:21,1650,DL,14057,14869,2,829.68
1584,2025-02-21 23:48:51,1325,DL,11433,13303,4,1677.06
1585,2024-04-14 03:46:26,2170,DL,14869,12478,2,465.06
1586,2024-03-14 03:46:26,4879,DL,11193,12892,2,393.19
1587,2024-11-18 06:06:25,2381,UA,10397,12892,1,572.64
1588,2024-10-28 12:25:59,1187,DL,14869,12478,4,818.46
1589,2024-08-30 12:06:57,4629,DL,11433,13303,2,389.03
1590,2024-05-30 00:07:47,1123,DL,14869,12478,3,460.77
1591,2024-12-19 23:35:52,4878,DL,11433,13303,1,426.19
1592,2025-04-30 04:13:30,1853,AA,12892,10397,3,1187.85
1593,2025-04-30 09:55:20,4848,DL,12266,10397,2,849.49
1594,2024-12-06 08:33:12,4957,DL,14057,14869,3,1638.99
1595,2025-02-27 13:25:46,2007,DL,12266,10397,4,1002.03
1596,2025-10-06 22:53:57,1793,WN,13303,12478,4,663.55
1597,2025-10-19 15:52:42,4776,DL,15016,11433,1,542.82
1598,2025-07-06 04:06:15,1128,DL,15016,11433,2,592.11
1599,2024-03-06 20:24:27,4335,DL,14057,14869,2,1136.59
1600,2024-08-17 01:27:02,1275,DL,14057,14869,2,318.89
1601,2024-05-20 01:50:54,4310,WN,13303,12478,2,829.27
1602,2024-03-05 16:22:22,3084,WN,13303,12478,2,1080.94
1603,2025-03-10 20:30:04,1887,DL,11193,12892,4,1036.85
1604,2025-08-13 09:59:58,3590,DL,12266,10397,4,2204.1
1605,2025-07-26 03:02:29,4127,DL,11193,12892,1,361.93
1606,2025-01-11 01:54:57,2860,UA,10397,12892,3,1062.72
1607,2025-07-19 02:35:50,2016,AA,12892,10397,4,1664.51
1608,2025-02-02 09:51:29,2933,DL,14869,12478,3,1285.46
1609,2024-09-29 04:11:24,2498,WN,13303,12478,3,1709.75
1610,2025-08-15 20:15:20,1367,DL,12266,10397,4,2318.88
1611,2025-09-03 03:20:39,2371,DL,14057,14869,1,419.57
1612,2025-01-24 10:41:54,4384,DL,10397,15016,4,2128.75
1613,2024-01-25 06:40:28,1983,DL,15016,11433,4,1960.82
1614,2025-02-06 01:19:33,4510,DL,10397,15016,1,276.3
1615,2025-04-30 02:03:19,4458,DL,11193,12892,4,2175.83
1616,2024-02-01 17:57:41,4628,DL,12266,10397,1,521.45
1617,2024-11-30 17:17:38,4262,DL,14057,14869,4,1478.21
1618,2025-01-08 06:20:25,1724,DL,11193,12892,1,198.59
1619,2024-06-09 22:53:46,3492,DL,14869,12478,1,332.18
1620,2024-12-08 05:53:04,1874,DL,14869,12478,3,1073.22
1621,2025-10-11 20:15:39,1696,UA,10397,12892,3,844.95
1622,2024-05-20 01:45:03,1524,WN,13303,12478,3,1658.87
1623,2024-02-27 13:53:21,3124,DL,11193,12892,1,154.01
1624,2025-02-14 15:31:52,2317,DL,14869,12478,2,570.12
1625,2024-05-17 10:15:02,1268,UA,10397,12892,1,532.06
1626,2024-05-21 21:02:18,2073,AA,12892,10397,3,761.15
1627,2024-11-04 10:12:52,2468,AA,12892,10397,4,1311.1
1628,2025-04-10 23:13:35,2687,DL,11193,12892,3,678.26
1629,2024-02-24 11:18:01,2794,DL,14869,12478,4,1873.13
1630,2024-11-21 02:34:19,3865,DL,14869,12478,1,418.7
1631,2025-06-04 15:20:52,1471,WN,13303,12478,2,626.77
1632,2025-01-01 13:38:30,3982,DL,14057,14869,2,899.61
1633,2024-06-12 01:42:41,2508,AA,12892,10397,1,275.01
1634,2025-01-12 06:33:26,1571,WN,13303,12478,4,643.31
1635,2025-10-10 22:36:58,4803,DL,11433,13303,2,981.48
1636,2024-08-27 03:01:16,4644,DL,15016,11433,3,1340.85
1637,2025-07-10 22:15:33,3571,DL,11433,13303,1,204.94
1638,2025-04-18 05:45:13,3066,AA,12892,10397,4,1110.08
1639,2024-10-20 07:22:19,2330,DL,14869,12478,3,1267.99
1640,2025-10-25 22:06:19,3589,DL,14057,14869,2,338.46
1641,2024-05-01 09:56:27,3692,DL,14869,12478,4,1079.83
1642,2025-10-06 14:54:17,2671,WN,13303,12478,4,2182.9
1643,2024-09-23 03:05:18,2542,AA,12892,10397,3,1702.17
1644,2024-03-04 14:40:32,3009,DL,15016,11433,1,255.4
1645,2024-06-10 14:05:35,1179,DL,12266,10397,1,512.56
1646,2025-05-08 07:38:48,3102,DL,14057,14869,3,786.87
1647,2024-03-20 07:52:10,4577,UA,10397,12892,2,616.86
1648,2024-07-15 21:00:11,2616,UA,10397,12892,2,822.56
1649,2024-04-16 16:04:32,2237,UA,10397,12892,2,389.98
1650,2024-02-12 12:43:32,2288,DL,12266,10397,4,2083.89
1651,2024-01-25 09:00:36,3038,UA,10397,12892,2,518.34
1652,2025-10-14 10:07:45,3008,DL,15016,11433,1,387.34
1653,2025-07-31 01:01:44,4964,DL,10397,15016,4,1564.33
1654,2024-04-02 19:51:41,1586,UA,10397,12892,3,971.2
1655,2024-01-18 23:29:14,2699,UA,10397,12892,4,1213.35
1656,2024-08-29 02:50:02,4265,AA,12892,10397,3,822.59
1657,2024-08-23 07:44:51,1871,DL,12266,10397,2,471.16
1658,2024-02-18 19:34:55,1056,DL,11193,12892,1,163.39
1659,2024-06-02 21:48:50,3309,AA,12892,10397,3,1049.72
1660,2025-03-16 01:46:23,4649,AA,12892,10397,3,1477.31
1661,2024-09-25 21:22:05,2457,AA,12892,10397,1,390.55
1662,2025-09-29 10:13:04,1908,DL,12266,10397,1,573.38
1663,2024-10-23 08:11:04,1580,WN,13303,12478,1,517.86
1664,2024-01-26 13:10:11,2278,DL,11193,12892,1,534.75
1665,2025-01-01 18:13:41,3036,DL,12266,10397,1,407.69
1666,2025-02-24 23:18:21,4862,WN,13303,12478,3,1270.27
1667,2025-03-05 21:34:49,2337,UA,10397,12892,2,621.54
1668,2025-10-06 00:23:26,1145,DL,12266,10397,1,451.73
1669,2024-09-18 03:54:47,2673,DL,10397,15016,3,715.31
1670,2024-11-29 22:58:55,3768,DL,14057,14869,2,415.13
1671,2025-04-25 20:06:21,1067,DL,10397,15016,2,694.55
1672,2025-10-10 21:34:16,4284,DL,15016,11433,3,545.75
1673,2025-10-24 07:11:38,2083,DL,10397,15016,3,714.31
1674,2025-06-12 01:35:41,4096,DL,14057,14869,2,1155.19
1675,2024-08-07 11:56:34,2745,DL,11433,13303,3,639.32
1676,2024-01-17 04:54:37,1569,DL,14869,12478,2,553.88
1677,2024-03-18 17:06:11,1024,DL,11433,13303,2,863.41
1678,2024-05-12 23:06:50,2542,DL,12266,10397,4,2177.49
1679,2024-09-18 08:55:48,1036,DL,14057,14869,3,1277.98
1680,2024-01-12 21:17:42,4756,UA,10397,12892,2,703.12
1681,2025-06-24 01:07:54,1011,UA,10397,12892,1,405.4
1682,2024-01-02 21:30:56,3858,WN,13303,12478,3,1460.85
1683,2025-03-06 23:59:16,4405,DL,12266,10397,4,1694.66
1684,2025-02-19 03:19:03,2311,AA,12892,10397,3,1788.06
1685,2025-02-09 14:11:39,3102,DL,14057,14869,2,1008.94
1686,2024-03-09 19:25:26,2538,UA,10397,12892,4,2137.16
1687,2024-06-06 12:38:44,2685,WN,13303,12478,3,554.29
1688,2024-05-26 23:41:56,2972,AA,12892,10397,1,498.48
1689,2024-11-19 23:49:44,2574,DL,10397,15016,4,1619.56
1690,2024-11-09 18:41:49,3339,DL,11433,13303,3,1232.1
1691,2025-05-30 08:27:26,4885,DL,11433,13303,3,533.49
1692,2024-05-06 13:22:11,2664,DL,12266,10397,3,688.49
1693,2024-02-16 15:53:46,2985,AA,12892,10397,3,466.61
1694,2024-03-12 05:38:20,3703,DL,10397,15016,3,1701.11
1695,2025-08-07 22:42:48,3339,DL,11433,13303,4,1539.19
1696,2025-06-22 22:22:40,3470,DL,14057,14869,1,160.65
1697,2024-07-12 17:41:44,1308,DL,14057,14869,4,920.76
1698,2024-11-13 17:38:48,1625,AA,12892,10397,4,1527.13
1699,2024-09-20 09:37:26,1559,DL,14057,14869,2,334.65
1700,2025-04-26 02:27:05,2600,DL,10397,15016,3,1343.39
1701,2024-04-07 11:28:58,4195,AA,12892,10397,2,681.68
1702,2024-06-13 13:04:51,2012,UA,10397,12892,3,856.23
1703,2024-07-10 04:04:41,1639,DL,12266,10397,1,196.37
1704,2024-08-27 19:19:36,2023,DL,10397,15016,2,556.01
1705,2025-05-15 05:04:17,3387,DL,14869,12478,1,189.74
1706,2025-03-31 14:49:48,3047,DL,11433,13303,3,570.5
1707,2025-04-13 13:57:30,1604,DL,11193,12892,2,1103.11
1708,2024-10-04 21:50:58,2447,DL,12266,10397,1,189.54
1709,2025-04-03 10:57:53,1232,UA,10397,12892,3,1587.51
1710,2024-07-27 03:52:45,1826,UA,10397,12892,1,455.68
1711,2024-10-27 11:23:58,1241,DL,10397,15016,1,176.92
1712,2024-06-03 09:53:07,1639,DL,11433,13303,4,1324.36
1713,2025-07-12 02:21:45,4311,DL,11193,12892,2,653.68
1714,2025-02-11 12:43:13,3816,DL,15016,11433,2,830.97
1715,2025-07-20 03:36:49,2350,AA,12892,10397,1,465.33
1716,2025-07-13 22:25:44,1686,DL,11193,12892,2,840.53
1717,2024-11-07 14:49:38,1917,DL,11433,13303,2,391.62
1718,2025-07-10 02:11:19,4430,DL,10397,15016,2,977.38
1719,2025-05-23 07:09:30,3778,DL,14869,12478,1,459.4
1720,2024-05-27 12:30:41,1986,DL,12266,10397,1,433.38
1721,2024-05-19 01:27:18,2444,UA,10397,12892,1,550.44
1722,2025-10-08 13:32:29,1276,DL,12266,10397,1,207.89
1723,2024-01-24 07:02:41,4267,DL,10397,15016,4,2055.97
1724,2025-07-22 17:48:28,4868,DL,11193,12892,1,344.29
1725,2024-09-29 15:19:21,3033,DL,15016,11433,2,873.81
1726,2024-12-13 01:42:07,4439,DL,12266,10397,4,1548.15
1727,2025-02-25 02:32:12,3951,AA,12892,10397,1,193.72
1728,2024-09-29 00:53:52,3955,DL,14869,12478,3,1077.52
1729,2025-05-18 18:58:12,4040,DL,11433,13303,4,1788.12
1730,2024-05-18 13:06:14,1103,WN,13303,12478,4,1106.41
1731,2024-05-31 22:20:23,2970,DL,14057,14869,2,577.78
1732,2024-07-04 22:00:38,4756,DL,14869,12478,3,709.93
1733,2024-09-11 02:35:20,3689,DL,11193,12892,4,1218.13
1734,2024-09-21 04:44:34,2076,DL,12266,10397,2,419.06
1735,2024-08-08 14:52:28,1127,DL,14057,14869,1,152.41
1736,2024-02-01 09:12:16,4443,DL,11433,13303,1,170.38
1737,2025-06-20 09:35:12,2697,WN,13303,12478,2,1067.7
1738,2024-06-28 20:19:58,3021,DL,11193,12892,1,420.37
1739,2024-12-03 16:13:36,1971,DL,12266,10397,3,1555.92
1740,2024-04-11 18:01:26,3695,DL,12266,10397,3,1040.53
1741,2025-04-15 07:14:38,3714,DL,15016,11433,2,553.7
1742,2025-07-14 00:26:02,4313,DL,14869,12478,2,392.86
1743,2024-08-24 10:29:01,3577,WN,13303,12478,2,655.69
1744,2024-02-27 22:10:00,3111,DL,10397,15016,1,485.09
1745,2024-01-16 08:58:24,2115,DL,10397,15016,3,999.64
1746,2025-05-14 11:37:15,3112,DL,11193,12892,3,1000.62
1747,2024-05-06 21:46:40,4563,DL,12266,10397,3,717.73
1748,2024-03-07 06:24:52,3528,DL,15016,11433,3,663.14
1749,2024-08-26 11:49:58,4682,AA,12892,10397,1,330.87
1750,2024-09-20 20:29:15,3398,DL,15016,11433,4,1051.09
1751,2025-04-23 01:52:58,1075,UA,10397,12892,1,500.19
1752,2025-03-28 18:01:41,3824,UA,10397,12892,3,511.57
1753,2025-05-05 15:44:14,4565,AA,12892,10397,4,2387.05
1754,2024-07-22 22:58:43,1012,DL,10397,15016,1,443.66
1755,2024-02-24 05:13:51,2682,DL,10397,15016,4,677.33
1756,2024-06-09 21:31:47,1572,WN,13303,12478,3,1313.43
1757,2024-04-15 23:31:30,3890,DL,12266,10397,3,1259.59
1758,2024-02-10 07:44:45,4668,DL,15016,11433,3,1618.59
1759,2025-01-07 06:33:00,3503,AA,12892,10397,1,510.16
1760,2024-12-30 05:00:16,2940,DL,11433,13303,2,444.04
1761,2024-07-02 00:25:05,3833,DL,11433,13303,3,1710.98
1762,2025-03-09 02:40:44,4308,WN,13303,12478,4,1181.8
1763,2025-10-15 02:19:13,1964,AA,12892,10397,2,496.32
1764,2025-01-25 17:39:23,2024,DL,12266,10397,3,1625.79
1765,2025-08-13 21:47:00,3179,DL,14869,12478,1,538.43
1766,2024-01-27 00:01:53,1664,AA,12892,10397,2,1048.59
1767,2025-08-03 00:28:07,4888,DL,10397,15016,1,557.03
1768,2025-06-08 14:47:25,2193,DL,14869,12478,2,1148.37
1769,2025-10-01 01:50:05,2466,DL,14869,12478,4,2315.0
1770,2025-05-14 04:55:16,4624,AA,12892,10397,3,853.13
1771,2024-05-09 10:35:29,1935,DL,14057,14869,1,399.3
1772,2025-05-18 02:09:08,1689,DL,14057,14869,3,1257.21
1773,2025-01-23 02:42:27,4830,WN,13303,12478,3,934.48
1774,2025-04-10 03:42:06,3185,AA,12892,10397,2,742.04
1775,2024-06-22 04:35:26,4411,WN,13303,12478,2,1053.74
1776,2024-09-01 18:30:12,4304,DL,11193,12892,1,502.18
1777,2024-07-02 17:19:32,4134,DL,11433,13303,2,677.28
1778,2025-07-24 22:07:30,1656,DL,14869,12478,4,1857.33
1779,2024-09-03 07:20:50,1306,DL,14057,14869,3,1496.79
1780,2024-07-17 13:29:14,3601,DL,15016,11433,4,1883.24
1781,2025-10-04 21:17:17,3994,DL,15016,11433,1,365.62
1782,2024-01-19 17:22:17,1396,WN,13303,12478,2,513.68
1783,2024-02-16 20:28:16,4638,WN,13303,12478,4,1464.6
1784,2024-01-26 16:27:04,3209,DL,12266,10397,2,1174.36
1785,2024-06-01 06:01:33,1330,DL,11193,12892,2,353.97
1786,2025-01-11 01:41:21,4006,UA,10397,12892,3,818.41
1787,2025-04-17 11:40:54,1885,DL,14869,12478,1,305.97
1788,2024-08-02 21:59:52,2232,UA,10397,12892,4,737.2
1789,2024-01-01 07:38:57,3058,WN,13303,12478,2,570.34
1790,2024-11-06 08:28:12,4820,DL,14057,14869,2,710.71
1791,2024-07-07 15:57:37,2336,DL,15016,11433,3,1080.33
1792,2025-09-22 21:04:30,2766,DL,14869,12478,3,517.09
1793,2024-10-26 08:56:33,2997,DL,11193,12892,3,1567.13
1794,2024-07-27 02:08:51,1504,DL,11193,12892,3,1023.0
1795,2024-03-23 15:17:41,4790,DL,14057,14869,2,1107.68
1796,2025-04-08 16:26:54,1563,DL,14869,12478,3,1292.78
1797,2025-03-18 06:06:01,2063,DL,14869,12478,3,834.54
1798,2025-09-02 00:49:24,3224,DL,12266,10397,4,2353.72
1799,2024-08-09 06:15:31,1228,DL,14057,14869,3,1348.53
1800,2024-05-03 01:09:07,3842,DL,10397,15016,3,799.72
1801,2024-11-08 20:41:14,2464,DL,15016,11433,2,771.99
1802,2024-01-24 23:47:11,1624,DL,12266,10397,1,376.45
1803,2024-05-30 18:38:38,2828,DL,15016,11433,2,760.48
1804,2025-02-07 09:21:17,4380,DL,10397,15016,1,320.56
1805,2025-10-23 13:22:23,3048,DL,10397,15016,3,1738.67
1806,2024-09-08 19:19:11,2174,DL,10397,15016,4,878.83
1807,2024-04-10 06:17:15,4536,WN,13303,12478,3,586.64
1808,2024-01-31 18:49:22,1900,UA,10397,12892,2,750.26
1809,2025-05-16 19:59:16,3715,DL,11433,13303,4,1692.36
1810,2024-08-28 18:57:37,4195,DL,12266,10397,1,445.09
1811,2025-05-31 19:47:05,4875,DL,11433,13303,4,1694.82
1812,2025-08-29 16:14:00,1544,DL,14057,14869,3,1738.48
1813,2025-08-20 12:45:40,4337,DL,11193,12892,4,1510.0
1814,2025-04-05 22:27:31,2133,DL,11193,12892,1,196.89
1815,2025-06-05 18:39:51,2811,WN,13303,12478,4,896.16
1816,2024-12-28 12:16:00,3526,DL,10397,15016,3,1625.92
1817,2025-05-10 19:15:02,4861,UA,10397,12892,1,543.41
1818,2025-02-07 13:31:53,1719,UA,10397,12892,2,408.26
1819,2024-12-18 22:33:41,2108,DL,14869,12478,1,334.02
1820,2025-02-01 10:15:22,2306,DL,15016,11433,4,772.16
1821,2025-03-24 02:38:28,2257,WN,13303,12478,4,2381.5
1822,2024-10-14 02:09:00,3517,WN,13303,12478,3,1253.62
1823,2024-02-25 08:39:34,4543,DL,14869,12478,1,156.68
1824,2025-04-06 21:14:29,4304,DL,14869,12478,4,2124.01
1825,2025-01-21 15:08:15,2133,DL,11433,13303,2,781.45
1826,2025-02-16 03:09:06,1656,DL,15016,11433,3,1645.63
1827,2024-10-22 18:15:52,1142,DL,11193,12892,3,877.23
1828,2025-08-22 14:12:21,2569,DL,14057,14869,3,960.35
1829,2024-09-18 10:39:17,2863,DL,11193,12892,1,167.75
1830,2025-08-15 13:17:09,4410,DL,11193,12892,4,1984.87
1831,2025-07-03 20:36:50,3551,DL,11433,13303,1,459.31
1832,2024-07-22 18:04:17,1628,DL,10397,15016,4,1551.5
1833,2024-04-14 22:43:55,3416,DL,11433,13303,4,1024.35
1834,2025-10-21 08:23:41,1906,DL,10397,15016,4,1994.66
1835,2024-04-30 17:06:09,3936,UA,10397,12892,4,1935.93
1836,2024-09-18 21:44:23,1828,DL,12266,10397,4,1448.23
1837,2025-10-10 07:05:30,1793,DL,14869,12478,4,622.34
1838,2025-03-15 00:44:38,3769,DL,14057,14869,4,1520.79
1839,2025-01-08 04:38:21,1267,DL,15016,11433,3,730.25
1840,2025-09-15 13:42:03,1018,DL,14869,12478,2,401.62
1841,2025-05-23 08:10:04,2858,WN,13303,12478,2,790.65
1842,2024-07-23 17:41:29,2474,DL,15016,11433,1,300.75
1843,2024-11-24 00:54:46,2189,AA,12892,10397,2,443.26
1844,2025-10-03 07:36:49,3347,DL,14869,12478,1,290.37
1845,2024-11-08 13:14:49,4314,DL,15016,11433,4,1760.81
1846,2024-08-06 01:00:59,3975,DL,11193,12892,2,539.43
1847,2025-07-29 15:08:01,3935,UA,10397,12892,4,2046.6
1848,2024-04-06 03:03:09,2646,DL,14869,12478,3,705.95
1849,2025-01-10 09:57:14,4078,AA,12892,10397,4,631.05
1850,2024-02-24 18:04:19,1293,UA,10397,12892,4,2017.58
1851,2025-05-15 00:19:11,3913,AA,12892,10397,2,855.09
1852,2025-08-03 07:58:21,4252,DL,11433,13303,3,1303.09
1853,2024-05-31 12:36:51,4844,DL,10397,15016,4,1668.09
1854,2025-10-11 01:52:35,2272,DL,14869,12478,1,498.08
1855,2025-04-23 07:19:04,3926,DL,14057,14869,1,268.47
1856,2025-08-14 08:56:35,3320,DL,10397,15016,1,404.04
1857,2025-02-24 19:56:41,4621,DL,14869,12478,2,1052.81
1858,2025-04-12 19:39:30,2057,DL,14057,14869,1,583.39
1859,2025-01-25 08:18:30,2554,DL,11433,13303,1,303.13
1860,2025-06-30 06:52:56,2400,DL,14057,14869,1,454.87
1861,2024-07-05 00:49:34,3872,DL,11193,12892,4,1216.79
1862,2024-02-07 15:39:01,3121,DL,11193,12892,4,1516.5
1863,2025-07-03 15:20:56,2338,DL,15016,11433,1,188.09
1864,2024-09-03 19:15:22,1659,DL,11193,12892,4,1319.11
1865,2025-07-11 21:39:06,2165,DL,11433,13303,1,580.17
1866,2025-08-05 13:12:31,2978,DL,11433,13303,2,319.79
1867,2024-05-15 14:51:53,4325,DL,11193,12892,1,225.48
1868,2024-07-02 09:16:27,2602,UA,10397,12892,1,330.46
1869,2024-04-03 18:19:18,3676,AA,12892,10397,3,816.0
1870,2024-09-09 02:58:34,2783,DL,11193,12892,1,489.06
1871,2024-08-08 04:42:51,2087,DL,15016,11433,2,815.34
1872,2024-11-27 20:35:43,3618,DL,12266,10397,1,552.35
1873,2024-01-10 10:14:28,3474,UA,10397,12892,2,1132.66
1874,2024-12-27 01:22:08,2211,DL,11193,12892,1,482.37
1875,2024-02-22 21:00:05,2774,DL,15016,11433,4,1471.48
1876,2024-02-11 23:51:25,1809,DL,14057,14869,1,593.85
1877,2024-06-02 07:56:58,1594,DL,11193,12892,4,664.24
1878,2025-04-12 04:35:32,3026,DL,12266,10397,2,1047.36
1879,2025-04-03 02:27:04,2425,DL,11433,13303,4,749.58
1880,2025-06-01 19:53:24,1294,DL,14869,12478,4,1663.16
1881,2024-12-28 19:59:42,3725,AA,12892,10397,4,1877.6
1882,2025-07-28 11:22:35,4266,UA,10397,12892,3,1227.1
1883,2024-05-23 15:05:28,2963,DL,15016,11433,4,1381.08
1884,2025-06-20 03:36:30,4475,DL,14057,14869,4,1273.73
1885,2025-01-31 19:06:50,3454,UA,10397,12892,1,599.58
1886,2025-05-29 14:28:49,3883,DL,14057,14869,4,724.24
1887,2024-04-09 19:17:13,2980,DL,14869,12478,1,489.7
1888,2025-04-16 10:04:56,3216,DL,12266,10397,4,1785.62
1889,2025-10-28 13:33:52,4658,AA,12892,10397,2,591.01
1890,2025-08-12 10:14:34,2522,DL,12266,10397,3,479.93
1891,2024-06-03 07:36:30,3977,DL,11193,12892,1,357.05
1892,2024-08-22 17:13:04,3837,DL,12266,10397,1,413.83
1893,2025-02-13 01:30:39,1046,AA,12892,10397,4,1659.91
1894,2025-07-06 08:39:46,3171,DL,11433,13303,1,261.42
1895,2024-04-02 06:06:23,3643,DL,11193,12892,3,1034.32
1896,2024-08-28 03:46:36,3903,DL,15016,11433,1,207.58
1897,2024-09-28 03:27:36,2349,WN,13303,12478,4,1132.59
1898,2024-03-18 06:24:15,3395,UA,10397,12892,3,1699.46
1899,2024-01-08 12:25:01,2586,DL,11433,13303,1,597.75
1900,2024-04-24 09:12:04,2342,UA,10397,12892,2,340.51
1901,2024-08-30 22:41:38,4970,DL,14057,14869,4,1592.26
1902,2024-02-26 08:35:23,3869,WN,13303,12478,4,2360.65
1903,2025-05-15 01:09:47,2452,AA,12892,10397,3,1405.24
1904,2025-07-13 00:38:45,2523,UA,10397,12892,4,1348.41
1905,2024-07-14 10:21:04,2829,WN,13303,12478,4,2318.0
1906,2024-05-28 14:59:22,3697,DL,12266,10397,2,1023.16
1907,2024-08-29 13:55:17,2844,DL,14057,14869,1,448.55
1908,2024-04-28 14:47:50,1815,DL,11193,12892,4,2120.14
1909,2024-02-21 15:09:24,4167,DL,11193,12892,3,1579.04
1910,2024-06-28 14:02:47,3356,DL,14869,12478,1,470.4
1911,2024-05-01 11:43:40,3369,DL,11433,13303,3,935.23
1912,2025-10-01 03:41:20,1813,DL,14869,12478,3,1645.96
1913,2024-07-06 12:24:13,3900,DL,11433,13303,3,1575.2
1914,2025-08-20 06:23:08,3764,AA,12892,10397,1,444.43
1915,2024-01-08 22:46:07,3754,DL,10397,15016,2,887.51
1916,2024-06-10 20:06:57,1380,DL,11193,12892,1,245.55
1917,2025-01-01 02:44:14,2291,DL,11193,12892,3,1328.44
1918,2024-07-14 05:38:45,3790,WN,13303,12478,4,1495.04
1919,2024-05-11 06:00:57,3818,DL,10397,15016,3,1641.94
1920,2025-10-16 13:02:47,2899,DL,14869,12478,3,685.83
1921,2025-06-25 11:25:47,4824,DL,14057,14869,2,600.46
1922,2025-02-07 04:52:09,4785,DL,14057,14869,4,2355.1
1923,2025-01-02 09:59:47,4974,DL,10397,15016,2,307.16
1924,2025-05-07 14:02:10,2386,DL,15016,11433,4,1716.91
1925,2024-11-30 01:02:26,1360,DL,14057,14869,3,1043.71
1926,2025-01-23 11:02:36,1977,DL,11193,12892,3,1103.13
1927,2025-10-17 14:03:34,1813,DL,15016,11433,4,2368.18
1928,2025-02-17 20:36:17,2697,AA,12892,10397,4,1397.4
1929,2025-07-31 20:17:09,1331,DL,11193,12892,3,775.49
1930,2024-05-16 10:52:12,3859,AA,12892,10397,2,812.17
1931,2024-05-26 23:24:05,1747,UA,10397,12892,2,1066.73
1932,2024-05-13 04:07:33,4683,DL,15016,11433,4,2257.16
1933,2025-09-30 17:13:53,4985,DL,10397,15016,2,340.15
1934,2024-01-10 10:04:17,1080,DL,11433,13303,3,1384.32
1935,2025-07-07 07:40:38,3809,WN,13303,12478,2,1084.28
1936,2025-03-14 00:57:04,3494,DL,10397,15016,4,1689.71
1937,2025-05-21 19:30:07,2715,DL,14057,14869,4,2149.58
1938,2024-04-29 20:22:45,1358,UA,10397,12892,3,1434.8
1939,2025-09-10 16:57:02,4395,WN,13303,12478,2,678.97
1940,2024-06-11 07:23:08,1964,DL,11433,13303,2,443.33
1941,2025-08-22 07:37:40,2517,DL,10397,15016,4,1765.75
1942,2025-09-14 19:58:51,1688,DL,10397,15016,1,588.26
1943,2025-06-01 02:35:45,1428,DL,10397,15016,2,1006.88
1944,2025-03-16 07:17:55,1397,DL,14869,12478,2,1185.13
1945,2024-04-23 19:20:49,4121,DL,14057,14869,1,508.03
1946,2024-07-24 23:37:16,1351,DL,14057,14869,4,1515.57
1947,2024-11-27 04:27:42,3893,DL,11433,13303,3,1322.91
1948,2025-10-24 22:08:24,2033,UA,10397,12892,1,182.18
1949,2025-06-25 06:57:00,2955,DL,14869,12478,1,503.32
1950,2025-01-12 14:53:20,3729,DL,15016,11433,4,1185.39
1951,2024-12-11 13:55:20,1093,DL,14057,14869,3,1173.17
1952,2024-03-10 16:54:01,2798,UA,10397,12892,1,248.51
1953,2024-11-07 06:34:36,4662,DL,11433,13303,3,1682.06
1954,2025-08-10 18:41:19,3762,DL,14057,14869,2,1088.95
1955,2025-04-16 05:08:01,2188,DL,14869,12478,2,468.94
1956,2024-07-17 05:37:44,2402,DL,10397,15016,3,588.66
1957,2025-01-27 00:31:50,4682,DL,11193,12892,1,211.77
1958,2024-04-18 16:14:00,4097,WN,13303,12478,1,459.64
1959,2024-09-26 03:28:19,3139,DL,14869,12478,3,1504.23
1960,2024-07-16 09:20:09,3068,AA,12892,10397,4,1748.29
1961,2024-06-03 03:30:28,2260,DL,11433,13303,2,1110.34
1962,2024-04-20 10:11:25,1808,DL,12266,10397,2,805.89
1963,2025-04-07 14:01:39,3694,DL,14057,14869,2,584.91
1964,2024-11-13 12:25:51,3904,AA,12892,10397,2,1114.9
1965,2025-04-15 16:06:23,1969,WN,13303,12478,2,1114.69
1966,2024-10-11 10:52:45,3253,DL,10397,15016,4,1238.74
1967,2024-06-23 03:56:24,1175,WN,13303,12478,1,175.16
1968,2025-02-01 01:17:42,1062,AA,12892,10397,4,1516.32
1969,2024-10-27 06:47:35,1246,DL,10397,15016,1,557.72
1970,2024-11-15 11:41:09,3910,DL,11433,13303,4,926.1
1971,2024-04-30 09:37:12,3937,DL,12266,10397,3,1453.91
1972,2024-11-20 22:13:33,2006,DL,11193,12892,2,341.79
1973,2025-03-16 11:16:46,3218,WN,13303,12478,2,1091.13
1974,2024-07-10 04:14:18,3142,UA,10397,12892,3,810.04
1975,2025-04-24 08:03:03,3908,UA,10397,12892,1,269.65
1976,2024-12-01 14:20:40,2522,DL,14057,14869,1,347.38
1977,2024-11-23 14:57:15,2990,DL,12266,10397,4,1989.58
1978,2024-07-23 18:09:54,3388,DL,11193,12892,3,1280.71
1979,2025-08-19 05:55:16,4927,DL,10397,15016,4,1687.24
1980,2024-10-07 00:40:43,2192,DL,11193,12892,1,432.88
1981,2024-09-30 17:37:20,1142,DL,10397,15016,3,627.08
1982,2024-04-15 07:06:00,1950,DL,15016,11433,4,1605.89
1983,2025-05-23 10:57:45,1479,UA,10397,12892,1,432.27
1984,2025-07-08 11:58:38,2439,DL,12266,10397,1,475.84
1985,2024-10-31 10:27:49,2584,DL,15016,11433,4,1303.52
1986,2025-06-11 03:10:30,1947,DL,15016,11433,3,464.69
1987,2024-05-27 14:53:39,3153,DL,14869,12478,3,533.47
1988,2025-03-11 13:32:52,2995,DL,12266,10397,3,811.89
1989,2025-04-24 07:23:25,3612,DL,12266,10397,1,511.12
1990,2024-11-26 23:07:36,1096,DL,10397,15016,3,1480.81
1991,2025-08-26 04:14:44,4866,UA,10397,12892,2,786.01
1992,2025-03-04 06:26:29,2249,DL,12266,10397,2,576.64
1993,2025-06-03 12:05:42,2993,WN,13303,12478,2,455.49
1994,2025-10-16 12:33:29,3844,DL,14869,12478,1,571.94
1995,2025-02-08 20:20:30,4796,DL,12266,10397,4,1788.4
1996,2025-02-11 19:53:03,3722,UA,10397,12892,4,2075.68
1997,2025-02-14 01:41:05,4025,UA,10397,12892,1,439.71
1998,2025-08-12 12:14:33,2879,WN,13303,12478,1,401.91
1999,2024-05-18 06:05:56,4451,DL,11433,13303,1,268.33
2000,2025-10-19 04:55:06,2878,DL,11193,12892,3,1156.3
2001,2024-04-15 22:22:41,3845,DL,12266,10397,3,1140.65
2002,2024-02-18 23:53:39,3544,DL,12266,10397,3,452.1
2003,2025-09-04 21:27:11,4330,AA,12892,10397,3,1596.23
2004,2024-03-07 15:32:41,3122,UA,10397,12892,3,1749.17
2005,2024-07-13 22:31:25,4950,DL,10397,15016,2,305.78
2006,2025-05-18 15:16:51,4795,DL,12266,10397,3,782.84
2007,2024-07-27 21:53:22,4577,DL,15016,11433,4,638.24
2008,2025-02-03 06:37:30,4059,DL,10397,15016,1,507.75
2009,2025-05-27 07:45:53,1330,WN,13303,12478,1,426.71
2010,2025-10-23 13:15:37,1317,UA,10397,12892,2,1191.95
2011,2025-09-22 19:21:43,1536,UA,10397,12892,2,1081.4
2012,2025-09-12 21:46:49,1126,AA,12892,10397,2,716.25
2013,2024-12-14 10:49:25,2028,DL,12266,10397,2,543.85
2014,2025-10-12 23:31:18,3204,UA,10397,12892,2,838.83
2015,2025-08-29 03:51:13,3564,DL,10397,15016,1,533.46
2016,2025-05-13 17:27:30,1680,UA,10397,12892,1,440.68
2017,2024-12-01 14:07:57,4806,DL,10397,15016,4,791.01
2018,2025-09-14 23:34:30,4227,DL,10397,15016,4,1899.57
2019,2024-06-22 06:11:52,3830,DL,14057,14869,2,447.55
2020,2025-04-20 19:02:56,1879,DL,11433,13303,2,1078.7
2021,2025-07-09 00:43:39,3922,DL,11193,12892,4,1302.89
2022,2025-01-12 07:21:27,1276,DL,12266,10397,3,710.55
2023,2024-04-25 00:54:52,3789,DL,14869,12478,3,1672.42
2024,2025-06-18 19:32:16,4126,DL,14057,14869,3,988.25
2025,2025-02-07 12:11:52,1846,DL,15016,11433,2,880.45
2026,2024-06-05 08:17:23,4605,DL,11193,12892,3,912.39
2027,2024-05-19 19:28:05,2040,AA,12892,10397,2,532.76
2028,2024-11-17 07:14:50,2592,AA,12892,10397,3,1029.29
2029,2024-02-25 01:10:08,2175,UA,10397,12892,1,585.17
2030,2024-10-04 09:44:10,4112,WN,13303,12478,1,428.89
2031,2024-07-14 17:12:20,1128,DL,14869,12478,2,546.61
2032,2025-02-07 12:57:48,2674,DL,11193,12892,1,203.65
2033,2025-09-01 00:22:13,3380,DL,11193,12892,2,1196.09
2034,2024-12-18 05:24:47,3508,DL,14869,12478,2,1172.79
2035,2024-10-18 23:14:30,4189,WN,13303,12478,4,1310.32
2036,2024-08-21 09:31:45,3576,DL,14057,14869,3,530.13
2037,2024-06-16 00:48:09,4118,DL,15016,11433,2,1088.09
2038,2024-05-16 10:57:28,4074,UA,10397,12892,3,970.45
2039,2024-12-22 11:45:33,1239,DL,14869,12478,2,751.11
2040,2025-03-02 19:26:17,4530,DL,10397,15016,2,596.16
2041,2025-02-13 22:29:04,4640,UA,10397,12892,1,370.08
2042,2025-04-07 19:37:11,3520,AA,12892,10397,3,772.14
2043,2025-02-16 20:01:52,3373,DL,11433,13303,3,1567.58
2044,2024-05-31 11:01:12,1383,DL,12266,10397,3,1509.46
2045,2024-10-16 09:17:49,2287,DL,11193,12892,2,574.61
2046,2025-10-12 18:17:13,4928,DL,15016,11433,3,1160.7
2047,2025-05-03 04:54:38,4634,DL,12266,10397,1,596.62
2048,2025-04-10 01:05:32,2479,AA,12892,10397,3,1449.9
2049,2025-06-14 23:25:59,1737,DL,14869,12478,4,2274.93
2050,2025-02-21 05:03:22,4784,WN,13303,12478,3,685.1
2051,2024-12-03 22:58:44,2479,DL,14057,14869,1,494.96
2052,2025-06-21 18:43:58,1244,AA,12892,10397,2,867.97
2053,2024-12-06 07:42:07,4814,WN,13303,12478,4,1559.45
2054,2024-12-06 03:45:41,2486,DL,12266,10397,4,1424.38
2055,2024-09-16 20:12:22,1781,DL,11193,12892,3,1715.45
2056,2025-01-26 05:10:12,2001,DL,10397,15016,4,1493.94
2057,2025-08-02 10:24:50,2534,DL,14057,14869,4,715.68
2058,2024-07-03 21:01:15,2445,UA,10397,12892,2,917.17
2059,2024-04-14 22:28:15,3158,DL,12266,10397,1,482.61
2060,2024-10-18 02:06:46,2975,DL,15016,11433,4,614.51
2061,2025-08-18 14:00:56,1814,DL,15016,11433,4,1556.88
2062,2024-07-25 06:33:58,1380,WN,13303,12478,1,359.89
2063,2024-03-23 20:16:43,1220,UA,10397,12892,1,392.4
2064,2024-07-07 22:00:13,2356,WN,13303,12478,2,783.71
2065,2025-05-06 04:08:50,1111,DL,10397,15016,3,1382.5
2066,2024-09-25 01:47:17,1142,DL,14869,12478,1,243.44
2067,2024-03-30 10:47:22,3208,DL,11193,12892,3,791.37
2068,2025-05-30 18:50:26,2878,UA,10397,12892,2,936.27
2069,2025-10-24 18:02:15,4133,AA,12892,10397,4,2295.64
2070,2024-10-27 05:12:59,2292,WN,13303,12478,1,164.1
2071,2024-04-19 23:23:22,2358,DL,11433,13303,2,471.56
2072,2024-06-27 23:57:43,4502,AA,12892,10397,4,1103.63
2073,2024-04-05 03:43:08,2162,UA,10397,12892,2,343.87
2074,2025-03-18 12:35:53,3417,DL,11433,13303,1,185.95
2075,2024-07-18 11:04:09,1350,DL,12266,10397,3,1683.66
2076,2024-02-25 14:20:39,1200,WN,13303,12478,3,593.37
2077,2025-07-20 16:06:12,2466,DL,10397,15016,2,789.0
2078,2024-06-18 06:23:07,1023,DL,14057,14869,2,302.35
2079,2024-03-27 07:23:59,4162,DL,14869,12478,4,1198.86
2080,2025-06-28 08:35:58,3132,WN,13303,12478,2,1160.7
2081,2025-08-08 07:33:38,2290,DL,14057,14869,1,175.77
2082,2025-10-15 03:24:05,1868,DL,10397,15016,1,370.92
2083,2025-08-05 05:55:56,2609,UA,10397,12892,3,866.02
2084,2025-03-16 00:07:25,3262,DL,14057,14869,2,507.49
2085,2024-05-21 22:22:21,2026,DL,14869,12478,2,708.96
2086,2025-05-20 21:36:39,1220,DL,14057,14869,1,269.18
2087,2024-10-27 23:22:26,1137,DL,11433,13303,4,1516.44
2088,2024-06-10 03:56:18,4076,DL,12266,10397,2,1108.75
2089,2024-05-04 18:13:32,3922,UA,10397,12892,1,547.8
2090,2024-03-29 07:56:09,1342,DL,11193,12892,2,456.63
2091,2025-09-15 20:15:58,4564,DL,12266,10397,2,990.65
2092,2024-12-11 01:50:08,4775,DL,14869,12478,1,260.32
2093,2025-07-11 05:45:18,2807,DL,11193,12892,1,317.78
2094,2024-03-10 13:23:51,1947,DL,14057,14869,1,331.63
2095,2024-08-03 15:46:06,4048,UA,10397,12892,3,1564.66
2096,2025-07-09 23:14:17,2763,UA,10397,12892,2,738.48
2097,2024-08-08 02:35:30,3589,AA,12892,10397,2,1139.66
2098,2024-08-25 03:42:08,3068,AA,12892,10397,4,2131.23
2099,2025-03-04 23:11:33,4063,WN,13303,12478,2,914.75
2100,2025-01-19 20:55:38,3871,DL,15016,11433,2,775.4
2101,2025-07-07 11:25:58,1114,WN,13303,12478,4,1513.21
2102,2024-08-31 09:07:40,4245,DL,15016,11433,2,879.25
2103,2025-02-13 15:57:06,4125,DL,12266,10397,3,1538.12
2104,2025-08-27 05:47:13,3300,DL,11193,12892,3,514.6
2105,2025-09-06 08:55:19,3172,WN,13303,12478,4,2203.98
2106,2025-08-31 01:08:35,1089,UA,10397,12892,3,771.61
2107,2024-02-25 08:36:07,1976,DL,11433,13303,2,777.0
2108,2024-10-31 11:55:05,4728,AA,12892,10397,1,478.79
2109,2024-03-31 14:44:47,1322,DL,14869,12478,4,614.17
2110,2025-06-11 09:12:00,2901,DL,14057,14869,4,1908.94
2111,2025-05-09 13:17:51,1504,DL,10397,15016,3,864.21
2112,2024-08-31 19:31:33,4285,DL,12266,10397,3,868.83
2113,2025-06-29 09:17:34,4834,DL,10397,15016,3,884.0
2114,2024-10-16 13:36:20,1722,DL,11193,12892,3,1003.07
2115,2025-10-29 16:40:07,2305,DL,11433,13303,1,312.43
2116,2025-08-26 15:15:33,1902,DL,11193,12892,1,361.46
2117,2025-05-28 11:44:43,3876,DL,12266,10397,3,1083.22
2118,2025-03-10 02:06:03,4063,DL,14869,12478,3,1217.45
2119,2025-03-04 05:02:23,1466,DL,15016,11433,1,170.15
2120,2024-10-20 00:21:16,2061,DL,12266,10397,2,889.97
2121,2024-03-22 21:05:21,3942,DL,14057,14869,4,1407.13
2122,2025-10-26 07:34:56,3835,WN,13303,12478,4,1617.49
2123,2025-09-06 08:10:06,4248,WN,13303,12478,4,1650.95
2124,2025-02-19 19:14:48,2191,DL,12266,10397,4,2261.8
2125,2025-06-08 14:35:19,1948,WN,13303,12478,4,2243.23
2126,2024-05-18 07:36:05,2675,AA,12892,10397,1,372.75
2127,2025-02-09 01:49:22,4149,WN,13303,12478,4,1954.67
2128,2024-11-21 16:24:12,2083,AA,12892,10397,2,965.94
2129,2024-02-16 19:46:42,1582,UA,10397,12892,1,446.83
2130,2024-04-08 06:45:12,2967,DL,11433,13303,4,1570.94
2131,2024-01-25 06:11:54,2533,DL,14057,14869,1,329.58
2132,2024-08-24 03:08:12,3602,UA,10397,12892,2,840.62
2133,2024-04-06 17:01:03,3726,DL,11433,13303,3,1546.56
2134,2024-08-21 06:24:47,2431,DL,11193,12892,2,312.3
2135,2025-07-17 08:26:26,3400,UA,10397,12892,2,1146.59
2136,2025-04-15 13:13:13,1892,DL,15016,11433,2,882.55
2137,2025-04-30 16:43:53,1749,AA,12892,10397,3,1351.37
2138,2025-06-22 10:39:01,1915,UA,10397,12892,2,797.31
2139,2025-02-14 06:46:09,1379,DL,15016,11433,3,453.69
2140,2024-11-24 15:54:04,1587,DL,12266,10397,4,884.98
2141,2024-01-12 02:25:20,3014,DL,14057,14869,4,1574.54
2142,2025-04-11 11:36:23,1187,DL,14869,12478,3,1793.34
2143,2025-07-21 20:34:16,2026,DL,11433,13303,3,547.34
2144,2024-12-30 06:33:20,2466,DL,14869,12478,4,1391.87
2145,2024-09-14 12:11:58,1493,WN,13303,12478,1,270.83
2146,2025-09-17 02:35:34,3217,UA,10397,12892,4,1372.1
2147,2025-04-05 18:58:22,1228,WN,13303,12478,4,2291.67
2148,2024-08-02 08:43:28,3204,DL,14869,12478,4,973.45
2149,2024-02-29 19:23:58,3002,DL,14869,12478,3,1695.8
2150,2024-11-14 18:23:15,4206,DL,10397,15016,3,945.79
2151,2025-03-18 18:42:14,1594,DL,14057,14869,4,905.03
2152,2025-06-08 11:39:56,1945,DL,11433,13303,1,551.85
2153,2024-09-08 06:11:32,2623,DL,14057,14869,2,708.69
2154,2025-02-03 04:39:05,3516,AA,12892,10397,3,1384.45
2155,2024-07-10 10:18:01,4518,UA,10397,12892,2,471.43
2156,2025-07-08 14:51:09,4576,DL,12266,10397,4,1541.85
2157,2024-01-13 15:04:08,3415,DL,10397,15016,4,1110.57
2158,2024-03-02 18:42:02,3308,DL,11433,13303,3,1045.72
2159,2025-10-28 07:39:16,2600,DL,14057,14869,1,291.57
2160,2025-10-26 14:06:12,1688,DL,11193,12892,3,1643.83
2161,2025-05-24 22:51:21,3656,DL,14057,14869,1,301.4
2162,2024-10-22 01:11:33,3610,DL,10397,15016,2,1113.55
2163,2024-12-20 22:41:47,1600,WN,13303,12478,1,368.45
2164,2024-02-07 03:00:05,3327,DL,14057,14869,2,478.6
2165,2025-06-24 07:02:20,2125,DL,10397,15016,1,260.84
2166,2024-10-06 23:33:07,1301,DL,11433,13303,3,932.68
2167,2024-03-05 09:35:04,3493,DL,15016,11433,3,1604.71
2168,2024-09-14 10:39:13,3619,WN,13303,12478,1,167.24
2169,2025-10-27 20:11:54,2124,DL,10397,15016,4,1547.74
2170,2024-11-07 22:13:43,2047,DL,11193,12892,3,1359.33
2171,2024-11-11 20:01:08,3741,AA,12892,10397,3,1213.74
2172,2025-09-17 20:32:52,1599,DL,14057,14869,3,458.72
2173,2024-06-02 16:05:43,2956,UA,10397,12892,4,2025.19
2174,2025-07-24 05:25:31,1507,DL,12266,10397,4,832.08
2175,2025-02-18 19:23:38,2153,DL,14057,14869,1,435.5
2176,2024-10-22 21:16:00,1081,DL,11193,12892,4,1399.68
2177,2025-05-26 15:19:48,3119,DL,12266,10397,1,186.44
2178,2024-05-14 03:32:39,1956,WN,13303,12478,3,818.58
2179,2024-12-16 18:31:50,1413,UA,10397,12892,3,1510.44
2180,2024-08-17 15:37:03,4875,UA,10397,12892,4,1478.22
2181,2024-04-13 09:43:47,4221,DL,15016,11433,1,438.83
2182,2024-12-11 03:42:12,4886,UA,10397,12892,3,881.34
2183,2025-06-25 22:10:16,3502,DL,11193,12892,4,1631.23
2184,2024-02-04 21:08:29,2287,DL,12266,10397,4,1829.51
2185,2024-08-14 00:09:40,1458,DL,14869,12478,1,373.57
2186,2025-08-30 13:01:28,1922,DL,15016,11433,4,1712.95
2187,2024-09-24 15:34:47,4621,DL,10397,15016,1,596.23
2188,2025-06-13 12:23:14,2970,DL,11193,12892,4,1123.9
2189,2025-01-09 10:59:02,1222,DL,14869,12478,3,706.79
2190,2025-10-03 19:43:25,4321,DL,15016,11433,4,1725.47
2191,2025-01-24 15:24:54,2574,DL,14057,14869,3,1507.86
2192,2025-09-19 01:41:23,2693,AA,12892,10397,1,512.71
2193,2024-12-02 03:55:14,3363,AA,12892,10397,3,1438.15
2194,2024-10-27 14:31:36,3658,DL,14057,14869,1,430.65
2195,2024-09-08 05:12:48,4888,DL,12266,10397,1,234.99
2196,2024-12-29 12:32:29,1200,DL,11193,12892,1,186.14
2197,2025-09-21 19:02:07,1112,AA,12892,10397,1,323.56
2198,2024-04-21 19:08:25,2582,UA,10397,12892,4,2161.43
2199,2025-09-18 21:05:00,3860,DL,15016,11433,4,1980.72
2200,2024-04-18 04:50:02,4013,DL,11193,12892,3,1283.64
2201,2024-07-01 18:09:06,1694,AA,12892,10397,3,1009.59
2202,2025-01-09 04:58:45,4279,DL,11193,12892,3,1254.07
2203,2024-02-18 11:24:16,4137,DL,11433,13303,1,576.68
2204,2024-07-08 06:37:11,4472,DL,15016,11433,4,1858.49
2205,2024-09-21 23:21:00,3581,DL,14869,12478,4,1683.11
2206,2025-09-14 00:23:16,1956,DL,12266,10397,1,564.3
2207,2024-10-25 08:12:52,4431,WN,13303,12478,4,1142.98
2208,2025-10-26 06:51:56,1590,DL,14869,12478,3,1081.89
2209,2024-04-01 11:56:01,4515,WN,13303,12478,4,1407.07
2210,2025-06-22 03:07:45,3703,AA,12892,10397,4,723.61
2211,2025-10-10 05:11:30,3905,DL,10397,15016,1,222.37
2212,2024-12-23 14:29:29,1404,DL,11193,12892,4,1964.61
2213,2024-07-05 07:42:55,4768,AA,12892,10397,1,369.29
2214,2024-06-25 23:31:17,4967,DL,11433,13303,3,1748.93
2215,2025-09-26 03:58:25,3754,DL,14057,14869,1,489.28
2216,2024-07-10 11:52:38,4774,DL,15016,11433,2,1117.69
2217,2025-07-15 19:59:56,1487,DL,11193,12892,3,1575.35
2218,2024-01-25 10:45:45,1132,DL,11433,13303,3,751.03
2219,2024-11-03 02:08:12,1234,DL,11433,13303,1,277.68
2220,2024-04-30 23:10:32,2918,WN,13303,12478,2,1155.41
2221,2025-08-31 06:38:02,2101,DL,12266,10397,4,914.44
2222,2025-01-25 08:11:32,1257,DL,11193,12892,2,1164.03
2223,2025-04-06 20:23:05,4670,DL,14057,14869,2,700.54
2224,2024-05-22 16:25:41,1138,DL,11193,12892,2,670.2
2225,2024-09-21 13:10:51,4090,DL,10397,15016,4,1691.01
2226,2025-09-15 00:48:16,2129,DL,14869,12478,1,255.7
2227,2025-04-09 05:27:49,2527,DL,11433,13303,1,460.82
2228,2024-12-09 09:00:01,1461,DL,14869,12478,3,1624.67
2229,2024-11-25 23:02:18,3875,AA,12892,10397,1,206.99
2230,2025-01-01 17:49:22,1982,DL,14057,14869,4,1369.62
2231,2025-07-07 03:58:49,2544,UA,10397,12892,3,1426.46
2232,2025-02-16 19:46:05,3121,WN,13303,12478,1,233.52
2233,2025-05-22 21:13:13,4026,DL,15016,11433,4,717.12
2234,2024-04-07 02:50:50,3787,DL,11433,13303,2,769.69
2235,2025-07-13 13:10:09,2306,DL,10397,15016,2,568.08
2236,2024-04-11 14:58:54,3582,DL,11433,13303,4,1912.16
2237,2024-06-03 02:09:00,2890,UA,10397,12892,4,1883.42
2238,2024-04-22 01:02:15,2349,UA,10397,12892,2,556.71
2239,2025-01-07 01:31:30,2089,DL,14057,14869,1,216.2
2240,2025-01-22 16:14:36,3346,WN,13303,12478,1,482.76
2241,2024-07-12 05:01:39,3169,DL,14869,12478,3,1389.32
2242,2025-09-27 21:19:40,3385,DL,14869,12478,4,1313.14
2243,2025-01-24 20:28:37,4692,UA,10397,12892,4,2195.72
2244,2024-03-16 15:53:41,3841,DL,12266,10397,4,1299.62
2245,2024-02-04 07:47:38,1565,WN,13303,12478,1,175.25
2246,2024-03-29 13:27:31,4636,AA,12892,10397,2,911.07
2247,2025-08-10 05:33:52,3621,WN,13303,12478,3,450.84
2248,2025-02-16 19:17:39,1943,DL,14057,14869,2,1177.87
2249,2024-01-11 19:15:48,4540,WN,13303,12478,2,979.89
2250,2024-01-11 07:56:34,2507,UA,10397,12892,3,1219.81
2251,2024-09-12 21:32:10,3735,DL,11433,13303,1,561.08
2252,2025-03-05 12:01:10,1226,WN,13303,12478,4,1171.59
2253,2025-05-30 18:00:55,2079,DL,11193,12892,3,691.62
2254,2024-09-19 03:43:14,4119,WN,13303,12478,3,1203.89
2255,2025-05-26 10:19:59,4995,DL,11193,12892,3,847.96
2256,2024-12-25 04:28:33,1095,DL,12266,10397,4,984.7
2257,2025-01-16 09:03:30,4566,DL,12266,10397,1,313.44
2258,2024-12-17 11:40:46,2588,DL,12266,10397,2,433.29
2259,2025-10-20 03:17:44,2854,DL,15016,11433,2,1187.55
2260,2025-06-16 11:38:20,4083,DL,10397,15016,1,584.39
2261,2024-12-09 12:23:11,3578,DL,11193,12892,1,258.21
2262,2024-11-13 18:49:50,2865,WN,13303,12478,4,1608.55
2263,2024-06-08 14:15:05,4716,DL,14057,14869,4,2040.04
2264,2025-10-01 17:08:54,1180,DL,11193,12892,4,1150.0
2265,2024-12-25 09:36:09,1326,DL,14869,12478,1,339.49
2266,2025-05-02 06:32:16,3854,DL,15016,11433,2,739.87
2267,2025-09-29 19:46:42,3151,DL,14869,12478,3,534.53
2268,2024-01-21 09:00:38,4337,DL,11193,12892,3,1355.31
2269,2024-01-23 04:26:03,2527,DL,15016,11433,1,388.14
2270,2025-10-16 19:01:21,1825,AA,12892,10397,1,437.09
2271,2024-03-28 10:11:00,4931,DL,14057,14869,3,764.31
2272,2024-11-14 04:55:45,3478,AA,12892,10397,4,1375.5
2273,2024-01-25 15:35:26,3258,DL,12266,10397,1,188.84
2274,2024-07-04 01:26:59,1574,DL,14869,12478,3,855.51
2275,2025-06-21 20:32:03,2532,DL,14057,14869,1,391.01
2276,2024-11-25 11:33:19,3299,DL,14869,12478,4,2287.61
2277,2024-12-10 20:18:43,2945,UA,10397,12892,2,1059.81
2278,2025-01-22 05:28:14,4353,DL,14057,14869,3,813.02
2279,2024-10-22 01:12:59,4058,DL,11193,12892,2,1186.58
2280,2025-02-02 20:18:30,2423,DL,11193,12892,1,357.82
2281,2024-05-13 06:53:51,3971,DL,14057,14869,2,1170.89
2282,2024-09-05 20:39:52,1694,DL,14869,12478,3,1304.56
2283,2024-06-26 20:44:19,3332,DL,14057,14869,3,1186.82
2284,2025-08-10 08:30:58,2298,DL,10397,15016,3,1146.5
2285,2024-06-15 02:59:48,2967,UA,10397,12892,2,823.51
2286,2025-09-16 03:42:06,3536,AA,12892,10397,3,827.54
2287,2024-10-30 06:14:56,3750,DL,11433,13303,4,760.73
2288,2024-02-23 23:04:11,2869,DL,14057,14869,1,153.4
2289,2025-06-25 23:49:27,3446,DL,15016,11433,3,985.02
2290,2025-09-27 13:20:56,4614,DL,10397,15016,3,651.39
2291,2024-12-30 07:04:21,1068,DL,11433,13303,2,887.96
2292,2025-02-17 08:04:19,1387,DL,11433,13303,1,497.93
2293,2025-06-06 08:20:03,4963,DL,15016,11433,4,677.57
2294,2024-10-23 05:19:58,4351,DL,12266,10397,1,159.85
2295,2024-03-25 20:04:51,3927,AA,12892,10397,3,1087.24
2296,2024-08-30 18:04:07,1201,DL,11193,12892,2,349.36
2297,2025-09-30 02:25:01,4469,WN,13303,12478,4,1687.91
2298,2024-04-10 18:44:29,2519,WN,13303,12478,2,672.24
2299,2024-04-01 18:56:53,1429,UA,10397,12892,1,542.14
2300,2025-04-14 09:22:50,2121,UA,10397,12892,1,523.22
2301,2025-08-22 20:56:40,4276,WN,13303,12478,1,580.9
2302,2024-03-11 19:18:40,4662,AA,12892,10397,3,1662.62
2303,2024-06-20 02:29:41,4558,DL,15016,11433,4,1187.64
2304,2024-03-30 15:32:05,4119,AA,12892,10397,2,922.34
2305,2025-05-01 00:49:25,4543,DL,11193,12892,4,2067.83
2306,2024-01-14 03:09:40,2947,UA,10397,12892,1,392.5
2307,2024-06-20 14:59:46,2623,DL,10397,15016,3,742.19
2308,2025-03-07 16:19:18,2261,WN,13303,12478,2,501.46
2309,2024-07-06 23:37:43,1627,UA,10397,12892,2,1097.01
2310,2025-03-18 23:02:33,3648,WN,13303,12478,4,1751.08
2311,2025-06-02 23:24:50,1967,DL,10397,15016,4,1997.1
2312,2024-05-25 14:29:14,4890,DL,14869,12478,1,154.52
2313,2025-03-31 05:29:03,2103,DL,11433,13303,3,1698.3
2314,2025-01-23 22:09:20,1668,DL,12266,10397,4,805.51
2315,2024-12-07 08:21:11,4983,DL,10397,15016,2,1083.23
2316,2025-06-23 10:49:37,4321,AA,12892,10397,4,2156.43
2317,2025-05-03 05:30:15,2416,AA,12892,10397,2,494.76
2318,2024-09-21 04:31:24,1457,DL,11193,12892,2,1116.45
2319,2024-09-20 21:27:15,2227,DL,11193,12892,2,877.49
2320,2025-10-10 13:49:38,3078,DL,14057,14869,3,1027.93
2321,2024-07-03 22:04:37,3784,WN,13303,12478,1,383.47
2322,2024-07-28 23:09:00,3868,DL,12266,10397,2,588.06
2323,2025-09-02 15:58:50,3651,DL,11433,13303,2,906.11
2324,2025-08-31 12:21:39,1015,DL,11193,12892,1,215.81
2325,2024-09-23 07:25:03,2743,AA,12892,10397,4,1032.94
2326,2025-03-05 10:37:40,3586,WN,13303,12478,4,1621.56
2327,2024-02-09 01:37:25,4388,UA,10397,12892,3,1118.95
2328,2024-04-20 10:21:32,2164,DL,14869,12478,1,405.4
2329,2025-08-21 04:34:04,4795,DL,10397,15016,3,471.98
2330,2025-03-09 18:14:25,1926,DL,14057,14869,1,464.4
2331,2024-10-12 03:19:17,2842,DL,12266,10397,4,1154.61
2332,2025-07-23 04:51:12,1932,WN,13303,12478,4,2152.18
2333,2024-09-29 06:29:50,4595,UA,10397,12892,2,365.77
2334,2024-04-13 04:12:41,2939,UA,10397,12892,3,516.13
2335,2025-04-22 15:53:56,3526,DL,11193,12892,3,851.83
2336,2024-12-06 23:55:44,1092,DL,11433,13303,4,1487.09
2337,2025-07-24 06:58:24,1564,UA,10397,12892,1,307.52
2338,2024-01-06 10:30:18,2981,DL,11433,13303,4,1191.52
2339,2024-06-22 22:05:05,3425,UA,10397,12892,2,857.18
2340,2025-10-07 07:33:28,4267,DL,14869,12478,4,2309.3
2341,2024-09-08 14:53:37,3768,DL,10397,15016,2,844.78
2342,2024-12-16 13:54:48,3532,UA,10397,12892,3,1331.07
2343,2024-04-06 07:39:15,1841,DL,14057,14869,1,417.99
2344,2024-07-14 10:25:37,4331,DL,14057,14869,4,1520.63
2345,2024-03-11 13:43:18,1704,DL,14869,12478,4,993.44
2346,2025-08-27 05:13:17,1988,DL,11193,12892,2,645.28
2347,2024-08-21 14:04:28,3399,DL,12266,10397,1,395.65
2348,2025-03-22 13:29:29,3695,AA,12892,10397,4,2336.45
2349,2024-06-23 03:26:30,1406,DL,10397,15016,2,379.42
2350,2024-02-27 01:43:18,2637,DL,10397,15016,1,302.97
2351,2024-11-20 10:47:25,4076,UA,10397,12892,3,777.77
2352,2024-10-27 20:23:57,1752,DL,10397,15016,3,950.43
2353,2024-01-19 13:39:44,4815,DL,12266,10397,4,1554.23
2354,2024-07-13 07:31:33,4254,UA,10397,12892,1,560.29
2355,2024-02-16 20:08:10,2020,DL,11193,12892,3,927.64
2356,2025-10-23 03:59:40,2475,DL,14057,14869,2,396.55
2357,2025-04-04 15:04:31,4367,DL,15016,11433,1,483.11
2358,2024-01-05 05:42:08,1719,AA,12892,10397,2,327.29
2359,2025-07-31 03:57:18,2445,UA,10397,12892,4,804.72
2360,2025-10-12 01:02:25,1048,DL,15016,11433,4,937.5
2361,2024-03-04 22:59:59,1855,DL,14869,12478,1,202.09
2362,2025-04-03 12:14:27,3038,DL,11433,13303,4,890.4
2363,2024-03-27 21:15:50,3308,WN,13303,12478,1,418.6
2364,2024-05-21 06:13:15,4013,WN,13303,12478,3,1297.51
2365,2024-06-16 10:13:29,2703,UA,10397,12892,2,903.51
2366,2025-03-16 22:05:30,2806,DL,11193,12892,4,740.87
2367,2025-07-21 15:01:53,1875,DL,12266,10397,2,885.72
2368,2025-06-13 22:15:50,3913,DL,15016,11433,4,1794.5
2369,2025-05-27 22:23:57,2731,WN,13303,12478,2,320.48
2370,2024-05-07 01:06:14,2881,DL,14869,12478,2,1122.92
2371,2024-05-28 00:58:14,1424,DL,15016,11433,3,1776.6
2372,2025-05-02 03:55:44,1353,DL,15016,11433,2,494.22
2373,2024-04-06 04:02:19,1623,UA,10397,12892,2,693.6
2374,2024-02-18 04:30:04,3844,DL,14057,14869,2,690.98
2375,2025-07-18 12:43:45,3466,DL,11193,12892,2,544.21
2376,2025-02-14 11:01:50,2029,DL,15016,11433,1,406.04
2377,2024-10-11 17:09:58,2770,AA,12892,10397,4,2181.41
2378,2025-09-16 00:10:15,2672,DL,14057,14869,4,709.18
2379,2024-02-25 13:55:27,4155,WN,13303,12478,2,560.06
2380,2024-08-04 07:39:39,3671,DL,11193,12892,2,572.03
2381,2024-08-15 11:11:35,4897,DL,10397,15016,2,521.46
2382,2025-06-01 20:41:05,4468,UA,10397,12892,3,1550.21
2383,2025-08-06 13:32:45,1917,AA,12892,10397,2,551.74
2384,2025-08-03 17:49:46,4751,AA,12892,10397,4,1659.51
2385,2025-02-25 09:29:00,4104,DL,14057,14869,2,352.32
2386,2024-01-17 04:41:12,1722,DL,15016,11433,2,777.61
2387,2024-05-19 10:08:48,3561,DL,14057,14869,3,792.06
2388,2025-04-03 03:00:52,1664,DL,11433,13303,4,1852.33
2389,2025-01-05 13:42:59,4792,DL,10397,15016,3,1667.16
2390,2024-02-11 03:51:57,1172,DL,10397,15016,4,687.78
2391,2024-01-02 20:01:59,4890,DL,12266,10397,4,1985.39
2392,2024-07-03 10:03:59,3246,DL,14057,14869,3,838.56
2393,2025-01-01 13:14:04,3766,DL,14869,12478,1,508.61
2394,2025-06-02 09:15:21,2814,DL,10397,15016,1,425.06
2395,2025-05-24 17:01:33,1066,WN,13303,12478,1,572.46
2396,2024-02-17 10:43:39,2729,UA,10397,12892,2,596.26
2397,2025-09-27 03:49:51,1226,DL,14057,14869,2,307.59
2398,2025-07-17 21:45:07,2435,DL,12266,10397,2,501.8
2399,2025-01-03 00:27:00,3939,DL,10397,15016,2,822.95
2400,2024-07-01 19:52:27,2819,DL,10397,15016,1,417.95
2401,2024-09-26 00:37:44,1369,DL,11193,12892,1,489.93
2402,2024-01-18 12:27:34,3821,DL,14057,14869,1,450.62
2403,2025-05-04 11:41:46,2979,DL,10397,15016,1,435.72
2404,2025-07-31 20:44:12,4796,WN,13303,12478,1,513.26
2405,2025-07-30 18:52:58,3345,AA,12892,10397,1,529.81
2406,2024-12-31 11:55:13,4267,DL,14869,12478,3,1227.6
2407,2024-04-05 10:07:49,4127,DL,10397,15016,3,1545.57
2408,2024-09-28 04:15:28,1579,WN,13303,12478,1,215.09
2409,2025-03-01 02:31:14,3533,DL,15016,11433,3,1661.85
2410,2025-05-08 17:26:32,4396,DL,12266,10397,3,567.41
2411,2024-04-09 23:36:00,1414,DL,11433,13303,4,2099.91
2412,2024-07-30 21:13:56,1129,DL,12266,10397,3,1222.68
2413,2024-10-06 07:13:36,1761,WN,13303,12478,2,574.13
2414,2024-08-05 16:06:11,4735,AA,12892,10397,1,247.9
2415,2024-07-21 05:54:02,4477,DL,11433,13303,4,773.74
2416,2024-02-27 14:45:51,1637,UA,10397,12892,4,1061.29
2417,2025-05-29 11:48:00,2908,DL,11193,12892,1,599.11
2418,2025-05-07 09:36:07,3340,DL,14057,14869,3,1342.62
2419,2024-12-12 19:27:51,3199,DL,14057,14869,4,1802.28
2420,2025-06-25 04:47:36,2424,UA,10397,12892,1,415.36
2421,2024-08-26 11:33:35,3081,DL,12266,10397,4,2342.7
2422,2025-08-29 07:08:50,1201,DL,12266,10397,3,1531.42
2423,2024-01-28 09:39:57,2891,AA,12892,10397,2,1193.7
2424,2024-08-31 12:17:53,4643,UA,10397,12892,1,388.83
2425,2025-01-26 18:27:33,1613,WN,13303,12478,3,553.04
2426,2024-05-13 04:42:30,1656,DL,12266,10397,2,1013.54
2427,2025-08-01 00:38:09,3230,DL,12266,10397,3,1556.94
2428,2024-02-10 10:20:18,3156,DL,10397,15016,3,1309.32
2429,2025-02-26 17:58:12,4043,DL,10397,15016,3,661.52
2430,2025-04-23 16:36:48,4977,DL,10397,15016,1,156.3
2431,2025-06-30 17:28:25,3855,DL,11433,13303,3,1793.4
2432,2024-09-08 13:11:57,2881,DL,15016,11433,2,868.44
2433,2024-06-01 09:42:29,2810,DL,15016,11433,2,802.42
2434,2024-02-23 04:10:27,2005,UA,10397,12892,1,405.38
2435,2024-10-22 15:01:41,1703,DL,14869,12478,4,2349.44
2436,2024-03-11 01:24:05,3637,DL,12266,10397,4,1353.35
2437,2025-10-10 20:58:53,3415,DL,12266,10397,4,1002.45
2438,2024-12-07 12:23:52,4002,DL,14869,12478,2,386.48
2439,2024-06-17 22:28:29,3814,WN,13303,12478,3,1677.22
2440,2025-06-04 07:40:20,2667,DL,11433,13303,3,1249.36
2441,2025-01-29 16:41:59,4230,DL,11193,12892,4,1267.54
2442,2025-07-13 04:58:14,4663,AA,12892,10397,3,987.55
2443,2024-02-25 05:57:41,1421,DL,15016,11433,3,1656.44
2444,2024-12-13 12:58:15,3941,UA,10397,12892,4,2303.22
2445,2024-06-29 17:45:19,2981,DL,14057,14869,2,626.65
2446,2024-01-01 01:51:00,3179,DL,12266,10397,2,940.77
2447,2025-10-21 08:41:38,3191,DL,14057,14869,2,926.09
2448,2025-08-02 02:41:23,1085,DL,10397,15016,4,1297.67
2449,2024-03-03 10:38:53,4490,WN,13303,12478,2,762.99
2450,2025-02-09 10:07:08,3915,DL,11193,12892,2,693.91
2451,2024-02-17 18:53:30,3493,DL,11433,13303,1,255.34
2452,2024-02-02 14:23:57,1184,AA,12892,10397,4,1558.79
2453,2025-08-19 03:34:51,2271,DL,11433,13303,3,1794.0
2454,2024-07-12 19:28:56,2548,DL,15016,11433,2,572.93
2455,2024-01-16 11:18:54,2178,DL,14869,12478,4,1283.37
2456,2025-03-30 10:00:45,3728,WN,13303,12478,4,1878.83
2457,2024-02-03 14:40:51,1497,DL,11433,13303,2,1112.09
2458,2024-01-27 19:42:05,3137,DL,14869,12478,1,423.86
2459,2024-01-20 20:39:21,2183,AA,12892,10397,3,1161.14
2460,2024-10-04 15:04:25,4737,DL,10397,15016,1,448.48
2461,2024-12-14 01:38:07,4660,AA,12892,10397,1,505.71
2462,2024-07-22 15:57:40,1784,DL,11433,13303,4,2094.39
2463,2025-08-23 21:30:27,4199,UA,10397,12892,4,1114.81
2464,2025-06-12 15:02:20,1190,DL,11433,13303,3,1619.39
2465,2024-04-10 15:37:51,1231,DL,14057,14869,1,357.39
2466,2025-01-10 03:59:15,3672,WN,13303,12478,4,1078.84
2467,2025-01-13 03:47:35,2729,DL,14057,14869,2,529.56
2468,2024-10-29 19:37:25,2496,DL,12266,10397,3,1708.68
2469,2025-01-08 02:38:44,3422,WN,13303,12478,4,1094.91
2470,2024-04-12 03:48:36,2012,AA,12892,10397,3,1177.53
2471,2025-01-31 23:09:51,3588,DL,14057,14869,3,739.13
2472,2025-02-06 06:42:59,1706,DL,12266,10397,3,1698.51
2473,2024-05-30 21:40:24,4768,DL,11433,13303,1,207.04
2474,2025-09-22 06:33:18,4322,WN,13303,12478,2,703.17
2475,2024-05-02 07:52:50,4758,WN,13303,12478,2,635.98
2476,2025-10-05 11:22:35,3214,AA,12892,10397,3,1449.52
2477,2025-10-03 08:43:38,4216,DL,11193,12892,2,462.33
2478,2024-01-28 11:19:44,4501,DL,15016,11433,1,334.93
2479,2025-01-19 17:30:37,1244,DL,12266,10397,4,2181.13
2480,2024-10-20 10:34:57,3932,DL,11193,12892,2,747.34
2481,2024-03-28 17:58:43,3043,DL,12266,10397,2,732.11
2482,2024-02-12 04:54:02,2700,DL,12266,10397,4,1586.08
2483,2024-08-17 07:52:10,1882,WN,13303,12478,4,938.02
2484,2024-10-17 23:53:57,3174,DL,10397,15016,1,379.06
2485,2024-07-19 11:31:37,1243,DL,11433,13303,2,1050.94
2486,2024-09-07 14:14:27,2833,DL,10397,15016,2,907.44
2487,2025-10-18 14:18:56,1970,UA,10397,12892,4,1319.44
2488,2024-03-30 16:16:39,4928,DL,10397,15016,4,2312.55
2489,2024-06-12 17:38:43,3974,DL,15016,11433,4,1612.85
2490,2025-10-20 12:55:04,3243,DL,11433,13303,4,2143.86
2491,2025-10-04 23:13:10,2471,AA,12892,10397,2,498.61
2492,2025-09-13 04:01:12,2025,DL,10397,15016,1,259.22
2493,2024-06-10 10:20:00,4394,WN,13303,12478,1,276.55
2494,2025-05-21 20:31:26,2239,DL,11433,13303,4,781.04
2495,2024-03-10 06:31:56,1181,WN,13303,12478,1,301.89
2496,2025-07-31 17:09:23,3842,DL,14057,14869,3,1578.43
2497,2025-04-09 01:15:13,4230,DL,14869,12478,1,302.33
2498,2025-09-08 22:01:13,3450,DL,11193,12892,1,593.71
2499,2024-07-30 11:51:40,1558,DL,14869,12478,4,736.6
2500,2024-06-03 03:55:30,3882,DL,15016,11433,1,312.68
2501,2025-06-13 10:44:07,1007,DL,10397,15016,4,2297.5
2502,2025-04-01 16:50:44,2030,AA,12892,10397,1,152.42
2503,2024-12-24 18:55:56,3039,DL,14057,14869,2,947.79
2504,2025-10-31 23:02:00,3764,DL,14869,12478,4,2067.63
2505,2025-06-29 15:58:13,1799,DL,12266,10397,4,1780.81
2506,2025-01-16 11:33:02,3821,DL,11193,12892,1,363.19
2507,2024-06-27 21:42:02,2868,DL,11193,12892,2,445.57
2508,2024-04-02 05:21:58,4069,DL,11193,12892,2,793.17
2509,2025-07-19 03:42:48,3503,DL,14869,12478,4,2201.18
2510,2024-12-31 07:22:15,2983,UA,10397,12892,2,450.95
2511,2025-10-22 07:56:16,2696,UA,10397,12892,1,382.72
2512,2024-04-10 11:20:26,2117,DL,11433,13303,4,1813.63
2513,2025-05-16 09:36:23,3814,DL,11433,13303,3,1509.87
2514,2025-09-06 02:30:43,4214,DL,14869,12478,2,978.95
2515,2025-02-28 09:57:55,3619,DL,12266,10397,4,1037.05
2516,2024-06-21 10:38:36,4491,DL,15016,11433,2,790.29
2517,2025-06-11 23:44:51,4487,DL,14869,12478,1,178.03
2518,2025-09-13 11:39:37,4403,DL,11433,13303,4,1795.46
2519,2024-07-23 15:50:10,2656,DL,15016,11433,3,478.18
2520,2024-11-29 12:20:10,1850,DL,11433,13303,3,514.0
2521,2025-01-06 17:21:02,2914,DL,12266,10397,3,818.67
2522,2025-02-14 17:32:56,1705,DL,10397,15016,2,690.01
2523,2024-07-30 14:40:11,4883,WN,13303,12478,4,1885.22
2524,2025-06-04 16:56:52,3791,UA,10397,12892,4,1636.47
2525,2024-08-29 09:43:19,3152,DL,11193,12892,4,912.77
2526,2025-10-19 18:06:22,2652,DL,14869,12478,1,555.67
2527,2025-02-25 03:32:07,3723,DL,11193,12892,3,1104.19
2528,2025-04-23 15:44:40,4055,DL,14869,12478,4,616.59
2529,2024-09-19 05:19:41,4449,UA,10397,12892,1,597.88
2530,2025-02-27 04:26:22,2228,DL,11193,12892,4,1882.78
2531,2024-10-14 06:58:58,2599,DL,15016,11433,4,616.91
2532,2025-05-28 11:41:02,3523,DL,14869,12478,4,2248.94
2533,2024-09-15 23:51:22,1529,UA,10397,12892,3,1339.07
2534,2024-03-01 03:46:12,3937,DL,15016,11433,1,535.47
2535,2025-10-26 17:09:44,1416,AA,12892,10397,2,377.34
2536,2024-09-23 06:21:46,3854,DL,14869,12478,3,722.72
2537,2025-09-09 23:44:28,1391,DL,10397,15016,2,646.35
2538,2024-05-08 20:12:44,1608,WN,13303,12478,1,509.34
2539,2024-08-09 12:59:43,1441,WN,13303,12478,3,495.78
2540,2024-12-19 00:33:32,1510,DL,14057,14869,2,1112.71
2541,2024-11-16 04:37:08,2211,WN,13303,12478,2,748.14
2542,2024-02-24 07:58:56,1248,DL,14869,12478,1,302.39
2543,2024-04-25 21:44:59,4355,DL,15016,11433,4,2223.44
2544,2024-08-11 15:24:04,2127,DL,11193,12892,3,557.71
2545,2024-11-03 01:09:58,1822,DL,14057,14869,2,918.51
2546,2025-07-21 14:05:24,1630,DL,14869,12478,2,419.86
2547,2024-10-11 00:58:23,1507,DL,14869,12478,4,2191.88
2548,2025-08-14 11:42:32,3857,AA,12892,10397,2,417.43
2549,2024-02-29 19:05:44,2880,DL,14057,14869,4,1017.63
2550,2025-01-30 20:14:57,4199,DL,11433,13303,2,301.02
2551,2024-09-21 22:54:28,1556,WN,13303,12478,2,494.56
2552,2025-08-17 01:15:48,3015,WN,13303,12478,4,1393.37
2553,2024-09-16 07:51:17,4391,UA,10397,12892,2,642.93
2554,2025-07-07 08:31:35,4497,DL,11193,12892,4,823.07
2555,2024-09-26 23:39:00,1189,DL,11193,12892,4,698.43
2556,2025-09-24 09:36:05,4144,UA,10397,12892,4,1926.55
2557,2025-01-01 13:36:17,2428,AA,12892,10397,1,292.51
2558,2025-08-17 23:04:11,4188,WN,13303,12478,3,886.7
2559,2025-10-29 05:34:41,3872,UA,10397,12892,3,540.77
2560,2024-01-08 03:44:29,3657,DL,11433,13303,3,505.7
2561,2024-05-28 06:22:49,1579,WN,13303,12478,4,2272.93
2562,2024-03-19 02:18:03,3987,DL,15016,11433,4,1112.31
2563,2025-08-31 00:38:45,4152,DL,14057,14869,3,1125.43
2564,2024-11-16 08:43:48,2732,DL,11193,12892,3,738.4
2565,2025-01-11 12:54:34,4170,DL,15016,11433,3,936.12
2566,2024-09-25 11:27:53,2683,AA,12892,10397,3,1122.61
2567,2025-02-18 06:45:07,4553,DL,10397,15016,4,1899.87
2568,2024-01-20 08:01:15,2899,DL,14869,12478,2,1155.42
2569,2025-07-06 18:52:02,3131,WN,13303,12478,2,1073.19
2570,2025-01-22 19:50:45,4114,DL,11193,12892,3,1615.15
2571,2025-08-25 21:03:54,1381,DL,10397,15016,4,1760.57
2572,2024-11-10 13:58:38,2291,AA,12892,10397,2,590.02
2573,2024-05-19 03:32:31,2871,UA,10397,12892,4,2155.71
2574,2024-07-17 20:32:41,3427,AA,12892,10397,1,375.21
2575,2025-05-09 22:58:49,3281,WN,13303,12478,1,537.22
2576,2025-05-31 21:36:08,3228,DL,11193,12892,4,1520.6
2577,2025-10-28 20:32:01,3599,DL,11433,13303,1,465.17
2578,2024-05-09 15:52:24,2145,DL,10397,15016,3,941.1
2579,2024-11-24 15:37:21,2703,DL,14057,14869,3,1626.67
2580,2025-04-14 01:00:28,4809,WN,13303,12478,1,271.79
2581,2024-04-14 23:40:00,1420,UA,10397,12892,1,567.05
2582,2024-11-14 13:28:40,2722,AA,12892,10397,3,1742.59
2583,2025-10-10 18:01:07,2571,DL,10397,15016,4,781.36
2584,2024-09-29 12:26:34,1817,DL,11193,12892,2,502.56
2585,2025-03-25 22:07:53,2970,DL,14057,14869,4,1901.4
2586,2024-04-04 10:51:58,3952,DL,15016,11433,3,920.92
2587,2024-01-14 14:32:06,3637,WN,13303,12478,1,585.58
2588,2025-09-14 08:04:23,3581,DL,12266,10397,1,598.76
2589,2024-05-24 01:26:47,4826,DL,15016,11433,4,1190.77
2590,2024-12-25 10:24:24,4630,DL,15016,11433,3,759.22
2591,2024-06-03 22:02:31,4162,DL,14869,12478,3,1501.56
2592,2025-10-26 09:10:12,3250,UA,10397,12892,2,818.41
2593,2025-10-02 23:07:20,3196,DL,15016,11433,3,1506.74
2594,2024-04-13 18:46:57,3195,WN,13303,12478,1,581.87
2595,2024-05-07 14:30:40,4557,DL,11433,13303,4,2224.28
2596,2024-11-22 19:43:56,2254,DL,11193,12892,3,1633.59
2597,2025-01-20 07:36:04,4195,DL,10397,15016,2,1016.41
2598,2025-06-06 21:54:15,2801,DL,12266,10397,1,245.1
2599,2025-03-30 01:13:14,4605,DL,11193,12892,4,992.22
2600,2024-11-15 05:52:27,2294,DL,14057,14869,1,359.97
2601,2024-07-07 15:06:12,4914,DL,11193,12892,1,297.87
2602,2024-05-04 04:42:22,4213,WN,13303,12478,2,339.95
2603,2024-10-14 19:01:24,2714,AA,12892,10397,1,293.55
2604,2024-07-23 00:16:46,3487,DL,14057,14869,4,1720.88
2605,2024-09-29 10:38:34,4916,AA,12892,10397,1,503.53
2606,2025-04-24 00:26:05,4346,DL,12266,10397,1,449.51
2607,2025-03-15 13:56:27,2256,DL,11193,12892,2,1004.62
2608,2025-09-14 18:53:18,1340,DL,11193,12892,4,844.55
2609,2025-09-22 18:12:45,2306,AA,12892,10397,4,938.53
2610,2025-04-13 17:00:04,3877,DL,11193,12892,1,542.01
2611,2025-04-30 21:42:29,4870,DL,11193,12892,1,372.93
2612,2024-02-22 10:22:28,3498,AA,12892,10397,3,1306.58
2613,2024-01-07 03:50:44,4154,WN,13303,12478,1,362.91
2614,2025-10-09 20:23:19,2658,UA,10397,12892,4,1468.81
2615,2025-09-01 07:24:06,2394,DL,10397,15016,2,595.24
2616,2024-04-04 17:30:24,2829,DL,11433,13303,1,365.65
2617,2025-07-17 09:14:55,3622,AA,12892,10397,3,1448.55
2618,2024-05-07 09:38:41,4017,DL,11193,12892,1,224.74
2619,2024-02-16 16:15:29,2823,DL,15016,11433,2,432.02
2620,2024-02-03 10:23:19,1146,DL,10397,15016,2,319.53
2621,2024-04-23 19:37:24,4118,DL,11193,12892,3,1219.6
2622,2025-01-20 12:04:23,4492,DL,12266,10397,4,2099.91
2623,2025-07-19 22:02:27,1643,DL,14057,14869,1,281.54
2624,2024-01-18 05:33:08,2884,DL,10397,15016,1,485.2
2625,2024-10-08 05:50:07,3698,DL,14057,14869,3,1728.35
2626,2025-07-22 06:19:09,4221,AA,12892,10397,2,731.06
2627,2025-06-03 12:47:50,1910,UA,10397,12892,4,1692.99
2628,2024-05-06 19:19:01,2569,DL,15016,11433,3,859.69
2629,2025-03-01 11:54:19,4371,DL,11193,12892,4,2384.32
2630,2025-08-19 15:23:19,3670,DL,11193,12892,2,1023.72
2631,2024-04-13 14:35:04,2126,DL,10397,15016,1,394.51
2632,2025-10-23 00:33:22,3835,AA,12892,10397,1,376.3
2633,2024-09-22 23:16:31,2125,DL,14869,12478,4,1795.8
2634,2024-04-25 19:40:47,4548,DL,12266,10397,2,1139.67
2635,2025-05-12 01:09:51,4974,DL,14057,14869,1,321.67
2636,2024-09-08 21:55:13,3332,DL,11433,13303,4,1504.23
2637,2025-02-21 10:49:11,2162,DL,11193,12892,1,472.78
2638,2025-09-03 08:09:35,1856,DL,15016,11433,1,457.47
2639,2024-10-11 04:44:39,1012,WN,13303,12478,2,1003.97
2640,2025-04-03 23:39:58,1055,DL,15016,11433,4,1949.02
2641,2025-02-10 04:26:33,4851,DL,15016,11433,3,855.95
2642,2025-03-06 00:36:23,2250,DL,14057,14869,2,381.77
2643,2025-02-02 22:16:51,2273,DL,11193,12892,1,493.38
2644,2024-05-12 00:52:22,4383,AA,12892,10397,2,576.18
2645,2025-06-06 04:20:02,2641,DL,14057,14869,1,371.03
2646,2025-05-28 06:03:47,1354,DL,14057,14869,3,527.49
2647,2025-01-04 16:53:57,2463,DL,15016,11433,2,934.54
2648,2024-07-29 07:59:41,1242,DL,14057,14869,2,442.31
2649,2025-04-15 05:24:06,1299,DL,10397,15016,1,176.16
2650,2025-05-11 01:18:43,2023,DL,12266,10397,1,174.67
2651,2025-03-08 19:12:10,1188,DL,15016,11433,2,822.98
2652,2025-01-24 19:47:38,3077,DL,15016,11433,1,421.44
2653,2024-01-22 03:42:09,1262,DL,11193,12892,1,349.04
2654,2025-10-01 21:49:09,1302,UA,10397,12892,4,671.8
2655,2024-09-22 04:51:18,1083,DL,12266,10397,3,599.35
2656,2025-01-18 23:50:36,3401,DL,14869,12478,1,462.09
2657,2024-08-26 00:56:55,1985,DL,11433,13303,3,903.8
2658,2025-04-24 00:42:30,4902,DL,10397,15016,3,1258.54
2659,2024-07-19 11:33:54,2211,DL,11433,13303,2,333.52
2660,2024-08-18 00:01:34,2091,DL,12266,10397,1,407.76
2661,2024-12-21 18:44:09,3798,DL,14057,14869,2,940.25
2662,2024-04-06 18:30:49,4113,DL,11193,12892,2,589.87
2663,2024-08-06 23:46:08,4718,DL,11193,12892,1,510.61
2664,2025-03-29 18:58:32,1678,UA,10397,12892,1,254.49
2665,2024-11-01 06:09:58,4677,DL,14869,12478,3,1188.45
2666,2024-08-18 00:13:45,4495,DL,15016,11433,2,595.42
2667,2025-08-03 17:31:26,2220,DL,11193,12892,1,402.34
2668,2025-09-29 15:52:28,1635,DL,15016,11433,4,714.16
2669,2025-05-18 02:53:42,3869,AA,12892,10397,4,1076.94
2670,2025-10-06 10:54:46,3124,DL,15016,11433,1,473.31
2671,2025-05-24 21:19:08,1268,UA,10397,12892,4,2243.04
2672,2025-02-11 20:45:38,1067,DL,14057,14869,2,990.22
2673,2025-10-12 17:51:03,4059,WN,13303,12478,1,229.55
2674,2024-04-06 15:16:30,2076,DL,15016,11433,1,599.88
2675,2024-09-03 21:16:47,3882,UA,10397,12892,4,814.12
2676,2025-02-09 08:09:11,1140,DL,12266,10397,1,527.63
2677,2024-09-07 01:05:00,2106,DL,15016,11433,3,533.38
2678,2025-05-05 15:17:13,4628,AA,12892,10397,2,310.38
2679,2025-06-25 23:09:56,2462,DL,14869,12478,2,761.96
2680,2024-01-04 15:30:50,4277,WN,13303,12478,2,1158.14
2681,2024-04-12 19:31:30,4489,UA,10397,12892,4,2145.08
2682,2025-03-18 05:41:56,2990,DL,14869,12478,2,731.03
2683,2024-04-30 16:06:02,2223,DL,11433,13303,1,461.1
2684,2025-08-18 15:03:26,4045,WN,13303,12478,2,832.78
2685,2025-05-24 16:25:35,3287,DL,11433,13303,2,1193.27
2686,2024-07-23 18:48:57,4274,DL,15016,11433,1,401.79
2687,2024-04-26 20:35:50,2124,UA,10397,12892,2,1116.54
2688,2024-01-16 18:10:12,1432,DL,14057,14869,3,460.44
2689,2025-04-09 05:14:33,4178,DL,11433,13303,2,806.43
2690,2025-04-24 01:57:58,3631,DL,10397,15016,1,475.82
2691,2025-10-24 19:45:36,4631,WN,13303,12478,2,1095.31
2692,2024-01-27 20:35:25,4997,DL,15016,11433,3,1113.13
2693,2024-07-28 11:35:54,1827,AA,12892,10397,4,1589.54
2694,2025-04-06 06:05:37,4333,WN,13303,12478,1,353.64
2695,2025-01-19 01:38:13,4610,WN,13303,12478,2,719.68
2696,2025-06-05 23:12:22,4514,DL,15016,11433,2,829.67
2697,2024-08-03 10:44:49,1711,DL,11433,13303,3,1123.72
2698,2024-12-10 20:41:26,1105,DL,14869,12478,3,1644.91
2699,2025-04-04 03:14:35,1426,DL,15016,11433,3,1093.64
2700,2025-09-29 13:20:29,3228,WN,13303,12478,1,585.37
2701,2024-01-31 10:00:06,2450,AA,12892,10397,4,2347.55
2702,2024-04-18 00:11:17,1294,DL,11433,13303,4,1352.46
2703,2025-06-13 00:37:03,2166,DL,14869,12478,4,2037.39
2704,2024-01-09 00:04:16,2682,DL,15016,11433,2,554.17
2705,2024-03-20 01:49:38,2049,UA,10397,12892,1,160.18
2706,2025-06-14 16:42:20,2496,DL,11193,12892,1,349.46
2707,2025-10-24 11:42:31,2992,AA,12892,10397,3,1052.45
2708,2025-01-26 04:57:30,1264,DL,14057,14869,3,851.45
2709,2024-07-23 21:56:43,4067,AA,12892,10397,4,2212.16
2710,2025-07-02 02:33:30,3083,WN,13303,12478,4,2281.35
2711,2024-08-03 02:00:09,3433,AA,12892,10397,1,588.51
2712,2024-06-14 10:06:44,4531,DL,15016,11433,4,1433.6
2713,2025-07-27 09:26:33,2010,DL,15016,11433,2,377.34
2714,2024-04-14 04:32:30,2577,WN,13303,12478,2,751.91
2715,2024-03-27 10:22:54,3827,DL,15016,11433,4,790.69
2716,2024-09-23 03:47:20,4149,DL,12266,10397,4,2230.82
2717,2025-02-21 13:47:35,4020,WN,13303,12478,1,429.2
2718,2024-11-02 02:07:50,2514,DL,12266,10397,3,1347.4
2719,2024-08-06 08:15:07,2060,DL,15016,11433,1,496.21
2720,2025-07-05 02:41:49,1055,UA,10397,12892,4,1725.03
2721,2025-08-29 14:35:01,4366,DL,14057,14869,1,452.48
2722,2025-09-10 18:29:30,2334,WN,13303,12478,3,1724.98
2723,2024-01-08 19:44:28,2838,DL,10397,15016,1,407.94
2724,2025-09-24 14:50:57,2501,UA,10397,12892,3,585.36
2725,2025-08-31 13:53:34,1836,DL,10397,15016,1,532.49
2726,2025-09-06 07:10:10,1015,DL,14057,14869,2,976.38
2727,2025-01-21 12:35:19,4469,DL,15016,11433,1,527.9
2728,2024-09-30 03:51:46,1795,DL,14869,12478,1,508.68
2729,2025-02-10 08:46:58,1578,UA,10397,12892,2,685.78
2730,2024-04-20 04:09:06,4723,WN,13303,12478,4,1727.55
2731,2025-01-19 00:10:41,1614,DL,12266,10397,2,1006.86
2732,2024-06-22 02:45:19,4987,DL,10397,15016,3,766.87
2733,2025-06-11 16:21:58,3588,WN,13303,12478,3,492.27
2734,2025-04-07 21:22:45,4306,AA,12892,10397,3,1669.21
2735,2024-09-28 03:37:17,1149,WN,13303,12478,4,2179.52
2736,2024-12-01 10:48:03,3544,UA,10397,12892,1,247.11
2737,2024-09-17 23:32:41,3420,AA,12892,10397,1,578.88
2738,2024-09-07 00:20:06,3941,DL,15016,11433,1,190.15
2739,2024-10-18 01:34:24,4594,DL,15016,11433,4,1006.34
2740,2024-05-30 07:21:43,4122,DL,10397,15016,2,480.84
2741,2024-03-23 03:36:24,1358,DL,10397,15016,3,1575.54
2742,2025-04-22 07:48:19,1864,AA,12892,10397,3,1257.62
2743,2024-08-07 19:13:29,2499,UA,10397,12892,1,482.51
2744,2025-07-19 11:59:46,4560,DL,10397,15016,3,1280.41
2745,2025-07-19 21:16:53,3399,DL,14057,14869,1,413.01
2746,2024-03-25 07:54:15,2643,DL,14057,14869,1,479.89
2747,2025-03-18 23:49:13,4170,DL,10397,15016,3,1179.25
2748,2024-05-17 16:07:57,4730,AA,12892,10397,3,1759.54
2749,2025-04-27 06:10:01,4013,DL,10397,15016,3,1688.6
2750,2025-03-04 07:34:24,1914,WN,13303,12478,4,1948.16
2751,2024-05-25 07:16:21,2951,DL,12266,10397,4,2148.65
2752,2024-04-03 16:27:05,3285,DL,15016,11433,2,1100.3
2753,2024-11-10 03:14:31,1287,DL,11433,13303,3,1230.94
2754,2024-03-04 05:24:56,1964,DL,10397,15016,4,787.47
2755,2024-07-20 05:39:30,2634,WN,13303,12478,3,1790.7
2756,2024-06-17 11:17:59,1997,DL,14057,14869,3,889.37
2757,2025-09-22 04:18:33,2628,DL,15016,11433,1,278.1
2758,2024-07-08 17:04:08,4265,UA,10397,12892,4,2398.77
2759,2025-10-04 12:44:50,3034,DL,10397,15016,3,838.79
2760,2024-12-18 04:21:31,4924,DL,11433,13303,2,767.71
2761,2024-02-07 03:42:33,4431,DL,10397,15016,2,322.72
2762,2024-04-05 20:54:25,1840,DL,11193,12892,2,669.48
2763,2025-07-20 23:11:26,4049,DL,11433,13303,4,1191.74
2764,2025-05-05 15:41:54,2186,DL,14057,14869,3,1075.64
2765,2024-02-19 05:31:23,2705,WN,13303,12478,1,250.55
2766,2024-11-10 21:33:43,4855,DL,14057,14869,1,567.15
2767,2025-05-06 06:41:34,1866,DL,11433,13303,4,1091.08
2768,2024-04-05 09:41:11,3901,WN,13303,12478,4,876.14
2769,2025-01-27 06:55:30,2741,DL,14057,14869,2,1048.22
2770,2024-01-20 03:24:40,4149,DL,14869,12478,2,354.08
2771,2025-01-02 00:14:15,1606,DL,11193,12892,3,553.13
2772,2025-04-27 11:05:26,2121,DL,14057,14869,3,824.35
2773,2025-02-17 10:27:12,1617,AA,12892,10397,1,539.04
2774,2024-10-13 21:05:44,1575,AA,12892,10397,3,525.74
2775,2024-03-27 20:52:39,4023,DL,14869,12478,4,689.98
2776,2024-08-25 16:51:30,1949,DL,10397,15016,2,431.68
2777,2024-05-10 07:59:12,1555,DL,11193,12892,4,2064.1
2778,2025-01-02 17:06:35,2960,WN,13303,12478,1,387.77
2779,2024-02-15 14:13:24,2717,WN,13303,12478,4,766.37
2780,2025-06-08 03:16:08,4189,DL,12266,10397,1,597.51
2781,2025-09-17 14:02:43,1347,DL,10397,15016,3,622.13
2782,2024-08-30 19:22:14,4782,DL,15016,11433,4,2353.34
2783,2024-11-07 05:16:32,1223,DL,11433,13303,3,1040.32
2784,2025-06-07 20:46:53,3431,DL,14057,14869,1,298.58
2785,2025-02-01 01:48:20,1601,UA,10397,12892,3,1052.37
2786,2024-06-23 17:21:12,3303,DL,11193,12892,2,627.8
2787,2025-01-23 08:14:21,3741,UA,10397,12892,3,472.71
2788,2024-09-01 07:16:27,3249,DL,12266,10397,4,2296.33
2789,2024-04-24 10:45:57,3165,DL,12266,10397,3,1561.75
2790,2024-05-08 00:42:22,2115,DL,11193,12892,1,256.33
2791,2025-10-17 14:42:12,4255,UA,10397,12892,3,1737.65
2792,2025-04-10 16:22:43,2012,UA,10397,12892,3,1560.22
2793,2024-02-25 04:21:39,2634,DL,14057,14869,1,300.68
2794,2024-06-11 03:56:17,3426,DL,11433,13303,3,1726.3
2795,2025-04-26 15:14:55,4712,DL,15016,11433,1,351.86
2796,2025-07-24 23:17:59,4421,DL,15016,11433,4,1812.19
2797,2024-10-05 09:06:42,1708,DL,10397,15016,1,384.84
2798,2024-11-04 12:52:30,3193,DL,10397,15016,1,195.81
2799,2024-04-13 23:44:55,4565,DL,10397,15016,1,239.21
2800,2024-05-12 02:08:46,3185,DL,14869,12478,2,910.45
2801,2024-01-15 15:03:43,4072,DL,11193,12892,2,696.98
2802,2025-07-20 03:27:36,4640,DL,15016,11433,1,215.91
2803,2025-10-02 02:12:17,1685,DL,11193,12892,4,1512.02
2804,2024-05-08 09:39:18,1975,UA,10397,12892,3,916.25
2805,2024-03-15 05:58:40,4618,WN,13303,12478,2,547.52
2806,2024-04-19 06:56:41,1562,DL,14057,14869,2,935.44
2807,2024-10-26 02:47:41,1282,DL,11433,13303,3,1580.28
2808,2024-06-04 07:14:21,3545,DL,14869,12478,4,1858.68
2809,2025-02-18 13:56:57,1637,AA,12892,10397,1,565.97
2810,2024-04-15 20:04:25,2039,DL,10397,15016,1,239.22
2811,2025-05-01 09:18:08,4572,UA,10397,12892,1,394.88
2812,2024-02-11 08:20:04,4501,DL,14869,12478,2,608.57
2813,2024-04-12 20:00:03,1463,DL,15016,11433,4,2385.92
2814,2025-01-29 10:28:04,2960,DL,14057,14869,2,780.43
2815,2024-04-21 04:31:59,1447,UA,10397,12892,2,311.09
2816,2024-10-22 21:52:11,3459,DL,11433,13303,3,1427.44
2817,2024-12-09 18:15:34,4843,UA,10397,12892,2,924.42
2818,2024-06-11 12:16:45,4372,DL,14057,14869,3,527.31
2819,2024-05-27 07:02:47,2091,DL,12266,10397,2,1015.02
2820,2024-09-14 09:27:58,1225,DL,15016,11433,2,353.7
2821,2024-08-22 08:11:07,2274,DL,14869,12478,2,1134.24
2822,2024-09-06 18:45:30,4351,AA,12892,10397,2,519.64
2823,2025-05-09 07:15:35,1474,WN,13303,12478,2,946.97
2824,2024-08-06 12:09:19,4383,DL,10397,15016,3,830.85
2825,2024-11-19 12:54:41,3961,UA,10397,12892,2,399.51
2826,2024-05-05 22:07:49,2597,DL,11193,12892,1,439.78
2827,2024-03-01 04:22:19,2360,UA,10397,12892,4,1179.62
2828,2025-03-07 22:04:26,1113,DL,15016,11433,3,1693.8
2829,2025-04-15 22:08:14,1184,DL,11433,13303,3,594.72
2830,2025-08-01 13:00:26,1044,DL,15016,11433,3,1187.76
2831,2024-05-05 21:16:15,4333,DL,10397,15016,4,1427.03
2832,2024-01-29 17:09:59,1724,UA,10397,12892,3,1654.3
2833,2024-10-19 09:52:49,4516,DL,11433,13303,3,1377.47
2834,2025-01-31 10:14:37,3796,DL,10397,15016,1,312.24
2835,2024-08-11 15:21:39,3948,DL,11193,12892,3,475.79
2836,2025-07-26 16:49:44,2460,DL,14057,14869,1,541.56
2837,2025-07-20 16:57:21,4884,DL,12266,10397,2,1088.69
2838,2024-01-10 20:51:36,1737,DL,14869,12478,1,361.8
2839,2024-05-15 11:16:52,1452,UA,10397,12892,3,1272.9
2840,2024-11-26 13:27:47,3592,WN,13303,12478,4,2212.29
2841,2025-06-14 08:55:03,4586,DL,14057,14869,3,614.75
2842,2024-05-23 10:59:50,3972,DL,14057,14869,1,536.21
2843,2024-12-02 12:20:50,3766,DL,14057,14869,4,1507.88
2844,2024-03-02 22:42:48,4463,DL,11433,13303,1,492.28
2845,2025-08-15 17:41:15,1176,DL,10397,15016,3,816.76
2846,2024-07-23 14:52:19,2409,DL,15016,11433,3,1664.39
2847,2025-07-16 16:53:26,2250,AA,12892,10397,1,548.37
2848,2025-02-02 14:24:40,1510,UA,10397,12892,3,948.72
2849,2025-10-22 16:18:29,4127,DL,14869,12478,3,1648.5
2850,2025-10-25 07:15:38,1304,UA,10397,12892,1,382.16
2851,2025-06-07 22:02:16,4216,DL,15016,11433,2,1159.58
2852,2024-03-22 22:37:24,1902,WN,13303,12478,1,369.56
2853,2025-02-03 12:36:41,1678,UA,10397,12892,4,2114.48
2854,2024-07-18 01:15:38,3371,DL,14869,12478,3,1474.93
2855,2024-11-24 02:40:46,2301,DL,14057,14869,1,246.42
2856,2024-03-28 23:23:30,1770,DL,15016,11433,4,1200.91
2857,2025-02-08 00:04:40,1748,WN,13303,12478,2,315.08
2858,2024-11-08 00:28:43,2402,UA,10397,12892,1,341.5
2859,2024-06-10 14:50:17,4000,DL,11193,12892,2,946.07
2860,2024-05-28 17:25:06,1728,DL,11433,13303,4,1597.85
2861,2025-10-14 02:56:41,1882,DL,11193,12892,4,2000.65
2862,2025-10-15 03:21:10,3423,WN,13303,12478,4,726.41
2863,2024-01-23 00:26:08,4639,DL,14869,12478,4,930.31
2864,2025-03-17 11:29:37,3133,DL,14869,12478,4,2140.45
2865,2024-12-01 03:55:28,1943,DL,15016,11433,2,694.36
2866,2025-06-05 07:37:21,2904,DL,14057,14869,3,1210.53
2867,2025-02-10 21:57:33,4144,DL,14869,12478,3,468.51
2868,2025-04-16 11:40:05,3477,DL,14057,14869,2,359.78
2869,2024-02-23 15:01:13,3479,DL,11433,13303,2,1186.25
2870,2025-04-19 08:49:39,4836,DL,10397,15016,3,1783.01
2871,2025-02-25 01:01:07,1029,DL,14057,14869,4,635.28
2872,2025-06-28 16:56:46,1895,UA,10397,12892,2,964.58
2873,2024-03-28 15:12:16,1091,DL,15016,11433,4,2283.64
2874,2024-10-25 22:40:43,3935,DL,15016,11433,4,1560.15
2875,2024-04-09 05:30:41,1323,DL,12266,10397,2,678.43
2876,2025-02-06 16:29:47,2817,UA,10397,12892,3,1717.43
2877,2025-05-13 15:35:02,3186,DL,11433,13303,2,1030.07
2878,2025-09-26 17:32:05,1789,DL,10397,15016,1,581.07
2879,2024-08-29 11:13:56,3479,AA,12892,10397,4,1280.64
2880,2024-09-03 15:23:06,3022,DL,11193,12892,2,1128.19
2881,2024-04-04 13:22:21,2625,DL,14869,12478,4,1666.38
2882,2025-03-01 08:39:44,3025,DL,11433,13303,4,1044.27
2883,2024-08-02 14:18:01,2945,DL,11433,13303,1,510.7
2884,2025-04-20 22:29:06,4060,DL,11193,12892,1,320.03
2885,2024-06-24 19:04:24,4809,AA,12892,10397,3,531.7
2886,2025-03-04 07:58:59,2082,DL,14869,12478,3,1423.6
2887,2025-04-02 18:27:19,3456,AA,12892,10397,3,535.92
2888,2024-01-31 20:35:51,2900,DL,12266,10397,3,699.54
2889,2025-04-08 14:30:48,2949,UA,10397,12892,1,360.78
2890,2024-12-24 14:30:52,2908,UA,10397,12892,3,1164.7
2891,2024-07-06 05:55:53,3101,DL,10397,15016,2,705.96
2892,2024-04-25 22:41:42,3336,DL,10397,15016,4,1705.98
2893,2024-03-17 08:59:46,2356,DL,11433,13303,2,861.6
2894,2025-04-04 02:27:30,1316,DL,14869,12478,1,566.18
2895,2025-06-28 09:03:24,3509,DL,15016,11433,2,946.46
2896,2024-05-03 06:53:00,2886,DL,12266,10397,3,1657.58
2897,2025-10-10 21:25:39,4589,DL,11193,12892,2,654.73
2898,2025-09-06 12:07:58,4240,DL,15016,11433,1,285.35
2899,2024-08-21 06:31:36,2439,DL,10397,15016,4,1720.72
2900,2024-02-01 03:06:11,1799,AA,12892,10397,3,1247.85
2901,2025-05-09 09:19:37,3774,DL,10397,15016,2,1086.2
2902,2024-07-05 19:14:56,4747,UA,10397,12892,2,305.45
2903,2024-10-12 21:21:33,4921,DL,14057,14869,2,1185.23
2904,2024-11-12 06:07:59,2722,UA,10397,12892,4,1321.01
2905,2024-12-19 01:31:56,2437,WN,13303,12478,1,433.11
2906,2024-02-28 05:22:28,4321,DL,14869,12478,1,375.34
2907,2024-05-16 10:49:29,1137,UA,10397,12892,2,633.87
2908,2024-04-16 16:59:06,2862,DL,10397,15016,1,432.4
2909,2024-04-11 00:24:35,3952,DL,12266,10397,2,604.76
2910,2025-07-06 16:53:51,1817,DL,10397,15016,2,748.25
2911,2025-03-29 20:33:27,1142,DL,14869,12478,1,479.1
2912,2025-04-01 15:20:48,1129,WN,13303,12478,4,2196.1
2913,2025-07-27 21:16:49,2090,DL,14057,14869,1,439.97
2914,2025-01-15 07:02:36,3774,WN,13303,12478,4,1353.36
2915,2025-07-25 19:55:57,1225,DL,14869,12478,3,1294.01
2916,2025-05-21 12:24:35,3655,WN,13303,12478,3,1373.37
2917,2024-12-29 22:28:48,1697,DL,11193,12892,1,453.48
2918,2025-07-08 14:34:48,4158,AA,12892,10397,4,2052.33
2919,2024-05-04 22:55:52,3930,DL,15016,11433,4,1940.1
2920,2024-05-01 07:23:46,1093,DL,14869,12478,1,571.13
2921,2024-11-24 15:33:20,1109,UA,10397,12892,2,829.1
2922,2024-07-04 11:38:31,4137,UA,10397,12892,3,1704.6
2923,2024-08-29 16:12:00,4894,DL,12266,10397,4,1595.53
2924,2025-09-03 23:37:55,2953,DL,11193,12892,1,466.76
2925,2025-07-22 23:46:15,3670,DL,12266,10397,3,1213.09
2926,2025-04-04 12:53:22,2044,DL,14057,14869,2,711.32
2927,2025-05-19 16:35:17,4543,DL,11433,13303,4,2089.5
2928,2024-05-10 04:33:27,2908,DL,14057,14869,3,1063.78
2929,2025-01-04 06:12:06,2381,WN,13303,12478,1,443.03
2930,2024-04-25 06:00:52,4442,DL,11433,13303,4,713.55
2931,2024-03-28 17:48:31,2035,AA,12892,10397,1,427.62
2932,2024-05-01 13:05:43,1713,DL,12266,10397,3,1463.38
2933,2025-10-20 23:56:46,3176,WN,13303,12478,3,1167.9
2934,2024-06-27 10:20:05,4487,DL,14057,14869,3,1223.23
2935,2024-01-19 18:01:32,1273,DL,12266,10397,1,348.81
2936,2024-11-03 07:15:32,1714,WN,13303,12478,3,1783.6
2937,2024-03-04 22:56:16,2887,DL,15016,11433,2,772.45
2938,2025-08-07 07:35:40,2378,DL,14057,14869,4,836.73
2939,2024-03-14 13:00:49,4139,AA,12892,10397,2,629.86
2940,2024-04-24 00:04:52,2328,UA,10397,12892,3,1219.98
2941,2025-10-05 09:00:15,2058,DL,12266,10397,2,1145.78
2942,2025-04-12 17:00:59,1096,DL,15016,11433,3,592.47
2943,2025-01-25 10:09:36,1422,DL,10397,15016,4,1008.91
2944,2025-03-05 10:56:27,2755,DL,12266,10397,3,1051.09
2945,2024-01-16 07:45:25,4011,WN,13303,12478,1,269.6
2946,2025-04-20 19:10:34,1222,DL,12266,10397,3,982.34
2947,2025-04-05 06:46:29,2052,WN,13303,12478,4,1670.03
2948,2025-10-01 21:40:45,1766,UA,10397,12892,3,1229.53
2949,2024-06-29 01:06:19,2115,DL,15016,11433,2,848.94
2950,2024-09-14 07:21:13,4839,DL,11433,13303,3,452.58
2951,2025-04-28 23:29:33,2795,DL,14869,12478,1,306.74
2952,2024-08-21 16:56:34,2998,UA,10397,12892,3,943.68
2953,2024-12-05 20:58:05,1037,DL,11433,13303,1,423.86
2954,2024-09-01 20:50:17,1639,DL,12266,10397,4,2391.59
2955,2024-08-19 20:29:39,3840,DL,11433,13303,1,310.38
2956,2024-03-28 21:47:21,1330,AA,12892,10397,2,846.29
2957,2025-02-24 05:25:59,1116,UA,10397,12892,4,1707.77
2958,2025-07-30 23:53:11,3707,UA,10397,12892,4,1744.85
2959,2024-05-09 09:13:22,1925,DL,12266,10397,2,902.48
2960,2024-06-11 05:23:28,1807,DL,11193,12892,2,1101.42
2961,2024-06-30 06:31:45,1259,DL,14057,14869,3,696.81
2962,2024-06-26 14:59:37,1476,DL,12266,10397,4,1181.32
2963,2024-01-06 12:10:10,3389,AA,12892,10397,3,1160.13
2964,2025-06-10 23:39:32,3334,DL,10397,15016,2,876.75
2965,2024-03-24 23:28:51,2333,DL,10397,15016,4,687.99
2966,2025-01-16 03:20:22,4765,DL,15016,11433,1,265.95
2967,2025-06-04 17:52:34,4242,UA,10397,12892,1,554.14
2968,2024-12-29 20:40:58,4634,DL,11193,12892,3,1057.0
2969,2024-04-09 21:40:30,3338,DL,11193,12892,1,186.98
2970,2024-02-10 07:38:12,4368,DL,10397,15016,4,901.63
2971,2024-08-11 11:54:08,3351,AA,12892,10397,2,1083.01
2972,2024-02-05 11:06:42,1942,AA,12892,10397,1,246.54
2973,2024-02-06 17:44:14,4815,UA,10397,12892,3,893.72
2974,2024-06-21 02:42:29,3153,UA,10397,12892,3,493.98
2975,2024-09-25 12:09:36,2344,DL,11433,13303,4,1734.16
2976,2024-08-20 01:52:37,3098,UA,10397,12892,1,226.59
2977,2025-07-21 23:26:44,1712,DL,14869,12478,4,1051.63
2978,2025-01-27 05:57:25,4367,DL,14869,12478,4,1854.86
2979,2025-07-18 07:06:02,4801,DL,10397,15016,2,311.79
2980,2025-05-08 01:38:06,3362,DL,11193,12892,3,1148.19
2981,2024-03-18 06:34:09,1485,DL,10397,15016,1,272.98
2982,2025-08-30 14:24:56,4779,DL,14869,12478,2,667.73
2983,2025-05-23 01:32:12,1737,UA,10397,12892,4,1613.68
2984,2024-05-17 08:21:21,4336,DL,11433,13303,3,964.55
2985,2025-06-24 19:08:52,2775,UA,10397,12892,2,705.81
2986,2025-03-08 06:27:24,3047,DL,11433,13303,3,1366.8
2987,2025-05-01 05:58:13,4942,DL,11193,12892,2,542.11
2988,2025-04-28 12:52:01,4418,DL,11193,12892,3,456.83
2989,2024-02-28 00:59:27,4305,AA,12892,10397,1,354.92
2990,2024-01-27 11:44:37,2392,DL,12266,10397,4,2255.48
2991,2025-10-23 06:42:22,2792,DL,10397,15016,2,399.61
2992,2025-10-31 06:45:54,2473,DL,15016,11433,4,1702.45
2993,2025-03-14 21:42:58,3722,DL,12266,10397,2,869.4
2994,2025-05-03 15:09:58,1350,UA,10397,12892,4,1914.97
2995,2024-05-22 05:47:12,3762,DL,14869,12478,1,599.52
2996,2024-08-15 22:46:47,4658,DL,11193,12892,4,1882.02
2997,2025-02-07 05:41:18,4089,DL,15016,11433,3,920.51
2998,2024-08-20 16:35:43,4876,DL,14869,12478,1,496.27
2999,2024-05-12 05:32:10,1171,WN,13303,12478,1,177.15
3000,2024-06-17 01:47:28,2672,DL,14869,12478,3,702.14
3001,2025-08-28 03:49:24,1429,DL,15016,11433,1,354.97
3002,2025-05-17 05:24:00,3766,AA,12892,10397,2,856.22
3003,2025-10-23 20:40:22,1795,WN,13303,12478,1,458.76
3004,2025-07-23 15:53:08,2356,DL,14869,12478,3,1584.41
3005,2024-05-22 16:39:53,1091,DL,12266,10397,3,495.3
3006,2024-01-17 12:21:39,2551,DL,14057,14869,3,1386.9
3007,2024-02-04 21:39:08,2618,DL,14057,14869,4,1390.03
3008,2025-08-01 18:36:24,1118,DL,15016,11433,4,960.45
3009,2025-09-13 21:40:22,4207,WN,13303,12478,4,1417.48
3010,2024-04-27 07:07:25,4821,AA,12892,10397,4,1327.62
3011,2024-11-15 04:50:01,2010,DL,15016,11433,2,877.05
3012,2025-08-05 13:52:38,4077,WN,13303,12478,4,2312.37
3013,2024-09-15 03:59:35,3029,WN,13303,12478,3,1190.3
3014,2024-09-20 04:36:04,2956,DL,11433,13303,2,793.23
3015,2024-08-11 16:10:29,1270,DL,15016,11433,2,603.88
3016,2025-03-20 04:40:59,1011,UA,10397,12892,3,756.39
3017,2025-10-07 19:53:21,2842,DL,11433,13303,3,646.77
3018,2024-06-23 14:26:38,1848,DL,11433,13303,2,1012.06
3019,2024-11-02 06:28:12,4880,DL,15016,11433,4,1011.98
3020,2024-07-10 18:45:53,1137,DL,11433,13303,3,1511.9
3021,2025-10-23 19:15:58,2427,DL,14057,14869,3,843.77
3022,2024-12-26 08:26:35,1685,AA,12892,10397,1,576.32
3023,2024-11-11 02:23:12,2466,DL,11193,12892,3,1622.13
3024,2024-02-09 08:33:11,4453,DL,14057,14869,2,1093.14
3025,2024-01-02 18:31:00,1240,DL,10397,15016,3,602.06
3026,2025-05-05 07:45:58,3089,DL,10397,15016,4,1556.5
3027,2024-05-03 00:17:43,4458,AA,12892,10397,2,587.2
3028,2024-10-20 13:33:50,1267,DL,14057,14869,2,384.06
3029,2025-02-27 20:58:19,4981,WN,13303,12478,1,541.5
3030,2025-10-06 23:40:07,3865,DL,12266,10397,1,510.58
3031,2025-07-25 09:00:59,2637,DL,14057,14869,1,287.66
3032,2024-01-15 11:28:06,3560,DL,11193,12892,2,895.9
3033,2024-01-08 00:30:17,1987,WN,13303,12478,4,2240.75
3034,2025-08-16 22:31:49,2176,DL,15016,11433,4,1063.69
3035,2025-03-28 11:04:37,3527,DL,10397,15016,2,878.72
3036,2025-08-22 17:01:01,4768,DL,14869,12478,4,2161.12
3037,2024-04-27 03:23:43,2005,DL,10397,15016,3,1317.15
3038,2024-07-19 17:31:05,1768,UA,10397,12892,1,554.86
3039,2025-02-22 02:27:58,1459,WN,13303,12478,4,640.97
3040,2025-08-21 08:06:58,3291,AA,12892,10397,4,1538.76
3041,2024-06-14 08:18:12,1399,DL,11193,12892,3,769.74
3042,2025-02-04 21:05:14,3325,DL,14057,14869,1,276.47
3043,2025-03-15 20:02:40,4884,DL,11433,13303,2,495.91
3044,2024-03-26 18:03:16,2730,AA,12892,10397,2,676.32
3045,2024-11-13 09:33:44,3633,DL,14869,12478,2,1179.75
3046,2025-06-30 19:14:25,2478,DL,15016,11433,4,1362.24
3047,2024-02-04 10:26:35,1254,DL,11193,12892,4,2234.9
3048,2024-07-17 13:26:26,1316,WN,13303,12478,4,1704.31
3049,2024-07-06 11:55:53,2783,DL,11193,12892,3,1135.64
3050,2024-05-28 17:35:31,3910,UA,10397,12892,1,581.8
3051,2025-01-17 06:06:21,3479,DL,12266,10397,1,365.08
3052,2025-02-20 09:39:33,1903,DL,11193,12892,2,960.29
3053,2024-10-09 22:50:14,4945,DL,11193,12892,3,1782.85
3054,2025-01-09 16:08:52,4508,WN,13303,12478,1,586.14
3055,2024-10-30 15:47:24,4262,WN,13303,12478,1,550.12
3056,2025-08-30 03:19:22,4494,WN,13303,12478,4,2070.56
3057,2024-11-30 14:13:52,2088,DL,12266,10397,2,961.72
3058,2024-05-14 08:07:54,1484,DL,10397,15016,2,329.04
3059,2025-06-03 07:52:59,1262,WN,13303,12478,3,970.39
3060,2024-07-31 16:57:17,4132,DL,10397,15016,1,470.35
3061,2024-08-06 12:57:05,2558,DL,14869,12478,4,649.36
3062,2024-11-23 23:55:27,2255,DL,14057,14869,4,2223.01
3063,2024-12-20 22:29:42,3846,DL,14057,14869,3,1486.07
3064,2024-01-29 18:55:31,3611,DL,11193,12892,1,413.68
3065,2024-12-15 14:08:47,3602,DL,15016,11433,4,1591.53
3066,2024-09-20 02:30:46,1295,DL,14057,14869,1,354.51
3067,2024-07-04 11:50:56,3012,DL,14869,12478,2,1002.5
3068,2024-02-29 05:18:09,1469,DL,11433,13303,1,515.44
3069,2024-07-22 14:50:03,3399,DL,14057,14869,3,680.46
3070,2024-10-20 21:12:58,4025,DL,11433,13303,1,517.5
3071,2024-12-24 16:35:38,1793,DL,12266,10397,4,1767.23
3072,2024-10-14 11:51:42,1862,AA,12892,10397,4,1504.36
3073,2024-04-09 12:28:42,3955,UA,10397,12892,3,1374.12
3074,2024-09-20 16:17:20,3010,DL,11193,12892,2,944.4
3075,2025-06-22 14:33:52,1258,DL,14057,14869,1,376.69
3076,2024-01-11 13:55:13,3972,DL,11193,12892,3,1097.04
3077,2024-06-08 11:33:37,4999,AA,12892,10397,2,356.84
3078,2025-01-06 22:58:38,4655,DL,15016,11433,3,1570.43
3079,2025-02-25 08:13:31,1380,AA,12892,10397,4,1804.52
3080,2024-10-22 21:04:23,4740,WN,13303,12478,1,499.83
3081,2024-06-01 09:16:47,3954,DL,15016,11433,1,374.58
3082,2024-03-27 04:16:32,2188,UA,10397,12892,3,890.14
3083,2025-04-14 08:10:38,4575,UA,10397,12892,1,294.45
3084,2025-04-20 21:13:53,1629,DL,12266,10397,3,1125.46
3085,2025-03-15 10:53:44,1511,DL,14057,14869,1,290.92
3086,2024-01-31 12:40:07,1808,DL,10397,15016,1,170.39
3087,2025-06-10 19:55:55,1243,DL,14057,14869,1,219.47
3088,2025-10-15 13:08:27,4344,DL,15016,11433,3,1653.35
3089,2025-04-07 09:20:22,3943,DL,10397,15016,4,788.5
3090,2024-11-08 05:03:59,3431,DL,11193,12892,4,1603.68
3091,2025-09-11 22:21:55,4794,DL,12266,10397,2,451.32
3092,2024-09-14 13:43:50,3767,DL,10397,15016,2,745.73
3093,2024-03-06 07:24:41,3184,DL,15016,11433,3,1016.31
3094,2024-10-31 00:56:11,2928,DL,15016,11433,3,577.86
3095,2025-06-29 22:53:39,1367,AA,12892,10397,2,416.34
3096,2024-09-11 04:05:46,3708,AA,12892,10397,4,2192.03
3097,2025-09-08 19:44:30,4896,DL,14869,12478,2,725.26
3098,2025-04-17 00:23:23,1432,DL,11433,13303,2,694.17
3099,2025-09-09 01:50:53,1365,DL,14869,12478,2,849.11
3100,2024-06-10 15:17:28,3074,DL,11193,12892,2,797.13
3101,2024-04-12 17:28:25,2912,DL,15016,11433,4,1083.03
3102,2024-03-04 05:35:19,2768,UA,10397,12892,1,195.17
3103,2024-02-02 17:02:33,4415,UA,10397,12892,3,1251.93
3104,2025-06-12 00:37:54,3733,DL,11193,12892,4,608.22
3105,2025-03-09 20:04:09,1525,WN,13303,12478,2,1081.03
3106,2024-02-12 00:32:07,1185,UA,10397,12892,1,505.45
3107,2025-03-05 03:07:28,2721,DL,10397,15016,3,485.55
3108,2025-06-14 15:24:37,4319,DL,10397,15016,4,1750.82
3109,2025-05-03 01:17:19,2044,UA,10397,12892,4,2323.01
3110,2025-05-05 13:42:56,3466,DL,11193,12892,3,910.22
3111,2024-10-10 02:04:17,3367,DL,14869,12478,2,870.39
3112,2025-08-17 01:33:37,3497,DL,11433,13303,2,1155.44
3113,2025-05-12 20:27:51,4331,DL,14869,12478,3,1581.94
3114,2024-02-08 18:45:41,2460,DL,11193,12892,2,443.12
3115,2024-11-06 13:02:25,1396,DL,10397,15016,3,1384.08
3116,2024-07-14 21:39:33,3720,WN,13303,12478,2,571.12
3117,2024-10-14 18:13:28,3657,UA,10397,12892,2,1055.66
3118,2024-04-03 12:36:31,4244,WN,13303,12478,4,1998.47
3119,2024-09-30 18:38:31,2678,DL,11193,12892,3,1369.26
3120,2024-06-23 03:01:42,3574,DL,12266,10397,1,433.06
3121,2024-01-16 08:45:08,3626,DL,14869,12478,1,167.5
3122,2024-09-09 10:01:45,4261,DL,15016,11433,1,319.01
3123,2024-07-19 11:43:11,3144,DL,10397,15016,2,701.41
3124,2024-02-11 02:40:06,3393,DL,12266,10397,4,1246.73
3125,2025-02-17 07:06:31,2215,AA,12892,10397,4,1912.05
3126,2024-02-21 12:58:45,2710,DL,10397,15016,4,1804.06
3127,2025-10-25 04:31:19,4446,DL,11193,12892,1,400.38
3128,2024-12-31 20:58:41,3032,DL,14869,12478,2,1095.47
3129,2025-07-02 14:55:11,2447,WN,13303,12478,4,1772.36
3130,2024-10-05 21:20:48,2157,DL,12266,10397,2,595.58
3131,2025-08-04 17:15:33,4712,DL,11433,13303,1,582.16
3132,2025-09-30 03:20:46,1877,DL,14869,12478,1,462.38
3133,2025-08-11 02:40:52,4493,DL,14057,14869,1,431.26
3134,2025-05-13 14:34:22,3170,UA,10397,12892,4,1912.33
3135,2025-04-18 09:19:11,4682,DL,10397,15016,2,791.14
3136,2024-05-25 02:59:01,1429,DL,11193,12892,1,505.71
3137,2024-12-17 02:05:03,1327,DL,10397,15016,4,1421.71
3138,2024-09-20 12:06:47,3665,WN,13303,12478,3,511.53
3139,2024-03-04 02:07:00,2538,DL,15016,11433,1,518.52
3140,2024-03-05 06:25:50,4917,AA,12892,10397,2,603.34
3141,2024-02-24 05:15:51,2031,DL,12266,10397,1,219.92
3142,2024-05-04 16:09:12,3510,DL,14869,12478,3,492.58
3143,2025-09-08 17:44:21,2744,DL,12266,10397,2,926.66
3144,2025-10-24 11:43:00,2471,DL,15016,11433,1,348.28
3145,2025-06-26 23:46:01,3130,DL,12266,10397,2,469.86
3146,2025-09-15 23:55:26,2064,DL,12266,10397,2,340.49
3147,2024-09-17 05:20:45,1034,DL,11193,12892,3,1501.24
3148,2024-06-02 21:56:56,1530,DL,12266,10397,2,1102.87
3149,2024-05-05 12:27:29,3131,UA,10397,12892,4,2287.38
3150,2024-09-03 22:31:03,3658,DL,10397,15016,4,1242.83
3151,2024-10-27 19:04:34,1469,DL,10397,15016,2,778.45
3152,2024-09-10 02:13:55,3474,DL,12266,10397,1,151.52
3153,2025-06-04 01:08:50,3125,WN,13303,12478,3,1456.62
3154,2024-02-01 16:15:05,2577,DL,14057,14869,3,1358.29
3155,2025-07-24 09:26:56,2826,AA,12892,10397,4,1334.04
3156,2024-06-15 23:13:48,1081,DL,11193,12892,3,1401.19
3157,2025-10-15 11:44:47,2024,DL,12266,10397,2,363.88
3158,2025-04-01 15:21:49,4523,DL,15016,11433,3,1548.16
3159,2024-03-20 09:48:05,2724,UA,10397,12892,2,1166.1
3160,2024-08-24 18:43:52,1306,DL,15016,11433,3,902.3
3161,2024-09-19 16:16:35,4282,DL,14869,12478,4,1603.23
3162,2025-06-09 09:06:14,1887,AA,12892,10397,4,2326.61
3163,2025-08-24 02:38:47,3468,DL,11193,12892,3,1711.7
3164,2025-02-05 09:55:52,4636,WN,13303,12478,1,537.11
3165,2024-10-28 08:31:43,3511,DL,15016,11433,3,612.54
3166,2025-05-06 13:11:21,1460,WN,13303,12478,4,1515.29
3167,2025-10-14 03:24:52,4616,DL,12266,10397,1,177.89
3168,2024-06-25 05:58:57,4417,DL,14057,14869,2,476.23
3169,2024-12-09 07:44:12,1590,UA,10397,12892,4,1640.04
3170,2025-09-26 22:24:59,1993,DL,14057,14869,4,1017.06
3171,2024-02-10 01:04:28,1094,AA,12892,10397,4,2011.61
3172,2024-03-04 00:02:44,4140,DL,14869,12478,1,280.06
3173,2024-08-02 23:14:59,1039,DL,14869,12478,4,898.99
3174,2025-05-24 04:13:47,1066,DL,14869,12478,2,1191.61
3175,2025-10-28 09:15:47,1413,DL,14057,14869,1,540.99
3176,2025-09-13 13:05:00,1956,UA,10397,12892,2,455.12
3177,2024-04-04 02:14:06,4899,UA,10397,12892,2,613.0
3178,2025-09-10 15:18:19,2930,DL,10397,15016,4,1602.97
3179,2025-09-06 01:19:36,1426,DL,12266,10397,2,796.67
3180,2025-01-05 18:02:02,4292,AA,12892,10397,1,152.82
3181,2024-04-27 11:23:11,2242,UA,10397,12892,2,781.63
3182,2025-05-07 15:16:36,1315,WN,13303,12478,4,1089.46
3183,2025-09-18 12:15:59,3834,DL,14869,12478,2,483.06
3184,2025-08-17 03:31:21,1800,DL,11433,13303,4,1283.86
3185,2024-09-26 12:55:28,4443,WN,13303,12478,2,434.02
3186,2024-09-28 08:09:59,3639,UA,10397,12892,4,1639.45
3187,2024-11-11 06:41:08,2230,UA,10397,12892,1,154.0
3188,2025-10-17 10:43:49,3487,UA,10397,12892,1,574.93
3189,2025-06-26 02:31:06,2828,DL,12266,10397,4,1337.29
3190,2025-10-03 09:05:58,1060,DL,11433,13303,3,1597.66
3191,2024-05-30 02:46:40,4116,AA,12892,10397,3,597.58
3192,2024-12-06 12:32:26,4969,WN,13303,12478,2,1146.75
3193,2025-04-06 23:41:33,2528,DL,15016,11433,3,494.65
3194,2024-02-06 04:35:20,2593,DL,11433,13303,4,870.72
3195,2024-10-07 19:09:34,2580,DL,14057,14869,3,981.27
3196,2024-03-27 09:07:46,3896,DL,10397,15016,2,888.75
3197,2024-04-17 11:43:03,1436,DL,14869,12478,3,594.43
3198,2025-05-27 01:34:04,1691,DL,12266,10397,2,300.33
3199,2025-06-23 07:58:43,1043,DL,15016,11433,4,1255.43
3200,2024-05-01 20:57:40,1092,DL,15016,11433,3,503.91
3201,2025-10-12 11:46:37,2815,WN,13303,12478,4,2252.65
3202,2025-06-29 22:22:53,1281,DL,14057,14869,1,597.65
3203,2025-10-20 08:57:24,4225,DL,10397,15016,3,884.42
3204,2025-08-25 18:38:16,2825,DL,11433,13303,2,813.46
3205,2024-10-04 17:53:16,2077,DL,14869,12478,4,2282.11
3206,2025-09-30 08:58:52,1180,AA,12892,10397,2,532.89
3207,2024-10-13 02:17:32,3680,DL,10397,15016,3,1072.26
3208,2024-03-27 19:24:40,2617,UA,10397,12892,3,640.98
3209,2025-10-04 21:48:20,3509,UA,10397,12892,2,1102.12
3210,2024-11-24 11:11:02,3708,DL,11433,13303,1,193.14
3211,2025-01-27 23:24:50,4918,DL,11433,13303,3,1762.51
3212,2024-08-11 16:56:13,2925,DL,15016,11433,4,1337.79
3213,2024-12-13 05:42:26,2983,DL,10397,15016,2,1067.17
3214,2025-06-25 16:03:50,1480,DL,11193,12892,1,345.53
3215,2025-09-18 11:48:29,2137,DL,15016,11433,3,909.14
3216,2024-04-03 20:51:56,4376,DL,14869,12478,4,1515.16
3217,2024-08-03 18:23:26,4176,DL,15016,11433,3,1590.05
3218,2024-11-10 02:26:01,3303,DL,15016,11433,1,509.33
3219,2024-01-01 01:53:15,3935,WN,13303,12478,3,1574.36
3220,2025-04-02 11:51:20,1987,DL,14869,12478,2,1059.39
3221,2025-09-01 22:50:39,4560,WN,13303,12478,4,1933.43
3222,2024-01-08 14:06:13,2009,DL,11433,13303,1,165.08
3223,2025-10-03 17:00:04,3239,DL,11433,13303,2,505.73
3224,2025-09-08 10:11:08,4115,DL,11433,13303,1,386.81
3225,2024-02-01 17:31:52,2379,DL,11193,12892,2,782.21
3226,2025-03-23 03:02:45,2900,DL,12266,10397,1,437.61
3227,2024-03-09 01:45:12,3264,DL,10397,15016,3,1529.14
3228,2025-03-22 03:44:02,2450,WN,13303,12478,4,785.78
3229,2024-06-14 04:00:49,2185,DL,15016,11433,3,1165.29
3230,2025-07-29 15:02:27,3170,DL,14869,12478,2,1020.43
3231,2025-09-27 08:43:51,4637,DL,15016,11433,2,392.1
3232,2025-02-14 23:05:34,3549,UA,10397,12892,2,556.28
3233,2024-05-21 12:28:13,1405,DL,14057,14869,4,1289.13
3234,2024-09-28 21:34:20,1596,UA,10397,12892,4,1586.28
3235,2024-02-24 02:10:01,1103,DL,11193,12892,1,269.39
3236,2025-04-13 22:01:45,4391,DL,11433,13303,2,631.44
3237,2025-02-01 10:54:47,1285,DL,14057,14869,4,1452.09
3238,2025-03-10 04:53:34,1777,DL,11433,13303,1,587.27
3239,2024-09-15 02:48:32,4717,AA,12892,10397,2,340.82
3240,2024-06-29 21:36:24,3621,DL,14057,14869,3,975.54
3241,2025-07-11 17:24:55,1700,UA,10397,12892,3,957.75
3242,2025-01-25 02:26:28,2971,DL,12266,10397,4,716.05
3243,2024-06-11 16:15:23,1778,WN,13303,12478,1,444.67
3244,2024-07-04 12:17:11,4920,DL,11193,12892,1,545.26
3245,2025-04-30 05:10:55,2529,DL,14057,14869,3,1308.15
3246,2024-01-04 20:33:35,4696,DL,14869,12478,4,723.61
3247,2025-04-05 03:48:31,1866,DL,14869,12478,1,349.6
3248,2024-05-17 10:52:14,4098,DL,12266,10397,4,704.63
3249,2024-01-06 02:19:23,4529,DL,11433,13303,3,1470.91
3250,2024-05-05 05:59:11,1714,DL,10397,15016,4,2019.26
3251,2025-02-03 10:15:04,2280,DL,14869,12478,1,402.74
3252,2024-07-09 00:31:45,2602,UA,10397,12892,1,301.21
3253,2025-02-20 03:04:39,1102,DL,11433,13303,4,964.43
3254,2024-10-25 17:15:15,3920,UA,10397,12892,4,656.75
3255,2025-10-23 14:42:22,1616,DL,11193,12892,1,288.74
3256,2025-03-23 08:15:05,4494,DL,11193,12892,2,873.2
3257,2024-01-06 00:11:36,2991,DL,14869,12478,4,1514.47
3258,2025-07-27 22:28:31,1161,AA,12892,10397,3,639.59
3259,2025-09-27 21:51:14,2723,DL,14869,12478,3,1589.29
3260,2024-09-19 11:41:08,3668,UA,10397,12892,2,1067.31
3261,2024-08-02 13:52:54,1505,DL,15016,11433,4,1313.94
3262,2025-07-18 15:15:55,4847,AA,12892,10397,1,393.42
3263,2024-11-27 21:41:15,3316,DL,11433,13303,1,320.12
3264,2024-05-27 14:52:06,2699,DL,15016,11433,2,599.08
3265,2025-07-26 23:06:59,1487,AA,12892,10397,4,2121.2
3266,2024-11-10 03:31:42,4188,DL,11433,13303,2,826.59
3267,2025-09-21 04:55:53,2878,WN,13303,12478,2,593.57
3268,2024-10-20 03:10:10,1604,DL,10397,15016,4,906.68
3269,2025-05-25 17:29:40,3568,DL,11433,13303,2,459.68
3270,2025-06-08 00:38:03,1700,AA,12892,10397,4,2283.66
3271,2025-02-26 10:50:49,4270,DL,11193,12892,1,292.05
3272,2024-04-11 18:10:58,3175,DL,12266,10397,1,275.74
3273,2024-03-11 08:59:57,1979,DL,11193,12892,2,576.87
3274,2025-02-24 01:07:18,1006,AA,12892,10397,1,186.57
3275,2025-09-02 12:44:02,4125,DL,11433,13303,1,325.94
3276,2025-04-05 19:21:37,1510,DL,11433,13303,1,331.06
3277,2024-04-27 21:53:26,3990,UA,10397,12892,1,300.96
3278,2025-08-20 04:27:31,2135,DL,12266,10397,4,1037.46
3279,2025-04-03 05:20:25,4266,DL,10397,15016,4,1945.09
3280,2024-11-17 04:50:52,2347,UA,10397,12892,3,710.44
3281,2024-07-24 00:01:43,3389,DL,14869,12478,1,472.62
3282,2025-09-27 00:44:02,4613,DL,10397,15016,3,1790.55
3283,2025-10-23 12:56:05,2712,AA,12892,10397,2,695.76
3284,2024-05-02 16:17:27,2167,DL,14869,12478,3,1747.92
3285,2025-01-20 12:41:33,3244,DL,11433,13303,4,2121.36
3286,2025-09-22 10:31:15,2222,DL,11433,13303,2,425.14
3287,2025-10-31 01:44:35,2735,DL,15016,11433,1,157.85
3288,2024-10-14 20:25:33,3167,DL,11193,12892,4,2318.15
3289,2024-05-24 02:24:15,4082,DL,15016,11433,1,482.7
3290,2025-04-22 23:40:28,4060,DL,15016,11433,2,713.9
3291,2024-08-24 05:41:47,3083,WN,13303,12478,2,601.94
3292,2024-03-11 03:32:49,2647,DL,11193,12892,2,1150.4
3293,2024-12-07 04:32:14,3249,DL,12266,10397,1,207.78
3294,2025-05-22 23:58:38,2103,DL,11193,12892,4,1487.57
3295,2025-02-27 09:07:48,1288,DL,11433,13303,2,1017.31
3296,2025-04-07 16:44:57,2092,DL,14869,12478,4,1594.17
3297,2025-02-28 10:48:23,1651,DL,11193,12892,4,2050.77
3298,2024-10-15 23:26:48,2616,UA,10397,12892,1,441.45
3299,2025-02-17 09:11:09,2962,UA,10397,12892,1,536.95
3300,2024-05-15 15:19:53,4790,WN,13303,12478,2,882.42
3301,2025-07-11 10:05:54,3760,UA,10397,12892,4,2060.27
3302,2025-10-11 21:56:45,1425,DL,10397,15016,2,503.1
3303,2024-01-05 11:05:05,4784,DL,11193,12892,4,1821.65
3304,2024-10-29 20:11:50,4187,WN,13303,12478,2,685.69
3305,2025-04-30 17:54:03,4623,DL,12266,10397,2,703.52
3306,2025-07-20 12:12:13,4449,DL,14057,14869,4,736.81
3307,2025-07-08 07:36:37,2116,DL,14869,12478,4,2007.88
3308,2024-05-28 00:40:07,3379,AA,12892,10397,1,275.23
3309,2024-08-29 02:19:06,3755,DL,12266,10397,2,995.85
3310,2025-10-31 09:49:26,2105,DL,12266,10397,2,1036.74
3311,2025-03-12 18:58:56,1842,DL,14057,14869,2,649.57
3312,2024-03-19 09:42:44,2707,DL,10397,15016,2,892.3
3313,2024-12-04 14:20:11,3215,UA,10397,12892,3,608.84
3314,2024-09-29 19:00:45,3499,UA,10397,12892,4,887.67
3315,2025-04-22 07:44:32,1719,DL,14869,12478,1,439.53
3316,2025-09-18 21:00:20,1080,DL,10397,15016,3,829.32
3317,2024-01-23 11:05:18,3856,DL,11433,13303,4,840.36
3318,2025-08-06 03:00:27,2500,DL,10397,15016,1,493.49
3319,2024-05-06 11:20:18,4092,DL,14869,12478,2,899.16
3320,2025-08-01 18:09:37,2422,DL,11433,13303,2,1005.1
3321,2024-09-23 00:29:56,2965,DL,11433,13303,4,2399.68
3322,2025-09-01 16:59:59,4509,WN,13303,12478,1,595.44
3323,2025-01-19 19:47:09,2472,DL,14869,12478,1,297.59
3324,2025-03-31 07:40:32,3604,DL,11193,12892,2,882.1
3325,2025-02-18 17:46:17,3509,DL,15016,11433,1,448.74
3326,2024-12-22 04:33:12,3044,DL,15016,11433,4,1791.98
3327,2024-05-18 08:00:32,4729,DL,11433,13303,1,434.6
3328,2024-03-18 22:01:31,3517,DL,11193,12892,2,1186.36
3329,2024-03-25 00:53:11,2863,DL,11433,13303,2,909.05
3330,2024-07-18 14:53:35,4019,DL,12266,10397,1,595.82
3331,2024-05-22 23:54:36,2062,DL,11433,13303,1,478.33
3332,2024-02-25 01:08:03,4993,WN,13303,12478,3,1364.79
3333,2025-03-07 17:08:55,4326,DL,11193,12892,4,1381.63
3334,2024-02-08 18:04:56,3463,DL,15016,11433,1,161.56
3335,2025-08-24 10:41:24,3784,DL,11433,13303,3,701.28
3336,2025-02-19 15:09:26,4940,DL,15016,11433,3,1790.6
3337,2025-05-16 06:53:26,1592,WN,13303,12478,2,443.71
3338,2025-06-13 08:49:40,1106,DL,11433,13303,3,1714.3
3339,2025-07-02 21:18:23,2755,DL,11433,13303,3,979.54
3340,2025-02-21 17:10:24,3183,DL,14057,14869,3,1652.7
3341,2024-04-12 18:36:14,4566,DL,10397,15016,4,606.06
3342,2025-05-12 06:52:15,2738,DL,12266,10397,1,235.12
3343,2024-05-14 10:23:20,2101,DL,11433,13303,1,562.06
3344,2024-05-11 02:01:55,2269,WN,13303,12478,3,1128.91
3345,2025-07-01 10:34:17,4074,DL,14057,14869,1,168.05
3346,2025-09-03 08:02:32,2745,DL,11193,12892,2,384.79
3347,2024-01-20 10:52:28,4351,DL,11193,12892,1,547.34
3348,2024-10-27 08:30:41,4313,AA,12892,10397,2,901.47
3349,2024-06-28 22:46:10,1621,DL,12266,10397,3,1286.3
3350,2024-10-14 08:42:39,4347,DL,12266,10397,3,873.04
3351,2025-02-02 23:57:18,1164,DL,14057,14869,1,279.79
3352,2024-05-15 01:04:10,3946,DL,11193,12892,4,2119.25
3353,2024-02-04 20:17:20,2095,AA,12892,10397,1,472.2
3354,2025-03-20 15:28:47,4773,DL,11193,12892,1,515.25
3355,2025-07-24 00:26:08,2859,AA,12892,10397,1,240.78
3356,2025-09-22 01:33:15,1822,DL,11433,13303,2,803.03
3357,2024-04-30 18:28:51,4010,DL,11193,12892,4,2010.12
3358,2024-09-12 04:23:40,4078,UA,10397,12892,2,699.25
3359,2025-04-01 23:53:54,1085,DL,15016,11433,3,1412.78
3360,2024-09-23 20:29:40,3448,DL,14057,14869,2,1168.62
3361,2025-05-31 07:30:52,3310,DL,14869,12478,3,1481.08
3362,2025-09-05 19:40:15,1052,AA,12892,10397,1,497.14
3363,2025-03-10 08:58:01,1789,DL,15016,11433,1,551.37
3364,2025-08-27 10:57:54,2145,UA,10397,12892,4,1856.45
3365,2024-02-29 02:12:45,4945,AA,12892,10397,2,591.96
3366,2024-09-28 11:25:18,4855,DL,12266,10397,1,452.77
3367,2024-09-16 15:52:39,1424,DL,14057,14869,1,386.88
3368,2024-10-22 13:45:51,1209,WN,13303,12478,1,440.03
3369,2024-03-07 01:51:32,4600,DL,14057,14869,4,1859.41
3370,2024-11-17 21:43:18,2417,DL,10397,15016,2,1012.0
3371,2024-11-16 02:45:36,1186,WN,13303,12478,4,1078.88
3372,2025-01-17 03:07:12,2795,AA,12892,10397,1,165.98
3373,2024-09-26 19:47:01,1298,DL,10397,15016,1,200.69
3374,2024-01-05 16:26:55,3245,DL,11433,13303,4,2028.4
3375,2024-07-15 23:03:55,4482,UA,10397,12892,3,1295.64
3376,2024-11-18 07:16:50,1586,DL,12266,10397,4,1546.54
3377,2025-01-19 17:43:57,4232,DL,10397,15016,1,506.21
3378,2025-01-07 11:14:06,1041,DL,11193,12892,4,2253.57
3379,2024-05-15 19:46:10,1922,DL,11433,13303,1,167.21
3380,2024-08-27 14:28:28,4139,DL,11193,12892,4,1208.07
3381,2024-03-31 03:03:32,1995,DL,11433,13303,2,878.2
3382,2025-08-12 23:49:02,4488,DL,11433,13303,4,1933.95
3383,2025-06-06 21:58:28,1602,DL,15016,11433,1,387.09
3384,2025-04-24 18:29:43,3753,DL,10397,15016,1,476.17
3385,2024-02-18 09:19:36,4153,DL,14869,12478,3,1795.79
3386,2025-07-08 02:22:11,4505,DL,11433,13303,4,1646.1
3387,2025-01-07 04:38:25,1749,DL,12266,10397,1,279.56
3388,2025-01-22 13:49:40,1545,DL,14057,14869,4,2088.51
3389,2024-01-10 10:18:22,2746,DL,14057,14869,3,983.87
3390,2024-05-05 13:40:09,4007,UA,10397,12892,3,567.3
3391,2025-01-15 22:00:29,2085,UA,10397,12892,4,2268.48
3392,2024-08-06 21:22:39,1834,DL,15016,11433,1,529.81
3393,2024-06-29 10:12:28,1542,UA,10397,12892,2,1099.4
3394,2025-08-09 03:58:58,2743,AA,12892,10397,3,662.57
3395,2024-05-31 12:07:51,1933,DL,11193,12892,2,308.87
3396,2025-05-16 08:36:13,4855,DL,12266,10397,3,1228.94
3397,2025-04-22 00:36:59,1377,DL,10397,15016,4,1370.92
3398,2024-02-16 21:18:54,4546,DL,14057,14869,4,1441.6
3399,2024-03-14 06:13:20,1281,DL,14869,12478,1,313.05
3400,2025-09-15 22:18:05,4229,DL,11433,13303,2,569.92
3401,2024-05-19 09:53:09,3107,DL,11433,13303,1,177.43
3402,2024-05-10 13:56:23,2860,DL,14057,14869,1,469.78
3403,2024-10-13 17:39:25,3725,DL,14869,12478,1,584.6
3404,2025-03-12 18:18:00,3175,DL,15016,11433,2,754.66
3405,2024-02-12 22:53:08,1903,DL,11433,13303,4,1330.18
3406,2025-08-18 22:56:29,3817,DL,12266,10397,3,1543.17
3407,2025-05-06 07:31:51,3337,UA,10397,12892,2,564.04
3408,2025-05-14 18:57:26,4827,DL,11433,13303,3,1332.27
3409,2025-09-09 08:52:54,3408,DL,11433,13303,1,205.46
3410,2025-10-18 19:49:40,3389,DL,14057,14869,3,1160.81
3411,2024-01-18 17:41:56,4462,WN,13303,12478,4,971.89
3412,2024-06-11 06:57:04,3539,DL,14057,14869,4,1117.75
3413,2024-03-21 17:32:40,1627,DL,15016,11433,2,647.83
3414,2025-08-30 04:13:19,4465,DL,11433,13303,1,356.57
3415,2025-02-23 14:31:00,1755,DL,11433,13303,4,2049.12
3416,2025-01-22 23:50:42,1350,DL,14057,14869,1,364.33
3417,2025-09-03 11:38:41,2795,WN,13303,12478,4,1456.16
3418,2025-03-28 07:26:56,3684,UA,10397,12892,1,326.62
3419,2025-05-04 07:46:56,3276,AA,12892,10397,3,775.25
3420,2024-03-27 09:41:40,3777,AA,12892,10397,3,848.27
3421,2025-05-25 16:24:27,1889,DL,14869,12478,4,2382.25
3422,2024-07-29 21:26:10,3163,AA,12892,10397,2,1093.56
3423,2025-08-13 05:58:29,3723,DL,11193,12892,2,301.81
3424,2024-08-24 06:41:08,1282,DL,14057,14869,1,284.16
3425,2025-10-06 17:11:07,1923,DL,11433,13303,2,1119.15
3426,2024-10-31 02:56:19,3124,DL,12266,10397,1,337.89
3427,2024-10-26 13:12:41,4436,DL,14869,12478,3,1785.14
3428,2025-10-20 00:38:01,2937,AA,12892,10397,2,635.9
3429,2025-01-20 22:34:52,4012,DL,14869,12478,4,1528.16
3430,2024-04-13 05:04:44,2674,DL,14057,14869,2,1121.76
3431,2024-06-12 22:18:55,4990,DL,14869,12478,2,1085.07
3432,2025-07-06 05:15:28,1033,UA,10397,12892,4,1533.42
3433,2025-06-21 00:12:41,2049,UA,10397,12892,1,460.51
3434,2024-09-07 21:09:26,1823,DL,11433,13303,3,1179.17
3435,2025-06-13 11:35:19,1300,DL,11433,13303,4,1674.05
3436,2025-04-16 20:50:16,2603,DL,12266,10397,1,592.84
3437,2024-06-30 02:06:39,1032,DL,11433,13303,2,1078.93
3438,2024-08-29 01:38:54,2600,DL,14869,12478,2,834.47
3439,2024-08-20 06:57:07,1438,UA,10397,12892,3,1578.22
3440,2024-06-13 15:55:02,4682,DL,12266,10397,1,204.74
3441,2024-08-20 04:43:20,2940,DL,14869,12478,1,259.34
3442,2025-05-17 13:54:52,1570,AA,12892,10397,1,585.12
3443,2024-05-11 16:45:45,2975,DL,14869,12478,1,293.99
3444,2024-09-11 03:02:29,4396,AA,12892,10397,1,530.57
3445,2024-03-19 08:44:49,4722,DL,12266,10397,4,956.9
3446,2025-04-12 18:14:32,1524,DL,11433,13303,4,2039.25
3447,2025-07-24 07:04:47,1668,DL,14057,14869,1,597.76
3448,2024-03-22 18:19:20,2697,DL,14057,14869,1,542.56
3449,2024-11-12 01:42:33,1482,WN,13303,12478,3,1544.47
3450,2025-06-07 06:06:39,4527,DL,11433,13303,1,318.64
3451,2024-12-03 03:38:34,4702,DL,14869,12478,2,312.22
3452,2025-01-08 03:26:31,4009,DL,11433,13303,2,1077.39
3453,2025-07-04 07:32:49,4724,DL,14057,14869,3,1208.21
3454,2025-04-22 07:53:03,2347,WN,13303,12478,2,510.77
3455,2024-12-09 02:44:38,2070,UA,10397,12892,3,1079.26
3456,2024-01-26 06:41:48,1650,DL,14057,14869,4,1146.91
3457,2025-08-31 17:27:28,3697,WN,13303,12478,2,1191.75
3458,2024-11-20 00:49:20,4948,UA,10397,12892,1,155.13
3459,2024-08-18 23:50:00,1107,DL,10397,15016,2,1084.56
3460,2024-01-31 09:11:31,4293,DL,10397,15016,2,449.03
3461,2024-02-08 10:55:56,1551,DL,11433,13303,2,941.11
3462,2025-07-03 20:00:38,4723,DL,12266,10397,2,388.18
3463,2025-10-22 10:32:07,3512,DL,11433,13303,3,1312.61
3464,2025-06-21 00:43:27,1046,DL,10397,15016,1,218.72
3465,2024-05-22 05:53:57,4762,DL,12266,10397,1,473.16
3466,2025-02-03 17:38:27,2771,DL,14057,14869,2,1033.05
3467,2024-01-12 04:49:51,2019,DL,12266,10397,1,409.7
3468,2025-01-27 17:51:49,3441,DL,12266,10397,2,797.57
3469,2024-02-12 15:22:35,3877,DL,11193,12892,1,477.76
3470,2024-09-28 19:47:51,1831,DL,14057,14869,4,682.24
3471,2025-09-18 04:58:25,2340,DL,14057,14869,4,696.08
3472,2025-03-08 08:15:40,2106,DL,10397,15016,2,429.18
3473,2024-09-29 18:29:06,3649,DL,11193,12892,4,2206.13
3474,2025-02-08 09:22:15,2221,UA,10397,12892,3,1008.16
3475,2025-04-25 10:15:24,3029,UA,10397,12892,2,1109.76
3476,2025-04-06 21:20:34,2575,DL,11433,13303,3,679.64
3477,2024-04-03 12:57:51,4906,DL,11193,12892,4,2104.88
3478,2025-03-20 10:43:03,4147,AA,12892,10397,3,1320.61
3479,2024-10-22 16:16:49,2533,DL,15016,11433,4,756.54
3480,2024-10-23 12:18:15,4357,DL,14057,14869,1,416.36
3481,2025-07-01 01:38:51,2593,DL,15016,11433,3,1343.9
3482,2025-09-08 02:00:03,1153,UA,10397,12892,1,228.18
3483,2025-08-10 23:19:32,1581,DL,12266,10397,1,211.43
3484,2025-07-21 07:23:22,1772,DL,14057,14869,3,1332.9
3485,2024-12-18 14:05:27,1812,AA,12892,10397,1,548.26
3486,2024-12-03 19:27:19,3254,AA,12892,10397,2,433.62
3487,2024-12-14 10:46:57,2394,AA,12892,10397,2,1054.46
3488,2025-04-13 15:35:46,1648,WN,13303,12478,3,1709.64
3489,2025-09-14 13:00:57,3236,DL,10397,15016,4,1616.88
3490,2024-08-09 04:49:27,3211,UA,10397,12892,2,1087.25
3491,2025-07-11 20:50:07,3014,WN,13303,12478,3,830.06
3492,2025-02-03 00:38:08,3318,AA,12892,10397,2,559.93
3493,2025-06-21 20:28:49,2351,DL,14057,14869,3,1403.83
3494,2025-02-08 09:59:31,4262,DL,12266,10397,1,493.25
3495,2025-07-09 14:27:20,2025,WN,13303,12478,1,543.3
3496,2024-11-13 03:23:57,1128,DL,12266,10397,2,1014.42
3497,2024-01-26 17:58:55,2574,DL,10397,15016,3,1677.72
3498,2025-05-15 14:54:35,4852,DL,10397,15016,4,2342.32
3499,2025-10-15 10:20:42,4135,AA,12892,10397,2,1045.59
3500,2024-11-06 13:42:19,4902,UA,10397,12892,2,693.86
3501,2024-12-27 03:30:54,3722,WN,13303,12478,4,2275.42
3502,2025-03-16 03:28:30,2342,WN,13303,12478,1,199.34
3503,2025-04-20 05:21:03,1630,DL,14057,14869,2,1097.33
3504,2024-08-07 17:51:30,1906,DL,14057,14869,4,1337.95
3505,2025-08-26 02:31:13,2809,DL,11433,13303,3,1780.8
3506,2024-04-08 11:45:11,4891,AA,12892,10397,3,1536.71
3507,2024-10-21 05:13:02,4459,AA,12892,10397,3,1277.36
3508,2024-01-31 09:29:06,4524,AA,12892,10397,2,863.37
3509,2024-07-10 19:02:42,3985,DL,10397,15016,3,1354.44
3510,2024-08-20 13:35:38,2118,UA,10397,12892,3,549.49
3511,2025-06-01 05:42:17,3113,DL,14057,14869,3,1697.9
3512,2025-10-24 06:53:52,3483,WN,13303,12478,1,457.98
3513,2025-03-19 01:55:03,2108,DL,11193,12892,3,609.62
3514,2024-08-26 10:41:05,4673,AA,12892,10397,2,1053.71
3515,2025-08-11 04:21:07,2008,WN,13303,12478,4,1193.4
3516,2025-01-24 14:15:16,4427,DL,14057,14869,3,1649.25
3517,2024-05-02 06:06:45,3819,WN,13303,12478,1,501.42
3518,2024-01-14 16:12:45,3869,UA,10397,12892,3,1472.48
3519,2024-02-11 13:29:38,1570,DL,14057,14869,1,305.82
3520,2025-01-08 18:17:21,2103,WN,13303,12478,1,160.55
3521,2024-04-22 01:35:56,2937,DL,11433,13303,1,231.08
3522,2025-10-14 23:28:39,3944,DL,12266,10397,3,900.55
3523,2025-04-04 15:29:42,2986,DL,11433,13303,4,2310.15
3524,2024-04-02 21:47:04,4546,DL,14057,14869,2,770.39
3525,2024-09-11 10:36:49,3881,WN,13303,12478,3,1229.31
3526,2024-02-02 20:02:13,4900,AA,12892,10397,4,1367.63
3527,2025-09-04 14:16:12,1754,DL,11433,13303,3,1161.7
3528,2024-09-22 11:44:29,3676,DL,11193,12892,3,1749.97
3529,2025-07-17 08:08:04,4752,DL,11433,13303,3,931.58
3530,2024-12-24 08:07:40,2156,DL,11193,12892,4,757.92
3531,2024-09-03 12:59:03,3045,AA,12892,10397,1,457.67
3532,2024-10-26 12:48:06,3552,DL,14869,12478,2,979.39
3533,2024-06-16 11:26:00,3263,WN,13303,12478,3,1519.34
3534,2025-09-13 00:10:16,3419,UA,10397,12892,4,2112.1
3535,2025-06-10 07:03:56,3688,DL,10397,15016,2,510.02
3536,2024-07-28 02:35:15,4949,WN,13303,12478,4,1998.06
3537,2024-05-08 19:27:36,3571,UA,10397,12892,3,1744.22
3538,2024-11-06 15:59:02,3018,DL,10397,15016,1,274.14
3539,2024-05-02 06:36:01,4596,DL,15016,11433,2,1067.93
3540,2024-10-12 13:06:14,3816,DL,14057,14869,1,590.07
3541,2024-05-03 06:53:57,2762,DL,12266,10397,2,1065.3
3542,2025-07-08 13:09:36,3300,DL,12266,10397,2,1189.66
3543,2025-03-26 05:34:26,4511,WN,13303,12478,4,617.47
3544,2025-06-09 23:24:20,1330,WN,13303,12478,3,1501.63
3545,2025-01-14 19:28:45,3363,DL,11193,12892,4,1045.6
3546,2025-10-16 23:50:37,3128,DL,12266,10397,3,1542.04
3547,2025-02-22 21:07:36,4584,DL,11433,13303,1,460.33
3548,2024-02-24 20:20:11,2945,DL,12266,10397,2,900.55
3549,2025-10-07 01:17:08,2090,DL,15016,11433,2,387.47
3550,2025-09-24 21:18:22,3420,DL,12266,10397,1,176.72
3551,2025-05-16 20:08:59,4502,UA,10397,12892,4,925.1
3552,2024-01-18 16:43:55,4064,AA,12892,10397,1,330.98
3553,2025-01-18 15:46:37,2952,DL,10397,15016,3,1484.93
3554,2025-02-10 01:30:58,4799,UA,10397,12892,3,1233.49
3555,2024-08-02 19:42:31,4300,DL,12266,10397,3,1785.28
3556,2024-02-28 08:25:56,3884,DL,10397,15016,2,1101.17
3557,2025-07-03 14:55:28,1393,WN,13303,12478,2,435.77
3558,2025-07-15 21:32:27,3741,DL,15016,11433,3,1208.73
3559,2024-10-15 08:43:27,1258,AA,12892,10397,4,1538.7
3560,2025-06-12 18:01:35,2444,DL,11193,12892,1,548.66
3561,2024-06-11 21:13:18,4994,DL,11193,12892,4,1162.76
3562,2024-05-22 06:05:21,1212,DL,15016,11433,3,1035.41
3563,2025-05-25 07:21:05,2171,UA,10397,12892,4,2132.94
3564,2024-08-09 05:14:13,4265,DL,12266,10397,4,820.5
3565,2024-09-23 20:02:06,1184,DL,14869,12478,1,271.41
3566,2025-03-27 07:44:58,3701,DL,14869,12478,3,1792.99
3567,2024-07-31 11:08:40,2088,DL,15016,11433,1,589.36
3568,2025-03-11 17:01:49,1183,DL,12266,10397,1,217.41
3569,2024-03-20 20:40:01,3090,DL,12266,10397,2,1020.73
3570,2025-07-12 00:12:26,1598,UA,10397,12892,1,411.98
3571,2024-01-01 19:53:08,3386,DL,14869,12478,2,609.4
3572,2025-02-15 01:31:31,3184,DL,11433,13303,4,2210.22
3573,2024-05-21 03:59:17,3981,DL,12266,10397,2,1077.72
3574,2024-09-26 20:55:43,2578,DL,14057,14869,1,448.99
3575,2024-05-15 17:15:12,1932,DL,15016,11433,3,1568.97
3576,2024-09-07 22:54:21,2514,DL,14869,12478,4,652.06
3577,2024-12-09 17:57:07,2515,UA,10397,12892,1,446.42
3578,2024-12-01 08:14:04,3734,DL,10397,15016,3,1144.72
3579,2024-10-04 12:26:12,2129,DL,14869,12478,4,847.48
3580,2025-07-03 02:56:20,3720,AA,12892,10397,1,427.39
3581,2025-06-22 08:37:25,4519,DL,11433,13303,3,613.49
3582,2024-04-19 23:26:27,1910,DL,14869,12478,4,1510.57
3583,2024-02-05 16:08:52,3291,DL,15016,11433,4,2279.76
3584,2024-05-14 17:50:49,4598,DL,10397,15016,2,618.25
3585,2024-09-26 08:02:01,2149,WN,13303,12478,1,266.28
3586,2025-07-30 08:32:07,2090,DL,11193,12892,1,560.14
3587,2024-10-27 17:54:24,3865,WN,13303,12478,2,323.18
3588,2024-01-20 18:34:16,1323,WN,13303,12478,4,748.34
3589,2025-06-16 00:13:33,2997,AA,12892,10397,2,555.44
3590,2025-10-05 08:53:12,1486,DL,12266,10397,2,399.55
3591,2025-04-26 00:36:01,2891,DL,11193,12892,3,582.09
3592,2025-05-29 22:45:47,3674,DL,15016,11433,2,809.28
3593,2024-11-23 21:34:18,1331,UA,10397,12892,2,593.48
3594,2025-02-04 08:47:23,2927,DL,10397,15016,2,699.28
3595,2024-09-29 02:14:32,4546,DL,14057,14869,3,549.36
3596,2025-04-23 12:12:36,1905,DL,11193,12892,2,441.47
3597,2024-05-12 12:15:49,4163,DL,11193,12892,4,1228.87
3598,2025-09-25 06:07:37,1531,DL,10397,15016,4,1491.32
3599,2024-06-14 04:36:50,4529,AA,12892,10397,3,1413.28
3600,2024-09-23 13:30:51,3326,UA,10397,12892,3,475.82
3601,2024-01-26 21:09:00,4081,DL,12266,10397,2,846.88
3602,2025-06-19 04:12:06,1281,DL,14057,14869,2,928.33
3603,2025-04-04 07:50:23,4748,AA,12892,10397,2,521.9
3604,2024-09-02 21:21:44,1581,WN,13303,12478,1,305.97
3605,2024-10-12 00:50:51,2399,UA,10397,12892,3,687.94
3606,2025-04-05 07:23:42,4730,DL,11433,13303,1,340.7
3607,2024-03-13 03:35:44,3748,DL,11193,12892,4,611.82
3608,2024-06-16 03:33:58,3922,DL,11433,13303,1,313.36
3609,2024-08-04 15:54:52,1677,WN,13303,12478,1,295.21
3610,2025-03-28 21:44:07,3287,WN,13303,12478,2,461.25
3611,2025-07-23 17:53:38,4286,DL,11433,13303,3,1051.91
3612,2024-04-26 07:01:26,4404,DL,12266,10397,3,571.04
3613,2025-10-17 09:46:40,2489,DL,10397,15016,1,492.38
3614,2024-10-15 15:09:12,3230,DL,12266,10397,2,859.45
3615,2024-05-05 01:11:15,1611,DL,11433,13303,1,423.87
3616,2024-01-18 04:10:29,1034,DL,11433,13303,1,455.32
3617,2024-04-11 05:01:30,4740,UA,10397,12892,4,1161.06
3618,2024-11-17 05:51:21,3834,WN,13303,12478,3,848.31
3619,2024-01-12 23:33:46,4846,DL,11433,13303,1,418.37
3620,2024-09-22 10:03:29,4643,DL,15016,11433,2,1137.36
3621,2024-07-06 16:55:22,2890,DL,12266,10397,1,339.17
3622,2024-02-12 17:47:12,1981,DL,15016,11433,3,1260.96
3623,2025-08-09 16:50:08,1712,AA,12892,10397,3,1173.06
3624,2025-07-26 05:10:02,2938,DL,12266,10397,1,341.29
3625,2024-11-07 17:40:20,3083,DL,11433,13303,3,706.85
3626,2025-05-14 15:31:24,2112,DL,15016,11433,1,329.44
3627,2024-05-09 16:09:00,1961,DL,12266,10397,2,757.81
3628,2024-12-05 07:05:21,1617,DL,15016,11433,2,352.01
3629,2024-08-24 09:33:21,3444,AA,12892,10397,4,1072.97
3630,2025-07-27 14:44:33,1855,UA,10397,12892,2,658.37
3631,2025-04-17 04:41:26,2937,AA,12892,10397,3,689.23
3632,2025-05-26 20:10:56,4261,DL,15016,11433,2,756.36
3633,2025-10-07 22:42:05,4298,DL,12266,10397,1,413.38
3634,2024-05-25 13:42:26,2700,DL,11193,12892,1,188.68
3635,2024-09-18 08:16:23,1375,DL,14057,14869,2,814.77
3636,2025-08-09 03:14:46,1870,WN,13303,12478,1,182.08
3637,2024-08-03 22:19:13,4005,AA,12892,10397,1,203.58
3638,2025-05-04 17:51:19,4175,WN,13303,12478,3,1323.63
3639,2024-05-16 22:52:36,2501,WN,13303,12478,4,1589.33
3640,2024-04-04 08:58:50,4497,DL,11433,13303,4,1997.72
3641,2024-08-29 11:24:56,3663,WN,13303,12478,2,978.54
3642,2024-02-23 04:46:47,3483,DL,11193,12892,4,963.63
3643,2025-07-25 15:57:13,3989,WN,13303,12478,4,1591.26
3644,2024-07-03 23:12:51,3406,DL,12266,10397,4,982.44
3645,2025-09-15 09:19:48,2408,DL,14057,14869,4,2016.5
3646,2024-12-29 12:36:40,4142,DL,11433,13303,3,1688.63
3647,2024-05-29 16:23:03,1846,DL,14869,12478,2,490.15
3648,2025-04-25 15:55:26,1498,DL,10397,15016,3,1495.44
3649,2025-03-17 07:39:49,2483,AA,12892,10397,4,1297.92
3650,2024-10-16 01:46:55,4186,UA,10397,12892,2,323.54
3651,2024-08-07 10:21:21,4940,WN,13303,12478,2,679.12
3652,2025-07-10 21:38:59,1233,UA,10397,12892,4,1957.96
3653,2025-01-02 06:30:47,3278,AA,12892,10397,1,344.14
3654,2024-07-09 15:31:43,3934,WN,13303,12478,2,809.91
3655,2024-07-05 12:12:46,4763,WN,13303,12478,1,227.7
3656,2024-02-06 01:01:09,2210,DL,14057,14869,3,1658.33
3657,2024-12-03 07:22:33,2546,DL,14869,12478,1,310.55
3658,2025-06-05 08:38:14,3056,AA,12892,10397,4,1009.04
3659,2025-08-09 07:38:14,4449,DL,14869,12478,2,360.5
3660,2024-05-02 20:25:49,4101,DL,15016,11433,4,1679.17
3661,2025-10-11 13:19:42,1291,UA,10397,12892,2,797.14
3662,2024-11-11 18:27:33,3830,DL,14057,14869,3,886.18
3663,2025-02-12 16:02:44,3773,DL,12266,10397,4,2381.79
3664,2024-12-15 00:25:59,1694,DL,11433,13303,4,789.09
3665,2024-02-02 03:18:36,4975,DL,11193,12892,4,961.67
3666,2025-01-17 07:38:21,4848,DL,12266,10397,3,893.42
3667,2024-07-08 04:52:40,1186,AA,12892,10397,4,1123.37
3668,2025-04-13 03:02:41,3418,AA,12892,10397,2,480.99
3669,2025-06-13 17:07:48,3622,DL,14869,12478,1,343.25
3670,2024-03-09 18:17:12,3108,DL,14869,12478,3,544.17
3671,2025-05-08 21:22:53,3560,DL,11433,13303,2,966.84
3672,2024-12-13 08:30:26,4973,DL,14057,14869,4,624.73
3673,2024-05-18 18:25:47,1633,DL,12266,10397,2,635.46
3674,2024-11-24 05:10:13,1013,UA,10397,12892,2,942.95
3675,2024-05-04 10:24:48,3580,UA,10397,12892,1,538.85
3676,2025-08-06 23:08:29,2565,UA,10397,12892,2,459.71
3677,2024-01-24 02:03:28,4782,DL,11193,12892,3,549.17
3678,2024-10-09 06:39:21,3645,AA,12892,10397,3,1348.76
3679,2025-08-13 10:31:44,3649,DL,10397,15016,3,1198.1
3680,2025-04-23 18:25:34,2744,DL,10397,15016,3,1336.57
3681,2025-06-29 22:41:07,4420,DL,11433,13303,4,903.16
3682,2025-03-15 16:57:00,2064,DL,12266,10397,3,602.75
3683,2024-01-07 05:33:54,2032,UA,10397,12892,2,703.91
3684,2024-12-11 15:16:58,1226,DL,14869,12478,3,1487.18
3685,2024-05-14 13:37:13,2101,AA,12892,10397,3,1120.84
3686,2025-03-30 02:34:15,4303,DL,11193,12892,4,1892.0
3687,2025-01-05 19:33:15,2042,DL,11193,12892,4,740.7
3688,2024-02-03 03:49:50,4920,AA,12892,10397,3,1229.84
3689,2024-03-29 04:36:51,2013,DL,11433,13303,2,949.24
3690,2024-02-15 23:17:29,2569,DL,12266,10397,2,1003.08
3691,2025-04-22 21:42:36,4562,DL,15016,11433,1,228.49
3692,2024-10-28 14:37:53,3931,DL,14869,12478,3,1074.24
3693,2025-02-18 18:44:11,1261,DL,12266,10397,4,1709.6
3694,2024-06-16 05:43:16,1624,DL,11193,12892,2,325.02
3695,2025-03-28 08:30:49,4451,WN,13303,12478,4,1476.7
3696,2025-04-15 08:34:24,2278,DL,10397,15016,2,1076.41
3697,2024-01-22 17:46:51,4507,DL,11433,13303,2,1021.56
3698,2024-09-11 20:44:18,2374,DL,15016,11433,1,555.25
3699,2024-03-17 16:43:32,1934,DL,11433,13303,3,701.21
3700,2025-06-07 03:16:25,3055,DL,15016,11433,4,2375.01
3701,2024-03-25 23:53:30,1002,DL,10397,15016,3,1264.25
3702,2025-07-07 04:20:21,4341,DL,11433,13303,2,641.09
3703,2024-02-01 14:59:12,4867,DL,11193,12892,2,493.54
3704,2025-02-12 01:12:34,3772,DL,11433,13303,2,1116.26
3705,2025-03-22 16:53:13,2850,DL,12266,10397,3,1284.91
3706,2024-07-17 23:24:03,2261,WN,13303,12478,3,1170.3
3707,2024-08-10 05:36:15,1620,DL,10397,15016,4,1314.35
3708,2024-08-03 09:21:50,2053,WN,13303,12478,1,455.5
3709,2024-01-06 20:31:10,1840,AA,12892,10397,2,1066.51
3710,2024-04-11 00:44:07,3296,DL,12266,10397,4,1514.83
3711,2024-05-22 08:26:02,1017,WN,13303,12478,4,1790.49
3712,2025-06-23 10:16:34,4758,WN,13303,12478,3,1582.35
3713,2024-08-10 05:01:37,2982,DL,12266,10397,4,1034.91
3714,2025-08-27 09:02:07,1574,DL,15016,11433,4,2276.82
3715,2024-09-28 07:44:18,2847,WN,13303,12478,1,448.29
3716,2024-09-11 09:17:38,3030,DL,10397,15016,4,731.07
3717,2025-01-08 09:14:31,1655,DL,12266,10397,3,1380.1
3718,2025-04-13 11:05:02,2773,DL,10397,15016,1,413.12
3719,2024-01-26 06:31:25,2566,WN,13303,12478,4,1474.43
3720,2024-04-25 06:47:52,1020,DL,14869,12478,2,1184.74
3721,2024-11-02 17:00:27,2685,DL,14057,14869,1,582.03
3722,2024-07-28 11:51:19,4608,DL,14869,12478,1,500.22
3723,2024-04-28 20:10:01,4425,DL,14057,14869,1,489.43
3724,2025-10-06 08:43:09,2344,DL,15016,11433,2,601.04
3725,2025-01-06 23:44:00,4897,DL,11433,13303,3,558.88
3726,2024-12-02 06:01:52,2282,DL,11193,12892,4,1892.23
3727,2025-07-28 08:59:13,3492,DL,15016,11433,4,2240.4
3728,2024-12-21 00:17:41,4625,DL,11193,12892,3,942.31
3729,2024-02-17 16:48:38,1008,DL,15016,11433,2,1109.71
3730,2024-12-11 05:12:22,3044,DL,12266,10397,4,1203.8
3731,2024-03-15 09:35:15,2086,AA,12892,10397,4,2245.5
3732,2025-01-28 22:13:41,1616,WN,13303,12478,2,1078.74
3733,2024-01-18 15:58:11,4940,DL,14057,14869,4,1505.06
3734,2024-06-01 08:52:51,3660,WN,13303,12478,1,458.86
3735,2024-07-27 06:24:55,4809,DL,11193,12892,2,858.36
3736,2024-04-14 06:52:16,1262,UA,10397,12892,4,1595.68
3737,2025-03-30 05:56:50,4641,WN,13303,12478,3,1174.72
3738,2024-10-04 18:30:02,1829,DL,11433,13303,2,861.19
3739,2024-09-21 16:48:30,4143,DL,10397,15016,3,1348.29
3740,2024-05-02 01:38:27,2720,DL,12266,10397,3,1700.48
3741,2025-04-07 07:16:56,1118,WN,13303,12478,1,159.23
3742,2024-04-13 11:20:20,1724,DL,12266,10397,1,320.53
3743,2024-07-20 17:13:19,1568,UA,10397,12892,3,1010.89
3744,2025-10-23 22:57:31,4287,DL,15016,11433,3,505.68
3745,2025-05-13 22:13:17,1838,DL,14057,14869,1,187.49
3746,2024-10-12 02:02:28,3863,DL,15016,11433,2,1097.54
3747,2024-06-06 20:26:06,2958,DL,15016,11433,3,594.97
3748,2025-04-18 09:38:54,4477,DL,14057,14869,4,1603.59
3749,2025-08-20 23:50:06,4782,DL,14869,12478,3,865.81
3750,2024-04-03 20:53:47,4091,UA,10397,12892,1,558.96
3751,2024-04-19 16:21:21,1882,DL,12266,10397,4,2046.54
3752,2025-03-05 19:36:34,4347,DL,11433,13303,3,1114.85
3753,2025-06-26 19:11:53,4662,DL,11193,12892,2,1086.79
3754,2025-01-20 08:21:32,4251,DL,10397,15016,1,294.1
3755,2024-02-02 10:13:39,4708,DL,15016,11433,4,1468.74
3756,2025-10-01 18:39:40,3243,DL,11433,13303,3,921.4
3757,2025-09-27 15:59:09,3668,UA,10397,12892,3,660.37
3758,2024-12-19 19:39:05,4188,DL,12266,10397,2,1075.28
3759,2025-10-15 19:09:12,2815,DL,10397,15016,3,640.38
3760,2025-04-23 00:35:04,3766,DL,11433,13303,1,322.38
3761,2025-04-21 20:08:34,4384,DL,11433,13303,3,543.23
3762,2024-10-29 15:25:05,3078,DL,14869,12478,3,492.77
3763,2025-10-01 17:15:53,2391,UA,10397,12892,4,1544.48
3764,2025-04-01 22:35:03,1561,DL,11193,12892,3,672.76
3765,2024-05-17 14:30:42,1771,AA,12892,10397,2,1189.94
3766,2024-10-06 05:52:13,3340,DL,14869,12478,1,219.16
3767,2025-06-05 00:07:10,3100,DL,11193,12892,2,830.33
3768,2025-01-27 23:28:16,4032,DL,11433,13303,1,306.2
3769,2025-04-10 12:27:44,2126,DL,14869,12478,1,514.51
3770,2025-05-09 03:14:57,4205,DL,11433,13303,4,1064.3
3771,2025-09-05 18:04:20,2517,DL,10397,15016,3,697.83
3772,2025-08-30 16:35:18,2246,UA,10397,12892,2,1124.75
3773,2025-02-22 11:29:29,3275,WN,13303,12478,4,1761.49
3774,2025-04-25 18:06:34,4286,AA,12892,10397,3,1005.57
3775,2024-10-25 05:18:10,3618,DL,12266,10397,4,1874.94
3776,2024-08-24 08:32:11,2391,UA,10397,12892,3,1297.65
3777,2024-01-23 08:59:56,3628,DL,11193,12892,3,1380.75
3778,2025-05-29 19:42:02,3481,DL,15016,11433,2,710.21
3779,2024-07-03 17:44:55,1385,UA,10397,12892,2,453.78
3780,2024-05-22 12:22:22,2843,AA,12892,10397,4,1234.87
3781,2025-03-02 03:12:11,1551,DL,10397,15016,4,1404.93
3782,2025-10-30 03:29:40,4535,DL,10397,15016,4,795.1
3783,2024-09-14 21:15:56,3042,UA,10397,12892,3,1186.15
3784,2024-05-19 10:26:40,1536,DL,11193,12892,4,2198.42
3785,2024-05-21 00:05:23,4706,DL,12266,10397,1,330.95
3786,2025-09-12 14:51:42,3673,DL,14869,12478,1,451.13
3787,2024-06-09 15:23:29,1639,WN,13303,12478,3,1244.35
3788,2024-03-10 07:23:49,4853,AA,12892,10397,3,1106.75
3789,2025-10-26 02:42:27,3295,DL,14869,12478,2,921.65
3790,2024-10-31 02:41:46,3069,DL,11433,13303,3,670.93
3791,2024-11-06 21:40:26,2509,DL,10397,15016,1,176.81
3792,2025-06-29 01:57:16,2171,DL,14057,14869,2,1059.6
3793,2025-04-24 08:42:55,1077,AA,12892,10397,1,571.15
3794,2025-03-19 20:25:46,1669,DL,14057,14869,1,432.65
3795,2025-04-23 21:47:36,3001,DL,10397,15016,4,2003.96
3796,2025-01-16 00:56:06,3261,WN,13303,12478,1,225.16
3797,2024-12-04 16:59:03,4830,DL,11433,13303,3,551.06
3798,2024-12-23 11:39:09,2661,DL,15016,11433,4,1301.0
3799,2024-06-25 07:52:21,4389,DL,10397,15016,3,650.6
3800,2024-06-06 05:09:04,4528,DL,12266,10397,2,418.58
3801,2024-10-19 09:17:27,2149,DL,12266,10397,2,1119.45
3802,2025-07-21 08:02:29,4112,DL,10397,15016,2,955.1
3803,2024-02-22 09:53:40,3985,AA,12892,10397,1,156.1
3804,2024-03-26 17:39:29,3005,UA,10397,12892,2,447.35
3805,2024-02-02 22:04:54,4085,WN,13303,12478,3,1300.4
3806,2024-06-21 22:50:42,4236,UA,10397,12892,2,400.95
3807,2024-12-10 09:24:48,2107,DL,14869,12478,3,1343.7
3808,2025-05-17 06:02:01,1229,DL,14057,14869,4,651.78
3809,2024-03-02 20:00:29,2391,DL,10397,15016,4,773.99
3810,2025-02-10 10:36:29,2312,DL,14869,12478,3,1215.6
3811,2025-02-28 07:30:55,1946,DL,11193,12892,4,614.87
3812,2025-03-13 13:06:01,3999,DL,11433,13303,2,701.91
3813,2024-06-26 19:55:31,1970,DL,10397,15016,4,1765.08
3814,2025-03-16 22:23:13,4018,UA,10397,12892,3,1230.36
3815,2025-02-26 22:22:26,1817,DL,11433,13303,1,209.6
3816,2024-11-29 12:21:46,3372,DL,11193,12892,1,496.18
3817,2024-12-21 08:09:04,2147,DL,10397,15016,4,1892.38
3818,2024-01-27 07:13:53,3384,WN,13303,12478,4,883.24
3819,2025-04-09 03:56:55,2408,AA,12892,10397,2,901.76
3820,2024-12-04 06:13:38,1062,DL,14057,14869,1,401.07
3821,2024-04-22 18:25:35,4412,DL,11193,12892,1,436.58
3822,2024-12-30 01:52:59,1488,DL,14869,12478,3,1487.72
3823,2024-07-14 20:38:23,2925,UA,10397,12892,4,1686.69
3824,2024-09-02 20:17:54,1392,DL,12266,10397,1,492.22
3825,2025-02-03 12:20:11,2050,DL,11193,12892,1,303.19
3826,2025-03-22 11:21:46,1358,AA,12892,10397,1,156.06
3827,2024-02-12 05:08:16,4457,DL,10397,15016,2,345.95
3828,2024-06-25 15:17:48,1798,DL,14869,12478,4,1967.37
3829,2025-05-16 00:09:52,4350,UA,10397,12892,1,425.26
3830,2025-09-19 02:48:41,2889,DL,12266,10397,3,1525.49
3831,2024-11-18 14:37:48,3353,AA,12892,10397,1,559.39
3832,2024-04-02 06:31:33,3677,AA,12892,10397,4,840.91
3833,2025-02-10 03:12:29,4424,DL,11193,12892,3,659.46
3834,2025-09-16 08:45:51,2038,DL,15016,11433,4,2011.84
3835,2025-05-24 04:05:23,3145,DL,12266,10397,4,1460.94
3836,2024-12-16 12:29:30,2572,DL,11193,12892,3,1042.18
3837,2025-09-09 04:20:54,1134,AA,12892,10397,4,1970.2
3838,2024-08-05 11:27:23,3005,DL,12266,10397,1,557.07
3839,2024-03-19 18:26:30,1389,DL,14869,12478,4,723.37
3840,2024-05-30 00:45:30,1702,DL,10397,15016,2,1072.34
3841,2024-09-10 22:17:48,1158,UA,10397,12892,3,1212.6
3842,2024-10-21 10:13:54,4672,WN,13303,12478,4,1337.04
3843,2025-02-20 22:18:01,1127,DL,11433,13303,1,317.24
3844,2024-09-20 23:56:35,1150,DL,12266,10397,4,1403.53
3845,2024-09-10 20:56:50,1117,DL,14869,12478,4,824.88
3846,2024-03-15 22:33:47,3861,DL,14869,12478,1,283.85
3847,2024-02-29 01:47:09,4143,AA,12892,10397,2,829.19
3848,2024-02-13 09:46:33,1837,AA,12892,10397,3,1538.81
3849,2025-09-23 19:56:53,2738,AA,12892,10397,3,1591.11
3850,2024-11-01 04:35:04,3730,DL,10397,15016,1,553.34
3851,2024-07-29 05:34:28,1871,WN,13303,12478,4,1130.23
3852,2024-01-08 05:24:19,4608,WN,13303,12478,3,1799.09
3853,2024-01-09 05:17:40,2559,DL,11193,12892,3,744.91
3854,2025-07-30 11:44:09,2467,WN,13303,12478,3,793.07
3855,2024-01-25 11:12:09,4944,DL,14869,12478,2,1182.28
3856,2024-11-25 10:34:28,3396,DL,11433,13303,4,1371.38
3857,2024-07-05 12:21:53,3507,DL,14057,14869,3,547.79
3858,2024-12-08 19:08:24,3957,UA,10397,12892,4,974.5
3859,2024-02-11 13:12:01,3888,DL,11193,12892,3,1190.85
3860,2025-07-05 00:21:15,2836,UA,10397,12892,2,1120.98
3861,2024-05-27 09:17:39,1186,WN,13303,12478,2,874.34
3862,2025-07-30 10:01:23,1461,WN,13303,12478,3,1290.4
3863,2025-02-11 08:28:21,2079,DL,14869,12478,1,311.6
3864,2024-03-08 02:04:49,3415,AA,12892,10397,3,799.27
3865,2024-07-06 11:09:44,4065,DL,15016,11433,2,943.91
3866,2024-06-20 23:46:13,3176,DL,11433,13303,4,1029.07
3867,2024-07-06 09:30:16,3143,DL,14869,12478,3,1626.23
3868,2024-08-10 04:20:32,2198,DL,11433,13303,3,1386.28
3869,2024-02-21 09:57:13,3412,DL,10397,15016,2,691.11
3870,2024-05-18 07:16:23,2903,DL,15016,11433,2,1070.09
3871,2025-06-05 18:15:38,2706,AA,12892,10397,1,321.68
3872,2024-08-27 17:47:28,2516,DL,12266,10397,1,162.82
3873,2025-04-25 18:32:31,4397,AA,12892,10397,3,686.45
3874,2025-10-17 15:27:30,3162,DL,14057,14869,1,339.91
3875,2024-10-20 02:23:10,1029,WN,13303,12478,2,622.22
3876,2024-12-16 19:13:47,2747,DL,12266,10397,4,1973.53
3877,2025-08-01 21:51:01,2069,DL,14057,14869,4,1670.85
3878,2025-07-19 00:48:58,4817,AA,12892,10397,4,974.97
3879,2025-06-25 07:20:05,2984,DL,11433,13303,4,677.57
3880,2024-08-06 22:31:04,2390,DL,11433,13303,1,592.12
3881,2024-10-02 22:57:04,2330,AA,12892,10397,3,482.42
3882,2024-02-27 03:57:50,3008,UA,10397,12892,4,2269.28
3883,2024-02-23 04:42:38,4462,UA,10397,12892,2,532.1
3884,2024-06-17 14:10:47,3566,AA,12892,10397,2,398.48
3885,2024-05-23 01:39:19,2972,DL,11433,13303,1,195.16
3886,2024-05-30 15:58:30,4031,WN,13303,12478,4,1870.72
3887,2024-10-15 23:21:16,2484,DL,15016,11433,2,667.74
3888,2025-02-12 18:03:41,2403,DL,11193,12892,1,186.75
3889,2024-03-03 19:31:31,3990,DL,12266,10397,3,1451.91
3890,2025-08-29 00:57:08,4831,WN,13303,12478,1,568.81
3891,2024-03-29 22:23:59,3252,DL,11193,12892,1,548.08
3892,2024-09-11 17:57:07,3450,DL,12266,10397,4,1907.82
3893,2024-03-15 22:52:22,3116,DL,10397,15016,1,358.68
3894,2024-09-20 13:26:19,1241,DL,14057,14869,4,722.22
3895,2025-05-06 08:20:10,2781,UA,10397,12892,2,675.3
3896,2024-07-08 22:22:39,4106,DL,11433,13303,4,2187.69
3897,2025-09-13 17:02:30,3563,DL,10397,15016,1,330.18
3898,2024-01-11 08:56:04,3429,DL,15016,11433,3,1447.03
3899,2025-02-06 06:25:53,1878,WN,13303,12478,1,270.74
3900,2024-11-23 09:15:33,2551,DL,14869,12478,3,1519.22
3901,2024-02-01 10:34:25,1838,WN,13303,12478,3,1062.21
3902,2025-03-13 14:11:42,2338,DL,10397,15016,4,1657.76
3903,2025-08-19 16:48:16,4370,WN,13303,12478,3,1602.93
3904,2025-05-02 04:33:18,3863,AA,12892,10397,3,648.0
3905,2024-08-26 20:37:34,2643,WN,13303,12478,3,1038.84
3906,2025-07-28 17:45:50,2350,DL,10397,15016,1,499.33
3907,2025-09-13 11:02:45,4794,DL,11433,13303,2,1119.94
3908,2024-03-18 06:55:10,4021,AA,12892,10397,2,409.73
3909,2025-06-14 05:09:09,4196,DL,14869,12478,4,1152.63
3910,2024-01-24 11:28:24,1120,DL,14869,12478,1,272.37
3911,2024-02-23 12:58:08,4479,DL,10397,15016,2,1192.89
3912,2025-08-14 01:24:48,2737,DL,15016,11433,4,1281.76
3913,2024-04-13 23:07:16,2086,DL,14057,14869,2,961.24
3914,2024-03-28 20:09:24,4193,DL,12266,10397,2,500.72
3915,2025-04-23 03:26:23,4863,UA,10397,12892,4,1891.4
3916,2024-08-01 11:43:34,1275,DL,11193,12892,1,190.07
3917,2024-12-29 08:46:34,3207,DL,14057,14869,3,874.27
3918,2025-06-19 03:06:20,1755,UA,10397,12892,4,1343.54
3919,2024-12-21 18:03:22,1701,DL,15016,11433,1,541.18
3920,2025-06-18 01:03:56,2446,UA,10397,12892,2,532.14
3921,2025-02-06 10:04:06,4797,DL,14869,12478,3,1509.19
3922,2024-06-27 07:40:20,2530,DL,11433,13303,4,2091.86
3923,2024-06-20 21:28:52,1365,DL,14869,12478,3,1363.2
3924,2024-05-09 03:59:36,3257,DL,11433,13303,2,317.92
3925,2024-12-09 08:31:47,1730,DL,12266,10397,2,1172.89
3926,2025-07-29 03:33:11,1664,UA,10397,12892,1,548.45
3927,2024-07-14 02:40:34,2282,DL,10397,15016,2,863.96
3928,2025-05-14 07:12:46,1648,DL,11433,13303,3,1292.86
3929,2024-08-27 20:35:45,1862,AA,12892,10397,1,310.87
3930,2025-03-01 14:45:50,1514,DL,11433,13303,3,772.28
3931,2024-08-31 17:05:48,1118,DL,14057,14869,4,681.1
3932,2025-02-21 20:09:06,2346,DL,15016,11433,3,1767.57
3933,2025-08-25 13:31:55,2366,DL,14869,12478,4,1925.12
3934,2025-09-13 05:10:22,2266,UA,10397,12892,3,480.86
3935,2024-07-05 07:47:23,2417,DL,15016,11433,1,256.83
3936,2025-08-08 22:42:29,1977,WN,13303,12478,4,1585.84
3937,2024-12-29 07:16:51,1617,DL,10397,15016,3,1643.95
3938,2025-02-24 21:38:46,2761,DL,14869,12478,4,1543.75
3939,2025-06-21 05:04:39,2859,DL,12266,10397,1,576.57
3940,2024-01-04 22:13:27,4333,DL,14057,14869,2,878.46
3941,2024-10-06 02:15:11,3098,WN,13303,12478,4,2313.82
3942,2024-12-07 18:43:28,2365,UA,10397,12892,1,310.62
3943,2024-01-13 22:26:19,1739,DL,14057,14869,1,294.97
3944,2024-03-20 02:03:30,1670,DL,14057,14869,3,827.62
3945,2025-07-08 19:46:16,3461,WN,13303,12478,3,1186.09
3946,2025-09-11 10:06:17,1232,DL,15016,11433,2,1047.51
3947,2025-08-02 03:12:13,3516,DL,15016,11433,1,349.58
3948,2025-02-24 04:10:47,2276,DL,14869,12478,1,480.99
3949,2025-08-25 18:54:45,1765,DL,15016,11433,2,1156.57
3950,2024-06-04 22:18:52,4896,WN,13303,12478,1,518.17
3951,2025-10-21 01:48:47,1596,DL,10397,15016,1,432.64
3952,2025-02-13 15:47:41,1179,DL,10397,15016,2,548.36
3953,2025-05-09 05:19:26,1025,DL,12266,10397,4,1838.43
3954,2024-12-09 09:52:08,1381,DL,11433,13303,1,204.06
3955,2025-01-20 20:22:32,3784,DL,11433,13303,3,1370.06
3956,2024-11-18 09:50:56,4155,DL,14869,12478,3,917.7
3957,2024-11-14 20:03:58,3458,DL,11433,13303,4,2314.17
3958,2024-08-07 02:01:42,4061,DL,12266,10397,3,692.84
3959,2024-02-26 15:23:28,3133,AA,12892,10397,4,2349.36
3960,2025-06-21 10:55:29,1513,WN,13303,12478,1,511.93
3961,2024-06-07 18:01:55,2876,UA,10397,12892,4,1363.65
3962,2024-01-15 03:02:11,3616,DL,12266,10397,4,1584.45
3963,2025-10-23 10:44:53,4839,AA,12892,10397,1,350.84
3964,2024-12-13 09:26:02,2066,DL,14057,14869,2,373.7
3965,2025-08-14 17:28:04,3473,DL,12266,10397,1,329.7
3966,2024-09-18 17:41:47,2597,WN,13303,12478,1,287.64
3967,2024-08-12 10:07:31,3608,DL,10397,15016,3,523.29
3968,2025-06-08 21:49:05,3993,DL,12266,10397,2,556.76
3969,2025-09-05 03:59:29,2396,DL,12266,10397,1,445.49
3970,2024-07-20 10:07:06,2891,DL,14057,14869,1,344.83
3971,2025-07-14 20:36:25,1624,DL,14057,14869,1,346.8
3972,2024-04-23 23:59:31,3087,DL,11193,12892,3,1156.71
3973,2025-01-03 08:45:52,4664,DL,14869,12478,2,911.85
3974,2025-08-22 16:56:13,4624,DL,14869,12478,3,1134.67
3975,2024-01-27 00:35:48,1121,UA,10397,12892,1,416.0
3976,2025-09-26 20:51:57,4331,UA,10397,12892,4,1819.73
3977,2024-11-29 15:03:10,3695,DL,15016,11433,3,1277.14
3978,2025-06-18 17:41:48,1846,UA,10397,12892,4,741.57
3979,2024-06-18 12:03:41,2167,DL,10397,15016,1,548.57
3980,2024-11-09 00:10:28,4338,WN,13303,12478,4,1347.52
3981,2024-10-02 14:35:59,3500,DL,14057,14869,2,1033.18
3982,2025-04-20 12:09:22,3434,AA,12892,10397,2,1128.1
3983,2025-02-09 06:04:26,2640,DL,12266,10397,4,1781.71
3984,2025-08-19 06:50:35,3853,DL,15016,11433,4,703.09
3985,2024-06-07 13:59:01,2689,DL,14869,12478,3,768.34
3986,2025-05-10 10:41:51,2124,DL,10397,15016,4,1047.75
3987,2025-04-24 17:14:27,2787,DL,12266,10397,4,2281.11
3988,2024-07-20 18:57:04,3928,DL,14869,12478,3,620.83
3989,2025-10-21 22:48:09,3904,DL,11193,12892,1,175.53
3990,2025-04-14 17:19:01,2631,DL,14057,14869,2,665.61
3991,2025-03-17 13:35:55,2879,DL,14057,14869,1,382.49
3992,2024-05-09 11:12:15,2295,DL,14057,14869,4,1525.85
3993,2024-04-01 20:19:34,2601,DL,15016,11433,3,728.66
3994,2025-01-27 07:44:04,1283,DL,10397,15016,4,1008.12
3995,2024-03-11 22:24:04,4581,DL,14057,14869,3,614.27
3996,2025-06-05 10:55:27,2155,DL,11193,12892,1,582.8
3997,2024-03-23 03:30:41,1646,UA,10397,12892,4,1397.14
3998,2025-08-06 02:09:32,2182,DL,10397,15016,4,858.17
3999,2024-02-13 22:21:47,4592,DL,12266,10397,1,473.94
4000,2024-09-13 10:40:35,2702,DL,11193,12892,1,576.52
4001,2024-07-11 11:27:39,2384,DL,11193,12892,4,2024.72
4002,2025-07-31 00:54:53,2236,DL,15016,11433,1,380.49
4003,2024-07-14 08:08:58,2778,DL,10397,15016,1,472.33
4004,2024-07-01 17:42:35,2666,WN,13303,12478,3,590.82
4005,2024-06-28 14:04:15,3883,AA,12892,10397,4,1967.97
4006,2024-05-14 20:01:30,2356,AA,12892,10397,3,1019.63
4007,2024-01-19 21:22:00,2957,DL,11193,12892,1,158.57
4008,2025-05-22 22:04:16,1959,DL,11433,13303,1,286.11
4009,2024-03-30 02:06:40,1948,AA,12892,10397,3,1332.24
4010,2024-01-16 06:26:49,4493,AA,12892,10397,2,310.99
4011,2025-09-15 03:29:33,3640,DL,12266,10397,4,2204.67
4012,2025-10-09 07:04:00,3356,DL,10397,15016,2,917.04
4013,2025-05-06 10:51:57,1459,DL,14869,12478,4,1664.74
4014,2024-10-28 17:42:16,3005,DL,14869,12478,4,1629.35
4015,2025-03-16 05:55:08,4791,DL,12266,10397,1,153.03
4016,2024-07-10 05:53:12,2744,DL,11193,12892,1,298.58
4017,2024-05-31 20:23:27,3171,DL,14869,12478,1,343.58
4018,2024-01-06 05:09:08,3815,WN,13303,12478,2,1050.99
4019,2024-10-28 20:55:50,3633,AA,12892,10397,4,1564.71
4020,2024-02-12 19:49:24,4600,DL,15016,11433,4,1002.14
4021,2024-09-22 16:45:16,4198,WN,13303,12478,4,2237.11
4022,2024-01-28 17:58:31,2901,DL,11193,12892,1,243.02
4023,2025-02-10 11:32:39,2330,AA,12892,10397,4,1149.13
4024,2025-05-06 04:33:23,3299,DL,14057,14869,2,478.2
4025,2024-05-22 07:47:49,2336,UA,10397,12892,3,552.3
4026,2025-09-14 23:02:02,2703,DL,10397,15016,3,1195.1
4027,2025-01-23 02:11:09,1780,DL,12266,10397,1,374.18
4028,2024-09-23 15:28:29,1428,DL,14057,14869,2,749.42
4029,2024-06-14 06:42:27,4625,DL,10397,15016,3,1556.28
4030,2025-10-12 20:40:30,4008,DL,14057,14869,3,1137.57
4031,2025-07-01 05:57:57,3117,DL,12266,10397,4,2286.01
4032,2025-08-05 08:01:13,3675,DL,14057,14869,2,391.64
4033,2024-05-27 10:09:51,1822,AA,12892,10397,4,1470.24
4034,2024-11-15 20:24:10,4774,DL,10397,15016,2,911.22
4035,2024-02-19 03:58:15,4964,DL,15016,11433,4,867.3
4036,2025-01-17 19:36:06,2659,DL,12266,10397,3,1794.19
4037,2024-02-22 05:04:28,4078,DL,11433,13303,1,350.39
4038,2025-04-29 02:20:23,4345,AA,12892,10397,2,792.17
4039,2024-07-20 19:27:02,4582,WN,13303,12478,4,2287.6
4040,2025-09-23 16:13:32,1891,DL,15016,11433,3,1487.76
4041,2024-03-15 08:44:46,4180,DL,11193,12892,4,899.24
4042,2024-08-09 10:20:33,3892,DL,14057,14869,3,857.76
4043,2024-12-21 15:42:01,2980,UA,10397,12892,4,1509.0
4044,2024-11-05 23:59:57,2400,DL,12266,10397,3,1101.93
4045,2025-01-18 08:17:29,2413,DL,11433,13303,1,547.57
4046,2024-10-04 23:37:58,1019,WN,13303,12478,2,373.42
4047,2025-06-06 21:28:31,3379,DL,12266,10397,3,1268.19
4048,2025-01-26 07:16:05,1871,DL,14057,14869,3,998.7
4049,2025-09-24 06:05:53,3242,AA,12892,10397,3,1541.64
4050,2025-04-21 08:26:09,4581,UA,10397,12892,4,631.71
4051,2025-02-10 05:35:40,2762,UA,10397,12892,4,1547.19
4052,2025-06-14 12:24:01,1170,DL,12266,10397,3,681.89
4053,2024-02-04 13:33:04,3407,DL,14057,14869,3,1325.76
4054,2025-05-14 01:27:02,1745,DL,11433,13303,3,657.02
4055,2024-12-17 15:52:08,2305,DL,15016,11433,4,1894.26
4056,2024-02-01 00:03:46,3563,DL,15016,11433,4,2200.34
4057,2024-09-27 22:34:23,2585,DL,15016,11433,3,1228.0
4058,2025-06-29 17:15:21,2243,WN,13303,12478,3,1473.21
4059,2024-12-31 18:46:45,2933,UA,10397,12892,4,2077.52
4060,2024-03-16 12:22:53,3665,UA,10397,12892,2,557.48
4061,2024-11-03 22:30:43,2133,DL,15016,11433,1,245.84
4062,2025-10-20 21:11:11,4763,WN,13303,12478,1,202.18
4063,2024-06-02 23:55:33,2903,DL,12266,10397,4,1315.8
4064,2024-06-30 00:51:24,3121,DL,12266,10397,4,1133.7
4065,2024-05-11 17:30:28,4271,DL,12266,10397,2,864.23
4066,2024-05-15 01:01:06,1398,DL,10397,15016,2,358.47
4067,2024-03-07 01:09:05,4266,DL,11433,13303,3,1572.82
4068,2024-08-07 08:31:45,2861,DL,15016,11433,1,548.56
4069,2024-06-07 13:34:01,1383,DL,15016,11433,4,1792.94
4070,2024-08-03 22:00:29,3478,DL,14869,12478,4,2047.24
4071,2025-05-15 16:33:08,1614,AA,12892,10397,1,170.58
4072,2025-01-12 11:05:32,4477,AA,12892,10397,1,161.95
4073,2025-05-18 19:19:45,3181,DL,11433,13303,4,1248.4
4074,2024-11-28 00:53:12,1585,DL,11433,13303,3,1254.99
4075,2024-09-24 19:34:15,2175,DL,12266,10397,3,858.04
4076,2024-10-20 03:04:34,2462,DL,14057,14869,4,1705.7
4077,2024-10-27 03:21:00,4020,DL,14869,12478,3,718.67
4078,2025-10-23 09:32:06,2430,DL,11193,12892,2,466.53
4079,2025-08-02 17:58:00,4899,AA,12892,10397,4,1621.75
4080,2024-12-20 15:20:12,1748,DL,14869,12478,3,1069.21
4081,2024-03-07 17:53:51,2701,WN,13303,12478,2,647.9
4082,2025-04-09 08:05:47,3064,DL,11193,12892,3,1646.83
4083,2024-04-09 23:52:12,1287,DL,10397,15016,4,2091.44
4084,2024-12-23 01:25:04,2379,DL,14057,14869,2,1042.48
4085,2024-07-02 19:34:25,1340,WN,13303,12478,4,1336.2
4086,2025-05-18 04:39:54,1533,WN,13303,12478,2,472.16
4087,2024-07-22 01:18:59,4340,DL,15016,11433,4,609.22
4088,2025-07-31 12:29:24,2391,WN,13303,12478,1,467.48
4089,2024-03-31 05:02:04,3616,UA,10397,12892,1,267.09
4090,2024-12-07 19:51:13,1451,DL,15016,11433,1,309.91
4091,2024-07-16 15:39:09,3510,DL,12266,10397,4,2005.26
4092,2024-02-24 22:03:51,3212,DL,14869,12478,2,952.89
4093,2024-04-18 11:07:28,3649,DL,15016,11433,4,1930.85
4094,2024-04-18 06:52:37,1197,DL,15016,11433,3,1058.39
4095,2024-04-26 23:27:41,1828,DL,11433,13303,2,688.07
4096,2025-10-22 01:08:46,2467,DL,15016,11433,1,410.0
4097,2024-06-30 23:55:38,3933,DL,14057,14869,4,885.35
4098,2025-06-24 13:54:44,3050,DL,10397,15016,3,1606.2
4099,2024-10-11 21:00:59,4360,DL,12266,10397,1,462.3
4100,2024-02-09 13:58:05,1747,WN,13303,12478,2,1016.32
4101,2024-12-06 06:51:50,4598,DL,11193,12892,1,344.83
4102,2024-10-16 10:30:38,1101,DL,11193,12892,1,413.28
4103,2024-02-27 09:34:02,3269,DL,11193,12892,2,742.18
4104,2024-04-11 19:09:37,1045,DL,14057,14869,1,221.39
4105,2024-01-06 18:20:31,4356,AA,12892,10397,3,1397.35
4106,2025-07-06 17:12:09,2128,DL,14057,14869,2,885.55
4107,2025-02-21 15:13:17,1255,DL,14869,12478,3,842.28
4108,2024-09-16 15:43:13,2736,DL,14057,14869,2,521.12
4109,2025-06-18 05:16:18,4104,UA,10397,12892,3,1686.96
4110,2024-12-22 11:12:54,3897,DL,14869,12478,2,302.39
4111,2024-05-20 20:28:28,1226,DL,10397,15016,4,966.95
4112,2024-12-24 22:53:01,3062,UA,10397,12892,1,283.28
4113,2025-06-09 08:56:28,2387,UA,10397,12892,1,280.07
4114,2025-10-26 09:19:59,1664,AA,12892,10397,2,679.65
4115,2025-03-12 12:51:34,3690,DL,12266,10397,3,1412.74
4116,2024-02-17 08:41:23,4780,WN,13303,12478,1,391.97
4117,2025-02-08 09:42:41,4155,AA,12892,10397,1,361.51
4118,2024-04-07 10:45:29,1521,DL,10397,15016,1,506.21
4119,2025-10-10 05:02:06,4289,AA,12892,10397,3,625.08
4120,2024-12-14 01:34:10,4529,DL,11433,13303,3,1002.01
4121,2024-04-28 18:34:49,2227,UA,10397,12892,4,1718.92
4122,2024-10-14 05:06:41,3728,DL,10397,15016,2,310.28
4123,2025-05-17 13:56:23,4537,DL,15016,11433,3,1624.82
4124,2024-10-11 07:14:17,2362,DL,15016,11433,2,1037.59
4125,2024-07-05 06:08:07,1741,DL,11193,12892,1,417.41
4126,2024-10-16 23:58:59,4780,DL,10397,15016,2,441.63
4127,2024-02-14 19:45:18,2181,UA,10397,12892,2,510.49
4128,2025-08-08 13:41:32,1667,WN,13303,12478,1,233.57
4129,2024-02-02 13:01:54,1256,DL,10397,15016,3,1375.99
4130,2024-01-07 14:49:21,4787,DL,11433,13303,4,1358.96
4131,2024-08-02 19:04:32,2655,DL,11433,13303,1,557.66
4132,2025-02-18 13:36:33,4857,WN,13303,12478,2,1124.58
4133,2024-09-10 09:57:41,1238,WN,13303,12478,2,335.52
4134,2025-02-25 22:44:18,3120,DL,11433,13303,2,924.56
4135,2024-08-20 23:35:46,3550,UA,10397,12892,3,927.17
4136,2024-09-01 15:31:12,1582,DL,14869,12478,4,2322.43
4137,2024-05-20 12:53:53,2678,DL,11433,13303,1,513.93
4138,2024-02-12 19:45:20,3266,DL,15016,11433,1,421.87
4139,2025-09-08 02:39:48,2025,DL,10397,15016,2,1038.72
4140,2024-06-18 16:16:25,4717,DL,15016,11433,1,382.31
4141,2024-05-16 22:51:04,2858,DL,11193,12892,4,1676.94
4142,2025-02-04 02:23:55,4881,DL,14869,12478,3,1638.1
4143,2025-02-23 02:51:24,2450,DL,14057,14869,2,480.13
4144,2024-06-10 02:48:43,4435,DL,11193,12892,4,2369.77
4145,2025-07-19 11:46:59,1532,DL,11433,13303,2,743.3
4146,2024-05-29 17:44:40,3970,DL,14057,14869,3,753.2
4147,2024-02-21 20:25:57,1005,DL,15016,11433,3,1066.9
4148,2025-04-28 00:38:45,4038,DL,15016,11433,1,176.1
4149,2024-02-11 10:43:25,4451,DL,15016,11433,1,191.54
4150,2025-03-11 23:40:02,2144,DL,14057,14869,2,912.65
4151,2024-07-18 00:16:44,3153,WN,13303,12478,1,436.05
4152,2024-10-24 00:13:09,3414,DL,14057,14869,4,1931.02
4153,2024-10-19 22:36:16,1214,AA,12892,10397,2,640.53
4154,2025-10-11 01:09:27,4676,WN,13303,12478,4,874.33
4155,2024-05-27 19:15:46,4369,DL,11433,13303,4,904.0
4156,2024-07-23 02:40:44,4323,DL,11193,12892,2,395.58
4157,2025-10-31 21:41:52,3566,DL,10397,15016,2,326.81
4158,2025-10-05 02:05:04,1511,DL,11433,13303,1,386.73
4159,2024-01-09 19:22:31,2820,UA,10397,12892,1,457.49
4160,2024-04-28 21:51:05,4297,UA,10397,12892,3,1782.5
4161,2024-03-19 22:08:17,2501,DL,14057,14869,4,1899.42
4162,2025-06-06 10:18:48,4396,DL,11433,13303,1,159.5
4163,2024-06-12 16:29:19,2222,DL,11433,13303,3,939.89
4164,2025-09-19 06:12:48,1186,DL,11433,13303,1,344.98
4165,2024-10-16 01:12:50,1841,DL,14057,14869,4,2191.03
4166,2025-05-02 14:10:02,4192,UA,10397,12892,1,588.54
4167,2024-12-02 02:59:52,2284,UA,10397,12892,4,1206.14
4168,2024-02-16 19:49:14,2231,DL,14057,14869,1,212.84
4169,2024-10-22 11:09:53,3313,DL,12266,10397,4,1454.78
4170,2025-08-17 12:08:20,3002,DL,14057,14869,4,1826.74
4171,2024-03-24 03:35:31,2781,DL,15016,11433,4,2083.3
4172,2025-09-04 10:47:25,1341,DL,14869,12478,1,488.66
4173,2025-04-02 12:15:33,1610,DL,15016,11433,4,1112.34
4174,2025-03-13 17:07:24,3058,DL,11193,12892,1,481.54
4175,2025-04-18 09:21:44,3130,AA,12892,10397,1,577.84
4176,2025-05-27 23:15:14,2993,DL,14869,12478,2,997.31
4177,2024-09-29 21:52:15,2117,UA,10397,12892,1,431.24
4178,2025-04-29 06:01:58,3714,DL,10397,15016,2,540.11
4179,2024-11-28 05:03:11,3920,DL,11433,13303,2,799.84
4180,2025-03-12 00:02:19,1547,UA,10397,12892,1,499.66
4181,2025-05-27 03:52:56,2724,DL,10397,15016,1,391.71
4182,2024-11-24 09:59:19,3028,AA,12892,10397,4,1365.77
4183,2024-01-13 01:40:23,3370,DL,15016,11433,1,207.62
4184,2024-06-12 10:42:27,3387,DL,10397,15016,3,573.94
4185,2024-06-15 07:43:00,3693,DL,15016,11433,1,175.26
4186,2024-09-26 02:42:09,2371,AA,12892,10397,1,221.6
4187,2025-02-28 12:10:44,1939,DL,10397,15016,3,1226.24
4188,2024-06-27 09:29:50,2127,DL,14057,14869,3,1212.4
4189,2025-06-01 00:22:49,3932,UA,10397,12892,3,1043.53
4190,2025-03-26 08:11:43,1588,DL,14869,12478,4,1079.75
4191,2024-04-22 17:06:17,3724,DL,11433,13303,2,878.25
4192,2025-08-24 19:17:46,2324,DL,10397,15016,3,1507.06
4193,2025-07-02 05:17:13,4873,DL,14869,12478,1,446.58
4194,2024-02-25 16:10:34,1146,UA,10397,12892,1,190.25
4195,2025-03-28 10:50:11,1671,DL,10397,15016,3,587.82
4196,2024-02-06 06:01:37,1821,DL,14869,12478,1,520.18
4197,2024-04-03 05:14:46,1428,DL,15016,11433,4,1080.06
4198,2024-08-25 06:45:10,2850,DL,11433,13303,4,2236.65
4199,2025-06-18 19:19:25,3347,DL,11433,13303,2,317.4
4200,2024-05-21 19:40:50,1388,DL,14057,14869,2,946.21
4201,2024-11-07 23:17:31,2427,DL,14057,14869,4,838.64
4202,2024-12-19 21:18:36,1871,AA,12892,10397,3,950.43
4203,2025-02-07 12:09:07,4993,DL,14869,12478,2,509.4
4204,2025-03-25 06:24:23,4947,DL,14057,14869,2,697.56
4205,2024-01-07 07:46:34,3255,DL,14869,12478,4,953.6
4206,2024-02-22 00:21:32,3717,UA,10397,12892,3,1051.87
4207,2024-04-13 11:46:42,4203,DL,10397,15016,1,468.77
4208,2024-05-08 19:40:42,1560,DL,11433,13303,4,674.62
4209,2024-05-30 15:51:48,3029,DL,15016,11433,2,388.28
4210,2024-04-09 09:09:21,3644,UA,10397,12892,2,1109.34
4211,2024-06-25 08:45:35,1574,DL,10397,15016,1,327.84
4212,2025-03-21 21:48:21,4852,DL,15016,11433,2,849.68
4213,2025-07-28 05:14:00,1233,UA,10397,12892,4,800.66
4214,2025-05-13 21:49:05,2525,DL,14057,14869,2,1048.99
4215,2024-05-07 02:53:38,2231,UA,10397,12892,2,1047.92
4216,2025-06-14 03:15:19,1402,UA,10397,12892,3,905.33
4217,2024-08-26 11:12:30,2701,DL,12266,10397,2,1153.33
4218,2024-01-03 06:18:45,2712,DL,14869,12478,3,489.91
4219,2025-05-23 18:16:29,1439,UA,10397,12892,2,873.42
4220,2024-10-23 07:24:59,4721,AA,12892,10397,1,256.63
4221,2025-05-15 03:51:43,3934,DL,11433,13303,2,916.7
4222,2025-09-02 23:19:47,4399,UA,10397,12892,1,261.23
4223,2024-02-20 13:42:50,3841,DL,15016,11433,2,1199.45
4224,2024-10-24 08:03:15,4847,UA,10397,12892,2,965.11
4225,2025-01-27 23:10:26,1550,DL,12266,10397,4,1064.48
4226,2025-06-19 05:29:47,4255,DL,11433,13303,3,450.68
4227,2025-06-13 23:38:07,1821,AA,12892,10397,3,1216.07
4228,2024-05-14 21:57:37,4182,DL,14869,12478,4,2175.2
4229,2024-02-05 13:59:53,1843,AA,12892,10397,1,575.0
4230,2024-02-09 16:52:58,2520,DL,14869,12478,1,552.86
4231,2024-12-03 00:28:52,4641,DL,12266,10397,2,665.53
4232,2024-03-30 16:16:15,3843,DL,11193,12892,1,197.19
4233,2024-04-26 04:11:23,1716,DL,14057,14869,4,1915.52
4234,2024-06-27 05:45:45,4193,DL,15016,11433,4,1409.26
4235,2024-02-15 21:47:36,3227,WN,13303,12478,3,885.95
4236,2024-04-03 22:40:47,1875,DL,15016,11433,3,966.37
4237,2024-12-16 14:02:21,2744,AA,12892,10397,3,1082.85
4238,2025-05-31 23:39:30,3001,DL,15016,11433,4,1140.74
4239,2024-11-22 01:15:54,4234,WN,13303,12478,1,573.68
4240,2025-03-03 18:46:12,1296,DL,11193,12892,1,207.63
4241,2024-03-12 03:48:22,4891,DL,14869,12478,4,1441.61
4242,2025-05-17 12:40:12,4391,DL,11193,12892,2,868.84
4243,2024-03-05 19:22:12,1073,WN,13303,12478,4,1911.08
4244,2025-10-05 14:37:17,2334,DL,15016,11433,4,2121.03
4245,2024-02-08 04:33:27,4304,AA,12892,10397,1,207.93
4246,2025-08-06 19:43:59,3573,DL,14869,12478,3,1493.11
4247,2024-06-16 00:53:36,2367,WN,13303,12478,1,344.39
4248,2024-12-28 13:21:47,3557,DL,15016,11433,4,1401.5
4249,2025-03-02 06:33:37,2665,DL,11433,13303,1,193.22
4250,2025-10-10 05:23:11,2686,DL,14869,12478,3,617.8
4251,2024-05-25 04:37:10,3927,DL,10397,15016,4,2201.86
4252,2025-08-19 08:52:16,4723,DL,11433,13303,1,198.41
4253,2025-09-28 23:59:49,4507,DL,11433,13303,1,335.22
4254,2024-12-12 10:06:47,3633,DL,11433,13303,1,573.78
4255,2024-08-20 07:27:05,1225,DL,15016,11433,1,219.9
4256,2025-04-13 04:05:00,3187,WN,13303,12478,2,636.53
4257,2024-08-23 16:34:46,1638,UA,10397,12892,3,829.34
4258,2024-12-07 19:36:17,2753,AA,12892,10397,3,1065.46
4259,2024-11-04 15:22:34,3290,AA,12892,10397,1,187.11
4260,2024-06-28 07:33:23,2805,DL,10397,15016,4,1246.57
4261,2025-03-01 14:22:21,4254,DL,10397,15016,4,1848.47
4262,2025-10-13 06:11:14,1471,DL,11193,12892,2,420.79
4263,2024-01-14 21:08:01,4368,DL,12266,10397,1,307.37
4264,2024-01-20 07:43:03,2776,DL,15016,11433,2,529.11
4265,2024-08-15 17:38:44,3797,DL,11193,12892,4,1062.7
4266,2024-07-14 11:27:16,3537,DL,15016,11433,1,572.44
4267,2024-02-20 17:23:34,2718,DL,15016,11433,2,574.79
4268,2025-08-18 08:01:09,1441,DL,14869,12478,3,1771.98
4269,2024-03-30 10:09:45,2749,WN,13303,12478,4,938.42
4270,2024-03-10 02:39:16,1622,DL,11193,12892,4,1009.22
4271,2025-06-22 21:20:42,3871,DL,11193,12892,2,503.37
4272,2025-02-16 17:11:55,3399,DL,10397,15016,2,506.31
4273,2025-10-02 17:30:16,3493,DL,11193,12892,1,279.31
4274,2024-10-19 02:35:35,2986,AA,12892,10397,4,1805.9
4275,2025-01-04 04:02:56,1307,DL,11433,13303,2,747.38
4276,2025-03-09 14:55:31,4898,DL,14057,14869,1,229.61
4277,2024-06-03 04:23:57,3437,AA,12892,10397,4,1819.43
4278,2024-04-23 18:27:25,3469,DL,11433,13303,1,217.57
4279,2024-10-09 11:04:14,3749,AA,12892,10397,1,469.44
4280,2024-12-09 03:24:20,1910,DL,11433,13303,3,1516.36
4281,2024-01-08 18:16:03,2827,DL,11433,13303,3,723.54
4282,2025-01-10 14:07:29,4707,UA,10397,12892,1,199.64
4283,2025-05-08 15:26:42,4976,DL,14057,14869,3,1795.8
4284,2025-10-06 23:17:46,3533,DL,14869,12478,3,1349.18
4285,2024-07-02 04:25:16,3770,DL,12266,10397,2,1006.32
4286,2025-06-06 22:24:37,1958,WN,13303,12478,3,1028.81
4287,2025-04-22 11:51:39,2893,DL,10397,15016,3,1796.86
4288,2024-01-13 11:03:15,2975,DL,12266,10397,4,1196.28
4289,2025-09-04 00:38:43,3795,DL,11193,12892,2,598.77
4290,2024-12-23 23:06:53,3975,DL,11433,13303,2,608.34
4291,2024-06-06 21:37:22,1966,DL,15016,11433,2,1043.86
4292,2025-10-17 14:50:38,3799,AA,12892,10397,1,339.55
4293,2024-03-26 03:59:16,2562,DL,12266,10397,1,161.46
4294,2024-07-20 16:43:57,2448,DL,11433,13303,1,353.87
4295,2025-08-30 16:02:20,2599,DL,14869,12478,4,2119.99
4296,2024-01-29 00:04:24,4297,AA,12892,10397,2,593.2
4297,2024-12-25 22:20:55,1476,DL,11193,12892,2,1041.04
4298,2024-05-20 09:20:29,4813,AA,12892,10397,1,562.91
4299,2024-11-30 11:48:11,3169,DL,14869,12478,3,1088.03
4300,2024-05-27 23:07:38,4351,DL,11193,12892,3,722.55
4301,2025-02-19 14:34:41,4981,DL,12266,10397,4,1931.18
4302,2025-10-01 01:47:05,3269,DL,11433,13303,1,265.25
4303,2025-10-22 05:51:04,2399,DL,11433,13303,2,684.9
4304,2024-12-29 18:20:33,1590,DL,11433,13303,4,1767.26
4305,2024-03-30 16:14:53,2588,DL,14869,12478,1,221.06
4306,2024-02-06 20:53:04,1522,UA,10397,12892,3,511.6
4307,2025-06-18 07:16:09,3559,DL,10397,15016,3,1048.55
4308,2024-01-17 07:36:13,1704,DL,14869,12478,2,385.94
4309,2024-06-14 05:28:39,3190,UA,10397,12892,4,2034.97
4310,2024-09-12 20:35:02,1383,DL,10397,15016,3,928.64
4311,2024-06-11 04:01:44,4692,UA,10397,12892,4,2161.33
4312,2025-03-27 04:35:59,1406,DL,14869,12478,4,2391.36
4313,2024-12-14 19:17:33,2648,DL,11193,12892,1,199.26
4314,2024-07-04 16:05:25,4776,DL,14057,14869,3,871.12
4315,2025-03-13 09:34:52,4026,DL,14869,12478,2,333.87
4316,2025-05-21 00:23:36,4881,AA,12892,10397,3,1446.66
4317,2024-10-28 14:34:54,4720,AA,12892,10397,2,517.95
4318,2024-11-08 12:50:46,4410,UA,10397,12892,3,886.79
4319,2025-04-21 02:26:56,2461,DL,12266,10397,3,1763.3
4320,2024-03-04 20:15:29,2739,DL,11433,13303,1,218.88
4321,2025-10-08 18:05:30,3362,DL,14057,14869,4,1852.7
4322,2024-08-11 14:25:30,4354,DL,11433,13303,2,838.27
4323,2024-03-10 15:44:30,2913,UA,10397,12892,1,340.15
4324,2024-06-18 00:13:35,1302,DL,11193,12892,3,1770.47
4325,2024-10-17 23:10:28,4378,WN,13303,12478,2,673.99
4326,2024-05-20 09:12:11,3610,DL,12266,10397,2,1143.97
4327,2024-12-10 11:06:59,1851,DL,10397,15016,1,170.17
4328,2025-04-11 20:24:25,1756,WN,13303,12478,4,1477.09
4329,2024-11-25 12:03:17,4817,DL,12266,10397,4,824.38
4330,2024-01-02 06:22:28,3299,DL,11433,13303,2,806.84
4331,2024-09-18 09:45:21,4148,DL,12266,10397,2,308.19
4332,2024-11-19 00:12:40,2889,DL,11193,12892,2,329.13
4333,2024-02-16 20:56:42,2730,DL,12266,10397,4,1940.13
4334,2025-10-06 12:18:06,1461,DL,15016,11433,4,723.18
4335,2024-12-29 22:41:25,1970,UA,10397,12892,3,992.72
4336,2024-11-30 10:07:12,1672,DL,12266,10397,2,442.96
4337,2025-02-27 22:19:32,2774,DL,15016,11433,2,480.03
4338,2024-04-10 04:46:04,2518,DL,10397,15016,3,1119.67
4339,2024-05-26 02:46:15,2011,UA,10397,12892,2,1070.44
4340,2024-10-21 22:42:54,1674,DL,15016,11433,2,881.2
4341,2025-07-27 15:10:51,1427,DL,15016,11433,1,342.94
4342,2025-08-30 02:26:15,4482,UA,10397,12892,4,1773.38
4343,2024-04-13 15:18:35,1879,DL,14057,14869,3,877.91
4344,2025-07-03 13:04:41,2099,DL,11193,12892,1,488.39
4345,2024-10-31 09:27:06,1060,DL,12266,10397,2,1160.78
4346,2025-09-09 13:58:48,2634,DL,14057,14869,3,1650.14
4347,2024-05-20 05:39:16,2776,DL,12266,10397,2,854.89
4348,2025-07-21 07:44:35,1753,DL,14869,12478,3,845.27
4349,2024-03-08 09:12:22,2103,DL,10397,15016,3,923.03
4350,2024-01-19 09:30:16,3874,DL,12266,10397,2,605.87
4351,2025-01-17 23:40:31,1358,DL,14057,14869,3,1435.94
4352,2025-05-01 02:02:13,1916,DL,12266,10397,2,695.37
4353,2025-03-29 23:45:07,1478,DL,14057,14869,4,2203.46
4354,2025-07-10 14:40:56,3938,DL,10397,15016,4,2336.13
4355,2025-04-01 20:50:37,3331,DL,11433,13303,3,465.8
4356,2024-07-28 22:41:27,1370,DL,10397,15016,2,1116.16
4357,2025-07-28 13:47:14,4577,DL,11433,13303,3,1486.16
4358,2025-01-10 04:00:47,3622,DL,14869,12478,3,1514.5
4359,2024-01-25 22:19:04,2073,DL,14869,12478,3,1051.4
4360,2025-05-18 04:54:41,4485,DL,14057,14869,3,913.28
4361,2024-06-14 21:41:19,3299,DL,11433,13303,3,601.25
4362,2025-01-21 19:24:58,2106,AA,12892,10397,1,150.6
4363,2024-12-20 05:24:21,4925,DL,11193,12892,4,1987.89
4364,2025-03-14 23:41:54,4182,DL,15016,11433,3,1300.22
4365,2024-12-31 02:14:56,1280,DL,11433,13303,1,584.52
4366,2024-04-14 23:14:56,1568,DL,14057,14869,2,611.85
4367,2025-07-18 18:02:25,3448,WN,13303,12478,4,2189.62
4368,2025-06-12 19:55:35,2221,DL,11433,13303,3,1309.77
4369,2024-03-13 09:43:29,4347,DL,11193,12892,1,193.98
4370,2025-07-05 00:22:52,1638,AA,12892,10397,4,1562.56
4371,2025-04-23 10:41:07,3422,DL,12266,10397,3,1476.0
4372,2025-08-31 17:44:49,4370,DL,15016,11433,3,511.93
4373,2024-01-26 15:35:26,2436,UA,10397,12892,4,2051.57
4374,2024-06-21 08:24:53,4360,DL,15016,11433,3,562.19
4375,2024-01-14 15:58:20,1715,DL,14057,14869,4,1147.16
4376,2024-01-26 03:25:21,1240,DL,14869,12478,2,649.21
4377,2025-08-24 18:08:35,3557,DL,11433,13303,4,1513.52
4378,2024-09-19 23:07:58,4615,DL,10397,15016,4,1656.87
4379,2025-05-14 15:40:31,4598,DL,15016,11433,4,1749.64
4380,2024-06-29 05:32:38,4785,AA,12892,10397,1,344.21
4381,2025-03-25 20:49:15,2847,DL,11433,13303,2,830.61
4382,2025-03-31 07:01:01,2110,DL,15016,11433,1,491.88
4383,2024-04-25 10:46:25,2948,AA,12892,10397,3,1486.12
4384,2025-09-10 11:40:32,4615,DL,14057,14869,1,184.85
4385,2025-01-17 10:31:30,1150,DL,11433,13303,4,2023.32
4386,2024-12-14 22:33:41,1126,UA,10397,12892,4,707.35
4387,2025-05-06 01:34:54,3428,DL,14057,14869,1,513.25
4388,2025-02-22 09:10:59,1416,AA,12892,10397,2,911.22
4389,2025-01-09 15:19:11,1032,DL,10397,15016,2,1051.28
4390,2025-08-09 02:40:33,3305,DL,10397,15016,2,340.43
4391,2024-02-02 05:56:31,2333,DL,11193,12892,2,617.53
4392,2024-03-19 07:42:28,3537,AA,12892,10397,4,1299.71
4393,2024-03-24 01:23:01,1730,DL,11193,12892,4,1860.05
4394,2024-05-27 18:14:25,2404,DL,12266,10397,3,1558.41
4395,2025-04-13 11:05:51,3678,DL,14057,14869,3,849.03
4396,2025-01-11 07:08:18,2966,UA,10397,12892,3,1381.53
4397,2025-01-21 10:47:33,3956,DL,11193,12892,1,580.12
4398,2024-01-12 05:34:51,1163,DL,11193,12892,4,2295.89
4399,2024-02-17 09:43:21,1143,DL,11433,13303,4,1234.05
4400,2024-09-11 04:29:22,3317,DL,12266,10397,1,252.42
4401,2025-04-08 00:45:04,3205,DL,11433,13303,1,352.58
4402,2024-05-23 06:20:27,2673,DL,12266,10397,1,365.86
4403,2025-04-14 19:34:58,2259,UA,10397,12892,1,558.41
4404,2024-02-05 16:50:06,1617,WN,13303,12478,3,1254.66
4405,2024-05-02 22:03:12,2232,DL,12266,10397,4,726.19
4406,2024-12-30 16:15:50,2238,UA,10397,12892,4,1696.55
4407,2024-12-17 06:07:51,4987,DL,15016,11433,4,1394.91
4408,2024-06-16 02:24:24,2698,DL,14057,14869,1,517.19
4409,2025-05-22 10:54:46,4529,WN,13303,12478,3,1673.43
4410,2025-01-21 19:48:08,1513,DL,10397,15016,2,866.07
4411,2025-09-12 18:45:01,3436,AA,12892,10397,3,1421.08
4412,2025-03-01 03:47:37,1078,DL,14057,14869,1,287.38
4413,2024-02-26 02:48:57,3779,WN,13303,12478,2,1093.67
4414,2024-10-12 05:09:58,4094,DL,11193,12892,3,506.06
4415,2024-05-25 03:57:01,1455,AA,12892,10397,3,1367.16
4416,2024-11-20 01:01:21,4719,DL,14057,14869,4,2356.06
4417,2025-09-18 19:12:06,2220,DL,11433,13303,1,196.44
4418,2025-09-04 07:02:58,4064,WN,13303,12478,4,2082.85
4419,2025-10-23 14:19:29,4255,DL,11193,12892,2,651.11
4420,2024-03-15 18:09:15,4511,DL,10397,15016,2,421.89
4421,2025-10-13 11:19:09,4881,DL,10397,15016,3,781.17
4422,2024-02-03 11:29:19,3693,DL,11193,12892,1,256.09
4423,2024-03-12 11:18:37,2118,DL,11433,13303,3,1402.49
4424,2025-10-29 15:08:04,4786,DL,11433,13303,2,894.82
4425,2025-09-05 16:53:55,3722,UA,10397,12892,3,938.32
4426,2024-01-02 00:03:39,4097,UA,10397,12892,3,1000.55
4427,2025-06-28 06:24:03,4751,DL,10397,15016,4,2301.48
4428,2024-09-23 16:14:45,1125,DL,15016,11433,1,198.83
4429,2024-01-27 10:10:22,1540,DL,15016,11433,3,560.09
4430,2024-08-09 12:21:19,1935,DL,11193,12892,4,2209.68
4431,2025-02-26 04:16:09,2772,DL,12266,10397,1,491.1
4432,2024-06-18 05:53:34,1336,AA,12892,10397,3,525.21
4433,2025-06-02 09:27:30,2874,DL,15016,11433,3,1745.7
4434,2025-02-02 19:20:36,3046,DL,15016,11433,1,527.96
4435,2025-07-31 15:32:02,2439,UA,10397,12892,2,1049.25
4436,2025-10-30 02:24:08,2901,DL,11193,12892,1,417.89
4437,2025-09-15 17:24:51,4475,DL,11193,12892,4,2277.75
4438,2025-07-27 16:15:20,3938,DL,10397,15016,4,973.51
4439,2025-06-02 20:46:19,4123,DL,15016,11433,4,2346.69
4440,2024-09-29 21:06:37,3879,DL,14057,14869,1,562.13
4441,2025-10-19 14:00:45,3411,DL,14869,12478,1,219.54
4442,2024-08-01 03:28:46,3288,DL,14057,14869,3,1671.62
4443,2025-03-22 22:35:30,3033,DL,14869,12478,3,1302.5
4444,2024-03-19 12:34:32,3117,WN,13303,12478,4,2056.82
4445,2024-04-26 06:18:13,4277,WN,13303,12478,2,591.39
4446,2025-05-15 02:53:31,1392,AA,12892,10397,3,1051.62
4447,2025-02-21 06:26:31,2008,DL,14869,12478,3,1357.14
4448,2025-03-10 19:21:10,1460,DL,14869,12478,3,1142.89
4449,2025-06-30 04:53:08,4882,DL,12266,10397,1,198.61
4450,2024-03-29 12:49:04,1971,DL,10397,15016,1,198.66
4451,2024-06-30 20:53:14,1277,UA,10397,12892,4,898.86
4452,2025-06-10 08:31:45,4458,WN,13303,12478,3,1342.7
4453,2025-04-28 14:03:09,4720,UA,10397,12892,3,606.03
4454,2024-07-12 08:49:28,4317,DL,12266,10397,4,1917.13
4455,2024-01-10 15:14:46,4544,UA,10397,12892,1,374.57
4456,2024-01-21 02:30:21,3112,WN,13303,12478,4,2146.84
4457,2024-03-23 09:52:52,4887,WN,13303,12478,2,785.63
4458,2024-12-15 07:14:02,2195,DL,14869,12478,4,2001.93
4459,2025-06-09 16:57:41,2004,DL,10397,15016,1,340.93
4460,2025-02-02 22:08:31,3414,DL,14869,12478,3,679.05
4461,2025-07-30 02:55:09,4251,DL,11193,12892,1,562.65
4462,2025-06-21 08:14:16,1772,DL,15016,11433,2,980.14
4463,2025-10-26 01:19:00,3417,DL,14869,12478,3,721.57
4464,2025-07-15 08:54:42,3722,DL,14057,14869,2,957.5
4465,2024-05-23 09:41:22,2978,UA,10397,12892,3,1182.14
4466,2024-09-16 13:25:24,4792,AA,12892,10397,1,470.16
4467,2025-04-04 14:51:31,3734,WN,13303,12478,1,254.05
4468,2025-09-30 04:24:40,4995,DL,11433,13303,3,1396.32
4469,2024-12-22 16:47:45,3545,DL,12266,10397,3,683.8
4470,2025-08-28 04:05:05,3952,DL,12266,10397,2,835.08
4471,2024-06-26 05:58:26,3766,DL,10397,15016,3,1717.61
4472,2024-08-13 11:43:58,2123,AA,12892,10397,4,748.5
4473,2024-03-23 15:22:42,4527,DL,14869,12478,4,2336.66
4474,2025-02-22 01:50:59,1336,DL,12266,10397,3,739.78
4475,2025-10-15 06:14:33,4496,DL,15016,11433,2,1095.13
4476,2025-08-17 14:10:05,4223,DL,14869,12478,1,424.62
4477,2024-08-17 18:01:51,2525,DL,14057,14869,2,456.24
4478,2025-08-10 16:26:48,1577,DL,14869,12478,2,676.09
4479,2025-06-10 14:48:34,3266,WN,13303,12478,2,1135.35
4480,2024-01-14 00:01:20,4124,DL,14869,12478,1,251.13
4481,2024-07-04 01:09:22,4325,AA,12892,10397,3,1223.75
4482,2025-04-16 06:37:09,3117,WN,13303,12478,1,210.32
4483,2025-03-05 15:51:28,4692,DL,11193,12892,1,189.09
4484,2024-10-24 23:26:09,3346,DL,11433,13303,2,1028.21
4485,2024-11-11 05:54:44,2065,DL,14057,14869,1,474.92
4486,2024-12-27 21:13:47,4915,DL,10397,15016,4,1395.6
4487,2024-08-15 02:52:54,3110,DL,11193,12892,2,1028.21
4488,2025-03-24 05:00:27,3198,DL,11193,12892,2,754.79
4489,2024-03-06 00:59:25,1625,DL,11193,12892,3,1232.78
4490,2024-01-03 00:05:37,4004,DL,12266,10397,1,530.7
4491,2025-06-06 04:36:34,3253,DL,15016,11433,2,516.14
4492,2025-02-24 12:05:59,1581,DL,14869,12478,4,1176.98
4493,2024-04-04 00:44:15,1553,DL,15016,11433,4,1759.38
4494,2025-03-15 06:12:43,1444,DL,11193,12892,2,861.75
4495,2025-08-29 09:23:04,2653,WN,13303,12478,4,1946.53
4496,2025-07-12 08:41:01,4589,DL,14057,14869,4,1213.7
4497,2024-06-14 13:13:39,3486,DL,12266,10397,3,1773.56
4498,2024-03-07 23:37:35,1555,DL,14057,14869,4,946.86
4499,2024-05-03 01:24:57,3682,DL,11433,13303,4,2176.02
4500,2025-05-11 03:10:36,4075,DL,14057,14869,2,324.03
4501,2025-05-01 21:14:20,4023,DL,10397,15016,4,1067.97
4502,2024-07-11 08:18:47,3028,DL,11193,12892,3,1466.62
4503,2024-09-29 11:49:32,4056,AA,12892,10397,3,1338.43
4504,2024-09-04 03:48:15,4191,DL,12266,10397,2,974.09
4505,2024-11-01 09:30:28,4264,WN,13303,12478,2,504.9
4506,2025-01-23 11:14:35,2935,DL,15016,11433,3,1614.17
4507,2025-10-06 07:00:17,2232,DL,11193,12892,3,739.28
4508,2024-10-11 22:28:09,4203,WN,13303,12478,3,1723.22
4509,2025-05-06 14:26:32,2330,UA,10397,12892,4,1502.68
4510,2024-01-27 19:26:43,1103,DL,11433,13303,2,1122.71
4511,2024-06-27 12:28:15,2137,DL,11193,12892,4,630.14
4512,2024-12-26 00:47:55,3499,UA,10397,12892,1,514.51
4513,2024-07-11 18:35:26,3731,DL,14057,14869,3,1235.23
4514,2025-02-15 01:04:17,4088,UA,10397,12892,3,1387.9
4515,2024-11-25 05:26:32,1318,DL,12266,10397,1,248.2
4516,2024-05-28 03:37:20,1181,WN,13303,12478,2,341.0
4517,2025-09-06 07:15:23,2787,AA,12892,10397,3,1755.95
4518,2024-02-06 10:39:35,2463,WN,13303,12478,4,1734.44
4519,2025-06-29 07:50:43,4482,DL,10397,15016,4,964.38
4520,2024-10-22 06:59:30,1048,DL,14057,14869,4,1672.99
4521,2024-10-30 16:07:16,2223,AA,12892,10397,4,2008.46
4522,2024-09-25 09:36:49,3917,DL,11193,12892,4,2156.46
4523,2024-08-09 01:27:44,2262,DL,15016,11433,3,1066.32
4524,2024-01-02 14:12:21,3481,DL,14057,14869,4,892.42
4525,2024-07-29 10:52:26,3460,UA,10397,12892,2,558.81
4526,2025-10-09 12:52:02,4141,DL,14869,12478,1,510.97
4527,2024-11-16 04:38:56,3566,DL,14869,12478,2,687.87
4528,2024-12-07 22:19:46,4627,DL,11193,12892,4,943.77
4529,2024-04-08 02:03:51,3006,DL,14869,12478,3,1242.75
4530,2025-03-15 11:29:12,3206,DL,12266,10397,2,553.71
4531,2024-05-04 13:34:04,4856,DL,11193,12892,4,1577.0
4532,2024-09-02 09:09:23,4111,WN,13303,12478,3,1321.96
4533,2024-11-24 14:08:33,3630,DL,11433,13303,3,1051.55
4534,2025-09-09 05:27:25,1114,UA,10397,12892,2,441.1
4535,2024-02-19 00:17:12,3262,DL,11193,12892,3,1377.66
4536,2024-07-14 11:57:07,3078,DL,10397,15016,3,956.02
4537,2025-08-19 11:51:03,2659,DL,11193,12892,2,895.73
4538,2024-12-28 08:45:41,4778,DL,11433,13303,4,2366.23
4539,2025-02-02 16:02:44,1226,WN,13303,12478,2,658.19
4540,2025-05-25 17:30:01,1752,DL,11433,13303,1,475.52
4541,2024-12-05 09:41:40,2515,AA,12892,10397,2,983.84
4542,2025-05-12 06:27:56,3112,DL,10397,15016,4,649.56
4543,2025-05-11 01:55:48,1578,DL,14869,12478,1,209.41
4544,2025-01-28 19:36:28,1788,DL,10397,15016,1,565.5
4545,2025-06-08 22:05:14,1459,DL,14057,14869,3,773.81
4546,2024-11-30 23:36:20,1143,DL,14869,12478,3,1380.27
4547,2024-10-27 15:50:13,1369,DL,10397,15016,4,1570.11
4548,2025-10-31 00:50:41,2974,DL,15016,11433,3,1274.81
4549,2024-09-30 11:17:16,4163,DL,11433,13303,1,374.18
4550,2025-09-16 16:10:58,1313,AA,12892,10397,3,1299.7
4551,2024-04-28 16:15:17,2639,DL,12266,10397,2,1065.67
4552,2025-07-22 13:34:24,4049,DL,14869,12478,2,1122.37
4553,2025-03-26 20:10:28,1915,DL,15016,11433,1,345.95
4554,2025-02-08 03:05:26,1614,AA,12892,10397,2,524.29
4555,2024-10-15 02:02:04,1553,DL,14057,14869,1,223.42
4556,2024-08-24 05:57:54,3479,DL,14869,12478,3,947.31
4557,2024-07-17 23:42:28,3446,DL,15016,11433,3,1782.93
4558,2025-02-01 14:50:06,4416,DL,10397,15016,3,1191.21
4559,2024-03-05 13:42:03,1616,AA,12892,10397,3,749.68
4560,2024-07-16 12:15:58,4926,DL,11433,13303,1,315.75
4561,2025-08-03 19:09:49,4675,DL,10397,15016,2,362.57
4562,2025-09-06 09:07:54,4329,AA,12892,10397,1,332.75
4563,2024-07-04 17:55:56,2172,DL,14869,12478,2,1191.99
4564,2025-09-01 18:50:11,1110,DL,12266,10397,4,2296.76
4565,2024-05-02 10:24:44,1727,UA,10397,12892,2,996.41
4566,2025-02-22 03:31:56,4566,DL,10397,15016,3,588.84
4567,2024-12-27 03:34:17,3320,DL,11193,12892,4,1877.89
4568,2025-06-09 12:43:49,4618,DL,14057,14869,4,801.44
4569,2024-09-05 21:59:50,1068,DL,11433,13303,3,1705.96
4570,2024-03-28 09:06:44,2004,WN,13303,12478,4,2147.33
4571,2024-05-26 23:13:37,2334,DL,10397,15016,2,426.46
4572,2025-05-04 02:12:04,2600,DL,15016,11433,3,474.92
4573,2024-09-04 18:48:56,3020,DL,11433,13303,2,914.39
4574,2025-10-21 10:31:54,2448,DL,11193,12892,2,349.14
4575,2025-02-05 00:40:00,4875,DL,10397,15016,3,1687.94
4576,2025-10-23 09:16:56,4225,DL,15016,11433,1,398.09
4577,2025-04-23 04:16:58,4949,AA,12892,10397,3,508.68
4578,2024-03-16 00:53:47,3756,UA,10397,12892,4,1405.21
4579,2025-04-02 09:03:23,1623,DL,14869,12478,4,2266.1
4580,2024-11-03 17:21:07,4897,DL,11433,13303,3,1422.74
4581,2025-06-29 18:19:07,2401,DL,10397,15016,4,1714.27
4582,2024-09-15 14:52:26,1004,DL,14057,14869,4,2358.73
4583,2024-06-01 16:57:26,1715,DL,14057,14869,2,1132.64
4584,2025-09-05 08:47:10,1536,DL,14057,14869,3,1312.06
4585,2024-08-25 00:48:35,1739,DL,11433,13303,3,1208.37
4586,2024-12-24 00:08:14,2066,DL,12266,10397,1,382.17
4587,2024-07-08 13:42:25,4795,DL,12266,10397,4,1482.37
4588,2024-01-28 19:37:25,4546,UA,10397,12892,2,419.79
4589,2024-09-16 14:01:16,3664,AA,12892,10397,1,565.3
4590,2024-07-14 14:03:45,4438,DL,14869,12478,4,1338.78
4591,2024-01-01 15:24:17,1510,DL,11193,12892,2,926.51
4592,2024-10-05 11:26:43,3417,DL,12266,10397,3,1075.65
4593,2024-02-06 14:34:14,2336,UA,10397,12892,3,1061.72
4594,2024-03-18 22:20:42,4646,DL,11433,13303,2,751.64
4595,2025-10-03 19:13:56,3824,DL,15016,11433,2,844.58
4596,2024-06-12 17:00:48,3217,DL,12266,10397,4,1323.96
4597,2025-08-11 19:49:25,1800,DL,14869,12478,4,1321.32
4598,2025-02-07 03:44:41,3652,DL,11433,13303,1,313.25
4599,2025-04-11 14:40:23,2212,DL,14057,14869,3,1589.12
4600,2025-05-06 20:10:27,1728,UA,10397,12892,3,912.67
4601,2024-08-15 04:16:26,1854,UA,10397,12892,2,486.97
4602,2025-05-29 12:48:26,1448,DL,11433,13303,2,338.97
4603,2025-02-05 01:37:18,3373,DL,10397,15016,1,165.8
4604,2025-03-25 20:00:07,4416,DL,10397,15016,2,814.98
4605,2025-02-12 08:26:22,2697,DL,10397,15016,1,463.05
4606,2025-09-10 15:40:27,2793,DL,14057,14869,1,453.1
4607,2025-05-30 23:19:40,1306,AA,12892,10397,3,513.78
4608,2025-04-25 21:36:25,4129,DL,11433,13303,3,1700.24
4609,2025-05-01 18:38:11,3264,DL,10397,15016,2,804.88
4610,2024-05-10 08:46:08,2501,DL,10397,15016,4,2226.56
4611,2025-08-21 09:33:37,1133,DL,14869,12478,1,500.43
4612,2024-06-17 20:54:48,2948,UA,10397,12892,3,657.27
4613,2024-04-27 05:21:02,3725,UA,10397,12892,4,1787.9
4614,2024-03-25 06:45:35,1640,WN,13303,12478,2,971.31
4615,2024-07-12 14:00:46,1982,UA,10397,12892,4,1713.17
4616,2024-06-19 20:02:31,4174,AA,12892,10397,1,361.28
4617,2024-09-23 07:14:03,2680,AA,12892,10397,4,1018.85
4618,2025-09-13 16:57:05,2367,DL,14057,14869,3,1567.55
4619,2024-08-11 09:37:07,2948,DL,10397,15016,2,1015.69
4620,2025-09-11 20:01:50,4456,DL,10397,15016,1,490.95
4621,2024-02-20 14:24:28,2346,DL,14057,14869,3,1707.07
4622,2025-10-21 22:57:06,3671,WN,13303,12478,4,1796.0
4623,2024-01-23 17:46:05,3519,DL,14057,14869,4,1708.82
4624,2024-04-30 01:41:24,4185,DL,14869,12478,1,407.93
4625,2024-11-04 16:38:56,1060,DL,15016,11433,4,2285.58
4626,2025-05-14 00:01:47,3877,WN,13303,12478,4,2062.7
4627,2024-10-26 02:00:44,2143,DL,11193,12892,4,2260.9
4628,2024-03-29 03:20:10,4767,DL,15016,11433,4,2002.32
4629,2025-06-24 12:38:42,4395,DL,12266,10397,2,747.41
4630,2024-12-11 18:42:17,1308,AA,12892,10397,4,855.55
4631,2024-01-04 05:31:08,1612,DL,15016,11433,4,2381.17
4632,2025-02-02 04:14:16,4268,DL,12266,10397,1,372.7
4633,2024-02-07 05:24:01,2692,DL,14869,12478,1,259.9
4634,2024-07-20 01:32:37,3357,DL,11193,12892,1,349.0
4635,2025-09-03 03:29:57,3551,AA,12892,10397,2,924.17
4636,2025-08-27 22:34:46,3847,AA,12892,10397,3,1552.61
4637,2024-01-18 16:06:16,2433,DL,14057,14869,3,1773.84
4638,2024-06-08 10:42:38,3488,DL,14869,12478,4,1079.75
4639,2024-08-16 06:51:15,2514,UA,10397,12892,1,469.82
4640,2025-08-16 00:26:34,4783,DL,15016,11433,2,531.44
4641,2024-12-22 03:41:41,3457,DL,11193,12892,1,303.37
4642,2025-02-24 09:47:09,3629,AA,12892,10397,1,171.5
4643,2025-08-07 03:53:24,3586,AA,12892,10397,4,1926.52
4644,2024-09-19 04:04:31,1407,WN,13303,12478,3,1211.17
4645,2024-03-31 06:16:01,4876,DL,15016,11433,3,710.02
4646,2025-09-17 22:46:29,3080,DL,12266,10397,4,1582.81
4647,2025-05-19 19:10:29,2154,DL,12266,10397,1,526.72
4648,2025-09-19 22:38:53,3037,WN,13303,12478,3,931.63
4649,2025-03-04 12:08:16,3613,AA,12892,10397,1,263.32
4650,2024-04-27 06:06:40,1394,DL,10397,15016,2,775.36
4651,2025-06-07 00:17:32,3764,DL,15016,11433,1,345.42
4652,2025-08-13 08:59:22,3728,DL,11433,13303,4,1152.72
4653,2024-04-23 04:24:54,1213,AA,12892,10397,2,362.93
4654,2024-04-10 22:54:41,3213,DL,11433,13303,2,334.71
4655,2025-09-06 21:05:58,1224,DL,10397,15016,4,818.41
4656,2024-01-25 20:44:05,4262,WN,13303,12478,4,1587.98
4657,2024-03-21 02:15:23,1491,AA,12892,10397,4,1204.61
4658,2024-05-02 21:50:04,3706,DL,15016,11433,4,1624.73
4659,2025-08-02 07:08:56,2724,DL,14057,14869,2,695.1
4660,2024-02-12 16:22:47,2495,DL,11433,13303,2,403.24
4661,2025-02-19 02:45:00,2797,DL,12266,10397,2,320.78
4662,2024-01-20 04:11:43,1575,DL,15016,11433,2,792.76
4663,2025-08-05 12:51:50,3106,AA,12892,10397,1,164.69
4664,2025-07-20 00:24:28,2569,UA,10397,12892,3,811.08
4665,2025-07-30 17:10:25,3002,WN,13303,12478,3,699.36
4666,2024-07-07 07:33:38,1555,DL,11193,12892,1,533.97
4667,2024-07-31 04:50:48,1291,UA,10397,12892,1,524.51
4668,2024-08-09 11:13:04,3169,DL,14057,14869,4,1956.87
4669,2024-06-19 23:01:25,3386,DL,12266,10397,1,215.03
4670,2025-04-11 10:57:44,1293,DL,12266,10397,4,1177.09
4671,2024-02-19 05:13:21,4360,DL,12266,10397,3,890.19
4672,2025-03-07 23:35:16,3307,AA,12892,10397,4,646.97
4673,2024-05-28 09:20:58,4172,DL,14869,12478,4,1482.72
4674,2025-07-25 10:03:26,3321,DL,11433,13303,2,653.94
4675,2024-12-23 01:54:04,3305,DL,14057,14869,4,1899.76
4676,2024-02-12 22:55:54,4403,DL,11193,12892,1,270.34
4677,2025-09-14 19:04:05,1698,DL,12266,10397,1,542.3
4678,2024-06-27 18:11:51,3616,DL,12266,10397,3,1443.45
4679,2024-06-18 18:00:50,2393,WN,13303,12478,1,354.52
4680,2024-05-26 10:38:10,4632,WN,13303,12478,4,675.49
4681,2025-06-27 14:13:01,4633,DL,12266,10397,4,1088.04
4682,2024-12-07 08:01:54,4790,DL,12266,10397,3,713.3
4683,2024-04-29 08:04:04,2258,DL,14057,14869,4,2158.85
4684,2024-01-06 20:55:04,1250,AA,12892,10397,1,341.21
4685,2025-06-20 20:23:43,1710,WN,13303,12478,1,278.7
4686,2024-03-30 05:00:03,1738,UA,10397,12892,1,285.01
4687,2025-05-15 23:37:08,2299,WN,13303,12478,3,1753.18
4688,2024-10-05 02:34:08,4999,DL,11193,12892,3,1117.7
4689,2024-06-19 19:11:46,3696,DL,14869,12478,4,908.34
4690,2025-08-13 11:35:55,3148,AA,12892,10397,3,1427.0
4691,2024-02-17 15:48:38,4340,DL,14869,12478,2,878.99
4692,2025-04-28 21:44:36,3258,DL,14057,14869,1,513.47
4693,2025-03-30 22:23:10,2433,UA,10397,12892,1,219.07
4694,2025-10-30 08:58:37,3046,DL,14869,12478,4,1757.04
4695,2024-08-02 09:57:27,4163,DL,14869,12478,1,508.29
4696,2025-05-27 15:48:37,2308,AA,12892,10397,1,237.96
4697,2024-02-21 04:46:16,2941,DL,14869,12478,1,541.19
4698,2025-01-02 08:37:29,3238,WN,13303,12478,3,733.44
4699,2025-03-26 07:15:49,4970,DL,15016,11433,3,1034.63
4700,2024-07-12 07:19:46,4569,DL,11433,13303,3,1440.04
4701,2025-01-22 13:54:52,1954,DL,15016,11433,4,1725.49
4702,2025-08-13 00:12:00,3724,UA,10397,12892,4,1750.96
4703,2025-08-14 00:59:13,3882,DL,14057,14869,4,1435.22
4704,2025-03-31 05:53:20,3490,UA,10397,12892,4,1380.95
4705,2025-01-12 11:19:00,2337,UA,10397,12892,4,1606.19
4706,2024-07-06 12:55:12,1134,DL,14869,12478,3,538.38
4707,2025-04-06 13:58:33,3622,DL,11433,13303,2,1148.04
4708,2025-07-22 19:04:42,3337,DL,10397,15016,1,410.5
4709,2024-07-04 03:05:30,1060,DL,10397,15016,4,2386.44
4710,2024-03-08 05:38:53,2550,DL,11433,13303,2,407.67
4711,2024-01-29 01:22:57,2299,DL,11433,13303,3,1216.58
4712,2025-06-17 03:16:46,4647,DL,11433,13303,4,2240.44
4713,2024-07-08 05:48:14,4530,DL,14869,12478,4,2184.17
4714,2024-04-18 16:00:37,3394,UA,10397,12892,4,1160.77
4715,2024-08-03 23:24:00,2947,WN,13303,12478,1,349.76
4716,2025-03-02 22:19:40,3515,UA,10397,12892,1,564.0
4717,2024-12-23 19:28:04,3520,AA,12892,10397,3,907.5
4718,2025-07-12 05:35:52,3760,DL,11193,12892,3,1280.52
4719,2025-10-21 20:11:52,4844,UA,10397,12892,2,907.14
4720,2025-04-10 19:07:09,1401,DL,10397,15016,2,799.98
4721,2024-06-08 20:00:53,3848,DL,14869,12478,4,1094.42
4722,2024-08-14 16:00:59,4626,DL,14869,12478,1,173.07
4723,2025-10-23 22:10:39,4485,DL,11193,12892,3,1022.64
4724,2025-03-09 10:23:08,3652,AA,12892,10397,2,858.73
4725,2025-04-24 06:46:22,2623,WN,13303,12478,3,603.53
4726,2024-02-20 05:35:34,3061,DL,14869,12478,1,476.32
4727,2024-12-06 01:29:57,2202,AA,12892,10397,3,1618.43
4728,2025-08-04 23:15:11,3044,DL,10397,15016,2,474.88
4729,2025-04-15 11:41:13,4321,DL,11433,13303,3,960.35
4730,2025-02-04 03:22:44,3102,DL,11193,12892,1,463.3
4731,2024-09-09 15:17:53,1672,DL,10397,15016,1,475.72
4732,2024-07-12 13:35:51,4645,DL,12266,10397,3,1426.15
4733,2024-08-27 21:10:39,2742,UA,10397,12892,1,264.49
4734,2024-04-07 01:04:14,1893,AA,12892,10397,1,265.88
4735,2024-12-19 11:27:14,3835,DL,10397,15016,1,269.86
4736,2025-04-26 20:49:37,3640,DL,10397,15016,1,467.81
4737,2024-05-08 23:53:59,4390,DL,15016,11433,2,1108.52
4738,2024-09-28 18:54:23,2221,DL,12266,10397,4,844.55
4739,2024-02-28 16:08:46,4707,DL,11193,12892,3,1661.75
4740,2024-10-15 10:20:35,1840,DL,10397,15016,1,559.09
4741,2025-10-16 23:47:40,2733,DL,14869,12478,3,1375.43
4742,2025-09-17 15:09:07,3836,AA,12892,10397,4,2365.47
4743,2024-02-21 06:18:09,3307,WN,13303,12478,1,167.63
4744,2025-08-06 11:48:57,2233,DL,10397,15016,2,538.55
4745,2024-12-01 23:45:35,4383,WN,13303,12478,2,943.95
4746,2025-09-28 09:51:31,4792,UA,10397,12892,2,998.7
4747,2024-11-07 23:32:04,1177,DL,14869,12478,1,236.46
4748,2025-08-15 02:59:04,4558,DL,10397,15016,3,676.96
4749,2024-11-29 00:24:00,3120,DL,11193,12892,3,1514.26
4750,2024-10-15 11:01:54,3343,DL,11193,12892,3,825.2
4751,2025-01-14 03:52:06,1797,DL,11433,13303,4,2290.14
4752,2024-06-27 00:19:44,1320,DL,10397,15016,1,361.6
4753,2024-10-14 03:15:13,4124,DL,14869,12478,3,927.99
4754,2025-05-08 12:59:05,3019,DL,11193,12892,2,1019.29
4755,2024-09-29 04:05:13,1116,UA,10397,12892,1,513.23
4756,2024-07-07 17:17:11,1746,DL,14869,12478,2,967.3
4757,2025-08-13 03:53:45,2184,AA,12892,10397,1,183.47
4758,2024-03-26 09:16:18,3820,DL,12266,10397,4,2276.7
4759,2025-02-10 14:35:36,4906,DL,14057,14869,2,755.59
4760,2024-01-02 05:26:12,4869,AA,12892,10397,3,1313.76
4761,2024-01-29 20:08:25,4948,DL,12266,10397,1,430.5
4762,2024-08-18 20:35:10,1247,DL,10397,15016,1,344.61
4763,2024-06-06 05:03:28,4161,AA,12892,10397,1,173.17
4764,2025-09-29 06:16:40,2959,AA,12892,10397,1,321.63
4765,2025-08-14 09:31:48,3034,DL,15016,11433,1,575.34
4766,2024-01-08 19:04:24,1186,DL,11433,13303,2,484.23
4767,2024-08-29 18:37:19,3832,WN,13303,12478,2,813.75
4768,2024-06-19 20:20:55,3863,AA,12892,10397,4,1113.12
4769,2024-02-09 10:55:15,3817,DL,15016,11433,4,1270.58
4770,2024-09-18 15:13:04,2419,DL,10397,15016,4,1926.43
4771,2025-07-10 11:33:25,1510,DL,14869,12478,2,824.79
4772,2024-11-18 12:22:40,4382,DL,14869,12478,4,1776.93
4773,2024-01-28 17:45:58,3360,UA,10397,12892,1,289.51
4774,2024-09-27 12:22:36,1054,DL,11433,13303,4,773.32
4775,2025-05-20 10:02:34,1235,DL,15016,11433,2,686.34
4776,2024-11-18 04:16:48,2927,DL,15016,11433,3,1220.09
4777,2024-11-03 10:02:01,1101,DL,14057,14869,4,1482.36
4778,2025-04-25 02:53:03,2688,DL,15016,11433,1,396.51
4779,2024-08-21 22:26:42,3063,DL,15016,11433,3,1650.68
4780,2024-07-06 12:34:58,3372,DL,14869,12478,4,1480.39
4781,2024-09-06 00:08:40,4153,DL,14869,12478,1,378.4
4782,2024-11-30 06:52:52,4508,WN,13303,12478,2,827.6
4783,2024-06-14 19:25:21,4248,UA,10397,12892,4,1497.9
4784,2025-05-18 13:56:27,3301,DL,15016,11433,1,435.66
4785,2025-06-19 01:57:47,4989,AA,12892,10397,4,1002.67
4786,2024-09-15 12:37:10,2575,DL,12266,10397,3,788.98
4787,2024-04-20 21:05:50,1625,UA,10397,12892,4,1893.25
4788,2025-01-13 21:54:52,1328,DL,11433,13303,3,1273.44
4789,2024-07-23 10:05:44,3911,DL,14869,12478,3,1378.04
4790,2025-02-23 01:57:26,2574,AA,12892,10397,3,1287.43
4791,2024-09-13 10:42:03,1569,DL,11193,12892,1,214.22
4792,2025-01-01 04:23:07,4179,DL,14869,12478,4,2352.42
4793,2025-07-20 11:39:51,3536,DL,12266,10397,1,327.95
4794,2025-04-02 07:52:42,2440,UA,10397,12892,3,1025.4
4795,2025-09-30 16:05:03,1850,DL,14869,12478,3,1291.37
4796,2025-01-12 23:50:42,1250,AA,12892,10397,3,1552.66
4797,2024-08-18 09:35:46,3343,AA,12892,10397,1,272.64
4798,2025-08-05 12:26:43,4564,DL,11193,12892,1,312.68
4799,2025-05-20 04:03:46,2522,DL,11193,12892,3,643.44
4800,2025-03-19 12:17:03,1325,DL,14057,14869,1,279.86
4801,2025-07-03 17:21:55,3879,DL,11193,12892,3,1301.02
4802,2025-07-30 22:35:01,3545,AA,12892,10397,4,1185.22
4803,2025-06-04 00:11:39,3332,WN,13303,12478,1,248.85
4804,2025-05-08 09:18:13,4106,DL,14057,14869,2,1147.54
4805,2025-08-15 11:09:41,4475,DL,14869,12478,4,632.39
4806,2025-08-15 17:15:49,4752,DL,15016,11433,2,1139.43
4807,2024-05-26 17:59:41,1101,DL,14869,12478,2,505.49
4808,2025-02-23 11:34:48,1781,DL,14057,14869,2,322.77
4809,2025-08-31 18:25:11,2425,UA,10397,12892,4,2293.15
4810,2025-07-22 20:57:51,4891,DL,11193,12892,1,327.94
4811,2024-11-23 23:49:19,1459,WN,13303,12478,3,728.6
4812,2025-07-01 14:46:40,4750,DL,14057,14869,4,1842.94
4813,2025-04-02 04:14:24,1788,DL,15016,11433,1,398.44
4814,2025-03-16 10:45:42,4768,WN,13303,12478,1,590.96
4815,2025-08-10 09:11:17,1601,DL,14869,12478,2,837.37
4816,2025-01-23 02:38:53,3987,DL,14057,14869,2,1002.69
4817,2025-03-31 05:17:14,3235,DL,11193,12892,1,390.62
4818,2025-05-15 07:02:27,1269,DL,11433,13303,3,951.19
4819,2024-10-19 07:38:03,3794,DL,12266,10397,4,2106.59
4820,2024-10-27 01:44:03,3550,DL,10397,15016,4,639.16
4821,2025-07-05 00:59:11,2675,DL,11193,12892,1,351.9
4822,2024-08-13 22:04:31,1312,AA,12892,10397,3,1154.99
4823,2025-01-28 09:44:05,4082,DL,14057,14869,1,510.78
4824,2025-04-13 01:17:34,4134,DL,15016,11433,3,1053.34
4825,2024-01-21 21:08:07,1159,DL,11433,13303,1,301.81
4826,2024-04-11 10:10:16,2299,DL,11433,13303,1,374.49
4827,2025-03-13 07:14:53,1124,DL,15016,11433,1,421.43
4828,2025-06-04 09:16:19,1309,AA,12892,10397,2,445.51
4829,2024-06-13 16:26:36,4058,DL,11433,13303,4,1527.03
4830,2024-04-05 11:39:55,4905,WN,13303,12478,3,466.03
4831,2024-03-08 15:39:06,4722,DL,12266,10397,3,560.64
4832,2025-08-16 16:52:27,4022,DL,15016,11433,3,1706.82
4833,2025-09-21 14:40:44,4805,DL,11433,13303,4,1596.82
4834,2024-12-10 01:38:12,3094,DL,11193,12892,2,1142.27
4835,2024-12-08 03:08:31,4241,DL,14869,12478,2,366.63
4836,2025-01-28 08:25:02,4423,DL,12266,10397,2,1148.61
4837,2024-11-11 16:25:02,4010,DL,11193,12892,1,392.05
4838,2024-10-11 22:27:15,4380,WN,13303,12478,4,2145.07
4839,2024-09-04 01:30:45,4570,DL,14869,12478,1,295.72
4840,2024-04-26 22:03:00,2293,DL,12266,10397,1,567.88
4841,2024-10-24 11:12:49,4877,DL,14057,14869,3,533.07
4842,2024-01-11 13:37:44,4030,UA,10397,12892,2,1022.54
4843,2025-08-09 03:43:16,2727,DL,15016,11433,3,1546.86
4844,2025-07-22 06:47:12,2021,WN,13303,12478,3,894.82
4845,2024-01-07 03:21:03,2172,DL,11193,12892,1,153.46
4846,2024-01-19 16:12:41,4856,WN,13303,12478,4,1348.04
4847,2024-03-06 00:36:25,2913,DL,14869,12478,2,734.81
4848,2024-07-20 09:53:41,4539,WN,13303,12478,1,441.14
4849,2025-01-26 22:42:59,3930,DL,11433,13303,1,402.12
4850,2024-09-13 11:20:18,4510,DL,15016,11433,1,268.29
4851,2025-09-19 22:16:12,2942,DL,15016,11433,1,339.81
4852,2025-02-22 03:04:00,1319,DL,14057,14869,4,1766.57
4853,2025-10-11 01:04:00,3262,DL,14869,12478,3,1600.17
4854,2024-04-22 05:52:18,2405,WN,13303,12478,4,1156.34
4855,2025-01-14 10:20:54,1575,DL,14057,14869,3,705.31
4856,2024-07-17 18:21:07,2774,DL,10397,15016,4,824.25
4857,2024-10-26 12:50:50,3857,AA,12892,10397,4,1012.85
4858,2024-11-13 17:32:00,1198,DL,14869,12478,1,169.82
4859,2024-05-05 14:03:38,3093,DL,10397,15016,1,331.12
4860,2025-05-28 00:51:01,4823,DL,14057,14869,3,1547.17
4861,2025-08-15 16:19:37,3233,UA,10397,12892,3,1148.11
4862,2025-10-13 08:30:05,4759,DL,11433,13303,2,477.35
4863,2025-07-09 08:54:18,2293,WN,13303,12478,2,390.73
4864,2024-04-24 00:31:04,3333,DL,12266,10397,1,257.75
4865,2024-01-29 17:54:43,3295,DL,12266,10397,4,1776.57
4866,2025-03-07 19:43:42,3100,DL,12266,10397,3,869.39
4867,2025-03-27 15:49:11,4269,WN,13303,12478,4,1586.36
4868,2024-08-14 02:40:35,4207,AA,12892,10397,2,914.57
4869,2024-06-09 06:59:30,4147,DL,11433,13303,2,1119.91
4870,2024-05-25 10:23:57,4402,WN,13303,12478,2,551.52
4871,2025-10-18 20:52:37,4169,UA,10397,12892,1,462.76
4872,2025-07-23 08:21:16,3204,UA,10397,12892,2,1174.9
4873,2024-09-09 20:24:50,1896,DL,15016,11433,1,307.28
4874,2025-07-22 06:49:36,4109,DL,10397,15016,1,355.11
4875,2024-01-31 20:15:33,3753,DL,15016,11433,1,280.66
4876,2025-03-14 12:12:56,3564,DL,14057,14869,1,429.44
4877,2025-09-05 20:10:23,3172,DL,11433,13303,1,158.88
4878,2025-08-05 07:29:26,4320,UA,10397,12892,3,1499.89
4879,2024-10-30 07:55:37,4447,DL,14869,12478,4,726.17
4880,2025-08-12 05:07:17,2878,DL,11433,13303,1,462.25
4881,2025-08-13 01:08:41,1827,DL,14869,12478,4,1109.77
4882,2025-07-21 21:03:35,3852,DL,14869,12478,1,490.81
4883,2025-07-18 16:31:16,1928,DL,14869,12478,3,1555.85
4884,2024-11-01 22:03:33,1172,WN,13303,12478,3,948.99
4885,2025-06-15 02:56:03,1032,DL,15016,11433,2,372.54
4886,2024-02-16 07:48:55,1833,AA,12892,10397,2,751.51
4887,2025-02-17 08:05:17,4964,DL,10397,15016,4,1206.78
4888,2024-05-01 03:39:04,1362,AA,12892,10397,2,595.35
4889,2024-11-05 18:50:16,1323,UA,10397,12892,1,275.83
4890,2024-01-11 03:18:14,1792,AA,12892,10397,1,543.27
4891,2024-11-21 15:33:52,4342,WN,13303,12478,4,700.46
4892,2024-02-05 08:16:09,4405,DL,10397,15016,2,389.05
4893,2025-06-09 05:15:34,1435,UA,10397,12892,1,161.64
4894,2025-06-30 23:10:56,1962,DL,10397,15016,2,686.03
4895,2024-05-15 01:32:03,3166,WN,13303,12478,2,590.5
4896,2025-05-13 03:57:32,1286,DL,11193,12892,2,748.84
4897,2024-02-02 22:02:25,4545,DL,10397,15016,3,783.61
4898,2024-01-01 06:33:36,4988,DL,14869,12478,1,299.79
4899,2024-10-26 10:24:22,3163,DL,15016,11433,4,1819.0
4900,2024-02-17 14:36:16,1295,DL,10397,15016,3,1458.8
4901,2025-02-05 20:45:16,3384,AA,12892,10397,2,364.06
4902,2024-06-15 22:13:30,3716,DL,15016,11433,4,935.44
4903,2024-05-27 04:39:33,1977,DL,14869,12478,3,798.48
4904,2025-02-17 03:02:40,3868,DL,14057,14869,2,417.44
4905,2024-01-25 06:21:56,1418,DL,14869,12478,3,464.96
4906,2024-12-25 01:23:58,2668,AA,12892,10397,2,347.27
4907,2025-04-27 15:57:21,3701,WN,13303,12478,4,2006.66
4908,2024-04-29 19:15:38,3653,DL,14057,14869,3,467.43
4909,2024-02-01 09:27:16,1677,DL,10397,15016,3,1627.83
4910,2025-02-12 08:07:34,4259,DL,12266,10397,2,514.46
4911,2024-06-11 05:35:21,3829,UA,10397,12892,1,223.17
4912,2024-12-20 13:42:25,3820,DL,14057,14869,3,1476.08
4913,2024-11-19 07:39:17,2917,UA,10397,12892,4,951.32
4914,2025-07-11 16:31:08,4336,AA,12892,10397,2,929.78
4915,2024-11-22 18:47:21,3500,DL,14869,12478,1,368.42
4916,2025-04-07 07:41:18,1487,AA,12892,10397,1,534.78
4917,2024-09-18 17:40:17,3391,AA,12892,10397,4,1404.07
4918,2025-10-20 13:17:27,4393,DL,10397,15016,2,765.28
4919,2025-03-23 15:16:15,3405,DL,10397,15016,4,1654.92
4920,2025-05-18 08:39:44,3593,DL,11433,13303,2,584.93
4921,2024-06-22 00:41:07,1854,DL,14869,12478,2,541.73
4922,2024-05-04 23:27:15,2541,DL,12266,10397,4,1934.5
4923,2024-12-22 16:04:40,2756,DL,10397,15016,4,1188.19
4924,2025-09-13 15:47:02,3978,DL,15016,11433,2,937.53
4925,2024-12-19 00:31:50,2136,WN,13303,12478,3,1388.71
4926,2024-04-08 15:07:32,1358,DL,14869,12478,3,542.88
4927,2024-08-26 23:44:34,3304,DL,14057,14869,2,1173.29
4928,2025-07-04 16:56:48,2810,DL,15016,11433,3,1728.09
4929,2025-05-15 11:08:07,3280,DL,15016,11433,2,979.37
4930,2024-11-10 14:46:29,3346,DL,12266,10397,1,561.8
4931,2025-08-19 14:29:58,2763,DL,14869,12478,2,333.24
4932,2025-05-15 07:04:42,1790,DL,12266,10397,1,224.89
4933,2025-09-17 21:58:25,4619,WN,13303,12478,2,509.83
4934,2025-03-13 12:13:23,1090,DL,11433,13303,4,1721.34
4935,2025-07-03 23:59:17,1997,DL,12266,10397,4,2313.54
4936,2025-06-01 21:29:52,3009,DL,14869,12478,2,1098.87
4937,2025-04-12 23:23:06,3479,DL,11433,13303,1,450.08
4938,2025-07-24 14:50:01,1335,DL,14057,14869,3,803.18
4939,2024-03-17 00:54:50,3860,WN,13303,12478,2,335.09
4940,2024-10-04 09:20:38,1433,DL,11433,13303,3,1484.58
4941,2024-07-16 08:35:28,4465,DL,14869,12478,1,465.25
4942,2025-08-18 14:01:47,4164,AA,12892,10397,2,576.72
4943,2024-03-05 19:32:33,2618,DL,10397,15016,2,1027.08
4944,2025-04-26 20:46:08,3888,WN,13303,12478,4,1739.94
4945,2024-08-26 13:28:40,2487,DL,12266,10397,4,2312.78
4946,2025-04-24 11:40:04,2650,AA,12892,10397,2,1147.95
4947,2024-12-03 03:42:11,2090,DL,12266,10397,2,907.23
4948,2024-05-21 10:11:56,3235,AA,12892,10397,1,234.87
4949,2024-07-13 08:59:22,2436,DL,15016,11433,3,598.33
4950,2025-07-22 08:44:59,3379,DL,10397,15016,3,773.8
4951,2024-01-31 06:11:53,4417,DL,14057,14869,3,1417.99
4952,2024-10-20 06:43:34,4309,DL,12266,10397,2,308.85
4953,2025-09-13 08:14:59,4171,AA,12892,10397,4,1784.88
4954,2025-03-22 00:59:43,3636,DL,12266,10397,3,455.27
4955,2024-01-05 20:37:28,1645,UA,10397,12892,1,381.53
4956,2024-03-12 21:38:03,2301,DL,14057,14869,3,872.21
4957,2025-07-03 03:39:09,4264,DL,10397,15016,4,1450.74
4958,2024-11-22 13:42:59,1620,DL,11433,13303,1,153.88
4959,2025-08-01 20:12:25,4314,AA,12892,10397,3,1374.74
4960,2024-12-15 11:50:21,3647,DL,12266,10397,1,548.53
4961,2025-01-15 01:32:47,2315,DL,15016,11433,4,1871.33
4962,2025-03-29 22:03:06,4822,DL,11433,13303,4,845.8
4963,2024-01-31 02:09:28,1617,DL,12266,10397,4,1883.02
4964,2024-06-04 10:35:59,1766,DL,15016,11433,1,506.45
4965,2025-08-28 19:24:40,3243,DL,14869,12478,1,316.39
4966,2024-07-02 04:14:08,3637,DL,14869,12478,2,1182.41
4967,2024-02-22 13:51:10,4929,DL,15016,11433,1,589.81
4968,2025-03-29 06:27:53,1752,DL,12266,10397,4,1337.01
4969,2025-06-02 15:21:02,4892,DL,14869,12478,4,1003.22
4970,2025-05-24 02:24:46,1836,UA,10397,12892,4,718.49
4971,2025-02-28 18:49:12,1083,UA,10397,12892,3,1183.37
4972,2024-11-15 15:01:56,1576,UA,10397,12892,2,854.13
4973,2024-12-28 14:51:22,1638,UA,10397,12892,4,1119.62
4974,2025-06-05 16:45:09,4964,DL,12266,10397,4,871.28
4975,2025-10-02 15:06:36,2773,DL,15016,11433,1,334.38
4976,2025-04-02 21:12:44,3306,WN,13303,12478,2,523.15
4977,2025-05-25 05:49:02,1660,DL,10397,15016,1,198.51
4978,2024-07-16 15:53:03,4883,AA,12892,10397,1,324.27
4979,2025-04-08 18:27:47,2098,WN,13303,12478,4,2035.6
4980,2025-10-16 20:53:45,2138,AA,12892,10397,3,604.69
4981,2024-06-02 00:23:48,2605,DL,11193,12892,1,427.67
4982,2025-02-08 05:06:26,2192,DL,14057,14869,2,949.15
4983,2024-03-24 15:06:48,4609,DL,11193,12892,1,547.97
4984,2025-06-21 06:17:08,1386,DL,10397,15016,4,2278.55
4985,2025-05-29 17:22:25,2001,DL,10397,15016,3,1287.98
4986,2024-03-06 01:32:29,3546,DL,12266,10397,4,2320.1
4987,2024-01-21 17:02:51,3533,DL,14057,14869,3,1484.64
4988,2025-07-03 09:22:22,4394,UA,10397,12892,1,193.29
4989,2025-09-12 06:18:36,1025,DL,11193,12892,4,1001.32
4990,2025-06-02 02:31:52,4683,DL,14869,12478,4,1228.41
4991,2025-07-26 07:05:39,4952,UA,10397,12892,4,1455.68
4992,2025-09-12 00:58:13,1189,WN,13303,12478,2,336.32
4993,2024-10-29 20:01:06,1651,DL,11433,13303,4,635.47
4994,2024-11-01 03:09:14,2305,DL,14869,12478,2,509.8
4995,2024-01-24 20:03:52,3576,UA,10397,12892,3,932.53
4996,2024-11-26 22:39:13,2400,AA,12892,10397,3,1409.25
4997,2025-10-06 23:13:11,3477,WN,13303,12478,4,723.92
4998,2024-02-09 09:55:29,1388,AA,12892,10397,1,561.53
4999,2025-08-11 10:18:36,3987,AA,12892,10397,3,1018.17
5000,2025-05-23 15:15:09,2221,DL,14057,14869,3,978.81
5001,2024-12-15 07:01:25,3274,DL,14869,12478,4,900.73
5002,2025-03-01 00:54:59,1199,DL,15016,11433,3,1231.42
5003,2024-08-03 11:50:21,1121,DL,10397,15016,4,845.1
5004,2024-06-04 05:26:57,1048,DL,10397,15016,3,1087.69
5005,2025-06-01 08:37:38,1790,DL,11433,13303,1,393.55
5006,2024-02-19 16:31:56,1397,DL,14869,12478,3,1214.55
5007,2025-06-13 06:50:18,3643,AA,12892,10397,3,1791.74
5008,2024-10-02 13:34:45,4250,DL,14869,12478,1,397.47
5009,2025-09-05 08:11:20,4028,DL,14869,12478,2,913.54
5010,2025-04-11 19:28:07,2131,UA,10397,12892,1,573.17
5011,2025-01-08 03:37:58,2064,AA,12892,10397,2,1177.91
5012,2024-02-01 23:17:01,4005,DL,14869,12478,1,546.12
5013,2024-11-29 12:19:53,2173,DL,11433,13303,2,887.09
5014,2025-05-08 08:33:39,1627,DL,14869,12478,2,740.64
5015,2025-06-12 05:35:38,2311,AA,12892,10397,3,465.39
5016,2025-06-03 08:51:07,1580,UA,10397,12892,4,1139.28
5017,2024-03-12 23:22:32,3863,WN,13303,12478,1,463.87
5018,2024-12-09 14:43:12,1128,WN,13303,12478,4,1634.07
5019,2024-06-18 12:46:10,4380,DL,11433,13303,3,480.03
5020,2024-06-10 08:13:04,3702,DL,12266,10397,3,959.96
5021,2024-01-17 19:23:34,1737,DL,14057,14869,4,1586.05
5022,2025-07-10 16:48:36,3478,DL,14057,14869,1,192.7
5023,2024-06-09 10:07:28,1884,DL,11193,12892,4,785.07
5024,2024-06-05 23:26:55,1387,DL,14869,12478,1,570.68
5025,2025-03-08 05:56:55,4325,DL,11433,13303,4,1302.95
5026,2025-04-08 07:13:36,4555,UA,10397,12892,2,819.52
5027,2024-12-10 13:40:13,1154,DL,12266,10397,1,210.62
5028,2025-04-16 03:27:51,3074,DL,11433,13303,2,1157.02
5029,2024-09-24 17:35:59,2494,DL,12266,10397,3,1716.64
5030,2024-08-20 19:23:21,3440,AA,12892,10397,4,2319.02
5031,2024-05-11 05:47:43,2376,WN,13303,12478,1,354.24
5032,2024-07-07 03:19:41,2283,DL,11433,13303,1,335.49
5033,2024-02-09 05:40:30,1624,DL,10397,15016,2,905.34
5034,2024-03-04 14:58:36,3552,UA,10397,12892,4,655.87
5035,2024-05-14 23:56:59,4858,DL,14869,12478,4,1619.55
5036,2024-12-02 10:07:06,4288,DL,14869,12478,1,524.85
5037,2024-07-28 13:25:38,3255,WN,13303,12478,3,472.28
5038,2025-06-13 12:05:03,2450,DL,11193,12892,2,1064.72
5039,2024-11-21 00:46:54,4482,WN,13303,12478,3,625.31
5040,2025-08-29 11:27:33,2001,DL,12266,10397,1,344.0
5041,2025-06-15 23:20:38,2422,DL,14057,14869,1,577.75
5042,2024-12-01 03:38:40,3937,DL,12266,10397,3,1229.91
5043,2024-12-02 01:17:49,1542,DL,14869,12478,4,2394.45
5044,2025-09-22 09:25:23,1367,UA,10397,12892,2,648.88
5045,2024-07-24 23:52:56,1091,DL,10397,15016,3,1378.44
5046,2024-04-15 13:46:45,3099,DL,11433,13303,4,1901.77
5047,2024-05-15 12:21:17,3153,DL,15016,11433,4,1961.68
5048,2025-07-01 18:02:14,4538,DL,11193,12892,2,730.36
5049,2025-08-29 18:54:40,3348,DL,15016,11433,4,657.94
5050,2025-02-08 02:57:37,4266,WN,13303,12478,3,1386.82
5051,2025-05-19 06:36:34,1888,DL,14057,14869,3,1758.06
5052,2024-09-17 06:32:29,1414,DL,11193,12892,2,1106.7
5053,2025-08-29 17:42:43,1418,DL,14869,12478,4,847.42
5054,2024-05-05 03:45:33,3249,DL,14057,14869,3,1162.43
5055,2025-08-14 22:05:16,4799,DL,11433,13303,4,789.52
5056,2025-01-06 08:10:55,2333,AA,12892,10397,2,822.03
5057,2025-02-03 22:51:24,4011,DL,12266,10397,4,1948.44
5058,2024-08-26 10:38:45,4703,DL,14057,14869,4,1989.41
5059,2025-02-13 16:29:27,4665,UA,10397,12892,3,484.61
5060,2025-08-23 11:33:04,3388,DL,15016,11433,4,1441.26
5061,2024-08-07 15:16:43,3663,WN,13303,12478,1,352.61
5062,2024-10-26 16:05:45,1402,DL,14057,14869,2,842.77
5063,2024-11-06 07:56:53,2267,DL,11193,12892,4,744.95
5064,2025-06-29 18:26:56,2291,WN,13303,12478,2,407.81
5065,2024-02-23 14:54:45,1461,DL,12266,10397,2,442.74
5066,2024-12-19 07:18:09,1268,AA,12892,10397,3,1178.81
5067,2024-05-15 20:13:52,4852,DL,15016,11433,1,383.2
5068,2024-10-10 14:18:59,2691,DL,11433,13303,4,1754.48
5069,2025-08-12 00:39:50,3846,AA,12892,10397,4,1295.77
5070,2024-10-30 13:39:07,2065,AA,12892,10397,2,462.22
5071,2025-04-16 03:57:40,4933,DL,14869,12478,2,907.74
5072,2025-08-30 23:38:26,3584,DL,11193,12892,3,1228.88
5073,2025-01-07 09:14:13,1698,WN,13303,12478,1,342.97
5074,2025-07-06 03:44:13,4107,AA,12892,10397,1,413.24
5075,2024-02-22 06:38:49,4624,DL,11193,12892,4,1965.75
5076,2025-04-07 16:47:54,1557,DL,11193,12892,1,191.61
5077,2025-09-09 23:21:27,1272,DL,12266,10397,3,789.52
5078,2024-01-27 12:27:17,1031,DL,15016,11433,3,1518.67
5079,2024-04-30 02:36:48,2942,DL,15016,11433,4,1452.89
5080,2024-04-13 02:46:27,4758,DL,10397,15016,2,355.15
5081,2025-09-19 19:49:47,2020,DL,11433,13303,2,991.47
5082,2024-07-17 00:36:04,4510,DL,10397,15016,3,723.45
5083,2025-08-17 04:12:19,1300,DL,10397,15016,1,301.71
5084,2025-05-21 06:38:19,3622,UA,10397,12892,4,2040.7
5085,2025-10-03 03:40:16,2814,DL,10397,15016,2,629.98
5086,2025-07-19 23:01:49,1162,DL,11433,13303,2,543.72
5087,2024-07-27 17:02:20,3134,DL,10397,15016,2,1076.02
5088,2025-10-29 11:29:52,3746,DL,11193,12892,2,846.45
5089,2024-09-27 21:04:30,4134,DL,14057,14869,2,992.24
5090,2025-08-10 12:25:12,1906,DL,12266,10397,2,1107.91
5091,2025-04-24 05:54:03,4867,DL,14869,12478,2,504.9
5092,2025-10-24 11:16:33,4494,DL,10397,15016,1,535.91
5093,2025-05-14 15:57:45,4980,UA,10397,12892,2,406.14
5094,2024-04-17 10:40:15,1415,WN,13303,12478,4,2237.78
5095,2024-09-19 01:50:59,3129,DL,11193,12892,3,984.58
5096,2024-11-10 12:20:13,3265,DL,11193,12892,4,1142.72
5097,2025-03-23 22:37:48,2758,DL,10397,15016,2,595.33
5098,2025-05-14 23:35:58,2169,WN,13303,12478,2,954.64
5099,2025-10-10 05:43:15,2542,DL,11433,13303,1,306.83
5100,2024-07-03 14:59:26,1682,WN,13303,12478,3,553.26
5101,2025-07-10 11:40:10,4370,DL,10397,15016,1,532.69
5102,2024-08-02 06:51:14,4294,DL,11193,12892,2,425.95
5103,2025-04-08 02:49:48,1048,WN,13303,12478,4,652.47
5104,2025-01-09 00:29:08,4212,WN,13303,12478,1,206.18
5105,2025-04-11 13:58:06,4542,UA,10397,12892,1,337.31
5106,2025-04-01 20:25:55,3687,DL,15016,11433,1,573.87
5107,2025-05-24 10:26:07,1197,DL,12266,10397,3,772.86
5108,2024-01-23 13:05:21,1508,UA,10397,12892,3,1783.03
5109,2024-11-28 10:27:56,3524,DL,14057,14869,2,416.41
5110,2024-04-11 17:35:42,3474,WN,13303,12478,3,1020.01
5111,2025-09-21 14:10:03,2463,DL,12266,10397,4,2256.57
5112,2025-01-20 13:42:06,2841,UA,10397,12892,3,573.16
5113,2024-07-12 00:34:50,1259,DL,15016,11433,4,1906.25
5114,2024-05-31 11:59:35,3158,DL,14869,12478,1,503.08
5115,2025-03-09 00:15:44,2245,DL,10397,15016,2,876.27
5116,2025-02-08 21:37:14,1495,UA,10397,12892,4,951.07
5117,2025-01-26 03:09:59,1132,DL,12266,10397,4,1018.19
5118,2024-06-07 07:15:06,3478,DL,15016,11433,1,451.35
5119,2025-06-09 05:11:51,4067,UA,10397,12892,1,384.97
5120,2025-04-23 06:47:34,1166,DL,12266,10397,1,504.38
5121,2025-03-21 16:55:12,1303,AA,12892,10397,1,235.68
5122,2025-04-01 09:36:17,1244,DL,11433,13303,4,1012.56
5123,2024-01-30 06:42:59,3938,DL,10397,15016,2,951.25
5124,2025-03-05 02:30:18,1112,DL,15016,11433,3,1068.39
5125,2025-06-15 21:30:28,3556,DL,14057,14869,1,556.73
5126,2025-06-01 11:11:33,2241,UA,10397,12892,3,563.06
5127,2024-04-10 16:34:50,1895,UA,10397,12892,2,337.6
5128,2025-09-07 11:34:42,2815,DL,14057,14869,1,546.12
5129,2024-08-10 14:02:09,3417,DL,11193,12892,1,544.69
5130,2025-09-13 04:42:32,3246,WN,13303,12478,1,410.82
5131,2025-01-03 11:47:51,4924,AA,12892,10397,4,1377.89
5132,2024-07-19 20:15:21,2214,WN,13303,12478,1,283.55
5133,2024-06-10 02:28:25,2995,WN,13303,12478,3,545.66
5134,2025-04-08 12:46:15,2886,DL,11433,13303,3,653.55
5135,2025-07-13 18:36:22,3006,DL,11433,13303,3,1392.02
5136,2025-07-30 09:09:42,4484,DL,14869,12478,3,1081.15
5137,2024-11-01 08:21:31,2516,DL,14057,14869,3,909.58
5138,2025-03-15 01:49:26,2044,DL,10397,15016,3,1576.79
5139,2024-08-11 04:01:09,1979,DL,14869,12478,1,442.21
5140,2025-03-16 11:43:07,3027,DL,12266,10397,2,772.34
5141,2024-01-19 23:35:28,2677,AA,12892,10397,2,581.18
5142,2025-06-26 10:29:05,1370,DL,11433,13303,2,909.96
5143,2025-05-25 02:35:13,2703,DL,14869,12478,1,276.2
5144,2024-01-04 20:07:08,3184,WN,13303,12478,1,584.0
5145,2025-03-02 12:42:26,1315,WN,13303,12478,2,647.33
5146,2025-08-29 02:32:04,2682,DL,11433,13303,4,884.84
5147,2024-10-21 22:13:08,4918,AA,12892,10397,1,530.95
5148,2024-08-17 23:34:49,2606,DL,11433,13303,2,752.08
5149,2025-04-25 17:52:40,4460,AA,12892,10397,3,914.53
5150,2025-07-08 20:28:08,4497,DL,11433,13303,4,1839.75
5151,2025-03-21 19:00:24,3081,DL,12266,10397,3,1739.83
5152,2024-12-09 08:32:34,4390,WN,13303,12478,4,2118.52
5153,2025-01-15 18:06:55,1445,WN,13303,12478,4,1997.89
5154,2025-08-21 02:12:08,2641,DL,15016,11433,3,1065.29
5155,2024-05-03 07:02:26,4895,DL,14057,14869,1,279.59
5156,2025-09-18 16:42:08,2126,DL,11193,12892,1,501.01
5157,2025-08-20 20:13:03,1101,WN,13303,12478,2,336.09
5158,2024-02-12 05:15:34,4435,DL,12266,10397,3,692.63
5159,2024-04-26 21:54:59,3235,AA,12892,10397,4,790.95
5160,2025-05-27 22:17:40,2709,WN,13303,12478,3,1230.91
5161,2024-07-27 02:44:52,2129,WN,13303,12478,1,211.34
5162,2025-02-24 08:04:01,4762,DL,14869,12478,4,1506.69
5163,2025-10-20 15:31:00,2424,DL,11193,12892,2,340.13
5164,2025-07-29 12:20:41,2208,DL,11433,13303,4,1105.42
5165,2024-07-26 23:50:41,3264,UA,10397,12892,3,799.87
5166,2025-06-24 15:01:54,1099,DL,15016,11433,1,387.04
5167,2025-06-11 11:24:58,3302,WN,13303,12478,4,1119.47
5168,2024-03-19 11:52:41,1781,DL,14057,14869,4,1867.02
5169,2024-10-30 06:14:42,2190,DL,12266,10397,1,228.61
5170,2024-09-22 06:36:58,2276,UA,10397,12892,4,1743.06
5171,2025-10-03 19:11:01,1568,WN,13303,12478,2,323.59
5172,2025-03-03 20:37:21,3390,DL,14057,14869,2,574.34
5173,2025-09-06 02:55:09,1005,DL,12266,10397,4,1594.16
5174,2024-03-22 06:19:25,3785,DL,15016,11433,1,539.4
5175,2025-06-14 21:36:30,2339,WN,13303,12478,3,1535.82
5176,2025-07-21 13:48:06,2908,DL,11193,12892,2,1169.26
5177,2025-09-11 18:15:01,1348,DL,12266,10397,1,543.98
5178,2024-02-02 06:28:31,3052,AA,12892,10397,2,485.13
5179,2024-11-06 06:28:37,2602,DL,11193,12892,3,1280.39
5180,2025-01-07 06:03:10,4353,DL,14057,14869,2,562.33
5181,2024-02-01 06:15:30,1247,DL,12266,10397,3,1305.35
5182,2024-07-15 04:17:38,4769,DL,14057,14869,4,2203.64
5183,2024-08-31 22:51:30,2544,WN,13303,12478,2,1127.5
5184,2025-05-13 01:05:33,4924,UA,10397,12892,3,1439.46
5185,2025-03-31 19:39:20,4663,DL,15016,11433,2,396.95
5186,2024-04-23 15:16:45,1463,DL,15016,11433,3,1021.61
5187,2024-11-28 14:28:32,1862,DL,10397,15016,2,657.97
5188,2024-11-26 21:22:27,4168,AA,12892,10397,3,1257.45
5189,2024-12-05 15:26:30,2484,WN,13303,12478,4,1771.14
5190,2025-02-22 08:44:33,1778,AA,12892,10397,2,1106.67
5191,2025-09-10 16:36:59,3543,DL,15016,11433,1,203.65
5192,2024-06-25 08:23:22,2370,DL,14869,12478,3,1079.7
5193,2024-05-17 02:35:00,1177,DL,15016,11433,3,462.06
5194,2025-10-15 02:06:25,3050,UA,10397,12892,1,355.81
5195,2024-03-18 17:34:03,3945,DL,11193,12892,4,672.95
5196,2024-04-11 11:29:17,1958,DL,14869,12478,2,644.74
5197,2025-06-12 03:31:12,1682,DL,11433,13303,1,529.5
5198,2025-01-01 00:27:16,2022,DL,15016,11433,2,668.54
5199,2024-11-13 03:24:46,2234,DL,14869,12478,3,1139.72
5200,2024-03-11 16:34:03,3637,DL,11433,13303,2,1059.0
5201,2025-05-23 10:05:19,1087,DL,10397,15016,1,573.09
5202,2025-01-27 12:14:51,4019,WN,13303,12478,3,1688.95
5203,2025-09-15 10:03:18,3085,DL,14869,12478,2,1190.57
5204,2025-08-13 09:02:17,3131,DL,11193,12892,4,681.85
5205,2025-09-07 12:21:44,3949,DL,14057,14869,3,615.99
5206,2025-08-15 16:14:17,4243,WN,13303,12478,3,910.65
5207,2024-06-24 01:53:15,1813,DL,15016,11433,3,1055.19
5208,2025-02-23 09:05:46,4567,DL,14869,12478,3,950.69
5209,2024-06-28 16:09:24,3986,DL,11193,12892,1,486.11
5210,2024-01-06 12:38:17,1108,DL,10397,15016,2,528.16
5211,2024-12-29 20:44:41,3494,WN,13303,12478,1,245.12
5212,2025-10-31 20:09:50,2005,DL,15016,11433,2,864.24
5213,2025-10-15 03:13:47,2243,DL,11433,13303,3,1573.67
5214,2024-07-31 11:42:20,2535,WN,13303,12478,4,656.82
5215,2024-05-05 02:07:47,2253,AA,12892,10397,1,593.4
5216,2025-10-22 16:36:05,2248,DL,10397,15016,4,2203.27
5217,2024-04-14 01:40:58,1898,DL,10397,15016,3,1110.97
5218,2024-07-11 07:38:59,4948,DL,15016,11433,1,596.73
5219,2025-03-10 19:19:00,3800,DL,11193,12892,2,1079.4
5220,2024-03-30 15:38:18,2313,DL,11433,13303,2,520.02
5221,2025-04-09 05:47:47,3765,DL,11433,13303,2,412.22
5222,2024-09-06 02:00:46,3915,AA,12892,10397,3,676.58
5223,2024-08-14 11:47:00,1740,AA,12892,10397,3,1392.44
5224,2024-06-21 02:26:46,4640,DL,14869,12478,3,1003.02
5225,2025-03-12 04:34:04,2892,DL,11433,13303,1,585.14
5226,2024-01-17 22:41:28,1613,DL,11193,12892,3,1190.23
5227,2025-09-07 04:49:05,3992,DL,11193,12892,1,317.18
5228,2024-11-28 18:34:49,2454,AA,12892,10397,1,252.59
5229,2024-07-07 06:34:17,2362,DL,11193,12892,1,560.43
5230,2024-11-08 23:32:58,1087,AA,12892,10397,4,2178.81
5231,2025-03-16 01:17:25,4509,DL,11433,13303,4,1251.62
5232,2025-09-21 05:30:49,4613,AA,12892,10397,1,153.87
5233,2025-05-26 15:35:23,2431,DL,11433,13303,1,456.23
5234,2025-10-14 04:18:04,3752,UA,10397,12892,4,1018.9
5235,2024-09-09 10:16:47,1212,DL,15016,11433,1,275.56
5236,2024-11-22 05:05:28,1742,DL,10397,15016,2,1141.94
5237,2024-09-14 06:17:42,3273,DL,11433,13303,2,453.7
5238,2024-09-20 06:54:15,4626,AA,12892,10397,1,244.25
5239,2025-03-16 02:11:58,3623,UA,10397,12892,2,431.44
5240,2025-10-23 17:17:24,2867,UA,10397,12892,2,612.02
5241,2025-08-01 09:51:32,4474,WN,13303,12478,3,1393.77
5242,2025-09-27 14:01:19,1065,DL,14057,14869,1,465.56
5243,2024-08-25 18:05:42,4718,DL,11193,12892,3,781.91
5244,2024-08-13 01:15:06,3182,DL,14869,12478,3,1389.58
5245,2025-10-17 12:15:49,4535,WN,13303,12478,3,866.92
5246,2025-10-28 07:00:02,3901,AA,12892,10397,4,2161.62
5247,2024-08-23 05:45:35,1401,DL,14057,14869,4,2082.3
5248,2024-09-16 02:20:58,3741,DL,11433,13303,3,689.61
5249,2025-04-28 07:20:27,1034,AA,12892,10397,2,1169.71
5250,2025-03-23 20:03:50,2553,DL,15016,11433,2,1086.45
5251,2025-06-25 12:33:04,1755,DL,14869,12478,3,1095.97
5252,2024-07-18 19:43:34,2806,DL,15016,11433,2,1176.15
5253,2024-07-10 02:29:26,2121,AA,12892,10397,3,811.82
5254,2024-03-10 07:42:13,2601,DL,15016,11433,4,801.31
5255,2024-08-06 11:47:56,2458,DL,14869,12478,4,723.67
5256,2024-12-04 07:44:30,2751,AA,12892,10397,4,1970.3
5257,2024-07-12 11:36:02,4664,DL,11193,12892,1,422.1
5258,2025-08-03 21:49:22,4157,DL,14869,12478,4,1385.74
5259,2024-01-09 06:50:51,1771,DL,14869,12478,4,643.09
5260,2025-02-19 06:18:13,3747,DL,15016,11433,2,881.86
5261,2024-11-15 01:01:22,1179,DL,11193,12892,3,1202.43
5262,2025-04-10 10:43:51,3748,UA,10397,12892,2,918.43
5263,2025-10-08 16:28:55,2336,UA,10397,12892,3,1308.8
5264,2025-05-09 06:22:50,3338,DL,11433,13303,4,1272.3
5265,2024-01-11 08:31:53,4451,DL,14057,14869,4,1286.19
5266,2024-02-28 02:21:17,3406,DL,10397,15016,3,1408.89
5267,2024-08-27 00:36:28,2499,DL,10397,15016,1,169.78
5268,2025-01-23 14:02:41,1218,DL,12266,10397,3,565.1
5269,2024-06-28 02:49:00,2622,DL,11433,13303,4,1281.09
5270,2025-08-25 12:06:59,4538,UA,10397,12892,4,1439.94
5271,2025-07-06 13:25:58,3127,UA,10397,12892,4,1665.85
5272,2025-05-30 19:28:20,2155,DL,15016,11433,3,1110.82
5273,2024-10-10 06:11:15,1174,AA,12892,10397,1,182.19
5274,2025-10-22 10:38:49,4485,DL,10397,15016,4,1955.69
5275,2024-05-11 10:32:27,2918,DL,10397,15016,4,2336.55
5276,2025-10-10 09:47:18,3691,DL,10397,15016,1,564.78
5277,2024-03-26 02:02:21,4110,DL,11433,13303,2,523.13
5278,2024-10-26 01:05:44,2494,DL,14057,14869,4,2374.59
5279,2025-05-14 17:20:21,3481,WN,13303,12478,4,1100.67
5280,2024-09-29 11:19:59,2299,DL,14869,12478,2,373.8
5281,2025-10-12 09:30:18,2680,DL,12266,10397,4,1914.41
5282,2025-04-07 13:09:01,1985,DL,11433,13303,4,1015.13
5283,2024-01-11 10:25:17,4905,AA,12892,10397,1,528.48
5284,2025-10-03 16:12:05,1546,DL,14869,12478,2,535.71
5285,2024-11-06 18:54:20,2360,DL,14057,14869,4,1702.73
5286,2024-09-06 19:34:42,3995,DL,11193,12892,4,2248.31
5287,2025-08-25 13:06:42,2993,DL,11433,13303,4,1419.28
5288,2024-11-06 08:18:17,2777,DL,14057,14869,4,2279.23
5289,2024-06-10 15:54:36,3159,DL,10397,15016,2,1137.79
5290,2024-05-30 00:01:20,3304,DL,15016,11433,1,404.42
5291,2025-01-27 20:54:08,1836,DL,15016,11433,3,1253.11
5292,2024-11-29 12:17:12,4693,WN,13303,12478,2,942.25
5293,2025-05-05 16:58:50,2756,DL,15016,11433,1,330.79
5294,2024-08-22 23:59:38,2000,DL,15016,11433,2,757.46
5295,2025-10-28 11:17:25,1972,WN,13303,12478,1,295.06
5296,2025-06-11 13:18:37,1453,DL,10397,15016,4,1212.24
5297,2025-02-17 23:47:37,2276,UA,10397,12892,4,2276.41
5298,2025-02-28 08:17:55,1810,UA,10397,12892,4,639.28
5299,2024-02-28 18:58:56,1659,DL,12266,10397,3,1463.45
5300,2025-08-14 15:01:30,3102,DL,15016,11433,2,617.11
5301,2025-10-07 23:17:37,3742,DL,14869,12478,3,1143.19
5302,2024-06-15 23:18:34,2221,DL,14869,12478,1,568.07
5303,2025-08-27 06:00:19,2925,AA,12892,10397,2,1075.5
5304,2024-02-17 15:31:06,2009,WN,13303,12478,4,2281.56
5305,2025-02-06 12:29:15,1171,WN,13303,12478,2,872.31
5306,2024-01-27 14:35:00,2126,UA,10397,12892,2,385.29
5307,2024-02-19 19:35:04,2407,AA,12892,10397,2,793.66
5308,2024-10-09 21:19:47,1175,UA,10397,12892,3,736.35
5309,2025-02-19 06:33:46,2945,DL,12266,10397,2,1051.43
5310,2024-07-08 09:21:05,2881,DL,12266,10397,4,2073.79
5311,2024-12-21 04:00:50,1001,DL,11433,13303,3,1668.01
5312,2024-10-25 16:50:09,3694,AA,12892,10397,1,456.71
5313,2025-10-24 16:28:09,4696,DL,10397,15016,1,554.79
5314,2024-01-27 01:36:11,2453,AA,12892,10397,2,776.69
5315,2025-04-25 05:37:14,1381,UA,10397,12892,1,170.5
5316,2024-12-14 06:28:23,2835,DL,15016,11433,4,1566.74
5317,2025-09-30 20:59:24,1840,DL,11433,13303,3,899.98
5318,2024-07-16 03:57:01,2783,DL,14869,12478,1,391.22
5319,2025-01-18 15:41:37,3306,DL,15016,11433,1,332.26
5320,2025-01-13 06:51:22,3037,DL,10397,15016,1,396.15
5321,2024-11-27 02:04:37,3621,WN,13303,12478,3,1651.68
5322,2024-07-20 19:10:31,2295,WN,13303,12478,1,267.7
5323,2025-06-07 07:34:58,1813,DL,14869,12478,4,1719.34
5324,2024-01-09 08:18:07,2180,DL,12266,10397,3,1402.11
5325,2024-10-06 09:40:31,2406,DL,15016,11433,2,1095.92
5326,2025-05-19 07:17:27,2262,DL,11193,12892,1,300.92
5327,2024-09-24 22:31:44,1030,DL,12266,10397,2,1144.48
5328,2024-08-07 21:42:18,2348,DL,12266,10397,1,245.2
5329,2025-05-12 22:59:53,4461,DL,10397,15016,3,1676.03
5330,2024-09-22 21:53:53,4341,DL,14869,12478,1,205.83
5331,2025-05-30 19:39:02,1485,WN,13303,12478,1,428.47
5332,2024-01-15 05:32:55,3229,DL,12266,10397,2,330.7
5333,2024-05-04 13:17:14,2299,DL,14869,12478,3,1376.8
5334,2025-10-27 02:16:29,3967,DL,14057,14869,4,1881.4
5335,2024-12-16 04:50:01,2443,DL,14057,14869,1,598.99
5336,2024-10-14 16:31:41,2242,UA,10397,12892,2,1181.34
5337,2025-03-02 01:51:06,1588,DL,12266,10397,3,1620.31
5338,2024-06-15 13:23:51,4701,DL,15016,11433,1,533.39
5339,2025-07-27 08:22:35,1877,DL,14057,14869,2,741.33
5340,2024-02-15 00:45:47,1294,DL,10397,15016,3,510.53
5341,2025-04-12 12:53:47,4626,DL,11433,13303,1,345.99
5342,2024-01-05 00:45:44,3760,DL,12266,10397,2,917.03
5343,2025-06-18 03:14:00,3156,DL,10397,15016,4,1278.4
5344,2024-04-15 16:09:12,3291,WN,13303,12478,1,195.87
5345,2025-09-19 13:30:30,3817,DL,14869,12478,2,856.36
5346,2024-09-24 01:07:22,4022,AA,12892,10397,2,1132.93
5347,2024-06-24 04:29:29,1057,DL,15016,11433,3,1678.46
5348,2025-10-16 08:21:44,4228,DL,11433,13303,3,693.28
5349,2025-08-13 03:25:46,3030,DL,11433,13303,4,1022.03
5350,2024-01-12 16:41:38,4506,AA,12892,10397,3,1594.57
5351,2024-05-03 18:08:41,3517,DL,14869,12478,4,1343.27
5352,2024-02-02 06:10:34,1615,DL,15016,11433,3,573.07
5353,2024-11-19 11:52:04,4555,DL,12266,10397,3,1243.43
5354,2025-03-03 23:08:18,3776,WN,13303,12478,3,963.55
5355,2024-05-11 14:27:20,1533,DL,11193,12892,3,564.67
5356,2025-04-18 13:56:13,4187,DL,15016,11433,2,1051.81
5357,2025-04-02 06:12:58,4066,DL,15016,11433,1,315.42
5358,2024-08-21 13:14:14,2818,UA,10397,12892,2,477.06
5359,2024-10-16 13:03:59,2927,DL,14057,14869,1,219.53
5360,2024-06-13 08:57:18,1159,DL,14869,12478,1,456.1
5361,2025-06-14 02:18:49,2524,DL,10397,15016,1,272.81
5362,2024-11-14 05:14:33,3759,DL,12266,10397,1,534.26
5363,2024-12-28 18:37:28,1933,AA,12892,10397,1,445.74
5364,2025-01-13 15:21:54,1989,WN,13303,12478,2,633.65
5365,2025-10-12 00:34:02,1624,DL,11193,12892,3,1182.64
5366,2024-10-26 12:35:25,4678,DL,10397,15016,4,1172.3
5367,2025-09-30 16:44:17,4484,DL,11433,13303,3,609.02
5368,2024-09-10 09:07:46,4490,DL,11433,13303,4,2229.32
5369,2024-07-26 16:54:56,2227,DL,15016,11433,3,1798.94
5370,2024-07-16 01:50:21,1344,UA,10397,12892,3,632.36
5371,2024-12-24 18:50:00,3613,DL,11193,12892,2,1165.76
5372,2025-03-10 12:26:57,2411,AA,12892,10397,2,825.5
5373,2024-12-25 07:22:59,4796,UA,10397,12892,2,849.03
5374,2024-05-12 05:10:19,2539,DL,15016,11433,2,580.8
5375,2025-09-21 01:28:39,3208,WN,13303,12478,2,554.44
5376,2025-01-11 04:07:38,1512,DL,14869,12478,3,1675.16
5377,2024-06-18 05:55:28,3108,DL,10397,15016,1,554.59
5378,2024-11-10 12:48:41,4208,DL,10397,15016,4,1210.42
5379,2025-06-26 16:16:57,2350,DL,14057,14869,3,1551.85
5380,2024-06-27 07:03:47,1717,DL,15016,11433,2,880.3
5381,2024-10-11 03:07:37,1150,DL,15016,11433,2,782.77
5382,2025-08-09 00:22:59,2262,DL,15016,11433,1,198.19
5383,2025-07-19 06:53:28,2790,AA,12892,10397,2,931.87
5384,2025-06-29 21:25:01,4870,UA,10397,12892,4,1984.8
5385,2025-04-29 16:55:13,3981,DL,14057,14869,4,2082.29
5386,2025-04-13 20:26:03,4850,DL,15016,11433,2,908.54
5387,2024-10-08 02:05:26,4878,DL,10397,15016,1,206.92
5388,2024-03-09 16:42:40,3793,DL,15016,11433,3,1732.98
5389,2025-04-27 02:15:39,4586,WN,13303,12478,2,344.64
5390,2024-06-26 14:38:37,3355,WN,13303,12478,2,476.36
5391,2025-05-11 18:04:12,4873,DL,15016,11433,4,2393.42
5392,2024-10-01 09:30:15,3682,WN,13303,12478,2,997.16
5393,2025-07-26 23:24:35,1424,DL,11193,12892,1,275.74
5394,2024-10-25 03:39:22,4824,WN,13303,12478,2,886.88
5395,2024-06-21 20:09:09,1718,DL,10397,15016,4,2084.1
5396,2025-10-28 15:07:15,3118,DL,11193,12892,1,323.72
5397,2024-04-22 21:13:22,2782,AA,12892,10397,3,597.53
5398,2024-03-09 13:31:51,3694,DL,11433,13303,1,512.22
5399,2024-11-14 03:29:45,1239,WN,13303,12478,1,514.34
5400,2024-08-26 08:25:35,4229,DL,10397,15016,4,931.19
5401,2025-04-17 07:07:06,3925,UA,10397,12892,1,358.2
5402,2025-03-27 17:53:40,4915,DL,12266,10397,4,1811.93
5403,2025-10-15 16:37:00,1826,DL,10397,15016,3,586.06
5404,2024-03-26 05:40:53,4168,DL,11433,13303,2,593.82
5405,2024-02-11 08:50:26,4940,DL,14057,14869,1,214.11
5406,2024-11-02 21:37:45,1945,AA,12892,10397,1,397.7
5407,2024-04-16 14:06:41,3628,DL,14869,12478,3,1656.99
5408,2025-09-03 06:35:28,2740,DL,11433,13303,3,473.23
5409,2025-03-12 04:18:39,2663,DL,14869,12478,4,646.18
5410,2025-07-10 20:11:19,3161,DL,11433,13303,1,187.52
5411,2024-10-19 03:24:54,3943,WN,13303,12478,2,703.16
5412,2025-01-13 07:28:59,4701,DL,14057,14869,4,1888.75
5413,2024-10-25 00:05:06,2338,AA,12892,10397,4,1229.1
5414,2024-11-06 22:36:15,4108,DL,10397,15016,1,246.44
5415,2025-04-09 07:29:48,1665,AA,12892,10397,3,1271.75
5416,2024-08-04 05:51:08,3444,DL,10397,15016,3,1179.05
5417,2024-04-28 16:46:10,2584,DL,11433,13303,1,381.52
5418,2025-04-29 02:16:49,2672,WN,13303,12478,4,826.81
5419,2025-02-18 02:30:16,4840,DL,14057,14869,3,857.29
5420,2024-11-13 22:56:07,2115,DL,14057,14869,2,553.07
5421,2025-04-27 23:47:56,1050,WN,13303,12478,2,340.01
5422,2024-06-05 14:59:40,3518,DL,14057,14869,2,822.28
5423,2024-02-19 11:15:33,2457,WN,13303,12478,1,320.76
5424,2025-04-07 22:50:37,3970,DL,11433,13303,3,1624.06
5425,2025-04-11 17:43:09,3009,WN,13303,12478,4,2374.32
5426,2024-08-26 15:14:29,3286,UA,10397,12892,1,463.17
5427,2024-02-01 14:31:08,3906,DL,15016,11433,2,938.89
5428,2024-11-23 01:30:21,2297,DL,12266,10397,2,326.68
5429,2024-12-16 14:15:02,4781,UA,10397,12892,2,696.83
5430,2025-06-25 12:26:03,4010,AA,12892,10397,2,928.28
5431,2024-01-05 09:45:57,1089,DL,11193,12892,4,1869.67
5432,2025-03-27 07:25:18,3783,DL,11193,12892,3,626.6
5433,2025-06-12 16:22:50,2063,WN,13303,12478,3,829.53
5434,2024-04-29 23:23:28,2726,AA,12892,10397,3,1338.1
5435,2024-08-01 15:09:56,2043,DL,14057,14869,1,575.15
5436,2025-04-27 15:05:45,1873,AA,12892,10397,3,628.37
5437,2024-12-10 08:36:46,3173,WN,13303,12478,1,260.7
5438,2025-08-14 23:54:05,2326,WN,13303,12478,4,1286.38
5439,2024-11-10 15:09:07,4193,DL,15016,11433,3,713.54
5440,2025-03-24 12:09:36,4822,DL,14057,14869,1,243.16
5441,2025-07-02 18:37:32,3564,DL,11433,13303,2,1131.67
5442,2024-03-16 08:24:20,3739,DL,12266,10397,1,494.99
5443,2025-02-24 09:07:45,1140,DL,10397,15016,4,1755.49
5444,2024-04-20 19:25:00,1699,DL,11433,13303,2,521.86
5445,2024-12-21 14:38:21,3945,DL,11193,12892,1,562.94
5446,2025-09-27 12:11:07,2939,AA,12892,10397,4,2146.17
5447,2025-07-27 13:39:43,4546,AA,12892,10397,3,1763.09
5448,2024-04-15 09:23:56,3279,DL,14869,12478,3,1274.31
5449,2024-04-11 04:35:58,2789,DL,14057,14869,2,557.56
5450,2024-04-14 23:00:48,2342,WN,13303,12478,2,1034.64
5451,2025-09-07 17:12:14,3249,WN,13303,12478,3,534.97
5452,2025-10-28 08:53:48,3333,UA,10397,12892,2,667.14
5453,2025-03-12 02:14:41,4920,DL,11433,13303,4,1247.03
5454,2025-01-30 16:14:44,2558,DL,10397,15016,3,939.61
5455,2024-05-18 03:45:24,1756,DL,11193,12892,3,1049.21
5456,2024-11-15 23:26:13,2658,DL,14869,12478,1,262.28
5457,2024-10-12 09:32:26,1582,DL,12266,10397,1,285.82
5458,2024-11-08 03:22:22,3536,WN,13303,12478,2,869.71
5459,2024-04-24 03:26:34,3978,DL,12266,10397,1,333.9
5460,2024-02-07 03:28:57,2320,DL,10397,15016,2,796.25
5461,2024-01-10 22:08:59,4346,DL,15016,11433,3,840.97
5462,2025-09-08 07:55:49,3765,DL,14869,12478,1,430.59
5463,2025-07-25 15:07:50,3668,AA,12892,10397,2,614.53
5464,2025-10-18 11:21:59,4647,DL,14057,14869,4,1600.79
5465,2024-07-22 04:11:41,3119,DL,15016,11433,4,1853.21
5466,2025-04-20 01:12:51,3606,DL,11193,12892,2,682.25
5467,2024-09-29 00:05:45,4487,WN,13303,12478,2,839.49
5468,2025-10-19 17:31:14,4270,DL,11433,13303,4,890.29
5469,2025-04-04 08:40:37,2540,DL,12266,10397,2,1037.81
5470,2024-07-09 19:36:29,4244,DL,15016,11433,2,852.3
5471,2024-03-14 06:20:50,4425,DL,11193,12892,2,512.96
5472,2024-10-05 20:03:24,1273,UA,10397,12892,1,492.83
5473,2025-07-23 04:17:41,3487,WN,13303,12478,2,827.85
5474,2025-07-07 06:11:00,3668,DL,12266,10397,2,890.11
5475,2025-10-15 12:33:25,2441,DL,10397,15016,4,1951.69
5476,2025-04-19 17:20:06,1001,DL,11433,13303,2,470.63
5477,2025-04-08 01:05:52,3957,DL,14869,12478,4,1722.99
5478,2025-06-30 10:32:41,4831,DL,11433,13303,4,2036.54
5479,2025-04-30 19:02:59,3139,DL,11193,12892,4,1528.0
5480,2025-09-28 06:39:43,4066,WN,13303,12478,2,896.93
5481,2025-09-10 06:02:57,1287,WN,13303,12478,4,641.14
5482,2024-05-25 04:12:37,1448,DL,14869,12478,3,875.02
5483,2024-09-06 10:04:43,4324,UA,10397,12892,2,730.6
5484,2025-06-11 16:15:55,4581,DL,15016,11433,2,308.62
5485,2024-10-28 14:49:28,1142,DL,11193,12892,2,513.71
5486,2024-10-14 01:13:47,4828,DL,15016,11433,1,555.75
5487,2025-06-11 01:32:52,2506,AA,12892,10397,4,1702.78
5488,2024-05-09 14:14:57,3265,AA,12892,10397,2,872.62
5489,2025-01-17 02:47:44,4702,DL,14869,12478,4,2119.3
5490,2024-05-23 14:09:27,4023,DL,12266,10397,2,367.22
5491,2024-06-19 10:26:26,3781,UA,10397,12892,4,2254.93
5492,2024-05-28 01:12:17,4661,UA,10397,12892,3,668.27
5493,2024-12-03 01:44:20,4127,DL,14057,14869,2,335.98
5494,2025-02-11 00:35:08,1463,DL,11193,12892,4,995.7
5495,2024-04-12 06:09:59,3125,WN,13303,12478,4,616.71
5496,2025-04-13 15:13:16,4402,DL,12266,10397,1,227.99
5497,2024-05-03 17:20:50,1677,DL,14869,12478,2,1123.11
5498,2024-10-01 01:15:58,1337,DL,14057,14869,1,311.82
5499,2025-07-07 09:28:23,4918,DL,14057,14869,2,471.66
5500,2025-08-07 05:14:19,1089,DL,15016,11433,2,689.26
5501,2025-08-25 17:46:51,2472,DL,12266,10397,2,500.04
5502,2024-09-27 21:30:54,4560,AA,12892,10397,3,673.76
5503,2024-01-07 00:49:53,4541,AA,12892,10397,1,221.6
5504,2024-10-10 06:32:41,2324,DL,11433,13303,2,1082.36
5505,2025-07-19 17:05:35,3995,DL,10397,15016,2,1078.17
5506,2024-03-09 08:23:17,4554,DL,11433,13303,3,1226.37
5507,2024-02-07 21:00:33,4591,DL,11433,13303,3,1118.23
5508,2024-06-18 13:08:37,2545,DL,15016,11433,4,2014.73
5509,2025-05-31 20:17:40,1807,DL,10397,15016,1,376.97
5510,2024-08-05 16:09:34,2600,DL,14869,12478,3,911.65
5511,2024-10-11 23:49:13,4253,DL,11193,12892,2,847.14
5512,2025-07-16 20:48:42,2224,DL,10397,15016,4,853.31
5513,2024-01-08 08:51:44,3611,DL,11433,13303,2,1038.56
5514,2024-07-29 09:31:17,1123,DL,11433,13303,1,568.14
5515,2024-12-19 13:19:00,2892,DL,15016,11433,4,1439.55
5516,2025-04-08 03:43:44,1529,DL,10397,15016,1,306.61
5517,2025-10-11 01:37:58,4469,DL,14057,14869,3,1233.36
5518,2024-08-31 02:47:32,3575,DL,11193,12892,4,935.38
5519,2024-06-17 09:23:28,3536,DL,11193,12892,1,591.09
5520,2025-06-14 05:07:17,4113,DL,14057,14869,3,845.88
5521,2024-01-01 18:00:28,2332,DL,15016,11433,1,409.82
5522,2025-03-14 08:37:43,4880,DL,11193,12892,3,1100.47
5523,2025-05-25 15:59:38,4563,DL,14869,12478,4,1719.72
5524,2024-06-25 17:54:57,2628,AA,12892,10397,2,754.11
5525,2025-07-03 20:01:27,1508,DL,12266,10397,2,1139.44
5526,2025-07-30 13:56:03,4416,DL,14057,14869,2,1176.79
5527,2025-05-18 11:15:17,4628,DL,14869,12478,2,978.34
5528,2025-09-28 14:17:45,2109,DL,14057,14869,2,408.64
5529,2024-11-17 23:49:47,3135,WN,13303,12478,2,493.87
5530,2025-08-12 10:38:52,4693,WN,13303,12478,4,1829.22
5531,2025-05-25 04:15:52,3708,AA,12892,10397,3,1472.59
5532,2025-07-26 17:47:56,1157,DL,11193,12892,1,171.16
5533,2024-09-24 01:43:30,4279,UA,10397,12892,2,854.22
5534,2024-03-08 19:10:12,1652,DL,12266,10397,4,756.02
5535,2025-06-11 14:57:29,1233,AA,12892,10397,1,584.39
5536,2024-07-09 19:19:15,1622,DL,12266,10397,2,619.3
5537,2025-07-01 00:22:53,1252,DL,10397,15016,2,415.27
5538,2024-01-05 22:30:33,2213,DL,14057,14869,2,878.57
5539,2025-06-13 04:02:50,3588,UA,10397,12892,2,849.04
5540,2025-07-16 11:20:14,1337,DL,12266,10397,2,750.23
5541,2025-04-04 21:54:03,4095,DL,12266,10397,2,451.85
5542,2024-03-05 21:16:11,4919,DL,11433,13303,4,1356.69
5543,2024-03-24 09:17:29,4613,UA,10397,12892,4,1010.51
5544,2025-09-03 16:45:27,1724,DL,15016,11433,4,2325.57
5545,2025-05-11 04:11:59,2829,DL,14057,14869,4,1586.99
5546,2024-08-09 09:10:03,3821,AA,12892,10397,4,658.55
5547,2025-04-04 22:39:08,2514,UA,10397,12892,4,1882.24
5548,2025-04-16 19:04:43,3157,DL,14057,14869,2,429.35
5549,2025-07-30 10:10:26,3858,DL,14057,14869,4,1534.05
5550,2024-07-25 19:17:28,4857,UA,10397,12892,4,829.88
5551,2024-08-25 17:25:40,4223,DL,11433,13303,4,2299.27
5552,2024-02-16 08:35:46,1581,DL,11193,12892,1,245.16
5553,2024-09-24 03:27:09,4397,DL,14869,12478,2,1019.91
5554,2025-08-27 13:43:17,4084,UA,10397,12892,1,320.69
5555,2025-04-19 21:01:20,1152,DL,14057,14869,2,1118.32
5556,2025-01-23 10:36:35,3984,DL,14057,14869,3,1786.05
5557,2024-10-31 12:44:00,1635,AA,12892,10397,2,766.57
5558,2024-12-13 21:05:39,4624,DL,11433,13303,3,507.08
5559,2025-01-06 06:00:58,1976,DL,10397,15016,1,479.6
5560,2024-06-05 22:12:41,1539,DL,15016,11433,1,307.46
5561,2024-02-10 13:09:47,4866,DL,15016,11433,3,1493.59
5562,2025-02-16 10:41:57,2930,DL,11433,13303,3,699.42
5563,2025-02-16 20:51:59,2118,DL,11193,12892,3,1322.85
5564,2024-03-31 23:05:21,2249,DL,14057,14869,3,1589.1
5565,2025-07-12 07:26:07,3376,DL,11433,13303,4,2308.65
5566,2024-08-20 19:46:08,3768,DL,11193,12892,2,749.61
5567,2025-10-29 03:26:39,4452,DL,14869,12478,1,476.45
5568,2025-03-24 01:40:22,2354,DL,14869,12478,4,2181.56
5569,2025-07-18 19:24:40,2571,DL,11193,12892,4,1712.41
5570,2025-05-01 04:50:19,4244,DL,14869,12478,4,1444.66
5571,2025-07-30 05:04:47,2942,DL,11193,12892,4,1444.18
5572,2024-07-14 19:07:34,2229,UA,10397,12892,2,853.69
5573,2025-05-07 03:33:31,3473,DL,15016,11433,4,1486.93
5574,2025-07-21 19:07:25,2994,DL,10397,15016,1,593.65
5575,2025-05-25 17:08:05,1332,DL,11433,13303,1,223.47
5576,2025-09-27 23:12:20,2031,DL,15016,11433,3,1387.58
5577,2024-06-01 15:40:45,2750,DL,14057,14869,4,1315.44
5578,2025-02-28 21:35:17,4321,DL,10397,15016,2,790.53
5579,2025-07-30 02:36:17,2308,WN,13303,12478,1,244.32
5580,2025-10-19 08:31:45,1436,WN,13303,12478,1,298.98
5581,2024-10-06 09:30:20,2871,DL,10397,15016,3,1080.52
5582,2025-05-20 06:35:51,1030,DL,11433,13303,4,2316.21
5583,2024-02-20 05:22:53,1547,AA,12892,10397,3,925.07
5584,2024-07-04 04:03:34,2396,UA,10397,12892,1,535.41
5585,2025-09-17 03:50:33,3538,DL,11433,13303,1,251.72
5586,2025-07-10 13:48:04,3273,UA,10397,12892,1,380.85
5587,2024-05-14 00:33:03,4197,DL,11433,13303,2,1069.03
5588,2024-07-02 01:08:03,3282,DL,11433,13303,2,310.22
5589,2025-05-13 12:25:23,4132,DL,11433,13303,4,1171.81
5590,2024-10-30 23:14:46,3578,UA,10397,12892,1,469.99
5591,2024-11-10 10:38:44,2070,UA,10397,12892,3,1422.75
5592,2024-09-23 21:27:12,3301,DL,14869,12478,3,801.47
5593,2025-06-08 03:25:00,3051,DL,14057,14869,1,382.11
5594,2025-02-14 19:21:19,2407,DL,12266,10397,4,1017.76
5595,2024-05-15 01:56:02,1558,DL,11193,12892,3,1215.22
5596,2024-04-03 06:42:11,1179,DL,14869,12478,3,1280.05
5597,2024-03-02 02:12:36,1554,DL,11433,13303,3,856.85
5598,2025-02-04 16:45:53,4835,DL,14057,14869,2,493.68
5599,2024-03-24 02:20:42,3099,DL,11193,12892,2,883.03
5600,2025-09-09 20:26:47,4567,DL,14057,14869,2,538.99
5601,2024-08-21 04:02:02,1721,DL,11193,12892,1,367.95
5602,2024-08-16 00:15:52,4055,DL,10397,15016,4,758.23
5603,2024-12-15 08:35:44,2933,UA,10397,12892,4,747.6
5604,2024-04-25 05:05:42,4433,UA,10397,12892,2,457.44
5605,2025-04-29 14:29:25,4440,DL,14057,14869,4,970.7
5606,2024-02-29 13:13:31,3395,UA,10397,12892,3,1454.74
5607,2025-08-08 22:30:18,1341,DL,15016,11433,3,689.06
5608,2025-05-14 12:29:06,1664,DL,15016,11433,4,1030.54
5609,2024-12-02 09:22:38,4529,WN,13303,12478,1,328.5
5610,2025-03-31 03:24:31,4537,UA,10397,12892,1,404.36
5611,2024-02-25 19:00:29,3683,DL,14869,12478,2,895.33
5612,2024-05-25 19:34:43,2305,UA,10397,12892,1,571.71
5613,2024-04-22 09:19:08,4634,DL,11193,12892,2,352.42
5614,2025-02-08 08:42:52,4567,DL,10397,15016,4,630.53
5615,2024-03-01 23:25:34,2741,DL,15016,11433,1,257.45
5616,2024-03-21 19:55:39,1886,AA,12892,10397,4,2327.27
5617,2025-06-15 03:30:24,1432,DL,10397,15016,3,1075.37
5618,2025-04-26 21:41:06,3889,DL,14869,12478,2,842.37
5619,2025-06-04 15:01:27,2987,DL,10397,15016,3,1793.56
5620,2025-02-03 10:25:15,2127,WN,13303,12478,2,1168.6
5621,2024-07-30 07:57:20,1077,DL,12266,10397,2,432.63
5622,2025-08-04 10:31:06,4883,DL,14057,14869,1,350.59
5623,2024-05-04 04:05:08,1030,DL,11433,13303,1,240.38
5624,2025-09-19 13:15:22,2392,DL,12266,10397,2,586.74
5625,2024-04-29 13:51:43,4976,DL,14057,14869,2,610.36
5626,2024-02-09 19:16:44,4003,DL,14057,14869,3,1047.23
5627,2024-11-15 21:38:56,3885,DL,11193,12892,4,1326.4
5628,2024-01-20 21:11:29,2018,DL,14869,12478,4,802.97
5629,2024-03-20 09:40:51,3069,DL,15016,11433,4,908.57
5630,2025-05-03 05:04:01,4977,WN,13303,12478,3,1524.36
5631,2025-02-16 09:52:06,3582,DL,14869,12478,3,1154.98
5632,2024-12-15 02:53:43,4755,DL,15016,11433,1,595.03
5633,2024-04-17 20:52:02,4574,UA,10397,12892,3,708.98
5634,2025-02-05 09:12:39,3950,UA,10397,12892,1,443.55
5635,2024-11-28 19:50:27,1914,DL,11193,12892,2,982.67
5636,2024-04-15 12:37:23,3325,UA,10397,12892,4,1946.7
5637,2025-09-09 21:53:16,4218,DL,14057,14869,4,1210.37
5638,2024-02-02 04:35:38,4688,DL,14869,12478,3,1629.72
5639,2024-08-28 19:50:48,1516,AA,12892,10397,2,1102.9
5640,2024-09-09 20:09:39,2752,DL,14057,14869,4,1780.28
5641,2024-07-08 18:47:09,4145,DL,14869,12478,2,934.98
5642,2025-02-07 00:12:32,3086,DL,10397,15016,1,222.77
5643,2025-04-17 14:30:49,1119,UA,10397,12892,3,1064.02
5644,2025-10-27 14:12:52,2264,DL,11193,12892,2,504.76
5645,2024-10-21 18:23:45,1556,WN,13303,12478,4,1509.91
5646,2024-08-05 11:54:38,2746,DL,15016,11433,1,566.15
5647,2024-05-14 00:07:05,2871,AA,12892,10397,1,353.38
5648,2024-07-20 06:36:04,4563,DL,12266,10397,3,1388.11
5649,2025-05-04 22:02:26,2720,DL,11193,12892,2,1174.23
5650,2024-06-13 19:13:51,4867,DL,11433,13303,1,485.1
5651,2025-07-12 03:30:13,1148,DL,12266,10397,4,822.86
5652,2024-02-28 08:26:25,3463,AA,12892,10397,3,771.41
5653,2024-03-30 04:07:19,3412,DL,14869,12478,2,1063.85
5654,2025-10-05 15:47:21,1471,DL,14869,12478,2,318.55
5655,2024-02-16 22:03:08,1052,DL,10397,15016,3,1215.26
5656,2024-12-01 14:05:28,4793,WN,13303,12478,3,512.56
5657,2025-03-20 14:26:12,2769,DL,15016,11433,1,462.92
5658,2025-05-22 04:56:33,4385,DL,12266,10397,4,851.89
5659,2025-08-14 09:05:07,4358,DL,14057,14869,2,637.4
5660,2025-07-28 04:13:13,1372,DL,14057,14869,4,1910.2
5661,2025-08-08 03:00:53,1682,WN,13303,12478,4,1393.51
5662,2024-10-27 04:42:46,3752,DL,15016,11433,2,973.56
5663,2025-04-12 16:22:56,4608,DL,15016,11433,1,413.75
5664,2024-02-07 02:28:43,3535,DL,15016,11433,1,599.25
5665,2025-04-26 13:54:01,2617,WN,13303,12478,2,729.58
5666,2024-10-28 12:44:11,2879,WN,13303,12478,1,375.88
5667,2024-05-22 01:18:51,2859,DL,12266,10397,4,1333.96
5668,2024-05-18 00:14:01,3959,UA,10397,12892,4,1466.63
5669,2024-09-30 05:17:34,4223,DL,14057,14869,3,703.9
5670,2024-11-27 09:10:06,3885,DL,14057,14869,4,694.95
5671,2025-05-24 01:00:00,4666,DL,10397,15016,3,1124.62
5672,2024-05-13 00:56:43,4723,DL,12266,10397,1,349.52
5673,2024-01-08 16:13:10,1963,DL,10397,15016,2,526.47
5674,2024-06-24 13:40:27,3150,DL,15016,11433,3,835.13
5675,2025-03-27 12:15:53,2745,AA,12892,10397,1,181.86
5676,2025-03-25 07:43:24,4909,DL,11433,13303,4,1050.48
5677,2025-06-17 07:43:43,4529,DL,11433,13303,2,890.5
5678,2024-11-30 18:05:49,2578,DL,15016,11433,4,1838.18
5679,2025-01-17 16:31:09,2875,DL,11193,12892,3,1287.22
5680,2024-08-20 09:23:14,2720,DL,12266,10397,3,664.64
5681,2024-10-02 14:15:14,4619,DL,11433,13303,1,170.77
5682,2025-09-01 17:18:44,2804,DL,11193,12892,1,591.5
5683,2025-04-29 14:16:21,4666,UA,10397,12892,3,870.13
5684,2025-05-09 01:06:38,4845,DL,15016,11433,1,153.16
5685,2024-07-04 20:01:02,1115,WN,13303,12478,3,1089.16
5686,2024-02-02 16:38:34,2884,DL,12266,10397,2,336.37
5687,2024-11-13 03:54:12,2541,DL,10397,15016,3,1034.81
5688,2025-10-25 21:28:29,3641,DL,12266,10397,3,639.66
5689,2024-01-16 20:54:57,4363,WN,13303,12478,3,459.54
5690,2024-09-01 07:01:43,3713,DL,15016,11433,2,919.67
5691,2025-10-20 10:06:13,1089,DL,15016,11433,2,982.13
5692,2025-03-11 23:07:49,2181,WN,13303,12478,4,1357.31
5693,2024-07-11 04:16:51,3208,DL,14869,12478,3,494.77
5694,2024-06-06 19:28:32,1322,DL,14869,12478,4,2252.49
5695,2025-04-30 05:50:13,1977,DL,11433,13303,4,833.29
5696,2024-08-06 03:14:08,2483,DL,11433,13303,4,1077.06
5697,2025-01-15 16:19:08,1575,WN,13303,12478,1,384.08
5698,2025-07-19 15:26:38,1441,DL,14057,14869,4,1998.55
5699,2025-07-28 10:11:26,2382,DL,11193,12892,1,433.54
5700,2025-08-02 23:38:44,2070,AA,12892,10397,2,386.74
5701,2025-01-15 10:39:38,3237,UA,10397,12892,1,291.3
5702,2024-08-31 11:36:00,1256,DL,11193,12892,1,256.38
5703,2025-01-11 04:57:41,1632,AA,12892,10397,3,1003.7
5704,2025-07-29 18:37:48,2980,DL,10397,15016,2,313.83
5705,2025-06-23 03:47:01,3847,WN,13303,12478,4,1796.18
5706,2024-10-07 15:50:19,4185,DL,14869,12478,4,1545.33
5707,2025-04-26 04:25:44,3716,AA,12892,10397,4,738.91
5708,2024-08-22 00:58:14,4987,DL,11433,13303,3,1111.21
5709,2024-02-21 23:34:25,1006,WN,13303,12478,1,469.98
5710,2024-02-27 20:15:01,3593,DL,14869,12478,2,749.41
5711,2024-07-18 05:50:48,2387,DL,15016,11433,1,498.54
5712,2024-02-03 23:34:55,4182,DL,12266,10397,2,505.26
5713,2025-08-16 20:03:43,2469,UA,10397,12892,4,784.93
5714,2024-11-28 14:33:55,1162,DL,11433,13303,3,629.6
5715,2024-04-24 09:22:14,4082,WN,13303,12478,2,1141.64
5716,2025-07-25 04:01:12,1171,DL,14869,12478,2,363.47
5717,2024-02-02 03:05:07,3497,DL,12266,10397,4,2333.73
5718,2025-03-16 21:55:05,2386,AA,12892,10397,4,2268.39
5719,2025-06-22 06:03:45,2662,DL,11193,12892,1,230.86
5720,2024-09-24 02:25:35,3091,WN,13303,12478,4,1244.13
5721,2025-04-28 04:21:46,1626,DL,11193,12892,2,1007.65
5722,2024-01-09 19:34:51,3538,DL,15016,11433,2,780.57
5723,2025-01-31 05:51:31,4850,DL,11433,13303,4,1598.37
5724,2024-09-27 19:13:57,1331,DL,11193,12892,1,404.72
5725,2025-06-09 06:11:51,3936,DL,14057,14869,4,1742.95
5726,2024-10-18 10:52:24,2000,DL,14057,14869,3,1571.73
5727,2025-05-05 13:27:56,1434,DL,14869,12478,4,718.23
5728,2025-01-20 19:20:50,1079,WN,13303,12478,4,891.57
5729,2025-08-02 02:00:32,4614,DL,12266,10397,1,158.44
5730,2024-02-23 11:23:03,1912,WN,13303,12478,3,919.09
5731,2024-08-24 11:09:04,1061,AA,12892,10397,3,1526.04
5732,2025-08-23 02:52:29,4810,DL,14057,14869,3,607.11
5733,2024-11-11 17:38:26,2141,WN,13303,12478,3,934.74
5734,2025-04-23 00:13:18,1613,DL,11433,13303,2,595.3
5735,2025-02-18 21:14:10,1037,WN,13303,12478,3,1792.18
5736,2025-04-04 11:59:20,4430,UA,10397,12892,1,307.43
5737,2025-05-19 04:05:05,2651,DL,11433,13303,1,517.36
5738,2025-04-14 22:27:49,4321,DL,14869,12478,2,1048.25
5739,2025-10-24 15:46:32,4551,DL,14057,14869,4,1619.85
5740,2025-02-27 06:25:30,2308,DL,10397,15016,1,208.09
5741,2024-02-12 11:20:10,3039,DL,10397,15016,1,447.68
5742,2024-05-13 22:08:27,4126,AA,12892,10397,1,293.99
5743,2025-03-03 00:09:47,2767,DL,14869,12478,4,2336.08
5744,2025-05-10 13:13:00,3421,WN,13303,12478,3,1416.77
5745,2024-11-08 10:19:32,3930,UA,10397,12892,4,2371.31
5746,2024-01-28 05:04:30,4191,UA,10397,12892,4,603.84
5747,2024-04-21 07:40:52,4648,DL,12266,10397,3,545.5
5748,2025-05-25 13:47:52,4877,DL,15016,11433,4,1911.06
5749,2024-11-28 17:04:03,2463,DL,11193,12892,4,1799.69
5750,2024-10-05 18:45:23,2617,UA,10397,12892,4,1124.6
5751,2025-02-25 19:50:13,1171,DL,12266,10397,1,366.45
5752,2024-03-02 20:38:57,3860,DL,10397,15016,1,186.84
5753,2024-11-20 04:12:04,2458,DL,11433,13303,3,769.11
5754,2025-10-29 03:29:11,2852,DL,11193,12892,1,442.16
5755,2025-01-27 17:26:44,2391,AA,12892,10397,1,599.14
5756,2025-08-09 05:22:51,2313,DL,11193,12892,4,2380.68
5757,2025-07-12 21:07:43,2681,DL,11193,12892,1,563.22
5758,2024-11-19 20:53:26,1137,WN,13303,12478,3,1599.92
5759,2025-09-10 10:30:16,4841,AA,12892,10397,3,1305.41
5760,2024-08-04 02:24:29,3810,DL,11193,12892,1,542.71
5761,2025-03-04 20:46:25,1011,AA,12892,10397,1,165.93
5762,2025-03-20 05:22:57,1509,DL,12266,10397,4,848.09
5763,2024-05-11 22:10:15,2902,UA,10397,12892,3,1577.92
5764,2024-10-08 08:21:26,4577,DL,14057,14869,2,714.74
5765,2024-09-06 18:29:26,4414,WN,13303,12478,1,285.03
5766,2025-06-23 09:20:56,2619,DL,12266,10397,2,1072.62
5767,2024-05-05 10:26:16,4535,DL,12266,10397,1,450.36
5768,2025-10-01 17:15:29,4445,DL,15016,11433,2,431.46
5769,2024-08-25 09:44:20,2888,DL,11433,13303,3,1394.44
5770,2025-09-27 10:55:31,2353,DL,11433,13303,1,196.0
5771,2024-07-22 15:54:25,3007,DL,11193,12892,1,368.74
5772,2025-06-07 06:34:42,1952,DL,14869,12478,1,168.72
5773,2025-09-04 09:46:20,3204,DL,14869,12478,4,2062.99
5774,2024-04-16 23:52:36,2248,UA,10397,12892,3,1524.27
5775,2024-10-23 17:33:19,1788,DL,11193,12892,3,1594.68
5776,2025-02-05 15:22:19,1714,WN,13303,12478,2,1100.2
5777,2024-06-19 07:00:36,3403,UA,10397,12892,2,780.58
5778,2024-11-29 15:50:01,4340,DL,14057,14869,3,970.77
5779,2024-03-07 01:25:49,2005,DL,14869,12478,4,1491.43
5780,2024-08-08 17:20:52,2363,UA,10397,12892,1,258.03
5781,2024-01-13 21:15:09,4667,WN,13303,12478,3,1184.97
5782,2025-01-13 16:34:57,1076,UA,10397,12892,2,764.18
5783,2025-04-02 08:33:39,1187,DL,11433,13303,2,574.74
5784,2024-07-22 11:14:11,1055,DL,14057,14869,4,1891.73
5785,2025-01-21 01:44:32,2157,DL,11193,12892,4,2388.56
5786,2024-03-11 13:26:11,4462,DL,15016,11433,1,563.45
5787,2024-11-09 01:10:37,4741,DL,11433,13303,2,1117.32
5788,2024-08-11 02:38:21,1930,DL,12266,10397,4,896.96
5789,2025-02-05 01:12:30,4503,DL,14869,12478,3,1763.02
5790,2024-08-30 15:35:29,1064,WN,13303,12478,2,767.76
5791,2025-08-03 13:38:27,4860,DL,14869,12478,3,1645.4
5792,2024-05-31 04:59:28,4426,UA,10397,12892,4,1909.3
5793,2025-08-12 20:00:22,1398,UA,10397,12892,1,198.08
5794,2025-08-07 23:04:36,2526,DL,11433,13303,4,1741.82
5795,2025-06-15 13:33:22,1712,DL,12266,10397,4,1515.21
5796,2024-01-30 18:51:30,1789,AA,12892,10397,2,853.83
5797,2024-03-02 00:35:38,4967,AA,12892,10397,4,1084.92
5798,2025-02-12 20:28:34,4492,WN,13303,12478,4,844.46
5799,2025-10-09 21:52:23,1032,UA,10397,12892,2,589.43
5800,2025-04-02 05:13:00,3661,DL,14057,14869,3,948.72
5801,2025-09-11 12:44:24,1050,DL,14057,14869,4,1046.97
5802,2025-04-28 20:27:25,4641,DL,11193,12892,1,469.6
5803,2024-11-07 02:01:03,4814,DL,12266,10397,4,2165.76
5804,2025-09-28 13:24:40,3535,DL,10397,15016,4,837.65
5805,2024-08-10 09:37:06,2697,DL,10397,15016,1,441.34
5806,2025-10-29 20:02:44,2939,DL,12266,10397,1,303.82
5807,2024-03-17 11:00:25,4753,DL,14869,12478,2,1077.91
5808,2025-07-16 18:31:04,2314,AA,12892,10397,1,329.4
5809,2025-07-22 12:53:36,2945,DL,11193,12892,3,1323.33
5810,2024-03-30 12:46:36,3073,DL,11433,13303,2,1091.9
5811,2025-02-02 22:36:22,3212,DL,15016,11433,1,449.02
5812,2024-07-01 17:05:26,4683,DL,10397,15016,1,458.95
5813,2024-12-09 19:39:42,4080,DL,15016,11433,3,1650.51
5814,2025-04-26 13:51:24,3017,DL,11193,12892,2,368.63
5815,2025-09-05 21:25:34,4780,DL,14057,14869,3,759.83
5816,2025-01-06 20:28:56,2079,AA,12892,10397,1,434.67
5817,2024-01-16 23:11:28,2561,DL,10397,15016,3,595.13
5818,2025-07-31 02:07:40,2588,UA,10397,12892,1,211.96
5819,2025-05-15 10:15:54,3430,DL,11433,13303,1,406.64
5820,2025-10-22 06:54:39,4442,DL,11433,13303,1,214.2
5821,2024-06-16 16:53:33,1901,DL,15016,11433,2,314.78
5822,2025-05-16 23:46:48,4420,DL,14869,12478,3,1737.01
5823,2025-09-10 08:21:20,1070,DL,14057,14869,4,1397.39
5824,2025-10-07 13:44:23,4869,DL,11193,12892,2,373.62
5825,2025-07-11 16:21:16,3375,WN,13303,12478,1,191.22
5826,2024-03-23 02:42:33,4372,UA,10397,12892,2,925.84
5827,2025-09-01 15:25:52,1303,DL,12266,10397,3,583.05
5828,2024-08-09 18:12:13,1520,DL,15016,11433,3,556.2
5829,2025-10-22 00:32:32,3021,DL,14869,12478,3,1430.04
5830,2025-01-09 13:30:51,3161,DL,12266,10397,3,1387.48
5831,2025-01-30 17:56:21,3235,DL,11193,12892,2,952.57
5832,2025-05-18 00:57:27,3897,UA,10397,12892,2,373.25
5833,2025-05-06 19:13:42,2147,DL,14057,14869,2,353.11
5834,2024-03-07 18:07:10,1412,DL,11193,12892,2,999.41
5835,2025-08-31 07:23:43,4272,WN,13303,12478,3,1041.67
5836,2024-06-12 15:57:00,4316,DL,14057,14869,3,1294.96
5837,2024-09-29 14:05:09,2435,AA,12892,10397,2,944.93
5838,2024-06-29 15:34:34,4809,WN,13303,12478,1,330.05
5839,2025-10-17 02:40:15,4110,UA,10397,12892,1,407.07
5840,2024-09-27 03:31:50,2033,DL,14057,14869,2,900.75
5841,2025-06-16 15:03:17,1009,DL,11433,13303,3,810.54
5842,2025-02-14 02:39:34,1724,WN,13303,12478,2,341.41
5843,2024-08-28 20:05:11,2891,DL,15016,11433,2,1054.96
5844,2024-09-14 22:50:01,3917,DL,15016,11433,4,961.45
5845,2024-07-18 21:34:58,1509,UA,10397,12892,1,233.41
5846,2024-04-28 19:42:45,2487,DL,10397,15016,2,728.52
5847,2025-09-06 17:04:42,1529,DL,12266,10397,4,1994.84
5848,2025-02-20 10:02:19,3759,DL,11193,12892,1,597.26
5849,2024-08-01 15:44:36,1418,DL,14869,12478,1,279.31
5850,2025-06-23 09:32:41,2329,WN,13303,12478,4,1424.97
5851,2025-02-18 22:28:18,2389,DL,14869,12478,4,1591.12
5852,2025-10-03 04:54:13,4218,DL,15016,11433,3,975.27
5853,2024-03-30 16:02:50,4634,DL,11433,13303,3,603.59
5854,2024-03-07 04:37:31,4125,WN,13303,12478,3,1335.76
5855,2025-06-22 17:38:54,4567,DL,11193,12892,4,836.51
5856,2025-09-07 22:23:19,2743,DL,14057,14869,1,410.06
5857,2025-07-21 23:39:59,2487,AA,12892,10397,2,414.09
5858,2025-03-23 23:01:48,2651,DL,15016,11433,3,900.86
5859,2024-09-02 10:55:38,2420,DL,14057,14869,3,791.18
5860,2024-05-27 01:33:12,2407,DL,11193,12892,2,621.8
5861,2025-03-05 05:57:52,3289,WN,13303,12478,2,578.34
5862,2024-06-04 07:19:16,3755,DL,11193,12892,1,270.57
5863,2025-07-06 03:41:45,4562,AA,12892,10397,1,376.19
5864,2024-05-30 06:00:43,4156,AA,12892,10397,3,1707.67
5865,2024-11-07 20:29:14,1366,AA,12892,10397,3,1775.6
5866,2024-09-15 03:00:42,4405,DL,12266,10397,4,881.47
5867,2025-10-19 00:14:27,1187,DL,14869,12478,4,1331.42
5868,2025-08-08 17:13:23,2242,DL,15016,11433,1,357.05
5869,2025-06-04 22:27:13,1381,AA,12892,10397,1,573.42
5870,2024-06-16 08:52:22,3805,DL,11193,12892,2,855.69
5871,2025-10-15 06:39:01,3356,DL,14869,12478,4,695.71
5872,2024-11-10 07:46:48,3363,DL,15016,11433,1,223.0
5873,2024-03-31 22:18:06,3954,DL,12266,10397,2,1179.97
5874,2025-03-08 17:02:18,2066,DL,14869,12478,1,438.63
5875,2025-01-04 17:05:23,2945,WN,13303,12478,3,1392.78
5876,2025-05-25 06:05:16,2811,UA,10397,12892,1,595.19
5877,2024-01-03 00:00:04,1859,AA,12892,10397,3,1328.41
5878,2024-08-31 05:38:08,4598,WN,13303,12478,2,1183.78
5879,2024-12-08 15:39:20,3299,DL,12266,10397,2,1134.65
5880,2024-08-22 08:15:44,1195,DL,10397,15016,1,417.67
5881,2025-06-15 08:36:00,1350,DL,12266,10397,3,634.87
5882,2025-06-21 16:52:55,2200,DL,14869,12478,4,1254.9
5883,2024-05-31 19:19:07,4648,DL,10397,15016,3,848.66
5884,2024-09-07 22:12:54,1297,UA,10397,12892,1,473.04
5885,2024-06-12 06:56:23,2819,DL,11193,12892,1,168.96
5886,2025-07-13 07:47:08,3377,AA,12892,10397,1,497.25
5887,2025-05-23 10:12:50,1265,DL,12266,10397,4,1277.91
5888,2024-05-26 02:09:44,3074,DL,12266,10397,4,871.82
5889,2024-08-12 00:55:05,1812,DL,12266,10397,4,1695.83
5890,2025-01-11 23:52:49,4671,UA,10397,12892,1,315.07
5891,2025-03-22 21:43:10,4358,DL,14057,14869,2,632.96
5892,2024-11-28 08:13:17,1173,AA,12892,10397,1,292.47
5893,2024-04-06 19:38:20,2721,DL,15016,11433,4,1942.32
5894,2024-08-07 09:30:17,2840,DL,15016,11433,1,294.89
5895,2025-06-28 00:59:48,4130,DL,14869,12478,2,846.8
5896,2024-01-18 01:02:25,4401,DL,12266,10397,1,436.94
5897,2025-05-25 02:12:18,3572,DL,11193,12892,3,593.7
5898,2025-07-12 12:44:54,4442,AA,12892,10397,2,1010.0
5899,2025-07-23 08:42:09,1520,DL,12266,10397,4,1708.91
5900,2025-08-03 14:21:30,2447,WN,13303,12478,2,394.25
5901,2024-05-04 05:15:27,4003,DL,14869,12478,1,338.59
5902,2024-08-03 14:36:14,3912,UA,10397,12892,2,1075.9
5903,2025-05-01 13:01:55,2161,DL,12266,10397,3,1589.97
5904,2024-04-17 17:15:23,1973,DL,14869,12478,1,190.2
5905,2024-06-11 21:39:04,3256,DL,10397,15016,2,599.22
5906,2024-08-28 12:43:47,4713,DL,14057,14869,1,561.47
5907,2025-08-10 14:40:24,2616,DL,10397,15016,1,460.24
5908,2024-09-17 20:18:35,1257,DL,12266,10397,2,917.56
5909,2025-04-04 06:37:16,4426,DL,12266,10397,1,388.27
5910,2025-01-25 12:32:53,4449,DL,14869,12478,4,1360.44
5911,2025-08-20 19:47:49,4152,WN,13303,12478,1,268.35
5912,2024-09-27 03:38:57,2905,AA,12892,10397,2,803.43
5913,2025-04-09 04:30:25,2106,AA,12892,10397,1,451.07
5914,2025-05-07 16:07:54,3908,DL,12266,10397,4,1975.96
5915,2024-05-01 08:18:04,4703,AA,12892,10397,4,1205.77
5916,2024-06-06 08:38:55,1463,DL,11193,12892,1,236.12
5917,2024-05-23 12:49:27,3359,DL,14057,14869,2,385.14
5918,2024-01-16 19:25:23,1378,AA,12892,10397,2,574.24
5919,2024-02-26 18:38:11,1269,DL,14057,14869,2,1089.07
5920,2024-04-06 01:57:19,4859,DL,12266,10397,4,980.91
5921,2024-04-25 01:11:45,2491,DL,10397,15016,2,771.48
5922,2024-07-12 10:06:36,2339,UA,10397,12892,3,887.17
5923,2024-12-01 22:32:00,4286,WN,13303,12478,2,685.67
5924,2024-01-13 09:29:28,4447,DL,12266,10397,3,959.25
5925,2024-09-28 00:37:40,2355,WN,13303,12478,3,1501.69
5926,2024-11-15 15:13:47,4128,DL,11433,13303,3,1785.0
5927,2024-03-10 05:49:40,2311,DL,11433,13303,4,616.72
5928,2025-08-04 15:08:28,4999,UA,10397,12892,1,394.45
5929,2025-01-17 22:57:00,3797,DL,11193,12892,2,526.81
5930,2024-02-05 02:38:18,3415,WN,13303,12478,4,1777.4
5931,2025-04-30 08:24:05,1465,DL,14057,14869,2,481.89
5932,2025-04-10 10:07:32,2258,UA,10397,12892,1,181.12
5933,2024-09-19 15:39:49,4012,DL,14057,14869,1,260.26
5934,2024-01-17 00:41:22,1037,DL,11193,12892,2,981.98
5935,2024-10-23 07:46:36,3224,WN,13303,12478,3,875.67
5936,2024-05-23 15:40:00,3156,WN,13303,12478,2,430.82
5937,2024-06-26 08:22:24,2433,DL,11193,12892,3,1787.05
5938,2024-07-10 13:07:14,2230,DL,10397,15016,3,1617.63
5939,2024-10-25 14:31:51,3193,DL,14869,12478,1,584.68
5940,2025-10-19 08:02:45,3038,DL,12266,10397,2,821.84
5941,2025-03-27 16:53:14,4256,DL,14057,14869,1,264.94
5942,2024-09-20 16:16:08,4620,UA,10397,12892,4,1582.9
5943,2025-01-06 07:38:28,3168,DL,15016,11433,1,419.87
5944,2025-03-20 13:05:35,2207,DL,12266,10397,2,1061.78
5945,2025-08-05 20:30:03,3153,DL,10397,15016,3,1403.64
5946,2025-03-14 15:08:15,4351,DL,11193,12892,1,322.33
5947,2024-01-07 03:00:51,3749,DL,15016,11433,3,529.02
5948,2024-02-11 00:19:51,4631,DL,11433,13303,1,527.76
5949,2024-03-25 02:49:07,4806,DL,15016,11433,1,495.98
5950,2025-10-27 14:06:25,4222,DL,10397,15016,1,276.7
5951,2025-08-28 12:40:53,3188,AA,12892,10397,4,1732.97
5952,2024-04-29 08:05:58,1654,DL,11433,13303,2,476.55
5953,2024-07-08 00:10:35,3096,DL,14869,12478,2,409.1
5954,2025-10-11 08:50:44,1230,DL,11193,12892,3,1635.98
5955,2024-01-16 02:57:29,1344,DL,11433,13303,2,488.08
5956,2024-07-18 06:10:46,4478,AA,12892,10397,4,1369.75
5957,2024-01-21 08:00:13,3860,DL,11193,12892,1,497.23
5958,2024-06-17 08:25:57,3881,AA,12892,10397,1,184.85
5959,2024-08-27 06:52:01,1518,DL,15016,11433,3,904.37
5960,2024-04-28 04:47:15,2033,DL,14869,12478,3,506.99
5961,2024-12-15 06:20:52,4346,DL,12266,10397,3,1380.79
5962,2025-09-01 07:38:38,4638,DL,12266,10397,2,402.54
5963,2024-06-08 09:28:12,4583,DL,10397,15016,3,739.66
5964,2024-08-19 14:26:03,3992,DL,12266,10397,2,1044.56
5965,2024-08-10 09:20:30,4665,WN,13303,12478,4,2370.18
5966,2025-08-16 19:47:05,2385,DL,11433,13303,3,534.21
5967,2024-01-19 23:04:27,4832,DL,14057,14869,3,1064.05
5968,2025-09-13 00:12:16,2896,DL,10397,15016,2,1193.6
5969,2025-09-03 16:30:20,3802,UA,10397,12892,2,854.47
5970,2025-07-08 13:44:43,1503,UA,10397,12892,2,984.57
5971,2024-04-11 19:56:39,2621,DL,10397,15016,3,625.33
5972,2024-02-09 07:32:23,3748,DL,15016,11433,2,458.33
5973,2024-10-31 22:32:42,4773,DL,14057,14869,3,1638.56
5974,2025-04-12 00:08:48,4787,DL,15016,11433,1,568.96
5975,2024-07-07 23:45:45,4789,DL,12266,10397,2,1183.37
5976,2025-08-18 22:49:44,4862,DL,11193,12892,3,870.06
5977,2024-03-20 06:07:39,4108,WN,13303,12478,2,458.43
5978,2024-03-11 17:01:50,1983,DL,11193,12892,4,1245.93
5979,2025-03-31 19:44:56,3641,DL,14869,12478,4,1084.83
5980,2024-06-04 08:53:00,1372,DL,12266,10397,3,1306.17
5981,2025-09-06 17:29:14,2405,UA,10397,12892,4,2232.05
5982,2024-01-14 14:01:42,4653,DL,10397,15016,3,1215.23
5983,2025-10-03 07:28:54,2557,UA,10397,12892,2,946.35
5984,2025-01-30 12:20:42,1545,DL,10397,15016,4,913.1
5985,2024-01-18 19:15:59,2182,WN,13303,12478,3,1538.68
5986,2025-04-19 23:32:46,1041,DL,11193,12892,2,986.47
5987,2024-12-02 10:37:30,1397,DL,10397,15016,1,474.38
5988,2025-10-04 20:08:43,3367,DL,14057,14869,2,767.05
5989,2025-07-12 01:25:32,2476,DL,15016,11433,4,667.4
5990,2024-09-07 01:51:53,2805,DL,10397,15016,4,2063.87
5991,2024-08-24 21:07:11,2255,WN,13303,12478,1,476.86
5992,2024-09-21 10:52:23,3703,WN,13303,12478,3,1243.36
5993,2025-09-20 23:08:00,1196,DL,12266,10397,1,525.88
5994,2024-07-25 22:09:05,1119,DL,11193,12892,2,442.48
5995,2024-02-26 07:12:59,4032,WN,13303,12478,2,439.75
5996,2024-08-10 00:50:43,2945,AA,12892,10397,1,469.5
5997,2024-01-25 07:52:31,1098,DL,11433,13303,1,326.1
5998,2024-12-17 02:59:01,4406,DL,14057,14869,4,1792.44
5999,2025-10-31 14:09:52,4249,DL,14057,14869,3,989.89
6000,2025-06-20 17:56:24,2300,DL,10397,15016,3,1403.95
6001,2025-09-09 05:11:22,1885,DL,11433,13303,4,1420.99
6002,2025-06-07 22:49:21,3726,DL,11433,13303,2,673.34
6003,2025-05-10 15:04:47,2749,DL,10397,15016,1,525.48
6004,2024-10-11 07:52:23,4529,WN,13303,12478,4,1029.41
6005,2025-03-17 02:35:56,3395,UA,10397,12892,3,1006.07
6006,2025-02-09 09:03:14,4145,DL,14057,14869,2,825.13
6007,2025-03-21 17:40:56,3040,DL,10397,15016,4,790.87
6008,2025-05-08 18:21:22,4461,DL,10397,15016,3,841.99
6009,2025-03-17 23:35:35,3345,DL,10397,15016,1,423.34
6010,2025-05-16 21:15:15,3831,DL,10397,15016,3,1752.58
6011,2024-04-29 02:12:15,2115,AA,12892,10397,1,327.9
6012,2024-04-01 01:01:13,1601,WN,13303,12478,2,734.31
6013,2024-03-20 16:45:03,2222,DL,14057,14869,1,463.45
6014,2024-12-16 04:22:51,2512,WN,13303,12478,4,870.22
6015,2025-01-02 16:55:32,4768,DL,15016,11433,3,542.61
6016,2025-04-02 08:12:39,4790,DL,10397,15016,3,1530.38
6017,2025-01-17 15:10:35,2909,AA,12892,10397,2,537.41
6018,2024-03-23 11:01:28,1963,DL,15016,11433,2,1144.69
6019,2025-09-13 15:40:01,4376,DL,14869,12478,4,1727.83
6020,2024-11-20 19:16:44,2375,UA,10397,12892,2,555.43
6021,2025-08-17 04:38:18,1509,UA,10397,12892,1,490.89
6022,2024-03-14 01:43:17,3769,DL,11193,12892,3,1133.2
6023,2024-04-04 07:32:45,1354,UA,10397,12892,4,1138.51
6024,2025-02-03 21:40:24,3439,DL,14869,12478,1,428.63
6025,2024-04-13 07:02:32,4670,DL,11193,12892,3,1790.06
6026,2025-03-22 07:39:59,3665,WN,13303,12478,3,533.73
6027,2024-04-29 15:42:00,3939,DL,14869,12478,2,593.82
6028,2025-08-27 11:10:26,4843,UA,10397,12892,3,594.8
6029,2024-02-24 11:44:02,1997,DL,10397,15016,2,1169.56
6030,2024-09-20 07:32:51,2957,WN,13303,12478,3,731.52
6031,2025-10-11 11:11:41,2531,DL,11193,12892,2,967.65
6032,2025-04-07 12:02:18,4141,DL,11193,12892,2,1006.71
6033,2025-10-18 15:51:25,1750,AA,12892,10397,3,1130.97
6034,2025-06-01 07:54:31,4332,DL,12266,10397,1,293.59
6035,2024-04-20 19:19:06,2142,DL,15016,11433,2,751.46
6036,2025-10-08 06:50:32,2078,DL,10397,15016,1,155.11
6037,2024-12-31 01:44:04,2324,DL,14869,12478,1,183.83
6038,2025-08-18 22:49:41,3625,DL,15016,11433,4,1968.72
6039,2025-02-19 15:47:42,1213,UA,10397,12892,1,206.63
6040,2025-08-02 18:06:16,3975,UA,10397,12892,1,350.91
6041,2024-08-12 18:29:36,1165,DL,14057,14869,1,578.3
6042,2025-09-05 05:55:47,3216,DL,11193,12892,2,976.66
6043,2025-05-22 10:35:15,4965,DL,14057,14869,1,191.76
6044,2024-04-10 01:49:21,4263,DL,12266,10397,1,179.93
6045,2024-05-13 19:15:49,4212,DL,15016,11433,2,345.26
6046,2025-04-17 22:20:51,1411,DL,11193,12892,1,364.49
6047,2024-07-22 19:43:45,4060,DL,12266,10397,4,759.67
6048,2024-03-13 12:58:53,4324,UA,10397,12892,2,629.69
6049,2025-08-10 11:05:59,3869,DL,11193,12892,2,595.67
6050,2024-02-09 03:38:32,2717,DL,14057,14869,2,457.76
6051,2025-06-20 18:28:50,4263,WN,13303,12478,4,1941.97
6052,2024-04-28 12:51:57,1858,DL,12266,10397,1,215.58
6053,2024-09-22 15:46:15,3774,DL,11433,13303,4,1953.88
6054,2024-05-31 18:11:14,4612,WN,13303,12478,3,566.49
6055,2024-05-20 14:23:36,2931,DL,10397,15016,3,1287.72
6056,2024-04-05 08:30:22,3576,WN,13303,12478,2,575.81
6057,2025-09-07 10:32:54,2996,UA,10397,12892,4,1673.6
6058,2025-02-17 08:40:27,3991,WN,13303,12478,3,1392.36
6059,2025-08-05 02:03:50,3554,DL,15016,11433,4,706.73
6060,2024-01-07 22:28:52,1561,DL,12266,10397,4,1047.34
6061,2025-04-16 12:11:17,3467,WN,13303,12478,3,1193.93
6062,2024-03-27 02:57:30,1957,DL,11433,13303,3,580.2
6063,2024-09-04 04:48:18,2161,DL,14869,12478,1,413.18
6064,2024-08-15 10:35:27,1860,WN,13303,12478,3,925.05
6065,2025-09-29 10:38:31,2161,DL,14869,12478,2,725.83
6066,2024-01-10 16:34:03,1106,DL,14057,14869,1,496.09
6067,2024-11-10 22:56:31,3128,DL,15016,11433,1,303.41
6068,2025-04-22 11:12:36,3483,DL,12266,10397,3,1720.56
6069,2025-06-19 04:45:52,4670,DL,12266,10397,3,1627.54
6070,2024-06-22 14:57:55,4215,DL,11433,13303,4,2145.26
6071,2025-08-24 20:24:41,2759,UA,10397,12892,2,518.78
6072,2024-09-26 06:51:20,1631,DL,14869,12478,1,364.63
6073,2025-07-21 11:55:17,3304,DL,12266,10397,2,694.16
6074,2025-03-20 21:51:37,3246,AA,12892,10397,4,1060.57
6075,2024-09-05 07:07:29,2035,DL,11193,12892,3,1070.09
6076,2025-04-18 12:57:20,1300,DL,12266,10397,3,664.35
6077,2025-01-24 09:01:33,4217,WN,13303,12478,3,1063.64
6078,2025-10-04 11:09:51,3440,DL,15016,11433,4,2094.41
6079,2025-01-16 11:55:30,1069,DL,10397,15016,4,1973.98
6080,2024-01-16 18:53:10,2470,DL,11433,13303,3,1765.73
6081,2024-08-29 22:17:24,3877,DL,11193,12892,3,1366.2
6082,2025-03-24 16:55:08,3390,DL,10397,15016,3,999.89
6083,2024-02-01 15:25:29,1399,WN,13303,12478,2,947.65
6084,2024-06-17 20:23:12,1328,UA,10397,12892,2,573.5
6085,2024-08-17 05:25:31,3638,AA,12892,10397,2,724.89
6086,2024-01-09 16:59:07,4274,DL,14869,12478,1,574.65
6087,2024-10-11 17:45:58,3406,UA,10397,12892,4,1688.46
6088,2024-07-20 22:06:38,2933,DL,14057,14869,2,533.52
6089,2024-11-13 18:32:15,3122,DL,12266,10397,2,338.19
6090,2025-06-26 10:18:08,2068,DL,14869,12478,1,537.31
6091,2024-12-05 07:46:50,4702,DL,14057,14869,2,522.19
6092,2025-03-07 11:33:35,4256,DL,10397,15016,3,926.99
6093,2024-01-28 06:03:10,3711,WN,13303,12478,1,315.49
6094,2024-11-09 12:25:37,2009,DL,12266,10397,1,442.17
6095,2024-06-17 23:29:47,2935,WN,13303,12478,4,1939.3
6096,2024-12-11 12:59:25,4809,DL,11433,13303,4,1536.51
6097,2024-05-03 09:20:27,3271,DL,14869,12478,4,2379.76
6098,2024-10-29 09:53:09,1241,DL,14869,12478,1,300.49
6099,2025-07-08 16:32:26,1519,DL,15016,11433,2,817.35
6100,2025-05-11 15:28:38,3841,DL,11433,13303,1,469.92
6101,2024-06-29 05:07:45,4147,DL,14869,12478,4,1705.57
6102,2024-11-29 11:38:36,2420,DL,10397,15016,4,1476.83
6103,2025-09-23 02:45:51,1249,DL,10397,15016,1,159.35
6104,2025-02-03 03:57:56,3475,DL,12266,10397,1,543.86
6105,2025-05-28 12:49:45,4595,UA,10397,12892,4,1928.62
6106,2025-10-14 02:49:55,4519,DL,14869,12478,1,283.5
6107,2024-12-11 22:57:46,2559,DL,12266,10397,1,170.54
6108,2024-06-11 02:13:26,1036,UA,10397,12892,3,1677.7
6109,2025-06-15 11:51:56,3919,DL,11433,13303,2,1169.03
6110,2024-05-22 12:55:39,2875,DL,12266,10397,4,1538.15
6111,2025-05-12 16:39:27,1485,DL,11433,13303,3,719.8
6112,2024-11-15 15:50:13,4226,UA,10397,12892,2,950.67
6113,2024-03-27 03:00:42,3280,UA,10397,12892,4,1958.37
6114,2025-10-17 08:39:26,1742,WN,13303,12478,1,399.14
6115,2024-06-16 07:20:07,3814,DL,15016,11433,3,540.84
6116,2024-06-06 22:25:26,1091,WN,13303,12478,3,495.17
6117,2024-09-09 13:45:10,1157,DL,14057,14869,1,516.41
6118,2024-12-31 00:36:03,3644,DL,10397,15016,3,1163.3
6119,2025-08-12 15:36:48,3664,AA,12892,10397,4,2378.46
6120,2024-05-06 17:27:28,4377,DL,15016,11433,4,1877.29
6121,2025-07-25 04:20:10,2340,AA,12892,10397,1,256.89
6122,2024-11-16 12:49:11,4080,AA,12892,10397,3,676.55
6123,2024-01-24 08:44:08,4446,DL,10397,15016,1,461.2
6124,2024-11-11 22:20:23,3461,DL,15016,11433,3,908.24
6125,2024-11-10 22:49:21,2660,DL,10397,15016,1,252.96
6126,2025-03-24 06:03:02,1069,DL,14869,12478,3,466.0
6127,2024-02-13 15:04:10,4995,DL,12266,10397,2,1011.79
6128,2024-10-18 02:31:48,1195,DL,10397,15016,3,1003.04
6129,2024-03-17 15:36:13,2126,DL,14869,12478,1,420.17
6130,2024-12-22 09:50:18,4723,DL,10397,15016,4,1733.81
6131,2025-06-01 02:13:45,4501,UA,10397,12892,2,940.12
6132,2024-03-05 16:01:27,3237,DL,11433,13303,2,910.68
6133,2025-10-17 01:21:57,4406,WN,13303,12478,2,582.17
6134,2024-07-06 13:32:39,2856,DL,14869,12478,1,282.83
6135,2024-07-07 16:09:39,2771,DL,14869,12478,2,379.07
6136,2024-05-14 23:33:25,1505,DL,12266,10397,1,307.53
6137,2025-03-05 19:42:55,4845,DL,15016,11433,2,1163.12
6138,2025-01-27 04:27:46,1779,DL,15016,11433,1,468.49
6139,2024-02-22 22:50:38,1090,DL,11433,13303,2,564.33
6140,2025-07-05 22:20:55,1399,UA,10397,12892,3,488.84
6141,2024-01-24 05:41:32,3049,WN,13303,12478,1,266.59
6142,2024-12-03 02:42:33,4173,DL,12266,10397,4,2172.53
6143,2024-06-25 14:16:51,3846,DL,11193,12892,1,406.59
6144,2024-12-11 03:55:13,2953,WN,13303,12478,3,1247.85
6145,2024-06-06 07:56:37,4250,DL,14057,14869,1,186.88
6146,2025-09-02 06:28:44,3961,DL,14869,12478,1,566.17
6147,2024-05-05 01:00:26,3300,DL,12266,10397,4,2106.17
6148,2025-06-12 19:49:45,1960,DL,15016,11433,3,1167.89
6149,2025-07-15 12:12:09,2130,DL,11193,12892,4,1258.13
6150,2025-05-18 12:37:55,1626,DL,11193,12892,2,379.22
6151,2024-12-17 19:11:25,1250,DL,11193,12892,4,880.18
6152,2024-07-19 12:13:06,2499,DL,10397,15016,3,1643.34
6153,2024-03-22 15:40:37,2045,DL,11433,13303,1,466.1
6154,2025-10-12 14:17:21,3290,DL,11433,13303,3,1498.54
6155,2025-07-23 04:50:55,3085,WN,13303,12478,4,1364.65
6156,2025-04-08 04:04:53,1999,DL,10397,15016,4,1190.33
6157,2025-03-08 02:17:03,4947,DL,11193,12892,3,450.62
6158,2024-03-11 10:15:58,3932,AA,12892,10397,3,1403.62
6159,2024-10-15 12:51:34,1863,AA,12892,10397,2,890.36
6160,2024-01-17 08:16:47,1719,DL,12266,10397,4,1646.21
6161,2024-04-15 15:33:55,4924,DL,12266,10397,2,522.11
6162,2025-09-24 15:48:24,3446,DL,12266,10397,1,303.21
6163,2024-05-02 05:55:04,1668,WN,13303,12478,2,822.9
6164,2025-10-12 21:43:56,3677,WN,13303,12478,1,312.58
6165,2025-10-18 05:03:00,2002,DL,12266,10397,4,784.07
6166,2024-12-29 09:57:29,4990,DL,14869,12478,4,987.39
6167,2025-01-22 15:33:57,2272,DL,15016,11433,4,805.79
6168,2025-07-10 01:30:33,3308,DL,15016,11433,2,345.76
6169,2025-07-20 19:42:43,3481,DL,11193,12892,1,439.01
6170,2025-03-27 09:41:49,2977,AA,12892,10397,4,696.18
6171,2024-03-19 10:43:38,3199,DL,10397,15016,4,2181.64
6172,2024-06-24 07:57:36,2882,DL,11433,13303,4,2332.88
6173,2024-10-04 16:04:54,1892,AA,12892,10397,3,1737.64
6174,2025-09-02 03:11:34,4928,UA,10397,12892,3,1618.92
6175,2025-01-14 12:36:35,2793,DL,12266,10397,4,733.48
6176,2024-09-24 04:43:19,3163,DL,12266,10397,1,558.29
6177,2024-06-14 22:31:08,4662,DL,12266,10397,1,327.29
6178,2025-05-08 21:06:56,1108,DL,14057,14869,4,1210.59
6179,2024-05-13 15:52:28,2982,DL,14057,14869,2,310.09
6180,2024-10-09 12:44:12,2369,UA,10397,12892,4,2194.18
6181,2024-05-27 19:29:48,2624,DL,10397,15016,4,1055.61
6182,2025-07-27 04:18:25,2624,DL,11433,13303,2,337.17
6183,2024-12-19 19:49:53,3287,DL,12266,10397,2,698.71
6184,2025-04-01 20:34:12,3433,DL,11433,13303,1,256.7
6185,2025-03-12 15:43:33,1760,DL,15016,11433,3,949.1
6186,2024-03-10 23:48:26,1492,AA,12892,10397,2,960.63
6187,2025-04-14 09:10:21,1941,WN,13303,12478,2,652.6
6188,2025-07-13 19:52:24,1263,DL,10397,15016,1,384.27
6189,2025-01-15 11:25:47,4823,DL,11193,12892,2,969.14
6190,2025-06-26 04:52:27,4854,UA,10397,12892,3,846.56
6191,2024-05-18 19:30:44,4500,WN,13303,12478,1,586.22
6192,2025-04-03 21:52:48,1087,UA,10397,12892,2,1093.06
6193,2025-07-18 09:45:04,1074,DL,15016,11433,2,1180.32
6194,2024-12-17 10:29:50,4242,DL,11193,12892,3,1458.04
6195,2025-09-30 02:08:52,2127,DL,14057,14869,4,2255.49
6196,2024-06-29 23:20:25,3869,DL,11193,12892,1,420.67
6197,2024-08-10 21:39:14,3795,AA,12892,10397,1,237.58
6198,2024-04-07 13:03:24,4474,DL,15016,11433,2,431.67
6199,2024-06-03 04:52:52,2422,WN,13303,12478,4,1255.46
6200,2024-10-28 19:13:33,1599,DL,11433,13303,1,440.52
6201,2024-02-09 02:58:09,4318,DL,14057,14869,4,1235.53
6202,2024-04-25 21:57:32,3261,DL,11193,12892,3,1410.38
6203,2025-03-23 05:22:34,2074,DL,11193,12892,2,883.08
6204,2024-02-06 07:28:23,4997,AA,12892,10397,3,1606.43
6205,2025-03-10 21:15:46,1305,WN,13303,12478,1,173.81
6206,2024-06-06 13:04:02,1039,DL,15016,11433,2,444.07
6207,2024-04-11 09:39:08,4349,DL,14057,14869,1,343.4
6208,2025-01-25 19:53:28,1293,DL,11433,13303,4,1116.43
6209,2024-07-05 11:32:10,4275,WN,13303,12478,1,190.97
6210,2025-06-28 11:36:58,2870,DL,10397,15016,4,1606.17
6211,2025-08-24 13:22:21,3756,DL,10397,15016,1,276.11
6212,2025-07-27 19:41:06,1844,UA,10397,12892,4,1915.57
6213,2025-10-14 22:16:50,1742,UA,10397,12892,2,713.04
6214,2024-02-27 14:54:33,4937,AA,12892,10397,3,512.35
6215,2025-04-29 16:08:25,3450,AA,12892,10397,3,1417.59
6216,2025-09-01 16:31:44,2162,DL,12266,10397,4,1406.78
6217,2024-01-25 17:07:39,3404,DL,14869,12478,4,1111.12
6218,2024-10-22 20:33:55,1656,AA,12892,10397,3,872.64
6219,2025-10-11 15:05:42,4860,DL,14869,12478,1,292.64
6220,2024-01-17 16:35:08,2487,DL,12266,10397,2,1026.48
6221,2024-02-08 18:56:46,2889,WN,13303,12478,3,1017.39
6222,2024-12-06 07:54:43,3548,DL,11433,13303,2,475.0
6223,2024-05-09 15:24:10,2923,UA,10397,12892,3,829.43
6224,2024-06-10 10:26:29,3192,WN,13303,12478,4,1504.13
6225,2024-11-28 09:40:07,1970,DL,12266,10397,1,421.66
6226,2024-12-05 10:49:48,3755,DL,14057,14869,1,481.52
6227,2024-04-30 03:58:02,3490,DL,14869,12478,3,1448.47
6228,2024-03-28 20:58:24,2609,DL,11433,13303,1,209.64
6229,2024-12-04 21:03:06,2568,DL,10397,15016,3,1501.62
6230,2024-06-09 09:37:08,1971,DL,11433,13303,4,1669.1
6231,2024-01-10 17:47:30,1810,AA,12892,10397,1,247.76
6232,2025-05-09 03:15:43,2386,DL,12266,10397,4,2242.96
6233,2025-09-16 21:49:17,4199,DL,11193,12892,1,457.79
6234,2024-07-19 14:11:16,2022,WN,13303,12478,3,1589.56
6235,2025-01-14 07:18:42,4392,UA,10397,12892,4,1541.17
6236,2024-03-30 08:27:41,4302,AA,12892,10397,2,1087.85
6237,2024-06-25 17:02:58,2131,AA,12892,10397,2,906.89
6238,2024-01-12 13:22:07,4771,DL,12266,10397,3,1071.24
6239,2024-09-01 19:08:56,3563,DL,11193,12892,3,756.37
6240,2024-03-22 13:03:52,1168,DL,10397,15016,2,1140.57
6241,2024-04-06 13:18:51,4102,DL,11433,13303,2,623.54
6242,2025-09-18 20:32:43,4290,DL,14869,12478,3,855.38
6243,2025-03-21 07:43:40,1835,AA,12892,10397,1,590.77
6244,2024-08-26 20:51:51,4741,DL,11193,12892,3,1506.49
6245,2024-09-02 01:50:36,3714,DL,12266,10397,4,993.54
6246,2024-07-10 00:38:08,3028,AA,12892,10397,3,728.97
6247,2025-06-08 20:15:09,1706,UA,10397,12892,1,292.58
6248,2024-05-20 08:36:22,4347,UA,10397,12892,3,1095.85
6249,2024-02-21 14:49:34,4844,DL,10397,15016,2,1107.83
6250,2025-01-30 02:30:06,1720,UA,10397,12892,2,822.46
6251,2024-01-26 18:38:13,3898,UA,10397,12892,2,590.64
6252,2025-05-14 15:15:00,3830,DL,10397,15016,2,956.65
6253,2025-02-02 16:11:13,1539,DL,14869,12478,4,1313.67
6254,2025-06-06 21:23:22,1273,DL,14869,12478,2,307.5
6255,2024-11-16 17:49:10,1566,DL,14869,12478,3,535.72
6256,2025-08-01 15:26:46,3437,DL,11193,12892,3,497.75
6257,2025-01-30 18:01:18,3352,DL,15016,11433,1,536.38
6258,2024-06-26 15:15:05,2998,DL,15016,11433,1,253.97
6259,2024-10-17 22:21:43,1773,WN,13303,12478,1,155.97
6260,2025-02-19 08:17:18,2601,DL,14869,12478,4,983.97
6261,2025-05-16 10:25:24,2275,DL,11193,12892,4,2298.37
6262,2025-07-24 08:36:21,2530,WN,13303,12478,4,943.24
6263,2024-07-29 08:32:13,1218,DL,11193,12892,4,1142.33
6264,2024-02-23 21:41:35,1467,DL,14057,14869,2,1091.46
6265,2025-10-31 06:47:16,2959,DL,12266,10397,1,158.0
6266,2024-09-21 15:54:13,4460,DL,15016,11433,4,1650.08
6267,2025-09-19 02:21:46,2208,DL,10397,15016,3,1189.21
6268,2024-03-10 16:05:59,2660,DL,14057,14869,4,937.27
6269,2024-05-29 04:06:28,3240,DL,11433,13303,3,1435.86
6270,2025-04-07 09:13:34,2541,AA,12892,10397,3,1078.84
6271,2024-05-05 05:47:54,1796,DL,14057,14869,4,1081.92
6272,2024-10-06 14:24:36,1619,UA,10397,12892,2,378.43
6273,2024-12-30 16:43:49,2906,DL,11193,12892,3,1554.43
6274,2024-09-17 03:45:01,2771,DL,14869,12478,2,602.38
6275,2025-10-18 23:41:07,2826,DL,14869,12478,2,1107.07
6276,2025-09-17 17:24:31,4402,UA,10397,12892,3,1459.43
6277,2025-04-17 17:30:10,2467,UA,10397,12892,4,974.27
6278,2024-01-22 14:32:16,3572,DL,14869,12478,3,935.91
6279,2024-12-01 14:19:24,3696,DL,14057,14869,1,307.04
6280,2025-08-28 02:52:48,2296,WN,13303,12478,2,887.66
6281,2024-02-07 01:15:23,3104,DL,11193,12892,1,237.88
6282,2025-09-16 18:16:09,4482,DL,14057,14869,2,1112.17
6283,2024-12-27 14:45:55,1721,WN,13303,12478,3,1158.12
6284,2025-10-02 14:39:39,2776,DL,11433,13303,4,693.87
6285,2025-10-29 18:14:25,1630,DL,14869,12478,3,480.16
6286,2024-02-26 19:40:14,4082,AA,12892,10397,4,1740.84
6287,2025-09-18 13:54:30,4283,WN,13303,12478,2,650.97
6288,2025-06-06 09:32:43,1067,UA,10397,12892,4,1453.61
6289,2025-07-19 04:15:57,4482,UA,10397,12892,1,452.34
6290,2025-02-11 12:49:18,2146,AA,12892,10397,2,1097.71
6291,2024-09-01 03:02:56,1127,DL,11433,13303,2,839.05
6292,2025-03-07 09:33:14,1306,DL,10397,15016,3,1081.94
6293,2025-08-18 15:44:37,4087,DL,12266,10397,4,2134.77
6294,2024-01-13 08:56:41,1800,AA,12892,10397,2,412.76
6295,2025-04-22 18:39:14,1527,DL,10397,15016,3,1429.23
6296,2025-08-09 05:09:12,2934,DL,14869,12478,1,377.55
6297,2025-06-23 00:48:45,1456,UA,10397,12892,3,1048.32
6298,2024-12-27 18:06:39,1373,DL,12266,10397,4,2119.25
6299,2024-04-25 04:09:57,1331,DL,11433,13303,1,243.03
6300,2024-04-11 20:09:20,3630,DL,11433,13303,4,1272.96
6301,2025-09-23 00:26:05,4992,DL,14057,14869,1,310.35
6302,2024-06-02 22:55:52,3702,DL,15016,11433,1,428.47
6303,2025-06-30 08:34:13,2694,DL,14869,12478,4,612.7
6304,2025-08-30 07:00:20,2289,DL,12266,10397,2,585.24
6305,2024-11-08 17:04:41,2999,AA,12892,10397,2,548.58
6306,2025-04-05 01:00:40,2119,DL,14057,14869,2,650.93
6307,2024-11-07 08:43:38,2102,AA,12892,10397,3,450.55
6308,2024-11-04 19:52:24,2042,DL,11433,13303,1,436.29
6309,2024-07-25 16:33:37,4894,UA,10397,12892,1,324.65
6310,2024-04-16 16:34:52,2721,AA,12892,10397,1,151.92
6311,2024-12-12 05:12:13,1330,WN,13303,12478,4,1950.22
6312,2025-08-03 20:03:04,1170,DL,14057,14869,3,869.2
6313,2024-11-09 16:15:50,3251,DL,15016,11433,1,319.4
6314,2025-04-01 04:14:49,1388,DL,12266,10397,3,530.07
6315,2024-09-03 04:45:38,1044,AA,12892,10397,4,811.15
6316,2025-06-04 17:47:46,3649,UA,10397,12892,3,565.8
6317,2025-05-04 18:49:09,1665,AA,12892,10397,3,1507.36
6318,2024-08-02 23:06:57,3744,UA,10397,12892,2,899.92
6319,2024-02-01 13:23:53,4404,WN,13303,12478,2,651.85
6320,2024-02-08 09:20:20,1585,DL,11193,12892,1,261.0
6321,2025-04-27 17:18:07,1009,AA,12892,10397,3,954.07
6322,2024-04-25 06:54:08,1781,DL,14869,12478,3,754.38
6323,2024-01-18 00:49:59,3787,DL,14057,14869,3,1635.12
6324,2024-06-30 19:50:06,2465,UA,10397,12892,2,808.17
6325,2025-04-23 22:12:57,3897,UA,10397,12892,3,1412.59
6326,2025-03-11 06:45:00,3370,UA,10397,12892,4,1836.12
6327,2024-07-23 07:15:42,4822,WN,13303,12478,1,175.8
6328,2024-01-03 05:48:24,2747,DL,12266,10397,4,2228.9
6329,2024-12-15 16:15:00,3540,DL,11193,12892,4,2396.48
6330,2025-07-03 17:50:57,2409,AA,12892,10397,3,1552.19
6331,2024-11-26 23:36:39,4241,DL,14057,14869,3,1649.85
6332,2025-02-08 03:03:33,1561,UA,10397,12892,3,1660.87
6333,2024-09-26 18:46:53,1560,DL,10397,15016,2,700.83
6334,2025-03-09 03:31:51,4345,DL,14869,12478,1,165.23
6335,2024-02-20 15:02:54,1623,DL,11433,13303,3,1757.82
6336,2024-09-24 06:53:26,3214,DL,10397,15016,2,376.49
6337,2024-01-12 08:42:04,1565,UA,10397,12892,4,2280.36
6338,2025-07-27 15:56:12,2402,DL,11433,13303,3,581.97
6339,2024-11-06 23:23:06,4486,DL,12266,10397,1,253.99
6340,2025-04-21 12:42:19,2936,AA,12892,10397,4,1082.07
6341,2024-01-28 18:30:50,2882,DL,12266,10397,4,2161.95
6342,2025-09-30 16:46:45,2204,DL,15016,11433,1,560.66
6343,2025-03-18 04:01:05,3342,DL,10397,15016,1,452.29
6344,2025-07-28 04:26:45,2418,DL,11193,12892,2,378.69
6345,2025-09-23 12:51:38,4300,DL,11433,13303,3,925.41
6346,2024-03-14 09:12:50,1069,DL,12266,10397,4,1977.57
6347,2025-05-05 07:10:31,2014,DL,11433,13303,2,873.63
6348,2024-09-20 08:30:18,4687,DL,12266,10397,1,261.08
6349,2025-04-26 08:28:26,2596,UA,10397,12892,4,768.7
6350,2025-01-24 07:22:24,4217,UA,10397,12892,3,1155.66
6351,2024-02-04 23:16:29,3890,DL,15016,11433,3,796.16
6352,2025-10-11 00:48:01,1491,DL,11193,12892,3,1566.14
6353,2024-12-23 09:39:12,4080,DL,14869,12478,3,1570.65
6354,2024-12-25 09:16:18,2918,DL,11193,12892,2,1129.96
6355,2024-06-15 12:52:05,2097,DL,15016,11433,2,720.83
6356,2025-01-16 19:19:18,4007,DL,11193,12892,2,837.91
6357,2024-07-21 05:24:51,1991,WN,13303,12478,4,1676.18
6358,2024-05-29 15:57:27,4947,UA,10397,12892,1,488.1
6359,2024-07-14 11:55:36,2521,UA,10397,12892,3,1198.66
6360,2024-01-07 09:32:45,4489,UA,10397,12892,2,408.47
6361,2024-01-31 07:07:06,3435,DL,12266,10397,3,1262.37
6362,2025-04-16 15:04:53,3347,DL,14869,12478,2,1139.87
6363,2024-12-24 00:49:40,1276,AA,12892,10397,4,1625.68
6364,2024-03-27 14:01:05,1839,DL,10397,15016,1,227.57
6365,2025-06-29 01:04:22,3415,DL,11193,12892,1,580.63
6366,2025-07-16 13:45:39,1098,DL,11193,12892,4,2100.11
6367,2024-12-02 06:44:16,1705,DL,14869,12478,1,253.93
6368,2024-02-29 15:16:23,3055,DL,12266,10397,3,1588.5
6369,2024-09-01 23:55:15,2086,DL,14869,12478,1,386.62
6370,2024-11-21 07:51:33,3693,DL,15016,11433,4,2131.32
6371,2024-03-14 23:44:31,1021,DL,10397,15016,1,258.01
6372,2024-03-08 08:46:25,4345,DL,10397,15016,1,372.98
6373,2024-11-13 21:30:40,2434,DL,14057,14869,4,1525.7
6374,2024-07-07 08:31:59,1328,DL,14869,12478,3,1074.35
6375,2024-10-09 02:25:38,4559,WN,13303,12478,3,1574.14
6376,2024-07-03 22:20:16,2368,DL,14057,14869,2,731.72
6377,2025-05-12 04:42:13,2725,WN,13303,12478,2,1131.37
6378,2025-02-01 23:51:35,4758,DL,10397,15016,2,1181.44
6379,2025-01-15 00:45:38,3067,DL,10397,15016,1,452.55
6380,2024-05-18 22:56:41,1577,DL,10397,15016,3,1797.12
6381,2025-07-03 17:03:10,4482,AA,12892,10397,2,619.98
6382,2025-07-24 16:14:06,4307,WN,13303,12478,4,1781.46
6383,2025-03-18 06:28:33,4911,DL,15016,11433,4,1674.5
6384,2024-11-16 08:52:13,1184,DL,11433,13303,4,1850.04
6385,2025-03-30 20:22:31,3047,DL,11433,13303,2,878.16
6386,2025-09-04 00:35:22,3292,DL,14869,12478,3,676.1
6387,2024-08-03 16:33:27,3695,DL,15016,11433,2,1134.71
6388,2025-06-21 20:29:03,3467,UA,10397,12892,3,1138.35
6389,2024-03-03 15:02:11,1950,DL,14869,12478,4,1641.01
6390,2024-10-31 04:59:49,3538,DL,12266,10397,1,522.6
6391,2025-10-17 12:08:26,3010,DL,10397,15016,1,228.22
6392,2024-02-20 07:55:56,4527,UA,10397,12892,3,1363.09
6393,2025-03-20 21:39:13,3090,DL,11433,13303,3,1077.7
6394,2025-01-04 18:09:28,1063,DL,14869,12478,3,1015.69
6395,2024-12-07 08:51:16,3446,DL,15016,11433,2,537.7
6396,2024-04-02 13:39:31,2211,UA,10397,12892,1,507.14
6397,2024-08-13 00:21:41,1142,DL,14869,12478,4,1151.85
6398,2024-03-16 19:39:22,3553,WN,13303,12478,3,1646.13
6399,2024-02-25 17:29:41,4618,WN,13303,12478,3,1167.07
6400,2024-01-03 08:57:57,3900,DL,11193,12892,4,1976.31
6401,2025-08-16 04:51:35,1434,DL,15016,11433,1,520.39
6402,2024-10-01 14:08:46,3739,DL,11433,13303,1,439.25
6403,2025-10-01 12:38:20,1352,DL,11433,13303,4,1052.8
6404,2025-10-19 14:42:52,4804,AA,12892,10397,2,1011.66
6405,2025-06-17 12:51:23,4242,AA,12892,10397,4,1220.77
6406,2024-01-01 18:02:37,4927,DL,14869,12478,3,1512.18
6407,2025-02-07 02:36:25,2592,DL,10397,15016,3,602.35
6408,2025-08-03 11:49:29,4688,AA,12892,10397,2,549.77
6409,2024-10-03 20:09:18,2489,DL,14057,14869,3,547.67
6410,2025-01-18 15:44:23,2715,DL,11433,13303,4,1456.08
6411,2025-05-11 20:54:43,2116,DL,12266,10397,4,2307.59
6412,2025-06-28 10:56:42,4012,DL,12266,10397,1,566.19
6413,2025-10-23 18:02:40,3409,DL,11433,13303,4,746.57
6414,2024-04-07 13:14:06,2635,DL,11193,12892,3,786.44
6415,2024-12-06 09:30:47,4637,DL,12266,10397,1,367.12
6416,2024-12-24 19:49:59,3034,DL,10397,15016,1,415.96
6417,2024-11-06 11:20:10,3617,DL,11193,12892,3,1007.43
6418,2025-09-14 09:00:39,1083,DL,15016,11433,1,389.3
6419,2024-10-05 05:55:14,4275,DL,10397,15016,4,2089.09
6420,2024-11-01 09:53:55,2833,WN,13303,12478,1,529.5
6421,2025-05-04 14:03:34,4250,DL,15016,11433,2,432.33
6422,2025-04-23 11:31:28,2964,DL,14869,12478,2,768.68
6423,2025-01-05 23:15:32,4935,DL,12266,10397,2,966.57
6424,2025-07-18 09:27:33,1703,DL,15016,11433,3,1483.51
6425,2025-10-19 22:10:58,4180,AA,12892,10397,2,559.9
6426,2024-05-01 03:59:52,2794,DL,11433,13303,4,1457.01
6427,2025-09-11 15:29:43,4253,DL,14057,14869,3,589.07
6428,2025-07-21 19:35:01,2200,AA,12892,10397,4,1546.69
6429,2024-02-28 21:28:17,2147,DL,12266,10397,2,474.57
6430,2024-10-23 13:18:57,3842,DL,10397,15016,3,542.82
6431,2025-05-16 23:10:34,4966,DL,11433,13303,4,710.46
6432,2025-04-03 19:59:59,2899,DL,14057,14869,4,1675.05
6433,2025-05-20 17:17:21,3026,DL,15016,11433,3,582.65
6434,2025-02-14 05:29:12,3171,DL,11433,13303,1,502.15
6435,2024-01-13 08:10:06,4259,WN,13303,12478,4,2254.17
6436,2024-11-08 21:06:51,4317,DL,14057,14869,3,1022.62
6437,2025-08-20 12:53:07,1678,DL,10397,15016,3,1470.57
6438,2025-06-12 01:09:11,4123,AA,12892,10397,3,808.32
6439,2024-03-17 10:30:27,4908,WN,13303,12478,1,344.76
6440,2024-05-06 13:20:36,2609,DL,14869,12478,1,366.9
6441,2025-03-01 05:23:57,2354,UA,10397,12892,3,851.12
6442,2025-01-14 19:55:37,3007,DL,12266,10397,1,515.53
6443,2024-12-20 23:37:52,1161,DL,11433,13303,2,1166.89
6444,2025-01-14 10:44:12,4576,DL,14057,14869,1,588.16
6445,2024-08-15 00:30:16,2170,DL,11193,12892,3,1017.91
6446,2025-10-01 10:58:35,3451,DL,14869,12478,4,1561.39
6447,2024-03-17 10:36:11,1752,DL,11433,13303,2,468.67
6448,2025-10-03 07:22:05,4119,DL,11193,12892,3,1551.14
6449,2025-10-09 15:05:11,3858,DL,14869,12478,3,1117.56
6450,2024-12-26 21:36:56,1997,DL,14057,14869,3,517.38
6451,2024-10-19 13:40:18,1479,DL,11433,13303,4,1105.27
6452,2024-10-29 04:10:19,3684,DL,15016,11433,2,812.65
6453,2025-09-13 15:58:04,2130,DL,14869,12478,4,2091.26
6454,2024-10-03 19:09:46,2740,UA,10397,12892,1,274.99
6455,2025-09-02 21:18:20,3619,DL,12266,10397,1,200.76
6456,2025-06-16 16:05:01,2201,WN,13303,12478,3,1307.11
6457,2025-09-06 23:41:39,1206,WN,13303,12478,4,1920.3
6458,2024-01-18 22:48:49,3519,WN,13303,12478,1,321.95
6459,2024-11-07 23:39:57,4535,DL,11193,12892,3,1002.99
6460,2024-01-04 20:15:34,4211,DL,15016,11433,3,685.43
6461,2024-09-18 12:32:09,1126,AA,12892,10397,2,1161.78
6462,2025-08-24 11:13:27,2668,DL,11193,12892,3,1273.49
6463,2025-07-08 15:04:09,3671,AA,12892,10397,1,194.91
6464,2025-05-24 09:35:25,3128,DL,14057,14869,1,265.33
6465,2025-09-08 10:02:43,2326,DL,15016,11433,4,980.68
6466,2024-07-31 10:56:44,2103,AA,12892,10397,1,445.63
6467,2024-05-22 21:01:56,4372,UA,10397,12892,1,252.83
6468,2024-06-16 06:46:29,2418,DL,14057,14869,1,233.89
6469,2025-05-13 22:25:26,3440,DL,14057,14869,4,1470.36
6470,2024-09-19 08:04:44,4305,DL,15016,11433,3,1783.33
6471,2025-05-26 20:31:53,3965,AA,12892,10397,2,502.73
6472,2025-05-28 00:08:29,3845,WN,13303,12478,1,308.64
6473,2025-06-08 14:24:11,4779,DL,14869,12478,4,1760.85
6474,2024-02-11 18:26:01,1342,DL,11433,13303,1,250.41
6475,2024-02-19 10:29:27,1660,DL,11193,12892,2,326.51
6476,2024-09-13 13:26:12,4563,DL,10397,15016,4,790.96
6477,2024-10-30 12:23:01,4654,DL,14057,14869,3,1204.68
6478,2024-04-10 05:20:02,3437,DL,14869,12478,1,569.53
6479,2025-02-09 06:13:16,4173,DL,12266,10397,4,2055.44
6480,2024-02-18 01:22:30,4753,DL,12266,10397,2,610.38
6481,2024-07-20 01:38:07,4176,DL,14869,12478,3,1105.06
6482,2024-10-03 13:26:49,3641,WN,13303,12478,2,651.91
6483,2025-09-22 04:29:02,2725,WN,13303,12478,4,2222.14
6484,2025-01-10 19:05:03,1023,DL,11193,12892,2,490.58
6485,2025-01-24 10:09:30,3587,DL,14057,14869,2,624.44
6486,2024-09-28 17:48:37,2159,AA,12892,10397,1,401.32
6487,2024-02-19 16:06:10,2714,DL,10397,15016,1,341.06
6488,2024-12-29 03:08:33,3983,DL,15016,11433,1,203.49
6489,2024-10-07 04:47:26,1704,DL,15016,11433,2,1076.01
6490,2025-04-26 04:14:22,4494,DL,11433,13303,2,1088.73
6491,2024-10-15 21:17:30,4871,DL,15016,11433,2,545.32
6492,2025-05-22 04:19:20,1928,UA,10397,12892,1,403.5
6493,2025-08-03 22:00:24,1092,DL,14869,12478,4,2329.83
6494,2024-06-24 06:11:55,3228,DL,14057,14869,3,1498.03
6495,2024-04-18 06:56:09,1655,DL,15016,11433,2,1015.44
6496,2024-03-25 13:13:53,4748,DL,10397,15016,1,322.31
6497,2024-05-01 07:09:29,1619,AA,12892,10397,4,2082.75
6498,2024-10-12 14:18:29,3516,UA,10397,12892,2,397.81
6499,2025-01-28 02:24:20,3619,DL,10397,15016,1,225.49
6500,2024-08-21 06:31:56,3558,WN,13303,12478,2,573.42
6501,2025-05-06 09:17:49,3283,DL,14869,12478,3,729.11
6502,2025-09-06 03:06:34,4571,AA,12892,10397,2,770.02
6503,2024-03-11 05:58:31,1229,AA,12892,10397,1,271.1
6504,2025-09-30 11:04:28,1353,UA,10397,12892,3,745.23
6505,2024-08-18 10:41:39,4003,UA,10397,12892,2,424.87
6506,2024-02-12 09:34:17,3985,DL,15016,11433,3,530.47
6507,2025-05-01 06:10:29,4490,DL,11433,13303,1,178.68
6508,2024-08-28 00:01:41,2536,DL,10397,15016,1,476.23
6509,2025-03-10 13:47:22,3400,DL,11433,13303,1,301.52
6510,2025-07-22 01:01:09,3827,WN,13303,12478,4,1544.89
6511,2025-04-19 21:56:15,1887,WN,13303,12478,2,465.2
6512,2025-05-27 10:20:39,1755,DL,10397,15016,2,532.42
6513,2024-05-01 15:12:32,2532,UA,10397,12892,3,602.35
6514,2024-11-28 20:17:31,2435,DL,11193,12892,3,1408.86
6515,2025-06-26 14:06:58,4768,DL,15016,11433,3,459.59
6516,2024-05-26 11:02:27,2494,DL,11193,12892,4,1398.02
6517,2025-05-27 09:00:58,3396,AA,12892,10397,4,1884.59
6518,2024-12-20 03:04:43,3842,DL,11193,12892,3,1151.88
6519,2024-03-19 14:53:55,3829,DL,15016,11433,4,1767.94
6520,2024-07-24 11:21:08,1652,DL,12266,10397,1,447.67
6521,2024-01-30 23:05:26,2642,DL,14869,12478,1,221.04
6522,2024-10-25 15:47:25,1528,AA,12892,10397,3,1616.71
6523,2025-05-22 22:42:45,1707,DL,15016,11433,4,2239.88
6524,2025-03-13 07:07:02,2241,DL,11193,12892,2,465.69
6525,2024-11-07 12:19:25,3023,DL,11433,13303,2,1084.51
6526,2024-11-04 01:54:11,2158,DL,14057,14869,4,865.27
6527,2025-02-25 05:47:17,2621,AA,12892,10397,4,605.34
6528,2024-03-08 00:48:50,2217,AA,12892,10397,1,506.05
6529,2025-03-23 11:43:51,1623,DL,11433,13303,4,763.06
6530,2025-01-18 06:59:52,1805,DL,11433,13303,3,1252.66
6531,2025-04-06 17:47:45,4486,DL,12266,10397,1,355.66
6532,2024-07-23 21:55:41,1370,DL,11193,12892,4,1486.69
6533,2024-03-14 14:18:51,2423,WN,13303,12478,2,1180.72
6534,2025-09-12 10:01:47,1854,DL,14869,12478,3,1494.72
6535,2025-10-13 06:15:36,4053,DL,12266,10397,2,599.18
6536,2025-01-12 18:20:51,2376,UA,10397,12892,2,311.92
6537,2025-05-07 14:50:36,1554,DL,11193,12892,2,421.03
6538,2024-09-14 13:06:52,1831,WN,13303,12478,3,1028.54
6539,2025-10-09 05:59:05,4879,DL,11433,13303,2,978.83
6540,2024-05-10 06:49:47,2447,AA,12892,10397,2,949.65
6541,2024-11-14 13:33:39,2394,DL,10397,15016,2,830.91
6542,2025-08-27 15:41:12,2387,UA,10397,12892,3,1282.04
6543,2024-10-27 09:16:50,4884,AA,12892,10397,4,1662.86
6544,2024-05-29 07:47:16,3295,DL,15016,11433,1,298.93
6545,2025-02-26 10:32:57,2749,DL,15016,11433,1,394.04
6546,2024-10-14 14:55:56,1076,DL,10397,15016,3,1236.24
6547,2024-05-25 08:02:18,1784,UA,10397,12892,3,1680.46
6548,2025-03-09 22:41:00,4524,WN,13303,12478,3,1185.58
6549,2025-05-16 09:06:19,4466,DL,11193,12892,4,699.48
6550,2024-11-03 22:12:19,3127,DL,11193,12892,1,454.58
6551,2025-02-27 18:49:56,2484,DL,11193,12892,3,1232.37
6552,2024-06-12 17:42:43,2867,DL,10397,15016,3,829.42
6553,2024-09-05 23:43:36,4382,DL,14057,14869,3,1038.28
6554,2025-02-01 03:58:16,2923,DL,14057,14869,3,895.66
6555,2024-10-27 13:02:50,3267,DL,11193,12892,4,2186.33
6556,2024-07-04 07:54:38,2486,UA,10397,12892,4,1542.74
6557,2025-02-20 12:14:14,1756,DL,11433,13303,2,1095.42
6558,2024-09-15 04:55:27,4737,WN,13303,12478,2,872.58
6559,2025-07-08 10:28:33,2260,DL,14869,12478,1,502.19
6560,2024-11-21 00:57:35,2327,UA,10397,12892,2,626.55
6561,2025-10-26 17:07:13,4248,WN,13303,12478,1,588.84
6562,2024-12-10 23:41:05,2754,AA,12892,10397,4,1829.16
6563,2025-02-12 22:46:50,1591,DL,11193,12892,3,1013.02
6564,2024-11-15 07:43:59,4775,DL,11433,13303,3,1154.99
6565,2024-01-24 14:29:37,3767,DL,11433,13303,4,1419.09
6566,2024-11-07 15:47:42,3880,DL,10397,15016,2,876.53
6567,2025-08-14 04:26:20,1062,UA,10397,12892,3,1639.56
6568,2024-12-25 04:49:26,3544,DL,10397,15016,1,293.93
6569,2024-07-03 08:10:41,1350,DL,14057,14869,3,1685.74
6570,2025-01-18 08:08:33,3051,AA,12892,10397,4,1489.0
6571,2025-05-06 14:26:15,1397,DL,12266,10397,2,451.93
6572,2025-01-25 14:02:35,2481,UA,10397,12892,1,571.75
6573,2024-10-02 00:38:50,2732,UA,10397,12892,4,1630.11
6574,2024-11-12 03:21:56,4466,DL,10397,15016,4,2106.58
6575,2025-07-31 04:11:24,2049,DL,10397,15016,3,565.78
6576,2025-03-26 05:12:32,3082,DL,14869,12478,4,1497.93
6577,2024-07-18 10:22:26,1786,DL,15016,11433,3,1149.22
6578,2024-12-06 20:21:21,3537,AA,12892,10397,2,473.76
6579,2024-12-19 14:10:37,4549,DL,15016,11433,3,1033.82
6580,2025-09-11 13:29:35,1525,DL,14057,14869,1,409.82
6581,2024-07-14 18:19:41,2689,DL,14057,14869,4,1885.3
6582,2024-03-25 02:08:43,1466,DL,15016,11433,4,1785.97
6583,2024-02-10 01:28:47,4126,DL,14057,14869,4,826.79
6584,2024-11-20 13:31:47,4205,WN,13303,12478,3,1030.8
6585,2025-06-18 09:09:37,3004,UA,10397,12892,3,789.2
6586,2025-01-17 14:11:05,1068,DL,11193,12892,2,995.77
6587,2024-12-17 00:53:27,2316,DL,11193,12892,1,517.89
6588,2024-02-13 19:16:42,2775,DL,14057,14869,2,921.83
6589,2025-10-16 19:06:16,2161,DL,12266,10397,2,497.07
6590,2024-07-14 10:41:12,4263,DL,15016,11433,2,1115.02
6591,2024-07-06 06:55:35,2893,AA,12892,10397,3,1375.38
6592,2025-05-08 00:57:00,2567,DL,14869,12478,2,481.34
6593,2025-05-08 22:12:32,1595,DL,14057,14869,4,1466.96
6594,2025-06-17 01:57:51,3658,DL,14057,14869,4,1999.39
6595,2024-05-02 10:04:35,1802,DL,14869,12478,4,1542.9
6596,2025-07-06 07:28:58,2858,DL,14057,14869,3,922.91
6597,2024-04-11 18:43:59,2778,AA,12892,10397,2,1105.67
6598,2025-02-15 23:21:02,3922,DL,14869,12478,4,2301.56
6599,2024-01-09 05:01:33,1697,DL,12266,10397,4,727.91
6600,2024-05-01 19:52:06,2828,DL,12266,10397,4,621.81
6601,2024-11-12 23:14:47,1077,DL,14057,14869,3,965.1
6602,2024-02-04 12:07:12,3874,UA,10397,12892,4,2180.29
6603,2024-09-06 09:55:53,4516,DL,14057,14869,3,840.47
6604,2025-03-29 20:17:13,4396,UA,10397,12892,3,1601.43
6605,2025-01-03 02:41:52,2264,DL,11193,12892,1,448.21
6606,2024-06-19 16:50:07,2816,DL,14057,14869,1,251.64
6607,2025-10-05 23:37:45,3214,WN,13303,12478,2,353.62
6608,2024-07-15 11:58:22,3944,DL,14057,14869,1,590.86
6609,2025-07-18 11:07:06,1613,DL,14057,14869,1,532.7
6610,2024-01-06 19:20:05,1730,UA,10397,12892,4,1319.5
6611,2024-11-29 00:07:04,1407,DL,11193,12892,2,333.81
6612,2025-10-10 01:50:57,1490,DL,14869,12478,3,732.44
6613,2025-02-17 10:29:35,4559,DL,14057,14869,1,162.4
6614,2025-10-09 13:49:46,4988,DL,10397,15016,1,539.33
6615,2025-07-31 03:22:24,3345,DL,15016,11433,3,1688.02
6616,2024-01-20 04:11:36,1583,AA,12892,10397,1,534.59
6617,2024-07-27 01:24:53,4053,DL,10397,15016,1,460.64
6618,2024-12-18 07:25:18,1300,DL,12266,10397,1,354.33
6619,2025-01-11 03:38:06,2281,DL,15016,11433,2,1060.14
6620,2024-03-25 14:51:34,3108,DL,14869,12478,1,260.07
6621,2024-02-03 13:40:42,3213,UA,10397,12892,3,1633.63
6622,2024-12-20 06:10:51,2158,WN,13303,12478,2,761.71
6623,2025-01-12 16:21:38,1501,DL,11193,12892,1,403.76
6624,2024-04-12 08:30:19,2781,DL,11193,12892,3,1397.53
6625,2024-09-20 03:14:03,1910,DL,12266,10397,2,1034.28
6626,2024-03-22 07:23:38,2731,AA,12892,10397,3,489.57
6627,2024-10-31 14:35:18,2220,DL,14057,14869,1,393.31
6628,2024-12-12 20:51:56,3896,UA,10397,12892,2,413.71
6629,2024-11-04 08:53:12,4655,DL,11193,12892,1,266.14
6630,2025-06-14 18:22:56,3221,DL,11193,12892,3,640.57
6631,2024-07-06 22:36:54,1722,DL,11193,12892,2,741.1
6632,2024-05-02 07:17:22,1793,DL,12266,10397,4,2082.71
6633,2024-07-08 19:05:53,1631,UA,10397,12892,3,853.25
6634,2025-07-10 21:53:41,3303,DL,14869,12478,4,1590.39
6635,2024-06-26 09:12:14,1990,DL,15016,11433,2,1170.47
6636,2025-05-25 20:14:20,1401,UA,10397,12892,3,837.89
6637,2024-07-21 13:06:33,2777,DL,15016,11433,3,1129.71
6638,2025-07-26 22:12:28,2035,DL,14869,12478,1,323.22
6639,2025-02-01 20:41:01,2274,WN,13303,12478,3,1503.13
6640,2025-01-05 00:26:52,4085,AA,12892,10397,4,1261.87
6641,2025-09-19 07:15:12,3561,DL,11193,12892,1,502.29
6642,2025-08-20 18:45:42,4148,DL,14869,12478,3,1167.47
6643,2024-08-24 11:51:39,1481,DL,14869,12478,1,503.81
6644,2025-05-23 01:39:12,4461,DL,11433,13303,3,1752.62
6645,2025-09-02 23:25:59,3257,DL,14869,12478,2,503.36
6646,2024-06-02 11:08:34,1872,DL,11433,13303,2,661.29
6647,2025-07-31 13:28:55,1844,DL,11193,12892,4,1433.53
6648,2024-09-09 14:03:20,2184,UA,10397,12892,2,472.93
6649,2025-02-21 01:33:40,4198,DL,11433,13303,4,1534.94
6650,2024-10-26 07:27:03,4842,DL,15016,11433,4,2139.97
6651,2024-10-09 01:09:06,2808,WN,13303,12478,4,1508.39
6652,2024-01-04 00:53:12,3463,WN,13303,12478,3,1547.47
6653,2025-08-20 05:23:49,1558,DL,11193,12892,2,828.23
6654,2025-02-01 20:27:16,1645,DL,14057,14869,3,1733.95
6655,2025-08-23 09:02:43,3746,WN,13303,12478,3,1666.31
6656,2025-04-18 21:04:16,2867,DL,11433,13303,2,1075.95
6657,2024-07-10 09:24:05,3913,DL,15016,11433,2,770.45
6658,2024-10-24 15:59:24,3515,DL,11193,12892,1,153.08
6659,2024-11-12 04:26:32,1410,WN,13303,12478,3,506.38
6660,2025-02-04 13:51:41,2140,DL,12266,10397,2,380.71
6661,2025-03-30 13:25:29,3401,DL,11193,12892,1,209.24
6662,2025-01-17 15:53:23,4607,DL,10397,15016,1,182.93
6663,2025-03-12 00:01:22,3196,DL,14057,14869,1,190.57
6664,2024-03-04 14:49:37,2768,WN,13303,12478,1,562.16
6665,2024-10-19 10:45:00,3946,DL,10397,15016,2,859.92
6666,2025-08-18 06:19:01,2471,DL,11433,13303,4,759.03
6667,2025-01-28 15:25:11,1453,DL,11193,12892,1,450.98
6668,2025-01-12 12:42:32,2794,DL,11433,13303,3,500.08
6669,2025-05-13 06:50:15,3142,DL,15016,11433,4,1886.68
6670,2025-09-12 13:50:07,1700,DL,11193,12892,2,872.26
6671,2025-05-18 00:58:14,4297,DL,11433,13303,3,872.48
6672,2024-08-07 21:14:13,2578,WN,13303,12478,4,2011.9
6673,2025-04-29 00:02:14,4537,WN,13303,12478,3,1247.95
6674,2024-10-26 15:33:18,4973,WN,13303,12478,4,687.08
6675,2025-01-18 10:12:05,1769,AA,12892,10397,1,246.87
6676,2024-04-30 22:32:17,2141,WN,13303,12478,4,1768.84
6677,2024-05-06 13:59:13,3934,DL,14869,12478,4,2014.76
6678,2024-03-04 07:03:03,1300,DL,14869,12478,3,1063.8
6679,2025-09-08 07:23:04,4715,DL,11193,12892,1,505.92
6680,2025-04-12 17:06:26,1175,WN,13303,12478,4,675.3
6681,2024-04-17 13:56:36,4813,WN,13303,12478,3,729.19
6682,2025-09-21 15:24:38,1853,DL,11433,13303,2,1089.28
6683,2025-04-03 15:38:38,3297,DL,14869,12478,1,332.06
6684,2025-09-14 16:38:28,1740,DL,11193,12892,4,873.12
6685,2025-02-21 12:09:30,1438,DL,14869,12478,3,559.55
6686,2025-09-06 16:25:54,3086,UA,10397,12892,2,983.77
6687,2025-09-02 11:47:45,4194,AA,12892,10397,4,2197.52
6688,2025-05-08 14:39:57,3630,DL,11433,13303,4,1683.64
6689,2025-07-06 03:43:29,2674,DL,14869,12478,4,1278.58
6690,2024-02-25 13:26:48,3580,DL,11193,12892,2,378.16
6691,2025-05-07 00:20:05,1017,UA,10397,12892,4,1195.93
6692,2024-02-24 13:00:20,2298,DL,14057,14869,4,1302.95
6693,2025-02-07 23:46:17,4279,DL,12266,10397,1,272.17
6694,2025-09-05 17:56:12,2496,DL,11193,12892,3,1476.24
6695,2025-03-25 05:36:25,3653,DL,14869,12478,1,174.72
6696,2024-09-25 12:03:29,1770,DL,15016,11433,3,593.08
6697,2024-02-20 09:13:38,3277,DL,12266,10397,2,548.94
6698,2024-03-10 07:17:45,1494,UA,10397,12892,1,527.1
6699,2024-06-02 03:29:57,4703,DL,14057,14869,3,1741.84
6700,2024-04-04 08:24:59,3192,DL,14869,12478,3,602.14
6701,2024-03-04 06:26:09,1371,WN,13303,12478,3,1082.98
6702,2025-08-24 09:45:36,2623,DL,10397,15016,2,1149.51
6703,2024-05-01 13:48:01,1978,WN,13303,12478,3,882.51
6704,2025-06-02 12:24:42,3767,DL,15016,11433,4,1797.99
6705,2025-05-26 02:34:15,2476,DL,15016,11433,2,1180.7
6706,2024-08-08 13:16:30,3955,DL,12266,10397,4,2237.55
6707,2025-02-19 14:33:46,2981,DL,10397,15016,2,311.36
6708,2025-07-10 05:03:15,2104,DL,14057,14869,1,217.98
6709,2024-03-31 23:21:34,4389,DL,14057,14869,3,1087.29
6710,2024-08-26 20:23:15,3528,DL,14869,12478,3,663.61
6711,2024-05-02 21:35:09,1917,DL,12266,10397,4,807.33
6712,2025-09-07 04:04:29,1125,DL,14057,14869,2,304.47
6713,2025-01-12 03:05:20,1601,AA,12892,10397,3,1345.49
6714,2024-04-06 16:42:12,2241,DL,14057,14869,2,733.31
6715,2024-06-15 03:10:52,4694,DL,14869,12478,4,961.14
6716,2024-05-13 11:57:54,2186,UA,10397,12892,1,406.38
6717,2024-06-27 09:44:45,4316,DL,15016,11433,1,386.1
6718,2025-05-14 18:07:00,2840,DL,10397,15016,1,396.29
6719,2024-07-24 06:49:06,1457,DL,10397,15016,4,890.72
6720,2025-03-15 22:32:09,1069,UA,10397,12892,1,270.21
6721,2024-07-12 14:40:21,1029,UA,10397,12892,1,543.26
6722,2025-03-25 22:58:49,4912,DL,10397,15016,4,1827.05
6723,2025-03-04 13:34:01,2731,WN,13303,12478,3,1219.58
6724,2024-09-20 21:30:00,3202,DL,14057,14869,1,364.52
6725,2025-08-24 08:14:10,2476,DL,11193,12892,1,583.57
6726,2025-10-20 02:09:33,1271,AA,12892,10397,3,589.64
6727,2025-04-02 13:31:11,4804,DL,10397,15016,3,857.54
6728,2025-04-19 08:33:51,2811,DL,14057,14869,3,1613.78
6729,2024-05-12 20:35:50,2826,WN,13303,12478,3,1227.39
6730,2024-10-14 23:44:44,2433,DL,15016,11433,2,1073.24
6731,2024-10-26 17:45:30,1204,DL,11433,13303,1,169.26
6732,2024-09-16 13:57:34,1286,DL,10397,15016,2,930.75
6733,2025-02-01 05:46:20,3624,UA,10397,12892,3,1064.23
6734,2025-09-29 18:35:15,3197,DL,12266,10397,1,348.55
6735,2024-06-21 20:10:18,3290,DL,14057,14869,4,1465.24
6736,2024-08-23 15:28:41,2007,DL,11433,13303,1,564.29
6737,2025-06-21 17:26:36,4849,DL,11433,13303,3,630.97
6738,2025-08-23 00:56:11,2841,WN,13303,12478,3,1440.55
6739,2024-06-10 07:10:59,1925,UA,10397,12892,3,1548.01
6740,2025-06-12 03:46:53,2794,DL,14057,14869,4,2067.48
6741,2024-09-25 01:44:02,4156,UA,10397,12892,4,1118.83
6742,2024-04-18 03:40:18,4520,UA,10397,12892,2,901.8
6743,2024-03-01 13:40:52,1822,DL,14057,14869,1,486.63
6744,2024-01-01 06:46:35,1980,DL,15016,11433,2,875.74
6745,2025-03-05 14:59:48,1421,DL,10397,15016,3,1772.04
6746,2024-11-01 23:55:53,1459,DL,11193,12892,2,489.67
6747,2024-01-02 11:04:09,4132,DL,14869,12478,2,907.62
6748,2025-08-20 20:56:51,2380,DL,14869,12478,4,1232.53
6749,2024-09-19 02:28:20,1965,DL,11193,12892,4,2078.35
6750,2025-05-11 23:21:39,4788,DL,12266,10397,3,477.43
6751,2025-06-12 17:36:44,4419,DL,14057,14869,4,1873.16
6752,2025-05-17 13:44:12,3226,UA,10397,12892,2,1169.05
6753,2025-10-17 03:23:11,4781,UA,10397,12892,4,2229.77
6754,2024-06-21 13:46:31,4590,DL,12266,10397,4,916.2
6755,2025-09-04 01:30:42,2548,DL,11433,13303,1,273.17
6756,2024-10-07 04:30:23,1607,DL,11433,13303,3,581.91
6757,2025-01-31 19:58:20,1826,DL,14869,12478,3,953.85
6758,2025-09-12 23:10:23,4241,DL,14869,12478,1,429.7
6759,2024-10-17 10:07:31,1805,DL,14057,14869,4,1740.92
6760,2025-06-21 13:20:28,2914,DL,14869,12478,2,386.48
6761,2024-12-12 02:19:42,3016,DL,12266,10397,2,350.44
6762,2024-12-18 19:25:24,3286,DL,12266,10397,4,1053.18
6763,2025-07-31 01:11:47,3075,UA,10397,12892,2,807.8
6764,2024-03-10 05:25:56,2917,DL,10397,15016,2,528.88
6765,2024-07-25 03:29:59,1473,AA,12892,10397,1,476.56
6766,2024-03-09 16:10:10,3797,DL,11433,13303,3,1198.45
6767,2024-02-23 11:06:22,3838,DL,14057,14869,4,1155.85
6768,2025-07-13 04:10:15,3097,AA,12892,10397,1,423.02
6769,2025-03-20 16:57:18,3689,DL,12266,10397,3,1049.33
6770,2024-11-25 10:07:28,2771,AA,12892,10397,1,226.53
6771,2025-03-08 15:16:43,4563,DL,14057,14869,1,500.16
6772,2024-07-16 09:05:48,4703,WN,13303,12478,2,1012.71
6773,2024-06-12 11:19:03,3507,DL,10397,15016,1,407.06
6774,2024-07-19 02:55:17,1470,DL,10397,15016,4,974.93
6775,2024-01-23 04:13:25,3846,UA,10397,12892,1,422.5
6776,2025-05-08 23:02:47,4675,AA,12892,10397,4,1502.38
6777,2025-01-21 18:48:14,4902,DL,15016,11433,4,689.7
6778,2025-03-13 22:48:00,3617,DL,10397,15016,3,1666.65
6779,2025-02-03 07:59:06,1086,AA,12892,10397,2,687.57
6780,2025-07-19 05:09:30,4088,AA,12892,10397,4,1602.2
6781,2025-03-04 10:09:26,4170,UA,10397,12892,3,1187.73
6782,2025-07-12 16:37:37,2720,DL,14869,12478,1,450.34
6783,2024-11-10 22:31:28,2222,DL,10397,15016,4,1582.67
6784,2024-05-29 00:35:18,1845,DL,11193,12892,3,1476.58
6785,2025-03-29 03:13:58,2870,DL,14869,12478,1,353.19
6786,2025-07-06 02:30:29,2182,UA,10397,12892,2,525.76
6787,2024-10-20 12:47:43,4381,DL,11433,13303,2,875.92
6788,2025-08-31 15:27:49,2670,DL,15016,11433,1,320.09
6789,2024-01-10 07:11:58,1037,WN,13303,12478,2,790.93
6790,2025-01-22 18:16:42,4460,DL,14869,12478,3,846.83
6791,2025-05-08 03:43:51,1124,DL,14869,12478,1,222.63
6792,2025-07-31 20:46:32,1762,DL,11433,13303,1,272.38
6793,2024-10-09 19:56:58,2207,DL,12266,10397,4,2278.9
6794,2025-05-30 07:53:48,1806,UA,10397,12892,1,467.0
6795,2024-02-09 08:08:02,4956,AA,12892,10397,1,156.85
6796,2024-08-26 09:13:41,3916,DL,12266,10397,1,443.58
6797,2025-08-19 15:45:54,2930,DL,14057,14869,2,1066.16
6798,2024-09-12 12:03:17,3387,DL,14057,14869,2,529.67
6799,2024-08-15 21:23:01,1347,AA,12892,10397,2,555.97
6800,2024-11-22 02:45:41,1303,DL,12266,10397,4,1666.83
6801,2024-07-29 23:42:48,2764,DL,11433,13303,3,788.04
6802,2024-02-05 10:48:35,4959,DL,11193,12892,3,1241.2
6803,2025-05-13 14:34:59,1483,DL,15016,11433,1,428.9
6804,2024-03-17 00:40:35,4721,AA,12892,10397,3,914.98
6805,2024-03-11 21:33:32,3863,DL,14057,14869,4,1207.94
6806,2024-01-17 00:06:36,2114,WN,13303,12478,3,614.45
6807,2024-03-13 18:27:18,4971,DL,11433,13303,1,594.2
6808,2024-05-08 11:46:18,3193,DL,14057,14869,3,1685.53
6809,2024-01-29 17:41:22,1654,WN,13303,12478,4,1593.84
6810,2025-04-28 05:11:27,4287,WN,13303,12478,4,753.35
6811,2025-06-02 08:03:53,4466,AA,12892,10397,3,1343.99
6812,2024-06-15 06:58:31,3153,DL,14057,14869,2,364.73
6813,2025-09-08 05:55:07,4597,DL,14869,12478,2,1006.87
6814,2024-05-15 15:49:18,1783,DL,14869,12478,1,458.0
6815,2025-04-14 17:05:23,1774,DL,10397,15016,4,2326.3
6816,2025-05-07 03:11:00,1173,AA,12892,10397,3,645.18
6817,2025-01-03 06:19:47,1731,DL,12266,10397,2,947.14
6818,2025-03-02 00:15:54,4416,AA,12892,10397,4,815.38
6819,2024-11-14 21:23:11,4805,DL,11433,13303,2,938.51
6820,2024-11-02 08:40:47,4348,UA,10397,12892,2,309.4
6821,2025-06-22 00:42:43,2888,WN,13303,12478,1,224.2
6822,2024-08-23 16:50:16,1009,UA,10397,12892,1,304.81
6823,2025-03-09 12:15:06,2558,DL,14057,14869,1,543.05
6824,2024-01-28 20:05:43,3571,DL,15016,11433,4,1444.46
6825,2024-02-28 13:28:52,2833,DL,12266,10397,3,1309.88
6826,2025-01-03 05:14:56,3308,DL,10397,15016,2,526.79
6827,2024-03-12 16:19:42,3500,DL,11193,12892,4,2074.4
6828,2025-01-25 20:44:49,1650,DL,12266,10397,4,1693.78
6829,2024-02-29 00:41:04,1037,DL,14057,14869,3,1371.17
6830,2024-07-13 06:34:41,2729,AA,12892,10397,4,1039.6
6831,2025-10-01 06:36:26,3449,AA,12892,10397,1,213.55
6832,2024-04-24 10:07:27,2504,AA,12892,10397,1,582.44
6833,2025-09-13 15:42:03,4064,DL,14869,12478,3,914.24
6834,2025-02-22 08:39:07,2886,DL,10397,15016,1,558.87
6835,2025-10-20 19:38:31,4018,DL,10397,15016,4,1880.6
6836,2024-12-02 21:32:22,2737,DL,12266,10397,4,2218.18
6837,2024-06-28 06:31:54,2793,DL,14869,12478,4,931.87
6838,2025-10-25 19:24:55,4987,DL,15016,11433,2,777.72
6839,2024-02-16 04:17:53,4287,UA,10397,12892,3,1617.04
6840,2025-06-25 14:10:10,3948,WN,13303,12478,1,380.92
6841,2024-08-10 20:48:41,1881,UA,10397,12892,2,543.82
6842,2024-06-14 07:32:45,2388,WN,13303,12478,1,441.73
6843,2024-07-15 09:06:00,3554,WN,13303,12478,2,965.77
6844,2024-07-19 21:12:18,2814,UA,10397,12892,2,556.63
6845,2024-09-09 18:02:14,2100,DL,14057,14869,1,558.72
6846,2024-04-04 01:02:56,2634,DL,11433,13303,1,281.96
6847,2024-02-08 21:10:58,1448,DL,14057,14869,3,1204.57
6848,2025-05-21 13:36:02,2271,DL,11193,12892,2,588.51
6849,2024-02-24 10:17:10,2544,DL,11433,13303,3,1468.07
6850,2024-12-11 16:35:19,4421,DL,14057,14869,2,1101.84
6851,2024-05-12 12:28:01,2007,DL,15016,11433,3,698.21
6852,2025-04-07 02:40:41,2529,DL,10397,15016,1,578.88
6853,2025-05-20 17:33:59,4444,DL,14057,14869,2,839.07
6854,2024-07-30 19:51:08,3214,DL,10397,15016,1,159.01
6855,2024-04-02 15:17:08,3705,UA,10397,12892,4,2188.85
6856,2025-02-19 13:38:48,4263,AA,12892,10397,1,205.01
6857,2025-07-24 01:06:04,3934,AA,12892,10397,4,788.08
6858,2024-11-29 23:29:32,4363,DL,11433,13303,4,2160.12
6859,2024-10-29 23:37:56,4671,DL,11433,13303,4,1207.51
6860,2024-02-07 04:37:56,4193,DL,11193,12892,4,930.01
6861,2024-11-18 10:32:50,3850,DL,10397,15016,3,1201.89
6862,2025-05-29 13:30:50,3794,AA,12892,10397,2,575.36
6863,2024-11-03 05:39:18,3389,WN,13303,12478,2,630.65
6864,2025-05-10 15:11:04,1350,WN,13303,12478,1,462.77
6865,2025-01-21 20:10:47,4577,DL,11193,12892,2,679.35
6866,2024-07-04 05:38:04,2828,DL,11193,12892,3,1653.2
6867,2024-08-06 06:56:26,3319,DL,14057,14869,1,409.16
6868,2025-10-20 16:29:21,4857,AA,12892,10397,4,673.83
6869,2024-02-26 09:29:03,1950,AA,12892,10397,2,618.11
6870,2025-09-01 22:31:26,4588,DL,10397,15016,2,1139.81
6871,2025-07-02 10:52:19,2077,WN,13303,12478,2,1127.14
6872,2024-10-28 16:31:16,2395,DL,14869,12478,2,508.53
6873,2024-09-17 16:10:20,3989,DL,12266,10397,4,689.81
6874,2024-10-02 22:51:12,3630,DL,11433,13303,2,548.17
6875,2024-01-20 06:13:25,2956,UA,10397,12892,1,496.67
6876,2024-06-13 12:04:46,4647,DL,15016,11433,1,177.66
6877,2024-03-20 12:45:09,4776,UA,10397,12892,3,1717.72
6878,2024-10-19 00:18:52,3691,DL,14869,12478,1,186.35
6879,2024-12-01 17:56:24,4712,DL,14869,12478,3,1461.94
6880,2025-07-09 07:02:37,2954,DL,11193,12892,3,820.74
6881,2025-06-14 04:28:54,2019,DL,10397,15016,1,476.45
6882,2024-01-22 00:41:08,1778,DL,10397,15016,3,626.93
6883,2024-07-15 05:27:48,2758,DL,14057,14869,3,1320.52
6884,2024-01-13 00:46:49,4986,UA,10397,12892,1,563.35
6885,2025-08-05 15:37:03,2212,DL,14057,14869,3,1778.92
6886,2024-06-05 10:11:09,1885,DL,15016,11433,3,1037.07
6887,2024-04-24 11:25:05,1321,DL,14057,14869,3,1664.21
6888,2024-07-10 22:28:29,4736,WN,13303,12478,4,1536.81
6889,2024-06-08 16:32:47,2478,DL,10397,15016,3,618.33
6890,2025-01-01 16:00:49,3615,AA,12892,10397,2,488.38
6891,2024-04-07 07:25:42,3156,DL,11433,13303,4,1429.45
6892,2025-02-17 05:23:54,1718,DL,15016,11433,2,753.51
6893,2025-09-26 16:17:10,4509,UA,10397,12892,3,912.6
6894,2024-03-29 15:42:21,1293,DL,11193,12892,2,565.98
6895,2025-04-26 16:08:05,3364,DL,12266,10397,3,1158.59
6896,2025-10-08 22:08:39,1490,AA,12892,10397,3,516.37
6897,2024-11-12 20:26:05,1545,WN,13303,12478,3,1660.22
6898,2024-11-03 20:14:54,4958,AA,12892,10397,4,1518.22
6899,2025-07-29 17:14:47,1407,AA,12892,10397,1,379.75
6900,2025-08-09 17:42:25,2888,DL,11193,12892,2,505.38
6901,2024-12-08 15:10:25,1972,DL,11193,12892,4,1955.77
6902,2024-12-10 04:07:47,4827,DL,12266,10397,1,428.73
6903,2024-04-18 00:23:48,3878,DL,11193,12892,1,166.04
6904,2025-09-05 05:57:34,4841,DL,15016,11433,3,1231.28
6905,2024-10-18 13:03:55,2041,UA,10397,12892,4,744.16
6906,2025-02-21 01:01:48,3668,WN,13303,12478,4,1163.93
6907,2025-01-21 22:12:35,3002,DL,14057,14869,4,1722.83
6908,2024-12-18 03:44:23,3744,UA,10397,12892,4,2310.7
6909,2024-05-02 16:54:09,2089,WN,13303,12478,4,1330.75
6910,2024-03-17 02:15:51,3297,DL,12266,10397,1,337.18
6911,2025-05-30 01:39:47,4112,DL,14057,14869,4,2111.96
6912,2024-08-07 18:10:05,2675,DL,12266,10397,4,2252.19
6913,2025-07-23 08:02:21,3302,DL,15016,11433,2,733.5
6914,2024-05-05 11:31:41,2677,DL,11433,13303,2,1175.8
6915,2025-10-18 03:21:22,3185,UA,10397,12892,1,325.16
6916,2025-08-08 12:32:08,2613,UA,10397,12892,4,2303.25
6917,2024-01-28 20:09:22,4386,DL,11433,13303,3,887.11
6918,2025-10-24 17:07:05,1054,DL,11433,13303,1,304.14
6919,2025-10-29 17:40:02,3155,WN,13303,12478,4,1270.58
6920,2024-06-23 13:23:11,4655,DL,11193,12892,3,564.64
6921,2025-05-24 22:02:49,4877,UA,10397,12892,2,472.69
6922,2025-06-13 09:21:51,3246,DL,11433,13303,4,2025.09
6923,2024-09-29 09:11:46,3010,DL,14057,14869,1,403.46
6924,2025-03-29 09:00:45,1360,DL,14869,12478,4,1778.28
6925,2024-02-23 06:37:20,4893,DL,11193,12892,2,644.0
6926,2025-08-25 11:09:41,1256,DL,15016,11433,1,583.6
6927,2024-05-17 14:10:16,1240,DL,11193,12892,1,332.21
6928,2024-09-25 21:26:49,4038,DL,12266,10397,2,510.76
6929,2025-07-11 12:40:04,4185,WN,13303,12478,4,1597.27
6930,2024-03-15 18:44:18,3210,DL,12266,10397,1,211.26
6931,2025-01-13 02:28:47,4634,AA,12892,10397,1,463.96
6932,2025-06-24 17:18:23,4612,DL,10397,15016,3,1627.04
6933,2025-06-02 12:05:44,3761,UA,10397,12892,4,1901.14
6934,2025-07-23 16:22:35,4436,AA,12892,10397,3,1656.17
6935,2024-02-01 18:17:11,1500,AA,12892,10397,1,453.36
6936,2025-06-02 05:56:25,4801,DL,12266,10397,1,376.62
6937,2025-05-15 18:13:00,2988,WN,13303,12478,1,377.69
6938,2024-11-05 09:47:49,1650,AA,12892,10397,1,464.63
6939,2024-03-22 22:24:00,1321,DL,12266,10397,2,334.52
6940,2024-03-20 14:38:16,1012,AA,12892,10397,1,538.01
6941,2024-12-31 21:14:34,2285,DL,11193,12892,4,1612.12
6942,2024-12-09 00:30:37,3167,DL,15016,11433,1,358.34
6943,2024-01-19 23:13:34,1058,DL,15016,11433,2,313.02
6944,2024-07-20 00:23:11,4742,DL,11433,13303,1,375.15
6945,2024-08-16 19:12:04,3149,DL,11433,13303,2,782.53
6946,2025-08-14 04:14:31,2295,DL,11433,13303,3,464.93
6947,2024-05-08 03:40:52,3348,UA,10397,12892,4,2014.89
6948,2024-07-04 07:44:15,3439,DL,15016,11433,2,304.02
6949,2025-08-17 21:47:00,3603,UA,10397,12892,2,768.48
6950,2024-10-23 07:33:37,2629,WN,13303,12478,1,193.4
6951,2024-03-16 08:02:35,1390,DL,11433,13303,1,589.4
6952,2024-09-07 01:13:43,2675,DL,11193,12892,2,586.75
6953,2025-04-19 10:37:48,4923,UA,10397,12892,2,1076.69
6954,2025-10-31 10:18:08,2222,DL,14869,12478,1,233.84
6955,2024-10-08 09:11:34,2485,DL,11193,12892,3,559.91
6956,2025-06-21 22:01:44,4504,AA,12892,10397,2,668.13
6957,2025-07-11 23:56:47,1306,DL,11193,12892,2,974.3
6958,2024-10-28 20:20:49,4491,AA,12892,10397,1,564.85
6959,2024-09-09 16:15:18,4637,WN,13303,12478,1,242.66
6960,2024-11-26 14:31:49,2535,DL,11433,13303,2,1185.85
6961,2025-05-28 08:47:15,3661,DL,10397,15016,1,188.82
6962,2024-11-17 22:32:35,1129,UA,10397,12892,1,285.0
6963,2025-03-25 23:07:54,1806,AA,12892,10397,1,198.54
6964,2025-10-20 01:37:39,3234,WN,13303,12478,3,736.05
6965,2025-05-24 12:35:04,3279,AA,12892,10397,1,257.77
6966,2025-09-22 02:44:30,2188,DL,12266,10397,3,644.07
6967,2024-05-19 06:48:51,2598,WN,13303,12478,2,537.93
6968,2024-01-20 12:02:10,3270,AA,12892,10397,1,309.22
6969,2024-08-20 17:50:44,1648,DL,14057,14869,2,983.31
6970,2024-04-21 05:32:54,2802,DL,14869,12478,2,704.38
6971,2024-05-07 17:19:32,3908,UA,10397,12892,2,1120.53
6972,2024-02-26 17:01:01,1571,DL,10397,15016,2,1062.27
6973,2024-03-22 10:45:42,3607,DL,10397,15016,1,560.59
6974,2025-10-07 08:25:51,1055,DL,14057,14869,2,532.01
6975,2024-11-09 22:53:05,2112,DL,10397,15016,1,332.26
6976,2024-12-25 13:35:18,4450,DL,11193,12892,2,431.5
6977,2024-11-21 07:52:43,4428,DL,14869,12478,3,1441.49
6978,2025-07-16 20:03:44,4931,AA,12892,10397,1,183.65
6979,2024-09-14 03:53:26,2510,DL,11193,12892,3,521.85
6980,2025-07-07 18:41:10,3444,DL,15016,11433,2,1190.0
6981,2024-08-23 08:31:47,3495,AA,12892,10397,2,685.08
6982,2025-01-14 14:35:06,4245,UA,10397,12892,4,1103.74
6983,2025-01-28 16:27:25,3275,DL,10397,15016,2,1031.96
6984,2025-01-09 04:01:58,1160,WN,13303,12478,3,939.66
6985,2024-11-26 15:53:59,2164,WN,13303,12478,1,520.27
6986,2024-03-09 22:56:33,1021,DL,14869,12478,3,848.97
6987,2024-08-17 11:30:04,1496,DL,14869,12478,2,734.56
6988,2025-01-15 02:29:52,2083,DL,12266,10397,4,2286.81
6989,2024-05-03 15:15:58,3091,UA,10397,12892,1,535.6
6990,2024-01-07 07:31:45,1490,DL,14057,14869,4,1537.76
6991,2024-03-26 16:13:20,2519,DL,14869,12478,2,1023.33
6992,2025-01-02 00:28:32,3870,DL,14869,12478,1,589.81
6993,2025-07-09 03:06:56,1273,DL,11193,12892,4,1639.18
6994,2024-06-08 02:09:03,2521,DL,11433,13303,4,1739.91
6995,2024-10-13 11:21:10,2112,DL,14057,14869,4,743.08
6996,2024-05-03 06:29:23,2770,DL,10397,15016,4,1027.81
6997,2024-02-09 09:07:52,2792,UA,10397,12892,1,592.53
6998,2025-05-27 04:45:36,3225,UA,10397,12892,4,1880.36
6999,2024-07-15 22:57:43,2494,DL,11433,13303,4,1610.37
7000,2024-01-16 19:36:10,1480,DL,11433,13303,1,287.02
7001,2025-02-07 05:36:50,2853,DL,11433,13303,3,1211.29
7002,2024-12-11 17:56:36,4689,DL,15016,11433,2,477.74
7003,2024-11-11 14:57:14,4720,DL,15016,11433,3,495.2
7004,2025-08-16 11:08:25,1681,DL,15016,11433,4,1110.7
7005,2025-01-26 13:46:40,3095,DL,10397,15016,4,1307.84
7006,2024-02-20 18:29:16,4823,WN,13303,12478,3,1140.38
7007,2025-06-14 23:11:28,3202,DL,14869,12478,1,410.24
7008,2025-06-12 20:08:21,3042,DL,12266,10397,2,974.04
7009,2024-03-06 20:50:41,3801,DL,11433,13303,2,846.18
7010,2024-01-17 17:54:13,3689,DL,11193,12892,3,1650.74
7011,2024-02-14 16:33:25,3600,UA,10397,12892,1,259.8
7012,2025-01-20 23:42:54,4274,DL,12266,10397,4,2243.44
7013,2025-01-09 08:56:18,2309,DL,14057,14869,2,446.12
7014,2024-09-03 13:03:07,4687,AA,12892,10397,2,754.91
7015,2024-05-21 05:15:23,3633,DL,14869,12478,4,2108.27
7016,2024-07-27 19:45:10,3359,DL,15016,11433,1,551.46
7017,2024-10-03 22:13:31,2645,DL,14869,12478,1,384.75
7018,2025-08-29 13:31:36,4542,DL,14057,14869,1,245.74
7019,2025-01-09 16:06:39,4533,DL,14869,12478,2,709.46
7020,2024-01-13 07:12:37,2944,DL,14057,14869,4,1216.8
7021,2024-04-02 16:15:33,3651,DL,10397,15016,4,1746.47
7022,2024-04-15 07:16:19,2361,UA,10397,12892,1,545.52
7023,2024-10-02 01:06:24,1090,UA,10397,12892,1,257.82
7024,2024-09-14 05:23:50,2030,DL,11193,12892,4,1331.83
7025,2025-07-16 00:34:25,1858,DL,11193,12892,4,2242.99
7026,2024-05-03 11:57:26,2893,AA,12892,10397,3,683.42
7027,2024-08-29 17:36:47,2715,DL,14869,12478,2,847.87
7028,2025-06-26 18:24:42,1860,WN,13303,12478,4,1413.48
7029,2025-02-20 06:46:29,3076,DL,11193,12892,4,1481.12
7030,2025-04-05 07:41:27,2683,UA,10397,12892,3,473.41
7031,2025-08-04 16:49:05,4221,DL,14057,14869,1,411.4
7032,2025-07-15 02:21:59,2884,DL,14057,14869,3,1296.31
7033,2025-06-24 16:31:51,3499,UA,10397,12892,3,1044.66
7034,2024-12-09 14:24:55,1426,WN,13303,12478,1,500.87
7035,2024-04-07 20:25:52,1275,DL,15016,11433,4,1683.02
7036,2025-08-25 11:44:44,3714,DL,11193,12892,2,1180.72
7037,2024-12-16 01:28:26,3833,WN,13303,12478,4,1675.82
7038,2024-05-02 06:23:21,3039,DL,12266,10397,3,554.89
7039,2025-08-06 03:08:27,4040,UA,10397,12892,3,1766.12
7040,2025-04-02 08:09:25,3998,AA,12892,10397,1,513.91
7041,2024-12-19 10:15:12,1303,DL,11433,13303,2,847.43
7042,2025-08-08 05:31:06,2900,AA,12892,10397,2,403.05
7043,2024-09-03 09:10:00,3885,DL,10397,15016,1,304.38
7044,2025-04-01 01:54:32,1741,DL,14869,12478,2,813.47
7045,2025-07-11 13:37:32,2144,WN,13303,12478,2,1192.66
7046,2025-01-12 03:22:10,1242,DL,14057,14869,3,632.49
7047,2025-09-26 18:47:22,3811,DL,11193,12892,2,866.26
7048,2024-01-24 01:18:58,3717,UA,10397,12892,3,1181.08
7049,2024-03-07 04:34:25,3116,DL,10397,15016,1,200.16
7050,2024-03-01 08:00:25,1987,AA,12892,10397,4,932.41
7051,2024-03-12 22:51:37,2608,UA,10397,12892,4,1023.61
7052,2025-03-09 14:34:18,4195,AA,12892,10397,2,395.65
7053,2025-10-23 05:56:54,3527,UA,10397,12892,1,182.74
7054,2024-10-20 08:08:03,2811,DL,11433,13303,4,1725.87
7055,2025-02-16 00:43:19,4653,WN,13303,12478,4,1551.4
7056,2024-12-14 14:58:18,1436,DL,14057,14869,4,2205.35
7057,2024-12-02 05:49:38,3300,DL,12266,10397,3,1746.52
7058,2025-05-03 13:42:48,1676,DL,12266,10397,2,705.35
7059,2025-03-23 20:49:51,2083,DL,11433,13303,2,945.36
7060,2025-08-18 13:55:14,1858,AA,12892,10397,4,1970.26
7061,2024-12-04 03:53:32,4740,DL,14057,14869,3,1329.47
7062,2025-02-07 20:40:44,2701,DL,10397,15016,3,1293.83
7063,2024-12-11 03:26:03,4047,DL,11193,12892,1,350.84
7064,2024-01-11 01:20:28,4211,DL,11193,12892,3,1178.77
7065,2024-11-29 19:50:30,4273,DL,11193,12892,1,215.1
7066,2024-05-16 09:58:55,2280,DL,14057,14869,2,302.2
7067,2024-01-09 20:50:36,4908,DL,14869,12478,4,940.38
7068,2024-02-11 18:24:07,3811,DL,15016,11433,4,647.64
7069,2025-03-22 14:24:57,3575,UA,10397,12892,4,1648.75
7070,2025-09-13 19:16:18,4625,UA,10397,12892,3,1088.63
7071,2024-04-14 04:00:27,2880,DL,10397,15016,1,485.92
7072,2024-11-11 11:28:38,3920,AA,12892,10397,4,2301.7
7073,2024-01-09 16:17:04,4516,DL,10397,15016,1,340.34
7074,2024-11-15 18:27:24,4193,DL,12266,10397,4,749.3
7075,2025-05-08 06:23:48,1862,DL,11193,12892,4,1505.78
7076,2025-06-10 22:27:42,2139,DL,14057,14869,4,1196.81
7077,2024-10-02 14:19:35,3530,AA,12892,10397,3,1505.13
7078,2024-04-17 05:57:02,3618,DL,14869,12478,2,754.53
7079,2025-08-18 09:44:27,1545,AA,12892,10397,4,1177.5
7080,2024-07-15 08:21:31,4494,DL,11193,12892,3,1044.06
7081,2025-06-20 20:01:18,3195,DL,12266,10397,3,915.66
7082,2025-05-02 16:05:44,2698,DL,14057,14869,1,242.61
7083,2025-05-06 06:02:00,4632,DL,11433,13303,3,650.71
7084,2025-07-03 13:43:41,3083,DL,15016,11433,2,823.92
7085,2025-09-13 19:15:20,4497,DL,15016,11433,1,305.98
7086,2025-05-04 12:25:22,3408,DL,14869,12478,4,1563.65
7087,2024-07-25 18:34:28,2930,DL,14057,14869,1,427.75
7088,2025-04-04 17:53:47,1952,DL,14057,14869,3,520.29
7089,2025-02-12 06:34:01,1965,DL,11193,12892,1,366.22
7090,2024-12-26 01:38:06,4754,DL,14869,12478,2,439.61
7091,2024-11-25 16:19:44,1718,DL,11433,13303,4,1851.05
7092,2025-06-14 11:24:53,2764,WN,13303,12478,1,590.8
7093,2024-03-21 16:27:30,4867,DL,12266,10397,4,841.39
7094,2024-06-17 17:00:55,1426,DL,11193,12892,4,900.76
7095,2025-02-27 08:55:16,2897,UA,10397,12892,1,426.66
7096,2024-08-05 09:42:52,1760,DL,15016,11433,3,1376.16
7097,2025-08-24 02:51:44,1279,WN,13303,12478,4,2229.51
7098,2024-03-22 02:47:22,3989,UA,10397,12892,1,565.54
7099,2025-07-23 00:04:56,1435,DL,11193,12892,2,873.58
7100,2024-09-25 10:48:39,2937,WN,13303,12478,4,1070.78
7101,2024-04-23 07:21:08,3905,DL,11433,13303,3,520.04
7102,2024-05-13 17:50:07,2006,DL,14869,12478,3,1655.82
7103,2025-02-21 14:36:02,2997,DL,11433,13303,4,1107.1
7104,2025-02-08 09:10:55,3978,DL,10397,15016,4,1216.97
7105,2024-08-16 05:39:45,2768,DL,14057,14869,3,1318.22
7106,2024-11-04 19:28:45,4425,DL,10397,15016,3,1314.52
7107,2024-07-25 11:52:27,4322,DL,12266,10397,1,251.47
7108,2025-01-23 19:20:29,4589,AA,12892,10397,2,371.66
7109,2024-03-08 12:44:17,1655,DL,12266,10397,1,157.39
7110,2024-05-25 17:49:27,2898,DL,11433,13303,1,226.19
7111,2025-07-31 12:34:21,4886,WN,13303,12478,4,1729.38
7112,2025-07-10 10:00:41,2522,DL,15016,11433,3,1737.61
7113,2025-01-19 04:04:09,4088,DL,12266,10397,2,695.65
7114,2025-05-28 09:28:46,3002,DL,10397,15016,1,208.01
7115,2024-04-19 05:33:18,4849,DL,11433,13303,3,1606.31
7116,2025-07-03 11:24:39,1847,DL,11433,13303,2,521.72
7117,2025-01-21 18:03:43,1558,DL,14869,12478,2,833.95
7118,2024-03-23 20:45:21,2635,WN,13303,12478,3,1554.04
7119,2024-01-07 15:11:07,4171,WN,13303,12478,3,944.06
7120,2024-10-05 00:21:55,4051,UA,10397,12892,4,2262.48
7121,2024-01-21 01:43:30,1853,UA,10397,12892,1,451.2
7122,2024-02-03 06:35:51,3424,AA,12892,10397,1,469.38
7123,2024-01-30 09:26:18,4710,DL,14057,14869,3,534.22
7124,2025-02-15 02:38:52,2716,DL,14869,12478,1,494.99
7125,2025-06-09 03:29:30,3457,DL,14869,12478,2,533.78
7126,2025-03-22 22:16:35,3279,UA,10397,12892,2,653.73
7127,2024-11-08 23:04:34,3629,DL,10397,15016,3,960.95
7128,2025-05-27 15:35:38,1441,DL,14869,12478,2,889.72
7129,2025-07-02 01:42:33,2715,DL,14869,12478,3,662.24
7130,2024-02-25 22:23:51,2487,DL,14057,14869,3,1746.16
7131,2024-06-10 10:23:41,3498,AA,12892,10397,3,1294.77
7132,2024-12-05 20:35:33,1180,DL,11433,13303,3,1452.1
7133,2025-10-22 04:40:46,3216,DL,15016,11433,4,1623.18
7134,2024-08-19 19:39:46,1660,DL,11193,12892,4,925.31
7135,2024-08-21 17:23:00,2315,DL,14057,14869,1,572.29
7136,2025-02-07 05:20:13,4113,WN,13303,12478,3,1424.08
7137,2024-04-28 05:54:49,3014,DL,10397,15016,2,1063.42
7138,2024-10-11 03:57:39,3849,DL,15016,11433,1,525.63
7139,2024-12-05 21:24:33,3908,AA,12892,10397,1,188.4
7140,2025-09-16 02:52:57,4781,UA,10397,12892,3,905.94
7141,2024-06-10 11:37:21,2384,UA,10397,12892,2,607.83
7142,2024-02-01 12:06:44,2993,WN,13303,12478,4,1420.44
7143,2024-01-15 13:51:16,3501,DL,11193,12892,3,618.33
7144,2024-02-01 01:54:50,2998,DL,10397,15016,2,430.67
7145,2024-05-17 04:12:11,3593,UA,10397,12892,4,2008.52
7146,2024-09-21 06:54:32,3966,DL,11433,13303,4,1842.56
7147,2025-08-29 18:53:30,1597,DL,12266,10397,2,445.51
7148,2025-02-19 02:34:04,2522,UA,10397,12892,2,809.34
7149,2024-04-05 11:17:53,1196,DL,14057,14869,4,679.98
7150,2024-06-03 11:52:18,1449,DL,11193,12892,4,1321.55
7151,2024-07-25 08:50:46,1269,WN,13303,12478,2,382.2
7152,2024-11-15 06:55:30,2610,DL,14057,14869,4,2055.17
7153,2024-02-21 15:36:59,3356,DL,14869,12478,3,1160.81
7154,2025-09-27 02:55:36,2683,AA,12892,10397,4,1649.51
7155,2025-04-25 18:03:50,3565,AA,12892,10397,1,233.88
7156,2025-01-23 21:09:09,4004,DL,11193,12892,3,1657.86
7157,2025-05-27 21:36:42,2310,DL,15016,11433,3,873.05
7158,2025-08-07 01:17:01,4512,DL,12266,10397,1,190.26
7159,2025-01-03 13:19:19,1454,AA,12892,10397,1,225.15
7160,2024-02-12 23:32:45,2759,DL,15016,11433,4,2135.9
7161,2025-04-11 00:39:17,4948,DL,14869,12478,2,582.7
7162,2024-06-01 06:12:56,1590,DL,14869,12478,2,879.71
7163,2025-01-19 21:54:35,3597,DL,14869,12478,1,477.88
7164,2024-06-29 22:36:13,2385,DL,10397,15016,4,2273.55
7165,2025-06-08 20:57:43,2315,DL,11193,12892,4,1873.01
7166,2024-03-20 03:22:36,2013,DL,15016,11433,2,323.03
7167,2024-01-24 14:25:16,4431,DL,15016,11433,3,554.17
7168,2025-06-11 18:30:05,3938,WN,13303,12478,4,876.68
7169,2025-10-26 15:54:20,3149,UA,10397,12892,2,669.85
7170,2024-03-03 15:46:29,2123,DL,11433,13303,1,594.8
7171,2025-07-12 04:56:03,1890,DL,14869,12478,2,800.03
7172,2025-02-25 11:33:51,1851,DL,11433,13303,4,1782.34
7173,2024-09-17 19:51:50,3447,UA,10397,12892,4,1007.37
7174,2025-06-01 11:03:36,1946,UA,10397,12892,1,152.43
7175,2025-02-26 00:36:37,2078,AA,12892,10397,3,589.27
7176,2024-12-03 07:08:12,4601,WN,13303,12478,2,678.19
7177,2024-09-25 03:46:09,3466,DL,11193,12892,2,1000.9
7178,2025-07-11 20:50:45,1293,WN,13303,12478,1,368.38
7179,2024-10-11 16:36:18,1854,DL,11193,12892,4,2322.22
7180,2025-06-09 20:56:47,4637,UA,10397,12892,3,1474.58
7181,2024-02-15 16:29:13,2357,DL,14869,12478,4,2375.91
7182,2024-09-25 21:39:18,2358,DL,11193,12892,1,500.46
7183,2024-06-29 16:27:09,3456,DL,11433,13303,3,1516.27
7184,2024-10-21 23:14:25,1055,DL,11433,13303,2,763.24
7185,2025-09-05 22:15:35,3096,UA,10397,12892,4,742.86
7186,2025-09-19 19:26:05,1088,DL,12266,10397,1,256.93
7187,2024-07-17 02:27:24,1276,DL,14869,12478,4,1622.92
7188,2024-11-27 02:39:12,3980,DL,15016,11433,1,418.29
7189,2024-05-27 22:55:05,4552,DL,12266,10397,2,346.66
7190,2024-05-02 07:00:55,1231,UA,10397,12892,2,575.27
7191,2024-08-06 23:49:57,3763,DL,14057,14869,3,1231.11
7192,2024-05-20 21:37:04,3937,DL,10397,15016,3,770.5
7193,2024-02-26 23:14:32,3326,DL,10397,15016,1,358.37
7194,2024-11-24 07:46:20,1116,DL,10397,15016,3,594.13
7195,2024-07-03 10:32:11,4122,DL,15016,11433,3,919.47
7196,2025-08-22 13:28:09,3093,DL,15016,11433,2,568.62
7197,2024-05-03 15:36:08,1318,DL,11193,12892,4,699.1
7198,2024-03-16 14:37:13,4113,DL,12266,10397,2,656.61
7199,2025-10-04 11:07:24,4420,DL,14869,12478,3,573.95
7200,2024-01-07 03:13:36,4544,DL,11193,12892,1,384.64
7201,2025-04-20 07:49:16,1878,UA,10397,12892,4,1400.04
7202,2024-03-16 05:11:42,3037,DL,12266,10397,1,459.58
7203,2024-12-16 21:46:30,2232,DL,14869,12478,2,311.0
7204,2025-08-23 11:36:56,4834,DL,11193,12892,3,1420.4
7205,2024-07-13 17:27:08,2787,DL,10397,15016,2,403.41
7206,2024-07-14 02:57:20,3086,WN,13303,12478,3,1249.61
7207,2025-02-09 22:35:39,4345,DL,11193,12892,3,788.65
7208,2025-03-17 21:14:00,4412,DL,14869,12478,4,1079.84
7209,2024-06-02 12:31:56,3341,DL,14869,12478,4,1487.37
7210,2025-05-09 12:10:59,2319,DL,15016,11433,2,983.73
7211,2024-01-23 10:46:32,2160,UA,10397,12892,3,899.48
7212,2025-04-17 08:04:00,3269,DL,14869,12478,3,651.39
7213,2024-11-15 18:38:48,1857,DL,10397,15016,2,809.05
7214,2025-02-19 10:58:41,4270,DL,11433,13303,1,481.71
7215,2024-07-01 22:56:47,1243,DL,10397,15016,4,1929.58
7216,2024-08-27 02:10:14,3729,UA,10397,12892,1,214.44
7217,2025-08-25 13:49:15,4906,WN,13303,12478,4,969.29
7218,2024-09-20 12:09:39,1559,DL,11433,13303,3,868.48
7219,2024-11-01 05:43:31,4395,DL,10397,15016,1,327.87
7220,2025-03-30 16:50:57,4568,DL,15016,11433,3,737.65
7221,2025-09-23 17:24:44,1018,DL,11433,13303,3,1440.23
7222,2025-04-07 17:19:24,4657,WN,13303,12478,2,1190.32
7223,2025-04-06 15:40:59,4578,DL,14869,12478,1,504.97
7224,2025-01-04 15:38:47,4642,DL,11193,12892,3,461.59
7225,2024-12-08 06:13:33,4673,DL,11193,12892,4,723.54
7226,2024-06-02 05:29:30,2682,AA,12892,10397,3,790.1
7227,2024-01-08 16:55:10,4819,DL,14869,12478,4,2031.32
7228,2025-09-03 06:01:09,2046,UA,10397,12892,1,233.25
7229,2024-02-02 18:48:36,1659,WN,13303,12478,3,1531.19
7230,2024-09-19 14:51:49,4594,DL,14057,14869,3,1063.89
7231,2024-04-27 04:36:32,1982,DL,11193,12892,3,911.22
7232,2025-04-25 01:37:25,2982,DL,12266,10397,1,521.21
7233,2025-09-13 07:23:39,1998,DL,14057,14869,4,968.65
7234,2024-07-15 17:06:07,1354,DL,15016,11433,4,1792.6
7235,2025-05-14 06:14:56,2849,DL,14057,14869,4,2328.04
7236,2024-04-04 11:49:16,3234,DL,10397,15016,1,199.91
7237,2024-02-14 23:17:23,1331,DL,14869,12478,3,528.19
7238,2024-12-24 03:17:06,2973,DL,10397,15016,3,488.52
7239,2024-05-03 02:51:16,2598,DL,15016,11433,2,910.44
7240,2024-10-16 16:46:04,4779,DL,15016,11433,4,1055.37
7241,2025-08-28 06:53:47,2610,AA,12892,10397,4,1381.88
7242,2024-04-10 07:05:46,3825,WN,13303,12478,3,792.08
7243,2024-05-17 17:29:02,4228,AA,12892,10397,4,1701.97
7244,2024-04-05 15:43:18,1355,DL,10397,15016,1,270.02
7245,2025-03-22 02:16:25,1258,DL,14869,12478,3,805.31
7246,2024-08-27 20:44:49,2604,DL,10397,15016,4,757.35
7247,2025-03-21 08:01:50,2102,UA,10397,12892,4,2038.26
7248,2024-09-28 02:50:39,3122,WN,13303,12478,3,1146.53
7249,2024-12-16 16:34:22,2592,DL,12266,10397,3,901.83
7250,2024-10-12 15:17:19,3507,DL,10397,15016,3,659.61
7251,2024-11-30 01:19:29,2770,DL,10397,15016,1,375.19
7252,2024-10-13 13:35:08,1922,AA,12892,10397,1,570.33
7253,2025-09-09 15:05:47,1925,DL,15016,11433,3,1319.12
7254,2024-10-31 08:11:57,2517,WN,13303,12478,4,613.63
7255,2025-03-21 06:45:01,1069,DL,15016,11433,2,846.19
7256,2024-02-18 09:18:48,3777,DL,10397,15016,3,829.9
7257,2024-12-10 01:31:08,3584,UA,10397,12892,3,755.99
7258,2024-02-02 20:43:52,4485,DL,14869,12478,3,893.65
7259,2025-10-08 23:08:09,4367,DL,10397,15016,4,2242.89
7260,2024-03-11 21:43:54,4413,AA,12892,10397,1,496.85
7261,2025-10-31 12:17:48,1814,DL,14869,12478,1,437.1
7262,2024-05-27 06:07:13,4428,DL,12266,10397,3,812.12
7263,2025-10-24 18:23:53,2687,UA,10397,12892,2,348.14
7264,2024-02-02 06:50:40,4681,AA,12892,10397,3,995.92
7265,2025-02-02 18:33:04,3735,DL,12266,10397,4,611.65
7266,2025-05-28 23:21:38,4321,WN,13303,12478,4,2240.11
7267,2025-07-25 23:51:15,3778,UA,10397,12892,4,633.0
7268,2025-10-07 15:30:11,3976,DL,11193,12892,4,2007.39
7269,2025-08-03 07:35:59,1668,DL,11193,12892,2,896.41
7270,2025-09-28 09:21:51,3253,DL,14869,12478,2,1151.02
7271,2025-03-13 03:39:52,1686,DL,14869,12478,3,1109.22
7272,2025-05-22 20:35:01,3906,WN,13303,12478,2,391.16
7273,2025-03-18 22:54:39,3453,DL,14057,14869,1,324.21
7274,2025-05-30 03:17:15,2530,DL,10397,15016,3,1102.01
7275,2025-09-23 21:28:45,3569,DL,10397,15016,1,341.02
7276,2024-10-07 16:19:36,2115,AA,12892,10397,1,372.1
7277,2024-06-02 13:26:42,4821,AA,12892,10397,2,392.22
7278,2025-05-11 21:54:42,4578,DL,14057,14869,2,924.85
7279,2025-07-27 16:27:49,3320,AA,12892,10397,3,756.87
7280,2024-04-02 01:55:34,1279,DL,15016,11433,2,484.68
7281,2025-04-12 22:13:27,1198,DL,14057,14869,4,2355.6
7282,2024-09-09 15:18:11,3961,DL,11433,13303,2,365.54
7283,2025-08-16 00:59:10,3603,UA,10397,12892,1,373.77
7284,2025-07-03 19:59:53,1328,DL,14057,14869,3,1075.03
7285,2025-04-26 06:32:39,3639,DL,11193,12892,2,567.92
7286,2025-03-31 20:28:42,1953,DL,14869,12478,1,174.33
7287,2025-01-17 21:59:28,2765,WN,13303,12478,3,1605.45
7288,2024-04-03 21:17:41,2568,WN,13303,12478,3,934.1
7289,2025-08-11 16:28:11,3716,DL,14869,12478,4,1270.96
7290,2024-03-06 06:33:50,1831,DL,12266,10397,4,971.66
7291,2025-07-07 21:47:53,1720,UA,10397,12892,2,1013.85
7292,2025-05-17 01:55:26,1192,DL,15016,11433,2,860.64
7293,2025-08-20 07:19:57,4620,UA,10397,12892,3,1552.68
7294,2025-08-20 11:53:47,3100,DL,14869,12478,1,169.6
7295,2025-06-15 19:01:28,2372,DL,15016,11433,2,449.93
7296,2025-10-16 10:25:01,1627,DL,11193,12892,2,366.97
7297,2025-09-19 16:20:58,4095,DL,10397,15016,2,1097.16
7298,2025-05-03 13:13:01,4325,DL,15016,11433,1,595.35
7299,2025-03-17 05:39:45,2357,DL,11433,13303,2,401.53
7300,2024-04-07 07:41:08,4165,DL,14057,14869,1,425.96
7301,2024-12-20 01:54:39,4505,UA,10397,12892,3,625.08
7302,2025-05-20 12:27:08,2477,DL,14057,14869,3,1645.68
7303,2024-02-23 05:20:44,3968,DL,11433,13303,2,498.36
7304,2025-02-26 11:49:31,4588,DL,12266,10397,4,1677.48
7305,2024-08-25 19:03:08,3372,DL,15016,11433,1,305.96
7306,2025-01-06 16:06:33,3183,WN,13303,12478,3,558.84
7307,2024-06-18 18:57:19,4714,WN,13303,12478,4,1676.93
7308,2025-04-23 04:19:55,1743,DL,15016,11433,1,404.92
7309,2024-08-27 05:19:26,2464,UA,10397,12892,1,381.51
7310,2024-03-07 21:12:19,2484,DL,11433,13303,3,687.41
7311,2024-08-27 23:34:31,3028,DL,14869,12478,2,495.82
7312,2025-01-07 05:29:19,4713,DL,14057,14869,1,461.83
7313,2025-08-11 00:50:55,1761,UA,10397,12892,1,215.24
7314,2025-05-02 10:30:01,1035,AA,12892,10397,4,1208.73
7315,2024-03-23 02:13:22,4778,DL,12266,10397,4,1167.17
7316,2025-06-14 07:21:35,1459,DL,11193,12892,4,1528.71
7317,2024-10-12 09:53:51,2840,DL,12266,10397,3,1631.17
7318,2025-08-06 23:33:24,2995,DL,14057,14869,1,346.41
7319,2024-01-25 08:19:54,4273,DL,14869,12478,4,1586.2
7320,2025-03-31 21:54:51,2039,DL,11193,12892,4,993.23
7321,2024-11-09 05:53:42,2836,DL,11193,12892,3,927.26
7322,2024-04-15 18:49:26,3512,DL,11193,12892,4,1020.26
7323,2025-04-04 11:02:37,3910,DL,12266,10397,4,985.67
7324,2025-01-31 16:30:07,2023,WN,13303,12478,2,388.12
7325,2024-07-31 20:13:47,3258,UA,10397,12892,4,1350.05
7326,2024-07-17 20:04:02,2339,UA,10397,12892,1,549.91
7327,2024-04-25 08:37:38,4038,DL,12266,10397,4,1754.85
7328,2025-06-29 00:48:43,2332,DL,11193,12892,4,1429.76
7329,2024-05-26 10:16:36,3767,DL,11193,12892,1,341.92
7330,2025-04-16 02:19:28,4956,DL,15016,11433,4,1828.25
7331,2025-07-19 12:11:05,4819,DL,14869,12478,1,551.53
7332,2024-06-28 07:05:12,3588,DL,12266,10397,1,299.46
7333,2024-03-07 04:45:02,3713,AA,12892,10397,4,1632.1
7334,2025-07-03 00:26:58,4636,WN,13303,12478,2,1182.4
7335,2024-02-15 15:48:30,4874,DL,14869,12478,4,2140.89
7336,2024-01-14 17:36:42,1294,DL,12266,10397,1,438.52
7337,2025-10-12 12:01:22,1610,DL,14869,12478,4,1464.38
7338,2025-07-26 14:10:14,4395,DL,11433,13303,3,1113.75
7339,2025-09-08 16:17:59,2694,DL,14869,12478,1,159.25
7340,2025-02-26 22:37:13,1683,DL,14057,14869,4,741.98
7341,2024-01-30 14:43:23,2234,DL,11433,13303,3,856.11
7342,2024-03-20 00:51:25,4966,DL,14057,14869,1,404.97
7343,2024-04-16 08:46:02,4699,DL,12266,10397,4,797.4
7344,2025-01-12 09:42:23,4712,DL,14057,14869,3,722.87
7345,2024-08-11 10:40:27,1379,DL,11433,13303,1,450.51
7346,2024-04-06 19:12:29,3020,DL,11433,13303,4,2133.71
7347,2024-01-17 18:00:15,3134,WN,13303,12478,4,1800.76
7348,2025-06-17 01:24:42,3685,UA,10397,12892,2,345.32
7349,2025-03-04 20:06:15,1475,DL,11433,13303,4,2346.87
7350,2025-10-05 00:56:54,3553,AA,12892,10397,3,1395.57
7351,2025-09-30 10:49:28,4797,DL,14057,14869,2,489.02
7352,2025-07-19 23:21:12,3845,DL,12266,10397,4,2283.17
7353,2024-10-17 04:51:23,2694,DL,14057,14869,1,445.27
7354,2025-09-20 19:47:23,4783,DL,11433,13303,4,867.23
7355,2024-09-01 13:54:26,3312,WN,13303,12478,4,1113.53
7356,2024-02-20 09:14:30,1179,DL,15016,11433,1,293.46
7357,2025-07-05 16:27:36,2944,WN,13303,12478,2,1068.25
7358,2025-06-20 02:17:09,2773,UA,10397,12892,4,1450.47
7359,2024-04-06 14:09:29,1847,DL,12266,10397,1,499.76
7360,2024-12-07 19:18:41,2752,DL,11193,12892,1,388.81
7361,2024-11-27 12:09:16,4047,AA,12892,10397,1,519.53
7362,2024-05-12 16:38:38,3691,AA,12892,10397,4,1642.05
7363,2025-06-07 00:14:09,4687,DL,11433,13303,2,415.11
7364,2025-05-08 19:54:54,1955,WN,13303,12478,1,578.32
7365,2024-02-27 22:32:30,3829,DL,14869,12478,1,590.0
7366,2024-11-29 06:43:29,4897,DL,14057,14869,4,1076.59
7367,2025-01-21 10:48:19,3829,DL,11193,12892,1,221.13
7368,2024-09-16 04:43:54,3006,AA,12892,10397,1,272.86
7369,2024-09-11 19:03:51,3700,DL,14057,14869,2,314.15
7370,2024-02-26 02:52:23,4466,WN,13303,12478,2,743.48
7371,2024-03-30 10:59:49,3829,DL,14869,12478,4,2037.01
7372,2024-04-15 10:53:52,2333,DL,15016,11433,4,1863.23
7373,2024-10-25 06:44:01,4992,AA,12892,10397,4,653.72
7374,2025-10-20 21:12:30,1231,DL,15016,11433,2,395.17
7375,2025-05-01 21:14:11,3391,DL,15016,11433,3,1799.46
7376,2025-10-04 19:44:25,2496,DL,14057,14869,2,807.47
7377,2024-02-17 20:21:11,1936,UA,10397,12892,1,494.81
7378,2024-06-21 17:49:32,1701,DL,11433,13303,1,539.88
7379,2025-07-29 06:51:15,2962,DL,12266,10397,4,2350.18
7380,2025-01-08 04:28:57,4841,DL,12266,10397,2,666.49
7381,2025-04-14 08:27:26,2559,WN,13303,12478,2,699.52
7382,2024-12-03 09:51:30,4027,DL,11193,12892,4,1164.28
7383,2025-02-06 15:38:13,2468,UA,10397,12892,4,1390.59
7384,2024-11-04 18:04:57,4167,DL,11433,13303,4,1747.65
7385,2025-01-30 21:19:23,1118,DL,14057,14869,4,1536.49
7386,2024-05-31 00:34:49,2233,DL,15016,11433,3,1543.02
7387,2024-11-30 17:19:10,1905,DL,15016,11433,4,656.32
7388,2025-10-20 07:39:46,4513,DL,14057,14869,4,1404.78
7389,2025-04-12 11:38:16,2193,DL,10397,15016,1,205.28
7390,2024-10-21 18:33:25,2304,DL,11193,12892,2,1065.43
7391,2024-10-20 05:43:25,4673,AA,12892,10397,3,1134.61
7392,2024-01-23 12:12:46,2722,AA,12892,10397,4,2075.73
7393,2025-10-07 07:21:15,4915,DL,15016,11433,3,1615.39
7394,2024-11-15 10:56:51,2565,DL,12266,10397,1,161.4
7395,2025-09-12 18:24:03,4010,DL,12266,10397,4,984.06
7396,2025-04-09 10:40:35,4179,DL,11193,12892,3,1150.72
7397,2024-05-31 11:17:45,1079,AA,12892,10397,3,1160.5
7398,2025-10-13 03:55:27,1042,UA,10397,12892,4,971.29
7399,2025-09-14 04:03:37,2166,DL,14057,14869,2,1148.51
7400,2025-10-19 04:11:46,3344,DL,11193,12892,1,321.34
7401,2024-08-07 23:43:52,1963,DL,11433,13303,1,551.08
7402,2024-07-08 14:59:15,4115,DL,11433,13303,2,869.95
7403,2024-04-16 10:40:41,4534,UA,10397,12892,4,1905.71
7404,2024-08-23 13:04:48,1295,DL,11433,13303,4,1558.99
7405,2025-10-17 13:37:04,1024,DL,12266,10397,3,1255.25
7406,2024-06-13 10:49:45,4696,DL,14869,12478,4,1566.8
7407,2025-04-04 05:23:20,4174,DL,11433,13303,1,550.21
7408,2025-06-25 12:32:05,2228,DL,14869,12478,4,1986.59
7409,2025-06-09 16:29:12,3049,DL,14869,12478,2,1125.19
7410,2024-02-29 18:16:19,4398,DL,11433,13303,1,391.65
7411,2024-10-09 12:30:31,3540,WN,13303,12478,4,1289.26
7412,2025-08-19 09:04:21,3029,DL,10397,15016,4,2318.77
7413,2024-04-15 17:13:33,2402,UA,10397,12892,1,441.14
7414,2024-05-17 02:44:58,1087,DL,11193,12892,2,521.44
7415,2024-01-20 19:08:25,3795,DL,14869,12478,4,1483.45
7416,2024-12-13 01:06:00,3230,DL,11433,13303,1,535.27
7417,2024-12-23 11:56:45,1860,WN,13303,12478,2,582.45
7418,2025-08-17 18:14:16,1041,DL,14869,12478,3,1396.34
7419,2025-07-28 19:00:49,4818,DL,11433,13303,2,922.33
7420,2024-08-12 19:15:44,1472,DL,12266,10397,4,1801.57
7421,2025-09-24 01:42:53,2598,WN,13303,12478,1,475.9
7422,2025-05-03 10:45:16,3092,AA,12892,10397,2,630.82
7423,2025-06-04 08:24:28,4497,DL,14057,14869,3,1387.55
7424,2024-10-27 05:52:05,2247,DL,15016,11433,2,749.82
7425,2024-07-11 07:27:30,2462,DL,12266,10397,1,330.86
7426,2024-06-22 04:35:48,3589,DL,10397,15016,2,725.55
7427,2024-06-17 07:50:54,3769,DL,14057,14869,4,1810.14
7428,2024-02-14 20:08:32,1698,WN,13303,12478,4,954.63
7429,2024-07-30 10:24:15,3660,DL,11433,13303,2,759.98
7430,2025-04-02 07:04:56,3489,DL,14869,12478,4,1951.27
7431,2025-04-30 06:51:38,3041,DL,10397,15016,3,759.52
7432,2025-07-24 15:12:41,4270,DL,11193,12892,2,340.14
7433,2024-08-27 21:29:21,1816,DL,14057,14869,4,1677.5
7434,2024-06-23 19:55:08,2242,DL,11433,13303,3,1209.1
7435,2025-07-16 04:01:50,2735,AA,12892,10397,2,1046.8
7436,2025-09-30 10:08:01,3169,DL,10397,15016,3,1154.52
7437,2024-07-10 13:43:43,1099,DL,11433,13303,3,1556.53
7438,2025-07-17 10:08:41,1603,DL,12266,10397,4,2138.11
7439,2024-01-23 00:21:53,2243,WN,13303,12478,1,227.67
7440,2025-04-28 18:21:19,3641,DL,12266,10397,4,1566.88
7441,2025-05-24 13:41:48,1871,DL,10397,15016,3,1384.02
7442,2025-05-02 03:09:23,4641,AA,12892,10397,4,1970.96
7443,2025-02-15 21:48:33,2491,UA,10397,12892,1,453.52
7444,2024-10-20 04:18:58,3892,DL,12266,10397,3,1590.58
7445,2025-08-08 17:53:09,4893,WN,13303,12478,4,692.24
7446,2025-03-17 08:37:10,2356,DL,15016,11433,1,409.6
7447,2025-04-14 23:22:56,3895,AA,12892,10397,1,248.34
7448,2025-06-06 09:27:54,4053,DL,11433,13303,1,500.83
7449,2024-09-17 21:57:21,2588,DL,12266,10397,2,1070.92
7450,2025-02-24 18:57:13,2354,UA,10397,12892,2,1169.16
7451,2024-01-21 14:34:22,1683,DL,14057,14869,4,2156.53
7452,2025-04-01 17:07:33,4657,WN,13303,12478,1,272.11
7453,2025-09-30 21:52:14,1265,DL,15016,11433,3,1590.6
7454,2025-05-16 00:23:03,4798,DL,15016,11433,4,1306.87
7455,2024-08-16 19:28:51,1676,DL,11433,13303,1,185.82
7456,2025-01-30 09:46:00,1001,UA,10397,12892,2,530.49
7457,2025-05-04 17:39:56,3067,WN,13303,12478,1,552.13
7458,2024-07-27 03:12:35,4768,DL,14057,14869,3,710.64
7459,2025-02-18 09:56:36,3342,DL,11433,13303,2,999.4
7460,2024-09-05 00:17:36,2300,DL,14869,12478,3,1163.13
7461,2025-03-20 16:44:11,4147,DL,14869,12478,3,859.91
7462,2025-02-05 10:57:43,2367,DL,11193,12892,4,1931.19
7463,2024-10-14 21:32:32,3999,AA,12892,10397,4,800.78
7464,2024-05-05 21:10:41,1121,AA,12892,10397,2,323.66
7465,2025-04-19 01:57:12,3442,DL,10397,15016,3,938.25
7466,2024-05-13 02:15:07,4378,DL,14869,12478,2,509.28
7467,2025-05-08 08:42:51,4411,DL,12266,10397,2,509.23
7468,2025-07-24 15:28:10,2535,UA,10397,12892,4,1331.13
7469,2025-07-02 13:11:42,2356,DL,10397,15016,2,693.77
7470,2024-07-13 03:12:28,1075,DL,14057,14869,1,245.34
7471,2024-01-29 16:53:09,3268,DL,12266,10397,3,1745.44
7472,2024-04-16 13:30:57,3107,DL,11193,12892,1,232.18
7473,2025-01-22 02:36:33,1249,DL,14869,12478,3,1732.2
7474,2025-02-17 04:17:57,1057,DL,14869,12478,3,851.76
7475,2025-05-16 19:10:56,2609,DL,14057,14869,1,503.77
7476,2024-05-19 07:27:30,4827,DL,11433,13303,4,2275.22
7477,2025-05-19 10:42:26,1858,DL,11433,13303,2,413.05
7478,2024-01-20 13:40:27,1260,WN,13303,12478,4,1526.07
7479,2025-01-18 16:24:00,4649,DL,11433,13303,1,462.27
7480,2024-02-11 03:39:12,4236,DL,14869,12478,4,641.14
7481,2024-05-25 05:27:21,3773,DL,14057,14869,2,372.79
7482,2024-07-04 13:02:12,1060,DL,12266,10397,4,1538.61
7483,2024-08-02 07:03:50,2721,DL,11433,13303,2,522.29
7484,2024-11-30 01:43:06,4846,DL,12266,10397,2,690.3
7485,2024-09-15 15:47:20,4776,DL,12266,10397,1,523.83
7486,2025-04-19 02:48:50,4035,DL,11433,13303,1,369.72
7487,2025-03-15 23:40:08,1593,DL,14869,12478,1,266.39
7488,2024-12-10 06:53:14,4287,DL,10397,15016,1,352.15
7489,2025-04-22 07:59:52,4363,AA,12892,10397,3,866.88
7490,2024-07-07 02:01:25,4201,UA,10397,12892,3,1089.33
7491,2024-03-03 04:16:20,2884,UA,10397,12892,3,661.3
7492,2025-04-05 15:42:32,3613,AA,12892,10397,2,1035.75
7493,2024-10-25 10:02:41,2244,DL,15016,11433,4,2312.87
7494,2025-10-04 02:48:22,1241,AA,12892,10397,3,527.27
7495,2025-06-22 23:41:06,4367,DL,15016,11433,3,1730.31
7496,2025-08-23 21:01:43,3936,DL,14869,12478,1,387.88
7497,2025-07-31 06:29:14,1251,WN,13303,12478,1,569.62
7498,2024-04-27 01:21:03,3875,DL,14869,12478,4,907.1
7499,2025-02-05 06:21:20,3886,DL,14869,12478,1,531.85
7500,2024-04-24 04:41:37,2700,DL,11193,12892,3,1775.9
7501,2025-08-22 07:04:45,2167,DL,12266,10397,1,404.63
7502,2025-09-13 14:06:21,1958,DL,11193,12892,2,896.45
7503,2024-12-31 14:55:00,1190,DL,15016,11433,2,1143.96
7504,2024-07-22 18:55:06,1517,DL,14057,14869,2,746.25
7505,2025-01-14 06:48:44,4819,DL,11193,12892,2,856.54
7506,2024-06-10 02:31:21,4867,DL,11433,13303,1,553.14
7507,2025-08-30 13:09:56,3744,WN,13303,12478,3,915.16
7508,2024-07-12 21:21:04,2017,DL,11433,13303,4,1631.92
7509,2024-05-16 20:37:39,2196,WN,13303,12478,3,1583.04
7510,2025-08-18 04:23:29,3421,WN,13303,12478,2,749.34
7511,2024-04-11 23:13:35,4590,DL,12266,10397,4,2143.98
7512,2024-08-14 11:19:24,1531,DL,10397,15016,2,1100.27
7513,2025-05-05 16:25:59,3394,DL,14869,12478,4,724.17
7514,2025-03-04 22:34:02,2884,DL,15016,11433,1,418.82
7515,2025-04-01 15:14:58,4329,DL,14869,12478,1,401.25
7516,2025-07-07 00:03:19,1046,UA,10397,12892,3,1528.8
7517,2025-04-14 23:03:56,2688,DL,11433,13303,1,458.88
7518,2025-01-16 16:25:53,2778,DL,14869,12478,1,160.63
7519,2025-10-03 18:10:41,2380,DL,11193,12892,4,786.8
7520,2025-07-26 11:06:55,4942,DL,11433,13303,1,395.91
7521,2025-10-03 16:10:58,4788,DL,11193,12892,1,476.84
7522,2025-08-29 20:18:44,4668,DL,14869,12478,4,1182.53
7523,2024-08-22 14:07:50,2401,DL,15016,11433,4,1297.65
7524,2025-07-04 00:41:05,2357,UA,10397,12892,4,1665.41
7525,2024-08-18 23:39:39,2893,DL,15016,11433,1,547.51
7526,2024-09-28 01:42:02,3296,WN,13303,12478,1,380.42
7527,2024-09-18 07:39:15,4921,DL,14057,14869,2,1083.59
7528,2025-05-30 12:45:58,2069,UA,10397,12892,1,156.35
7529,2025-10-28 19:09:03,4688,DL,10397,15016,4,2343.97
7530,2024-02-06 07:53:18,1314,AA,12892,10397,4,1888.91
7531,2024-04-20 10:39:29,3138,DL,14869,12478,1,501.57
7532,2025-09-08 23:20:00,2151,DL,12266,10397,3,1152.09
7533,2025-01-11 04:29:25,3935,DL,14057,14869,1,266.95
7534,2025-10-04 23:43:48,2765,DL,11193,12892,3,1639.06
7535,2025-03-22 11:31:56,2102,DL,15016,11433,3,973.61
7536,2024-12-31 12:23:39,2389,DL,11193,12892,4,1817.32
7537,2024-09-17 01:11:11,4640,UA,10397,12892,3,731.89
7538,2024-06-16 11:48:52,2557,DL,12266,10397,2,988.97
7539,2024-02-25 16:44:55,4610,DL,14057,14869,3,868.53
7540,2025-02-14 09:43:05,2294,WN,13303,12478,1,534.99
7541,2024-02-08 06:44:37,1835,AA,12892,10397,3,642.79
7542,2024-10-05 06:35:42,4700,WN,13303,12478,4,1496.87
7543,2025-04-30 09:12:45,1516,AA,12892,10397,4,1437.08
7544,2025-01-06 05:35:05,2025,UA,10397,12892,1,177.26
7545,2024-10-28 15:44:01,4891,DL,12266,10397,1,153.7
7546,2024-08-11 20:40:35,3969,DL,11193,12892,1,223.94
7547,2024-05-13 11:15:53,1970,DL,12266,10397,2,423.82
7548,2025-06-17 09:15:41,2799,DL,15016,11433,2,648.34
7549,2025-10-28 13:00:25,2884,DL,10397,15016,2,649.86
7550,2025-03-09 20:28:57,2366,AA,12892,10397,1,563.18
7551,2025-09-14 23:33:46,1957,DL,14869,12478,4,1813.18
7552,2025-03-15 10:01:20,2653,DL,14869,12478,4,1338.73
7553,2025-02-24 23:00:09,2662,DL,14869,12478,2,480.81
7554,2025-01-13 06:00:05,3930,DL,11193,12892,1,434.27
7555,2025-09-05 21:33:36,4708,DL,12266,10397,1,494.96
7556,2025-07-31 23:01:21,2586,WN,13303,12478,4,2357.3
7557,2024-11-24 16:42:21,1932,DL,11193,12892,1,426.24
7558,2024-09-06 01:06:49,1547,DL,14057,14869,2,694.23
7559,2024-07-07 11:52:49,4509,WN,13303,12478,1,362.02
7560,2024-03-24 19:23:37,1682,DL,14869,12478,4,856.09
7561,2024-07-04 08:43:38,3773,DL,14057,14869,2,433.33
7562,2025-08-26 19:29:34,2067,AA,12892,10397,3,1033.69
7563,2024-12-05 10:10:44,4237,AA,12892,10397,1,165.95
7564,2025-07-30 15:49:17,1599,WN,13303,12478,3,869.49
7565,2025-08-07 15:17:53,3836,UA,10397,12892,3,1576.46
7566,2025-08-19 09:36:14,3207,DL,11433,13303,4,607.91
7567,2025-01-11 21:50:09,3379,DL,12266,10397,3,700.66
7568,2025-08-27 20:18:18,1968,DL,11433,13303,2,1184.31
7569,2025-10-25 16:18:32,3067,DL,11433,13303,3,533.35
7570,2025-07-07 20:41:02,4645,WN,13303,12478,4,2171.76
7571,2024-02-29 04:01:25,3660,DL,11433,13303,4,1649.35
7572,2024-12-23 20:58:00,3083,DL,14057,14869,4,2376.04
7573,2025-03-30 16:30:57,2235,DL,14057,14869,2,508.07
7574,2024-01-17 20:41:24,1225,DL,11193,12892,1,176.72
7575,2025-07-18 01:10:44,3878,DL,11433,13303,3,1185.77
7576,2024-11-13 10:20:55,3073,DL,11193,12892,3,1579.41
7577,2025-01-23 20:17:11,4121,DL,10397,15016,3,1039.99
7578,2024-02-14 08:38:33,2306,DL,14057,14869,1,545.32
7579,2024-07-17 15:11:17,3639,DL,11193,12892,1,258.76
7580,2024-11-22 15:15:11,3919,DL,14057,14869,2,665.25
7581,2025-07-21 15:06:13,3477,DL,11433,13303,4,1481.11
7582,2025-09-30 14:43:26,1529,DL,14869,12478,1,599.67
7583,2025-04-14 10:05:38,2378,DL,14057,14869,2,345.68
7584,2025-02-01 17:22:21,3810,DL,14057,14869,2,542.2
7585,2024-02-27 00:37:11,2099,DL,14869,12478,2,1174.37
7586,2024-11-16 21:04:38,1973,DL,15016,11433,3,457.51
7587,2025-06-16 07:48:53,3806,WN,13303,12478,1,398.38
7588,2024-08-06 20:13:57,1971,DL,15016,11433,2,619.26
7589,2024-09-29 07:44:21,1430,DL,10397,15016,1,559.31
7590,2024-02-23 08:39:15,4136,DL,15016,11433,3,952.24
7591,2024-03-03 05:39:44,4046,AA,12892,10397,3,865.47
7592,2024-06-06 09:08:01,1378,DL,11193,12892,3,1069.0
7593,2025-08-29 16:57:39,3238,AA,12892,10397,2,1050.01
7594,2025-02-18 07:22:37,2935,DL,14057,14869,1,465.75
7595,2024-08-17 10:25:35,4000,WN,13303,12478,3,476.25
7596,2024-06-02 15:30:12,2265,DL,11433,13303,2,1013.42
7597,2024-01-20 02:37:47,2822,DL,14057,14869,1,282.72
7598,2025-08-07 19:09:56,1007,DL,14057,14869,3,692.58
7599,2024-11-28 07:46:00,2252,DL,12266,10397,2,459.01
7600,2024-09-16 06:38:37,2565,DL,14057,14869,2,379.9
7601,2024-03-07 23:57:51,4309,DL,11433,13303,4,1293.58
7602,2025-08-25 06:27:04,1271,DL,12266,10397,1,395.52
7603,2025-03-09 18:27:20,4618,WN,13303,12478,4,2225.71
7604,2024-09-10 19:49:19,1343,DL,11193,12892,4,1200.59
7605,2024-04-16 14:02:37,3107,UA,10397,12892,4,1393.38
7606,2024-04-14 14:44:06,1176,AA,12892,10397,2,817.86
7607,2024-03-20 09:12:20,4425,DL,11193,12892,1,337.26
7608,2024-10-07 17:34:57,3127,DL,14057,14869,3,704.13
7609,2024-07-20 00:32:03,4665,UA,10397,12892,2,505.78
7610,2025-08-16 15:29:10,4310,UA,10397,12892,4,1592.77
7611,2024-07-26 05:06:52,4826,AA,12892,10397,1,281.8
7612,2024-10-27 16:17:42,2329,DL,11193,12892,1,530.59
7613,2025-07-28 14:34:04,4600,DL,15016,11433,1,464.89
7614,2025-06-26 19:57:31,1657,UA,10397,12892,4,725.04
7615,2025-10-19 02:40:46,1979,DL,15016,11433,2,598.61
7616,2025-08-10 08:35:10,2931,DL,11433,13303,4,1656.62
7617,2025-02-15 23:54:46,2400,AA,12892,10397,2,541.25
7618,2024-11-10 23:54:50,1073,DL,12266,10397,2,841.83
7619,2025-04-25 05:11:02,4137,DL,11433,13303,3,978.78
7620,2024-12-12 18:27:07,4769,DL,12266,10397,4,1403.98
7621,2025-07-16 20:42:01,4564,WN,13303,12478,3,1353.02
7622,2025-10-16 07:17:56,1926,WN,13303,12478,4,1856.05
7623,2024-01-08 22:48:01,3861,DL,14057,14869,1,246.94
7624,2024-01-20 20:12:37,1722,DL,12266,10397,4,1598.54
7625,2024-12-06 21:04:26,2922,DL,15016,11433,1,400.98
7626,2024-09-02 12:48:28,3859,UA,10397,12892,2,629.32
7627,2025-03-05 11:16:41,2599,DL,14057,14869,4,1685.44
7628,2025-04-13 04:09:09,2533,DL,11193,12892,2,1125.63
7629,2024-04-08 09:23:54,2218,AA,12892,10397,2,454.73
7630,2024-07-19 02:06:29,3654,AA,12892,10397,3,1088.21
7631,2025-10-15 17:46:42,1526,DL,15016,11433,2,492.29
7632,2024-12-01 12:31:28,2782,UA,10397,12892,1,564.41
7633,2024-04-20 13:25:06,4241,DL,14869,12478,2,507.45
7634,2025-02-17 18:46:28,3097,DL,15016,11433,1,525.9
7635,2024-11-08 02:57:04,3912,DL,14057,14869,3,1507.02
7636,2025-05-31 00:30:14,2779,DL,15016,11433,3,1526.77
7637,2025-02-26 15:41:05,2292,DL,14057,14869,3,1100.95
7638,2025-10-24 19:53:09,3565,DL,14057,14869,3,1796.75
7639,2025-09-07 11:21:56,4767,DL,11193,12892,3,1771.37
7640,2025-06-21 15:31:15,4106,DL,12266,10397,1,309.89
7641,2025-10-20 15:36:31,3846,AA,12892,10397,2,592.1
7642,2024-11-29 20:01:25,2410,DL,15016,11433,2,483.91
7643,2024-12-30 12:44:24,1755,DL,10397,15016,4,953.41
7644,2024-02-18 06:43:30,2558,WN,13303,12478,3,517.31
7645,2024-12-10 20:35:58,1360,DL,11433,13303,4,1205.91
7646,2025-02-06 23:48:40,4687,UA,10397,12892,1,272.62
7647,2024-05-22 15:27:40,2709,WN,13303,12478,2,975.87
7648,2025-05-01 18:05:01,3613,WN,13303,12478,2,531.8
7649,2024-12-02 13:20:36,1098,DL,14869,12478,2,1141.43
7650,2025-06-08 07:53:55,2743,DL,11193,12892,2,356.42
7651,2024-01-09 22:57:43,4099,DL,12266,10397,3,1598.04
7652,2025-07-24 21:52:46,1670,AA,12892,10397,1,566.45
7653,2024-10-31 10:06:10,1406,DL,10397,15016,3,814.26
7654,2024-05-29 20:17:13,4301,DL,12266,10397,4,1927.31
7655,2025-01-29 02:44:14,2541,DL,11193,12892,4,1945.9
7656,2024-03-18 01:40:30,1979,DL,11433,13303,1,199.78
7657,2025-08-31 20:59:53,2171,DL,11193,12892,3,1560.29
7658,2025-08-25 07:50:13,2999,DL,14869,12478,4,1781.08
7659,2024-11-01 22:06:31,2259,UA,10397,12892,2,738.23
7660,2024-11-07 13:39:11,2086,UA,10397,12892,3,1712.42
7661,2025-01-19 13:38:41,4225,DL,11433,13303,3,962.36
7662,2024-08-20 07:11:33,4860,WN,13303,12478,1,211.12
7663,2025-09-24 05:44:33,2140,DL,11433,13303,2,316.75
7664,2025-06-13 01:59:57,4152,UA,10397,12892,4,959.06
7665,2024-06-01 03:06:53,4884,DL,15016,11433,1,584.21
7666,2025-03-02 15:18:35,2197,DL,12266,10397,4,1313.55
7667,2024-06-28 05:50:01,4039,AA,12892,10397,1,583.97
7668,2025-07-12 02:49:26,2410,DL,15016,11433,3,1353.65
7669,2024-11-10 16:07:14,4923,DL,11433,13303,1,451.05
7670,2024-03-12 17:10:31,2185,DL,15016,11433,4,2032.84
7671,2025-04-24 13:41:36,3119,DL,14869,12478,3,1469.21
7672,2024-08-05 20:25:20,2653,DL,12266,10397,2,915.54
7673,2025-04-22 09:40:26,3908,DL,12266,10397,1,267.31
7674,2024-01-16 20:14:11,4886,DL,14057,14869,2,1185.2
7675,2025-04-17 11:52:30,2717,DL,11433,13303,4,1335.06
7676,2024-05-03 08:06:17,2165,AA,12892,10397,3,559.33
7677,2025-09-15 19:39:01,4805,DL,10397,15016,3,1644.83
7678,2025-06-18 23:54:32,2775,UA,10397,12892,3,474.35
7679,2024-01-23 09:32:11,1641,DL,14869,12478,2,573.93
7680,2025-10-17 08:08:16,2001,DL,14869,12478,3,952.69
7681,2024-03-23 23:10:12,3457,DL,10397,15016,1,378.48
7682,2025-08-17 21:22:44,1306,AA,12892,10397,4,1138.63
7683,2024-12-24 22:30:25,3401,WN,13303,12478,3,1613.63
7684,2024-07-15 05:48:07,1423,DL,15016,11433,1,202.38
7685,2024-06-14 00:15:32,4834,WN,13303,12478,3,1760.46
7686,2025-08-30 07:02:45,1429,DL,15016,11433,3,877.32
7687,2025-08-02 07:02:01,3699,DL,10397,15016,1,168.27
7688,2024-06-20 00:29:19,1219,DL,14057,14869,1,430.9
7689,2025-09-29 01:14:05,1390,AA,12892,10397,1,388.23
7690,2024-11-21 18:20:04,3494,UA,10397,12892,2,1020.09
7691,2025-01-02 12:56:02,2054,DL,11433,13303,4,2087.52
7692,2025-08-01 00:07:17,2984,DL,14869,12478,1,590.9
7693,2024-09-01 03:25:23,3128,DL,11193,12892,1,392.0
7694,2025-08-21 10:43:20,3074,DL,14869,12478,3,1620.89
7695,2025-04-29 22:26:55,1690,DL,11433,13303,3,1601.25
7696,2024-12-17 08:40:01,1960,DL,14869,12478,1,432.08
7697,2025-07-29 21:43:13,2884,WN,13303,12478,1,390.07
7698,2024-02-04 03:12:21,2102,DL,15016,11433,4,1084.79
7699,2024-10-14 20:07:21,2910,DL,14057,14869,4,2278.59
7700,2024-03-05 19:40:21,1091,DL,14869,12478,1,309.02
7701,2025-05-13 00:33:07,4491,DL,14057,14869,3,972.84
7702,2025-06-07 03:30:54,4700,DL,11433,13303,2,1032.14
7703,2024-09-08 13:12:47,3257,AA,12892,10397,1,482.62
7704,2024-09-16 10:51:44,2202,DL,10397,15016,2,682.28
7705,2024-03-18 04:57:10,3585,WN,13303,12478,3,1123.77
7706,2024-12-02 00:46:38,4196,DL,14057,14869,4,2005.9
7707,2024-06-25 17:48:15,2456,AA,12892,10397,3,1122.19
7708,2025-01-31 06:38:48,3435,DL,14869,12478,4,836.91
7709,2024-04-25 22:45:59,4372,WN,13303,12478,2,1001.35
7710,2024-05-25 16:15:07,3677,DL,12266,10397,4,1556.93
7711,2025-04-11 23:21:42,1789,UA,10397,12892,3,643.75
7712,2024-11-29 20:24:45,2975,WN,13303,12478,3,1691.65
7713,2025-04-25 10:53:13,3982,DL,12266,10397,3,1373.27
7714,2025-08-10 20:32:27,1508,UA,10397,12892,3,546.57
7715,2025-01-18 01:01:26,3993,DL,15016,11433,4,1523.62
7716,2024-02-20 11:27:13,3656,DL,11193,12892,1,458.4
7717,2024-09-27 16:11:40,1447,DL,11193,12892,1,459.71
7718,2024-09-15 01:59:26,2788,DL,14057,14869,1,350.31
7719,2025-07-10 03:57:16,1665,DL,14057,14869,4,2218.16
7720,2024-04-22 11:42:26,3141,AA,12892,10397,2,1099.63
7721,2025-07-01 18:49:23,4622,DL,12266,10397,4,1677.19
7722,2025-04-09 12:00:28,1752,UA,10397,12892,2,335.72
7723,2025-04-15 17:37:19,4935,DL,14057,14869,1,555.28
7724,2024-06-14 10:52:15,3372,DL,12266,10397,2,673.36
7725,2024-06-23 07:54:54,1704,UA,10397,12892,4,797.56
7726,2025-10-04 01:02:34,4550,DL,15016,11433,2,926.29
7727,2024-11-24 14:05:52,1714,UA,10397,12892,4,886.97
7728,2024-07-13 04:05:44,3745,AA,12892,10397,1,292.22
7729,2025-07-06 21:51:53,1624,AA,12892,10397,4,2156.41
7730,2024-07-25 21:30:13,4916,DL,14057,14869,4,1334.33
7731,2024-04-17 23:13:39,1347,DL,12266,10397,4,2129.46
7732,2025-06-04 19:13:37,1772,DL,11193,12892,4,1957.33
7733,2024-11-30 07:35:56,4475,UA,10397,12892,4,2031.56
7734,2024-04-08 14:06:39,3640,WN,13303,12478,1,499.79
7735,2024-03-25 15:16:12,1716,DL,11193,12892,3,1333.96
7736,2024-04-20 14:40:52,3786,DL,15016,11433,1,194.94
7737,2024-10-21 15:15:56,4805,DL,11433,13303,2,860.08
7738,2024-07-25 09:39:17,3140,DL,11433,13303,3,1421.4
7739,2025-10-30 12:05:43,4860,DL,11193,12892,3,1381.85
7740,2024-01-06 08:07:47,1099,AA,12892,10397,3,807.3
7741,2024-01-30 22:30:07,3524,DL,11433,13303,4,947.63
7742,2025-03-23 00:09:12,2822,DL,14057,14869,4,1035.8
7743,2024-03-22 10:50:18,2128,DL,10397,15016,3,1374.51
7744,2025-06-28 20:50:22,1090,DL,14057,14869,4,1024.91
7745,2024-10-16 03:29:22,2596,DL,14057,14869,2,309.03
7746,2025-05-17 16:05:28,3430,UA,10397,12892,2,365.42
7747,2024-06-20 17:13:13,4881,DL,14057,14869,2,1047.54
7748,2025-05-09 15:24:34,2914,DL,14869,12478,4,2330.26
7749,2024-01-12 04:46:35,1068,DL,11433,13303,1,191.55
7750,2024-08-16 07:07:38,1210,DL,14057,14869,4,1014.92
7751,2025-05-27 02:28:01,2811,DL,10397,15016,1,524.48
7752,2025-03-07 11:33:18,3487,AA,12892,10397,4,1834.04
7753,2025-09-17 16:25:14,3737,AA,12892,10397,1,162.45
7754,2024-02-16 15:42:58,1080,DL,14057,14869,2,813.09
7755,2024-10-15 14:52:12,1075,DL,11433,13303,2,822.09
7756,2025-03-17 04:17:58,4439,UA,10397,12892,2,895.27
7757,2024-03-29 10:50:45,3952,DL,12266,10397,4,1525.19
7758,2024-04-03 17:16:20,2438,DL,14869,12478,4,1984.91
7759,2024-08-06 09:10:50,3107,DL,14869,12478,2,417.37
7760,2024-08-13 19:27:20,3936,AA,12892,10397,4,1552.96
7761,2025-06-30 15:31:42,1857,DL,12266,10397,2,435.13
7762,2024-11-21 20:05:43,3450,UA,10397,12892,4,881.55
7763,2024-09-22 18:49:00,4404,DL,11433,13303,4,1890.24
7764,2024-10-01 23:18:37,2761,DL,14057,14869,1,237.6
7765,2025-04-13 12:40:34,4819,DL,11433,13303,3,948.07
7766,2024-02-27 12:12:25,2155,DL,15016,11433,4,2197.74
7767,2024-04-24 07:18:03,2076,DL,14057,14869,3,594.18
7768,2024-07-02 19:08:49,1061,AA,12892,10397,4,1132.66
7769,2024-05-26 11:59:09,2653,DL,11433,13303,2,871.95
7770,2025-10-01 11:13:15,2547,DL,10397,15016,3,520.34
7771,2024-03-03 23:06:46,2172,DL,12266,10397,3,573.33
7772,2024-11-17 08:54:17,2033,AA,12892,10397,2,1033.21
7773,2025-02-26 13:22:14,3372,DL,11193,12892,3,1678.48
7774,2024-11-09 22:30:36,4109,AA,12892,10397,3,502.13
7775,2024-06-28 16:34:21,2348,WN,13303,12478,2,661.07
7776,2024-12-04 03:21:32,2405,DL,14869,12478,1,543.56
7777,2024-10-21 23:02:22,3716,UA,10397,12892,2,1165.82
7778,2024-03-26 19:15:46,2694,DL,11193,12892,3,1798.91
7779,2024-08-08 11:02:12,1727,DL,14869,12478,1,187.25
7780,2025-08-23 19:59:51,1398,DL,12266,10397,3,983.44
7781,2024-04-27 03:11:56,2132,DL,14869,12478,4,927.91
7782,2025-09-09 07:19:22,3790,DL,10397,15016,4,2320.82
7783,2025-07-10 09:58:42,4651,DL,10397,15016,2,336.22
7784,2024-04-29 22:01:31,2953,DL,15016,11433,2,982.65
7785,2025-02-24 16:38:50,1605,DL,11193,12892,1,210.13
7786,2024-08-15 11:47:21,2185,DL,10397,15016,2,681.38
7787,2024-07-22 19:14:59,1116,DL,14057,14869,3,907.47
7788,2024-11-30 08:14:34,1538,DL,14057,14869,3,600.68
7789,2024-07-08 09:40:05,2451,WN,13303,12478,4,2144.47
7790,2025-08-02 07:29:37,2440,DL,10397,15016,2,331.61
7791,2024-11-07 09:08:47,1034,DL,15016,11433,4,1287.92
7792,2025-03-18 06:30:21,1826,DL,10397,15016,1,182.7
7793,2024-11-17 00:08:57,1356,WN,13303,12478,4,2311.92
7794,2025-07-09 15:42:29,1375,AA,12892,10397,4,2283.52
7795,2024-11-29 06:56:42,3800,DL,12266,10397,4,1554.34
7796,2025-01-22 04:56:29,2104,DL,11433,13303,2,845.78
7797,2024-08-20 11:40:57,2307,DL,12266,10397,4,1579.04
7798,2024-05-20 00:57:26,1323,DL,10397,15016,1,206.79
7799,2024-02-24 01:24:20,3872,DL,11433,13303,4,1132.64
7800,2024-03-01 06:07:59,1406,AA,12892,10397,1,550.47
7801,2025-08-14 11:08:41,3046,WN,13303,12478,3,1242.92
7802,2025-08-17 21:35:09,3724,DL,11433,13303,1,454.69
7803,2025-06-05 15:07:48,2335,DL,14057,14869,4,1077.73
7804,2024-02-25 08:27:15,1276,DL,11433,13303,2,987.92
7805,2025-03-27 13:28:51,1212,DL,11433,13303,3,1622.82
7806,2024-01-30 19:35:33,2980,DL,15016,11433,3,1265.99
7807,2025-03-12 10:46:09,1987,DL,11433,13303,4,659.4
7808,2024-08-16 11:08:58,2943,DL,11433,13303,3,837.35
7809,2024-03-02 18:18:41,1264,DL,11193,12892,3,1011.94
7810,2025-01-31 13:41:54,1541,DL,11433,13303,1,327.28
7811,2025-03-18 02:08:10,3133,DL,15016,11433,1,390.31
7812,2025-10-07 16:51:31,3917,DL,15016,11433,1,195.52
7813,2025-08-31 18:02:04,4485,DL,14057,14869,2,1044.99
7814,2025-07-02 09:44:05,3255,DL,11433,13303,2,1165.46
7815,2024-03-30 01:53:36,2531,DL,15016,11433,2,1099.48
7816,2024-11-28 22:32:46,2328,DL,11433,13303,1,220.03
7817,2024-02-29 09:46:15,1418,DL,15016,11433,2,630.28
7818,2024-07-20 14:50:18,3990,DL,11193,12892,4,1185.29
7819,2025-06-25 08:24:38,3513,DL,10397,15016,3,1757.95
7820,2025-09-17 23:18:54,2128,DL,14869,12478,1,202.19
7821,2025-05-08 15:59:59,4341,DL,10397,15016,2,873.0
7822,2025-04-07 22:33:46,2105,DL,14057,14869,3,645.09
7823,2024-03-16 19:44:36,3603,UA,10397,12892,2,1070.4
7824,2025-09-29 13:23:54,2981,DL,15016,11433,4,1314.08
7825,2024-12-11 09:41:59,3744,UA,10397,12892,1,189.98
7826,2024-04-01 08:19:43,2377,DL,12266,10397,1,343.42
7827,2025-04-02 11:41:10,2039,AA,12892,10397,3,896.73
7828,2024-12-17 01:12:49,1281,DL,12266,10397,4,990.72
7829,2025-04-01 09:40:42,4349,DL,11433,13303,1,501.59
7830,2024-03-30 01:32:35,3282,DL,11433,13303,3,1268.98
7831,2024-01-22 03:45:45,4654,DL,15016,11433,3,1188.21
7832,2025-03-09 23:12:15,4729,DL,12266,10397,2,1041.06
7833,2025-10-07 17:09:06,4780,DL,14057,14869,2,421.62
7834,2025-02-27 12:13:59,3910,DL,14057,14869,2,806.66
7835,2025-04-21 07:42:54,1377,UA,10397,12892,1,586.72
7836,2024-02-27 10:35:16,1034,UA,10397,12892,3,900.77
7837,2024-11-01 10:31:03,3071,DL,14057,14869,1,428.87
7838,2025-01-24 21:29:32,1390,DL,11193,12892,3,1434.47
7839,2025-04-26 04:15:30,4148,DL,14869,12478,2,849.47
7840,2025-09-26 10:45:54,3508,AA,12892,10397,1,157.79
7841,2024-07-21 23:29:40,4429,DL,12266,10397,2,711.59
7842,2025-10-01 14:36:34,1669,DL,12266,10397,1,412.23
7843,2024-12-27 10:00:52,3888,DL,12266,10397,2,715.95
7844,2024-08-30 03:35:45,3801,DL,14869,12478,3,1535.33
7845,2024-02-18 13:40:46,3595,DL,11433,13303,2,730.66
7846,2025-09-13 08:58:38,4643,DL,11193,12892,3,492.02
7847,2024-01-20 16:32:21,2857,DL,10397,15016,3,1476.77
7848,2024-04-25 15:48:35,2389,DL,14057,14869,4,926.0
7849,2025-06-04 19:06:24,3796,WN,13303,12478,2,1067.12
7850,2024-10-09 16:09:26,3669,DL,14869,12478,1,240.28
7851,2025-03-22 21:41:14,4068,UA,10397,12892,1,421.03
7852,2025-01-12 08:05:27,3289,UA,10397,12892,3,1188.98
7853,2025-09-16 21:08:47,3726,DL,14869,12478,2,769.79
7854,2024-09-30 14:18:40,2682,DL,11193,12892,1,213.75
7855,2025-04-15 06:02:08,3088,DL,10397,15016,4,704.17
7856,2024-12-29 09:52:17,3805,DL,14869,12478,3,954.78
7857,2025-10-28 07:57:19,2755,WN,13303,12478,3,790.2
7858,2025-04-29 11:35:29,1856,WN,13303,12478,1,184.7
7859,2025-04-17 18:31:51,1659,DL,10397,15016,1,329.46
7860,2024-03-17 04:48:21,2569,DL,12266,10397,2,755.1
7861,2025-02-05 21:46:31,1706,AA,12892,10397,4,941.56
7862,2025-03-10 08:09:34,2074,UA,10397,12892,3,1193.69
7863,2025-08-29 04:35:00,2795,DL,14869,12478,2,590.12
7864,2024-04-28 12:03:57,4861,DL,11193,12892,2,531.44
7865,2024-10-04 21:08:40,2000,UA,10397,12892,1,516.89
7866,2025-10-21 08:21:46,1263,DL,10397,15016,1,250.26
7867,2025-01-06 08:11:41,1680,DL,11433,13303,4,849.53
7868,2024-02-13 04:56:48,2397,AA,12892,10397,2,694.91
7869,2024-10-30 18:55:11,2742,DL,11433,13303,3,1662.19
7870,2025-02-10 06:53:50,1642,DL,15016,11433,4,829.33
7871,2024-02-23 13:33:09,2893,DL,14057,14869,4,1658.33
7872,2024-09-12 10:57:29,2982,UA,10397,12892,3,1052.58
7873,2024-11-28 06:56:19,3444,DL,12266,10397,2,786.21
7874,2025-09-28 00:39:34,4802,UA,10397,12892,2,1056.71
7875,2024-04-10 02:23:18,4615,UA,10397,12892,4,1703.76
7876,2025-03-17 04:53:19,2413,UA,10397,12892,2,443.14
7877,2025-10-03 19:18:45,2638,AA,12892,10397,4,1083.61
7878,2025-10-18 03:12:58,3589,UA,10397,12892,4,2238.06
7879,2024-03-13 19:14:25,2011,DL,11433,13303,3,584.93
7880,2025-05-04 18:07:09,2855,WN,13303,12478,4,1078.18
7881,2024-07-19 17:39:47,3859,DL,12266,10397,4,2396.19
7882,2025-05-09 12:15:26,1640,UA,10397,12892,2,912.69
7883,2025-02-14 20:11:49,1207,DL,11193,12892,3,1608.46
7884,2025-01-24 05:18:41,1663,DL,15016,11433,1,567.91
7885,2024-05-20 06:47:23,4823,DL,11193,12892,3,1505.25
7886,2024-12-15 10:09:40,3836,DL,14057,14869,3,473.95
7887,2025-09-11 01:18:00,1303,WN,13303,12478,4,1698.93
7888,2024-10-09 17:25:49,4221,DL,14057,14869,1,452.61
7889,2025-08-28 13:13:32,3674,DL,15016,11433,2,614.7
7890,2024-08-02 18:16:45,4903,DL,11433,13303,4,1708.25
7891,2024-08-14 19:01:04,2729,DL,12266,10397,2,616.32
7892,2025-02-05 12:53:26,2803,UA,10397,12892,3,1302.12
7893,2024-05-27 09:48:22,4135,DL,14869,12478,3,466.14
7894,2025-03-26 21:17:29,3320,WN,13303,12478,3,1515.33
7895,2024-04-07 04:06:34,4511,DL,10397,15016,1,223.65
7896,2024-10-22 19:12:09,2294,UA,10397,12892,4,2164.35
7897,2024-06-21 06:17:04,4689,DL,12266,10397,1,588.67
7898,2024-02-23 20:47:16,1893,DL,10397,15016,4,1375.8
7899,2025-07-31 06:12:42,3101,DL,14057,14869,2,855.02
7900,2025-07-29 21:58:55,1138,WN,13303,12478,4,2244.88
7901,2024-12-22 06:27:01,2198,DL,11433,13303,1,345.98
7902,2024-12-30 08:28:23,2348,UA,10397,12892,4,1952.64
7903,2024-06-28 05:38:09,1717,DL,14057,14869,3,694.44
7904,2024-02-21 14:16:26,2483,DL,10397,15016,2,491.99
7905,2024-03-29 03:14:03,2820,UA,10397,12892,3,1751.14
7906,2024-04-21 01:29:41,1784,DL,15016,11433,4,760.02
7907,2024-10-07 22:00:28,3655,WN,13303,12478,3,1088.76
7908,2024-05-06 18:05:52,2393,DL,11193,12892,1,430.96
7909,2024-06-27 23:30:22,2797,WN,13303,12478,1,517.91
7910,2025-01-19 10:41:20,1489,WN,13303,12478,2,1160.0
7911,2025-06-13 05:41:02,2069,DL,14057,14869,1,153.07
7912,2024-10-30 15:22:24,3850,UA,10397,12892,3,1510.97
7913,2025-08-22 21:39:10,4008,DL,11193,12892,3,1019.05
7914,2025-08-01 00:17:07,3129,DL,11193,12892,1,377.25
7915,2025-05-09 16:13:38,4338,DL,14057,14869,2,464.55
7916,2024-01-24 13:59:58,3018,WN,13303,12478,2,711.38
7917,2025-07-02 21:41:47,2939,AA,12892,10397,1,193.13
7918,2024-06-05 08:31:24,4563,WN,13303,12478,3,893.39
7919,2024-04-08 05:36:15,3614,WN,13303,12478,3,785.4
7920,2025-01-19 19:54:17,4695,DL,14057,14869,2,646.23
7921,2024-09-28 02:01:13,3108,DL,12266,10397,3,1643.98
7922,2025-01-04 20:11:17,3401,DL,14057,14869,2,1158.78
7923,2024-06-01 06:32:07,4704,DL,11193,12892,1,300.27
7924,2025-09-12 05:01:55,3290,DL,11193,12892,1,332.27
7925,2024-10-10 10:23:07,4187,DL,14057,14869,1,439.01
7926,2025-01-27 04:46:40,4498,DL,10397,15016,2,751.9
7927,2024-07-15 17:39:04,1780,DL,14057,14869,2,460.12
7928,2024-12-24 00:29:11,3910,WN,13303,12478,2,696.89
7929,2024-09-04 02:55:55,3762,DL,15016,11433,1,487.64
7930,2025-09-18 15:04:42,1857,DL,11193,12892,4,1308.87
7931,2024-03-21 23:03:25,2238,DL,10397,15016,2,935.03
7932,2024-05-06 13:15:49,1593,DL,10397,15016,3,1765.05
7933,2024-09-07 22:49:52,3215,DL,14057,14869,1,514.5
7934,2025-07-20 21:43:38,1198,WN,13303,12478,4,1685.52
7935,2024-01-19 03:19:05,2052,DL,10397,15016,2,541.24
7936,2025-03-16 19:04:34,2785,DL,15016,11433,1,553.36
7937,2025-05-08 14:46:38,4969,DL,10397,15016,2,1134.64
7938,2024-11-12 19:01:48,4824,DL,14869,12478,1,552.96
7939,2025-02-05 05:05:07,3463,DL,11433,13303,3,1599.71
7940,2024-03-06 18:39:48,3289,DL,12266,10397,3,1791.04
7941,2024-02-15 11:51:06,4991,DL,11433,13303,4,1234.62
7942,2024-02-05 15:29:50,4612,DL,14057,14869,4,1960.9
7943,2024-11-14 20:30:40,3610,DL,10397,15016,4,1403.33
7944,2025-08-30 14:20:26,4549,UA,10397,12892,1,444.96
7945,2025-04-24 02:58:40,3472,UA,10397,12892,1,266.88
7946,2024-11-15 01:09:43,1108,DL,14869,12478,3,674.95
7947,2024-01-09 04:05:11,4811,DL,10397,15016,4,1177.77
7948,2024-06-27 20:10:16,1956,UA,10397,12892,2,312.75
7949,2024-02-11 10:34:14,2629,DL,11193,12892,4,2227.69
7950,2025-10-19 10:14:48,2554,DL,14869,12478,2,437.12
7951,2024-03-07 17:01:10,2516,DL,15016,11433,1,399.18
7952,2024-01-12 02:03:02,4539,DL,15016,11433,2,1056.24
7953,2024-06-21 05:39:18,1823,AA,12892,10397,4,1917.74
7954,2024-11-08 02:00:54,4179,DL,14057,14869,4,996.01
7955,2024-09-22 16:55:04,4083,DL,12266,10397,2,734.27
7956,2024-12-31 07:08:20,4018,DL,12266,10397,4,1457.32
7957,2025-06-23 17:59:38,3954,DL,10397,15016,1,357.41
7958,2024-03-03 08:59:07,3570,DL,11193,12892,1,216.26
7959,2024-01-30 22:09:14,1496,UA,10397,12892,4,1786.21
7960,2024-08-10 22:24:15,3316,DL,11433,13303,3,903.43
7961,2024-09-02 20:56:11,3124,DL,11433,13303,1,176.13
7962,2025-01-10 16:30:37,4384,DL,12266,10397,1,234.2
7963,2025-06-07 23:58:12,4023,DL,10397,15016,1,341.92
7964,2024-09-03 23:10:11,1344,WN,13303,12478,1,456.21
7965,2024-07-13 08:52:58,3231,DL,14869,12478,3,992.87
7966,2024-08-10 06:21:17,4315,DL,11433,13303,3,1347.47
7967,2025-04-28 16:05:01,2393,DL,10397,15016,1,459.6
7968,2024-08-18 23:27:57,4610,DL,11193,12892,4,1245.91
7969,2024-05-16 10:25:31,1416,DL,12266,10397,2,574.59
7970,2024-03-15 08:29:54,1406,UA,10397,12892,4,800.25
7971,2025-10-15 17:43:19,1537,DL,11433,13303,1,479.02
7972,2024-07-19 07:28:44,4832,DL,14057,14869,2,1154.78
7973,2025-05-24 08:44:42,3702,AA,12892,10397,2,791.66
7974,2024-10-04 04:35:59,3534,DL,14869,12478,2,1114.03
7975,2025-06-18 15:33:21,2218,DL,14057,14869,1,294.27
7976,2025-01-03 15:14:00,4730,DL,11433,13303,1,330.37
7977,2024-04-23 20:37:26,2603,DL,14057,14869,3,1200.12
7978,2024-03-18 08:57:29,4673,DL,15016,11433,2,497.67
7979,2024-10-12 02:27:58,2498,DL,14869,12478,4,2107.08
7980,2024-11-17 08:19:24,4941,AA,12892,10397,4,616.94
7981,2024-01-20 08:38:54,3451,DL,11433,13303,2,628.95
7982,2025-02-04 07:48:38,3260,DL,11193,12892,4,637.57
7983,2025-08-25 13:45:50,3439,DL,12266,10397,4,1103.5
7984,2024-12-07 11:46:50,1378,DL,11193,12892,4,1786.17
7985,2024-03-16 15:04:20,4718,AA,12892,10397,3,1531.52
7986,2024-11-18 16:42:32,1247,DL,11193,12892,3,724.64
7987,2024-08-26 08:59:57,4026,DL,11433,13303,4,1157.26
7988,2024-02-23 17:57:37,4092,DL,11193,12892,1,553.21
7989,2025-08-28 18:22:18,2072,DL,14057,14869,4,1524.79
7990,2025-10-08 12:02:17,2638,DL,12266,10397,2,629.91
7991,2025-08-08 02:27:41,2198,DL,12266,10397,2,667.21
7992,2024-08-03 16:54:40,1410,UA,10397,12892,2,673.23
7993,2025-07-09 11:37:03,3146,DL,15016,11433,3,1286.33
7994,2024-10-20 21:18:11,3313,DL,12266,10397,2,331.44
7995,2025-03-08 19:14:48,2446,AA,12892,10397,3,524.67
7996,2025-07-02 04:10:11,4692,DL,12266,10397,4,2177.15
7997,2024-11-12 09:16:47,3760,DL,11193,12892,1,382.17
7998,2025-06-20 12:40:35,2563,DL,14057,14869,2,1111.29
7999,2025-05-15 13:08:52,1264,WN,13303,12478,1,468.8
8000,2024-07-26 08:47:40,1106,DL,10397,15016,3,783.71
8001,2024-10-17 14:25:13,2155,DL,14869,12478,1,156.68
8002,2024-03-24 05:12:45,2120,DL,15016,11433,1,289.15
8003,2025-07-21 22:17:43,3643,DL,10397,15016,3,717.27
8004,2025-02-22 21:11:32,4539,WN,13303,12478,2,1197.0
8005,2025-09-03 23:12:36,1145,DL,10397,15016,2,1171.81
8006,2025-01-28 15:27:53,1178,DL,12266,10397,4,1845.21
8007,2025-01-01 04:09:55,2517,DL,11433,13303,2,490.11
8008,2025-10-13 18:10:12,3998,AA,12892,10397,1,562.56
8009,2024-02-17 22:00:35,4641,WN,13303,12478,4,920.31
8010,2025-10-13 10:32:27,4178,DL,12266,10397,1,448.31
8011,2024-10-04 14:41:01,1608,AA,12892,10397,3,1774.3
8012,2024-06-13 20:42:55,3807,DL,11433,13303,4,2003.9
8013,2024-01-08 10:12:01,2683,DL,12266,10397,1,347.88
8014,2025-06-14 15:06:22,4332,DL,11193,12892,3,980.13
8015,2024-12-08 23:03:08,4747,DL,11193,12892,1,334.96
8016,2025-08-17 01:30:46,1363,DL,14057,14869,3,1273.95
8017,2024-09-05 01:21:40,4151,DL,11433,13303,3,630.93
8018,2025-09-12 05:55:35,1079,DL,11433,13303,4,2329.31
8019,2024-01-25 01:15:50,3601,WN,13303,12478,4,2213.98
8020,2024-12-30 03:16:03,2297,DL,10397,15016,1,350.4
8021,2025-03-23 02:49:53,2262,DL,14869,12478,2,642.48
8022,2024-12-09 22:12:42,3066,DL,12266,10397,4,2323.96
8023,2025-08-20 22:35:36,3313,DL,15016,11433,2,695.56
8024,2025-05-23 11:34:46,3770,DL,11193,12892,1,549.77
8025,2025-04-25 05:34:24,3381,DL,10397,15016,1,171.86
8026,2025-01-30 01:05:06,3886,DL,11193,12892,3,1111.47
8027,2024-05-31 12:37:29,4673,UA,10397,12892,3,929.18
8028,2024-02-16 22:14:29,2777,DL,11433,13303,3,1742.32
8029,2024-01-30 22:28:51,1366,DL,12266,10397,3,638.06
8030,2024-03-09 11:58:43,2061,DL,11193,12892,4,2247.25
8031,2025-10-30 08:06:53,3837,DL,11433,13303,4,1806.74
8032,2025-10-17 12:05:22,1557,DL,11193,12892,3,1033.18
8033,2025-04-11 22:53:45,3816,DL,14057,14869,1,356.39
8034,2024-11-06 07:24:03,2141,DL,11193,12892,4,607.29
8035,2025-10-25 23:32:25,1157,DL,15016,11433,3,1045.68
8036,2025-05-06 10:40:38,2650,WN,13303,12478,3,766.51
8037,2024-10-18 03:52:52,2486,AA,12892,10397,4,1486.8
8038,2024-12-24 13:26:51,4973,UA,10397,12892,1,598.49
8039,2025-05-16 18:21:18,4166,DL,12266,10397,4,975.84
8040,2024-12-02 12:16:43,4361,UA,10397,12892,1,342.57
8041,2024-01-04 07:16:20,4826,DL,14869,12478,2,421.56
8042,2025-05-11 23:18:21,4675,DL,11193,12892,2,750.33
8043,2024-10-28 21:09:06,4087,DL,11193,12892,2,522.98
8044,2024-05-01 22:49:53,4661,DL,14057,14869,1,529.13
8045,2025-01-16 15:05:41,4950,DL,12266,10397,4,2261.84
8046,2025-03-27 12:26:19,1489,DL,15016,11433,1,504.63
8047,2024-02-19 09:21:09,1691,DL,12266,10397,3,460.74
8048,2025-05-21 04:11:05,1449,DL,12266,10397,1,292.18
8049,2025-04-21 11:35:57,4833,WN,13303,12478,3,1027.14
8050,2025-04-21 08:58:02,2831,WN,13303,12478,4,1592.92
8051,2025-07-05 22:57:36,1212,DL,11193,12892,2,650.58
8052,2025-02-28 15:08:44,1692,DL,14869,12478,2,1035.81
8053,2025-08-26 09:46:23,4321,DL,14057,14869,4,1380.95
8054,2025-08-27 05:07:02,4239,DL,11433,13303,4,870.22
8055,2024-02-28 01:06:13,1996,WN,13303,12478,4,2101.75
8056,2025-07-06 22:08:40,4334,AA,12892,10397,2,785.09
8057,2024-10-14 21:52:53,4866,DL,10397,15016,4,2258.03
8058,2025-07-25 21:01:31,4072,DL,14057,14869,3,956.7
8059,2024-01-17 10:54:59,2211,DL,10397,15016,2,1035.87
8060,2025-01-01 03:24:50,4383,DL,11193,12892,1,266.64
8061,2024-02-29 18:29:07,4893,DL,14057,14869,1,506.31
8062,2024-05-16 13:13:42,2832,DL,11433,13303,2,444.33
8063,2025-02-22 18:55:32,1630,DL,14057,14869,2,635.7
8064,2025-08-22 13:27:55,2765,UA,10397,12892,2,744.75
8065,2025-03-21 14:58:26,4517,AA,12892,10397,1,214.34
8066,2024-08-23 09:17:33,3407,WN,13303,12478,2,830.7
8067,2024-01-25 21:52:05,2166,DL,15016,11433,3,793.57
8068,2025-01-09 23:42:14,2924,UA,10397,12892,2,306.96
8069,2025-10-20 13:30:12,3920,WN,13303,12478,1,394.55
8070,2024-02-03 09:47:46,4023,DL,11433,13303,3,977.51
8071,2024-06-07 05:26:47,2458,DL,15016,11433,4,1259.5
8072,2024-09-07 10:02:19,1104,WN,13303,12478,4,1362.09
8073,2025-06-04 04:01:37,1548,DL,14869,12478,4,2268.82
8074,2025-07-17 12:04:40,2674,DL,11433,13303,2,683.87
8075,2024-08-17 21:34:41,2210,DL,12266,10397,1,282.42
8076,2024-04-10 17:35:10,3529,DL,12266,10397,3,1668.62
8077,2025-10-06 08:40:00,1092,DL,10397,15016,4,2281.22
8078,2025-09-15 10:28:37,1781,UA,10397,12892,4,682.7
8079,2024-03-01 00:05:49,2368,DL,11433,13303,1,301.28
8080,2025-09-27 02:34:49,2444,DL,11433,13303,3,1466.64
8081,2024-03-29 04:23:23,1080,DL,12266,10397,1,309.55
8082,2025-08-13 16:34:52,4849,DL,15016,11433,3,1726.05
8083,2024-09-19 16:41:33,3464,DL,14869,12478,3,630.27
8084,2024-10-26 06:10:13,2602,DL,12266,10397,2,452.25
8085,2025-07-22 21:30:48,2984,DL,12266,10397,2,531.58
8086,2025-01-23 16:25:52,4561,DL,10397,15016,1,542.28
8087,2024-05-03 10:47:42,3307,DL,14869,12478,4,1139.72
8088,2025-07-09 15:18:32,4588,WN,13303,12478,3,1424.09
8089,2024-07-14 20:42:19,4501,AA,12892,10397,3,1003.89
8090,2025-03-03 01:18:50,3855,UA,10397,12892,4,1372.3
8091,2024-02-19 02:22:14,3034,DL,12266,10397,1,227.43
8092,2024-12-06 11:42:45,1521,DL,14057,14869,3,1309.12
8093,2025-06-24 00:43:31,2249,DL,15016,11433,1,515.59
8094,2024-03-27 15:59:19,1516,DL,15016,11433,4,2196.36
8095,2025-07-11 06:56:57,2405,DL,15016,11433,2,613.9
8096,2024-06-18 20:17:40,3835,DL,14057,14869,2,407.97
8097,2025-03-28 02:03:37,2919,DL,12266,10397,4,1446.59
8098,2024-07-15 11:54:27,1465,DL,15016,11433,1,478.42
8099,2024-10-15 01:44:01,1983,DL,11433,13303,3,722.38
8100,2025-05-30 14:53:17,4065,DL,10397,15016,1,243.28
8101,2025-03-02 17:39:48,1700,UA,10397,12892,2,1184.59
8102,2025-09-19 12:36:27,3920,DL,14869,12478,4,1202.03
8103,2025-09-25 15:13:59,2662,DL,10397,15016,3,484.07
8104,2025-06-19 22:31:30,3083,AA,12892,10397,1,369.38
8105,2025-04-04 15:48:13,2376,DL,14057,14869,3,562.85
8106,2024-02-02 10:49:35,3743,AA,12892,10397,1,583.85
8107,2024-12-09 12:46:03,4313,DL,11193,12892,2,1068.81
8108,2025-08-14 12:29:21,1102,DL,14869,12478,2,370.29
8109,2024-05-26 03:48:32,1670,DL,14869,12478,2,837.17
8110,2025-07-22 15:52:02,4553,DL,10397,15016,4,1672.35
8111,2025-05-13 22:52:44,2536,UA,10397,12892,4,1630.81
8112,2025-01-17 22:29:06,2788,DL,11193,12892,3,790.71
8113,2024-05-20 07:23:51,3661,DL,11193,12892,3,1215.42
8114,2024-09-12 13:32:30,4173,AA,12892,10397,2,361.86
8115,2024-08-04 04:40:07,2892,DL,14869,12478,3,1463.91
8116,2025-05-06 04:27:46,1942,DL,11193,12892,3,585.94
8117,2025-06-30 16:43:39,1570,UA,10397,12892,4,2092.99
8118,2025-10-19 09:38:47,4700,DL,10397,15016,3,1059.8
8119,2024-04-14 00:34:26,2675,DL,14869,12478,3,1616.2
8120,2025-09-13 21:57:29,1257,DL,12266,10397,3,888.94
8121,2024-04-10 22:23:23,3163,AA,12892,10397,1,381.94
8122,2025-07-27 08:11:06,4559,DL,14057,14869,3,699.04
8123,2025-09-21 07:54:40,3641,UA,10397,12892,1,551.2
8124,2024-06-25 08:54:01,1273,DL,15016,11433,4,1813.07
8125,2024-11-09 17:52:19,2303,UA,10397,12892,1,230.57
8126,2024-05-29 05:07:54,2155,DL,10397,15016,3,687.71
8127,2025-07-27 10:32:47,2604,UA,10397,12892,2,313.49
8128,2025-01-06 09:13:11,1057,DL,14869,12478,3,986.76
8129,2024-05-19 14:36:20,2797,DL,14869,12478,2,585.58
8130,2024-07-31 05:33:38,4606,DL,14057,14869,2,1097.18
8131,2024-07-09 16:26:20,1188,WN,13303,12478,2,555.76
8132,2024-07-05 19:16:18,3662,DL,14057,14869,1,295.55
8133,2024-07-01 05:17:05,1059,DL,11433,13303,1,483.95
8134,2025-07-04 15:45:22,2920,AA,12892,10397,3,791.12
8135,2024-06-08 21:52:43,2939,DL,11193,12892,1,541.91
8136,2025-05-13 06:33:30,2666,DL,12266,10397,3,711.47
8137,2024-10-03 06:30:28,3820,UA,10397,12892,4,2195.3
8138,2025-04-08 13:49:57,3384,DL,11193,12892,4,2259.84
8139,2024-06-06 13:46:54,3808,DL,11433,13303,1,500.54
8140,2025-06-05 01:56:39,3563,WN,13303,12478,2,852.94
8141,2024-08-21 20:47:33,2085,DL,14869,12478,2,647.15
8142,2024-06-20 15:02:36,4174,DL,11433,13303,4,1961.84
8143,2024-03-02 08:03:36,3535,DL,14057,14869,1,296.73
8144,2024-03-03 14:55:08,3037,DL,14869,12478,2,919.25
8145,2025-03-22 05:52:53,2799,DL,12266,10397,4,1161.35
8146,2025-05-05 11:38:20,4584,DL,14057,14869,2,697.32
8147,2024-09-17 04:27:57,3597,DL,11193,12892,2,717.32
8148,2025-05-05 06:18:47,3378,AA,12892,10397,3,1449.26
8149,2024-08-15 09:13:40,4180,AA,12892,10397,4,600.03
8150,2025-07-14 12:11:32,3286,WN,13303,12478,1,277.52
8151,2024-08-07 01:45:21,3450,DL,11433,13303,2,986.86
8152,2024-05-14 17:45:38,2019,UA,10397,12892,3,1786.55
8153,2025-01-19 16:13:49,2460,DL,11193,12892,1,158.18
8154,2024-09-29 01:42:19,1105,DL,15016,11433,3,675.66
8155,2024-11-19 09:02:49,1089,DL,14057,14869,1,307.91
8156,2024-12-23 18:46:45,3672,DL,14057,14869,2,826.78
8157,2024-05-17 17:00:40,2046,DL,11193,12892,1,427.68
8158,2024-10-18 14:34:54,3759,AA,12892,10397,1,340.01
8159,2025-08-24 18:36:10,2945,DL,12266,10397,4,2339.92
8160,2025-03-25 04:05:56,3404,DL,12266,10397,4,2370.8
8161,2024-10-29 23:05:19,3512,UA,10397,12892,1,213.77
8162,2025-03-31 17:14:40,3621,DL,12266,10397,3,1416.09
8163,2024-02-07 23:21:10,3555,DL,15016,11433,1,195.41
8164,2024-04-06 03:48:42,1412,UA,10397,12892,3,1228.83
8165,2024-03-12 01:11:05,2473,DL,11433,13303,3,1345.56
8166,2025-08-02 20:30:55,2481,DL,14057,14869,1,411.14
8167,2025-06-16 17:55:07,2414,AA,12892,10397,1,265.18
8168,2025-06-28 10:21:03,3268,UA,10397,12892,4,1149.35
8169,2025-07-13 10:21:56,1490,DL,15016,11433,3,1053.61
8170,2025-09-22 16:52:41,2912,DL,15016,11433,1,537.81
8171,2024-06-21 19:11:38,2172,DL,10397,15016,4,1904.44
8172,2024-10-23 11:50:26,2688,DL,12266,10397,4,1340.29
8173,2025-04-12 19:38:34,1857,DL,14869,12478,1,437.71
8174,2024-10-08 00:07:55,3088,DL,10397,15016,4,909.52
8175,2024-12-02 17:36:51,1016,AA,12892,10397,1,534.4
8176,2024-12-15 05:54:10,3324,WN,13303,12478,3,820.38
8177,2025-10-10 22:53:21,4358,UA,10397,12892,2,473.45
8178,2024-07-21 03:28:48,3322,DL,11193,12892,3,637.47
8179,2024-09-05 06:16:12,4227,DL,12266,10397,1,462.87
8180,2025-10-03 08:33:49,2547,DL,12266,10397,2,976.65
8181,2024-11-20 20:52:04,1957,AA,12892,10397,4,1070.28
8182,2024-10-04 05:26:42,1715,AA,12892,10397,2,821.2
8183,2024-11-22 00:20:16,1673,DL,11193,12892,4,944.81
8184,2025-04-18 11:32:48,4589,WN,13303,12478,1,280.28
8185,2024-03-28 23:00:03,4729,AA,12892,10397,2,1005.13
8186,2025-09-28 11:07:55,2433,DL,12266,10397,3,1246.97
8187,2025-02-27 16:26:54,1762,DL,10397,15016,3,811.42
8188,2024-10-18 18:37:55,2803,WN,13303,12478,2,1054.67
8189,2024-12-14 18:34:01,1518,DL,14869,12478,3,1756.21
8190,2024-10-21 12:30:20,4034,WN,13303,12478,4,2040.65
8191,2024-07-07 11:21:59,1926,WN,13303,12478,2,889.36
8192,2024-06-03 12:45:25,4083,DL,11433,13303,3,1658.76
8193,2025-08-10 22:00:57,1902,DL,12266,10397,3,1172.34
8194,2024-12-07 08:14:38,2653,DL,14057,14869,4,1679.16
8195,2024-09-08 15:53:42,4406,DL,10397,15016,4,1018.64
8196,2025-07-29 18:48:28,2152,DL,11433,13303,1,363.19
8197,2025-04-13 13:17:24,4127,DL,14869,12478,1,571.28
8198,2024-02-18 10:54:35,1241,WN,13303,12478,2,428.29
8199,2025-01-31 03:50:04,3930,WN,13303,12478,4,1476.46
8200,2024-02-03 13:21:46,1152,WN,13303,12478,4,1140.7
8201,2024-06-12 16:10:42,4406,DL,15016,11433,4,1704.84
8202,2025-03-19 16:52:50,2482,DL,14057,14869,4,652.04
8203,2024-12-26 12:01:23,3150,AA,12892,10397,4,2265.23
8204,2024-05-13 02:08:41,2058,DL,14869,12478,1,556.67
8205,2024-10-12 13:02:44,4467,DL,15016,11433,3,1494.01
8206,2024-12-20 05:31:29,2894,DL,10397,15016,3,1476.4
8207,2025-09-09 11:46:28,4238,DL,14057,14869,3,658.75
8208,2024-02-28 03:27:45,2887,DL,11193,12892,4,2118.76
8209,2025-05-07 08:56:03,3121,UA,10397,12892,2,536.01
8210,2024-04-28 06:51:09,2106,WN,13303,12478,4,2272.04
8211,2024-02-05 03:36:02,3039,UA,10397,12892,4,739.95
8212,2024-02-24 00:37:28,1390,DL,12266,10397,1,421.26
8213,2024-07-10 11:09:19,4834,WN,13303,12478,3,813.72
8214,2024-03-31 16:34:46,4988,UA,10397,12892,2,578.54
8215,2025-09-26 20:04:39,3876,DL,14057,14869,1,303.56
8216,2025-09-03 21:14:03,1726,DL,14869,12478,4,1073.0
8217,2024-09-20 03:25:18,1029,DL,11433,13303,1,513.47
8218,2024-05-02 22:56:55,4177,DL,14869,12478,1,511.64
8219,2024-07-24 12:46:47,1039,DL,12266,10397,3,533.32
8220,2024-07-26 10:44:00,3849,DL,11193,12892,2,747.55
8221,2024-02-25 10:18:10,3892,UA,10397,12892,1,293.28
8222,2025-05-24 07:38:14,4084,DL,10397,15016,1,596.76
8223,2025-07-05 13:44:20,3372,WN,13303,12478,1,471.01
8224,2025-04-01 02:12:20,2241,DL,10397,15016,3,1216.08
8225,2025-01-16 21:27:19,4163,DL,12266,10397,3,602.32
8226,2024-02-05 23:41:11,4111,DL,11433,13303,1,346.86
8227,2025-10-29 19:57:31,3150,WN,13303,12478,3,1744.0
8228,2025-03-14 20:35:36,3273,UA,10397,12892,3,469.63
8229,2024-08-12 21:56:49,1176,DL,11433,13303,3,1369.55
8230,2024-12-16 16:50:29,1174,DL,10397,15016,4,1979.73
8231,2025-10-18 14:35:26,4476,UA,10397,12892,1,325.33
8232,2025-07-30 03:15:59,4036,DL,14869,12478,2,1102.1
8233,2024-10-31 14:43:02,4539,DL,14057,14869,3,1129.88
8234,2024-06-16 14:15:14,4659,DL,11433,13303,4,1337.03
8235,2024-09-06 07:08:28,2876,AA,12892,10397,1,356.86
8236,2024-04-08 05:40:43,4707,DL,14869,12478,2,1085.17
8237,2024-05-20 08:53:50,2032,AA,12892,10397,1,399.39
8238,2024-06-19 00:57:58,2952,DL,14057,14869,2,634.28
8239,2024-11-19 19:33:22,1238,DL,11193,12892,1,522.66
8240,2025-07-27 02:19:15,1526,DL,15016,11433,3,1307.68
8241,2024-01-24 19:59:46,3867,DL,10397,15016,3,1573.51
8242,2025-05-13 00:52:00,4694,DL,12266,10397,1,521.38
8243,2024-08-08 08:03:06,1945,WN,13303,12478,4,975.76
8244,2024-10-20 18:31:20,4212,DL,14869,12478,2,1014.46
8245,2024-09-30 03:11:01,4261,DL,11433,13303,1,424.78
8246,2024-12-05 08:41:26,1981,AA,12892,10397,3,787.4
8247,2024-05-26 05:44:05,2073,DL,14057,14869,3,908.03
8248,2024-01-16 01:05:04,3296,DL,15016,11433,2,617.61
8249,2024-07-18 16:54:28,3155,UA,10397,12892,4,2225.53
8250,2024-10-21 13:48:02,4708,DL,12266,10397,1,351.36
8251,2025-02-18 17:01:06,4740,DL,11433,13303,1,195.56
8252,2025-01-01 12:14:13,1728,UA,10397,12892,3,720.18
8253,2024-07-07 03:36:43,1980,DL,15016,11433,2,488.24
8254,2024-04-15 02:30:44,4100,DL,10397,15016,1,384.72
8255,2025-06-07 08:09:02,1190,UA,10397,12892,4,1463.91
8256,2024-01-18 19:51:00,4698,DL,15016,11433,4,1572.73
8257,2024-05-21 12:10:01,2890,DL,11193,12892,3,1032.66
8258,2025-07-13 19:49:29,4697,DL,10397,15016,4,2314.77
8259,2025-01-26 00:21:30,4028,WN,13303,12478,4,618.09
8260,2024-05-06 18:15:09,2171,DL,14869,12478,2,1175.33
8261,2024-08-14 09:55:08,1292,AA,12892,10397,4,931.6
8262,2024-12-09 16:47:11,4787,DL,12266,10397,2,754.45
8263,2024-06-01 09:44:32,1793,WN,13303,12478,3,883.01
8264,2024-10-19 01:29:52,2423,DL,14057,14869,2,765.9
8265,2024-01-27 12:21:43,1267,DL,10397,15016,1,316.2
8266,2025-08-27 21:21:26,1457,AA,12892,10397,1,269.95
8267,2025-10-13 23:16:01,1603,DL,11193,12892,2,1021.18
8268,2024-11-06 12:37:46,3032,DL,14869,12478,3,1188.39
8269,2025-03-14 02:17:59,2870,AA,12892,10397,1,243.05
8270,2025-04-08 17:40:59,2284,DL,11433,13303,1,458.61
8271,2025-04-29 20:06:12,3812,DL,15016,11433,3,1398.68
8272,2024-12-13 17:41:24,3175,DL,14057,14869,3,583.64
8273,2025-04-22 01:19:48,3323,DL,15016,11433,1,536.06
8274,2025-01-19 20:35:49,1677,AA,12892,10397,3,702.78
8275,2024-12-13 14:44:23,4010,DL,15016,11433,1,468.91
8276,2024-11-07 10:16:48,3684,UA,10397,12892,2,479.82
8277,2025-07-20 06:02:32,3627,DL,15016,11433,1,535.06
8278,2024-05-10 22:36:42,3033,DL,12266,10397,4,2247.16
8279,2025-09-11 07:59:14,4388,AA,12892,10397,1,538.14
8280,2024-10-24 13:28:06,2898,DL,14869,12478,1,368.88
8281,2025-08-31 10:02:38,2366,DL,14057,14869,4,1592.11
8282,2025-05-02 14:19:10,3536,DL,10397,15016,4,2308.99
8283,2024-05-15 07:04:52,3144,DL,11433,13303,4,1192.99
8284,2024-02-25 01:56:36,3785,DL,11433,13303,1,315.9
8285,2025-01-31 06:02:53,2703,WN,13303,12478,4,2046.76
8286,2024-05-23 01:55:16,4262,DL,14057,14869,3,1483.4
8287,2024-12-13 03:53:59,3594,DL,15016,11433,1,265.13
8288,2025-06-20 22:07:13,4523,AA,12892,10397,4,1817.05
8289,2025-07-31 04:33:09,1887,DL,11193,12892,2,425.23
8290,2025-07-17 08:43:01,4121,DL,14869,12478,4,601.93
8291,2025-09-06 04:43:45,2535,DL,14057,14869,2,987.49
8292,2024-09-26 06:22:50,4587,DL,11433,13303,2,755.2
8293,2025-04-08 22:53:10,1196,DL,11193,12892,3,869.17
8294,2025-04-07 03:07:23,2519,WN,13303,12478,4,1145.9
8295,2024-03-21 12:32:17,3459,DL,10397,15016,2,473.14
8296,2025-08-21 02:44:22,4221,DL,14057,14869,4,2178.39
8297,2025-09-21 23:24:17,3846,DL,14869,12478,1,549.55
8298,2025-01-10 03:08:27,3538,DL,11433,13303,2,451.12
8299,2025-09-17 18:34:51,3126,DL,14057,14869,1,457.06
8300,2024-01-30 11:42:25,2476,UA,10397,12892,2,444.22
8301,2024-11-05 11:12:25,4473,WN,13303,12478,3,852.6
8302,2024-05-01 01:18:03,2232,UA,10397,12892,3,816.31
8303,2025-01-11 14:09:22,1081,WN,13303,12478,4,2216.91
8304,2024-10-14 17:32:27,1290,DL,11433,13303,4,2200.58
8305,2024-08-24 16:01:00,4461,DL,10397,15016,1,450.06
8306,2025-07-25 10:44:27,4621,DL,15016,11433,1,368.79
8307,2025-08-22 11:54:42,3446,DL,11433,13303,3,1619.17
8308,2024-10-20 07:22:28,3001,WN,13303,12478,4,1893.97
8309,2024-12-30 22:38:37,3728,DL,14057,14869,4,2105.18
8310,2025-08-31 14:17:29,4703,DL,14869,12478,1,486.91
8311,2024-10-18 15:00:01,2996,UA,10397,12892,1,350.3
8312,2024-07-05 13:58:06,4279,WN,13303,12478,1,248.96
8313,2024-07-04 16:07:05,3504,UA,10397,12892,3,1500.1
8314,2025-08-12 07:06:44,4145,DL,11433,13303,2,349.59
8315,2024-12-02 09:19:14,3227,UA,10397,12892,1,437.15
8316,2025-04-29 07:25:02,4833,DL,10397,15016,3,1265.71
8317,2025-07-04 09:25:03,2536,DL,14869,12478,4,1380.18
8318,2024-04-14 11:07:38,4972,DL,12266,10397,1,247.49
8319,2025-07-26 15:24:20,4385,DL,15016,11433,4,2324.48
8320,2024-01-29 10:03:10,1406,DL,14869,12478,3,1572.85
8321,2024-07-17 22:22:35,1682,DL,14057,14869,2,421.23
8322,2025-08-06 14:33:27,2606,DL,15016,11433,4,601.73
8323,2025-10-08 22:06:24,4988,AA,12892,10397,4,1883.73
8324,2024-03-02 21:28:56,1973,DL,11433,13303,1,564.77
8325,2025-07-20 23:08:47,1291,WN,13303,12478,2,311.42
8326,2025-03-16 19:39:50,4313,DL,12266,10397,1,540.14
8327,2025-04-25 22:05:54,4081,DL,11433,13303,1,231.76
8328,2024-08-20 21:55:02,1631,AA,12892,10397,4,1612.94
8329,2024-04-21 09:26:17,2773,DL,11193,12892,3,918.6
8330,2025-08-16 14:13:18,1783,WN,13303,12478,2,831.38
8331,2025-09-04 13:34:45,1931,DL,14869,12478,2,751.77
8332,2024-06-24 04:02:52,4350,DL,11193,12892,3,1084.15
8333,2024-03-13 02:50:22,4792,DL,11433,13303,2,1198.45
8334,2024-08-16 12:22:37,2606,AA,12892,10397,3,1655.54
8335,2025-08-17 19:04:17,4434,WN,13303,12478,2,889.05
8336,2024-08-28 17:42:59,2284,DL,14869,12478,3,1596.65
8337,2024-01-31 10:43:18,3893,DL,14869,12478,1,154.55
8338,2024-07-22 11:14:56,1267,DL,11433,13303,4,923.38
8339,2025-05-08 18:30:27,1388,DL,11193,12892,1,180.68
8340,2025-02-24 11:26:17,4486,AA,12892,10397,3,1353.82
8341,2025-10-31 18:34:53,4056,DL,10397,15016,1,444.33
8342,2024-10-01 08:50:15,4430,WN,13303,12478,2,522.83
8343,2025-05-30 10:12:44,4599,UA,10397,12892,2,608.11
8344,2025-01-31 18:05:25,3351,DL,14057,14869,3,1239.73
8345,2024-06-27 14:29:52,1970,DL,14057,14869,2,985.17
8346,2024-11-29 18:15:19,1250,DL,11193,12892,4,687.58
8347,2025-08-15 03:58:06,3952,DL,14869,12478,2,397.57
8348,2025-03-12 11:58:18,2950,DL,14869,12478,4,1288.57
8349,2024-04-30 12:40:02,2345,DL,11433,13303,4,1890.53
8350,2025-04-14 01:37:53,3256,DL,10397,15016,4,1800.08
8351,2024-01-05 08:55:54,1647,DL,14869,12478,1,294.93
8352,2025-03-01 23:52:07,4962,UA,10397,12892,3,541.99
8353,2024-06-04 17:03:38,2732,WN,13303,12478,3,1163.56
8354,2024-12-13 03:35:32,4297,DL,12266,10397,1,364.31
8355,2025-07-13 05:16:45,1857,DL,11433,13303,1,367.25
8356,2025-10-04 09:54:02,1140,DL,15016,11433,4,1296.41
8357,2024-02-03 15:11:51,3697,DL,11193,12892,1,569.5
8358,2024-08-07 09:40:34,2972,DL,15016,11433,3,1462.83
8359,2024-05-27 01:20:07,1447,DL,14057,14869,1,557.52
8360,2025-01-21 22:30:02,2789,DL,10397,15016,3,1674.43
8361,2024-03-19 19:14:32,4814,DL,14869,12478,2,821.16
8362,2024-10-23 10:14:13,2729,DL,15016,11433,2,939.0
8363,2025-07-17 10:35:17,2885,DL,15016,11433,4,2232.63
8364,2025-03-25 22:15:45,3817,UA,10397,12892,1,349.65
8365,2025-08-24 12:33:30,3135,WN,13303,12478,2,687.21
8366,2024-03-18 13:23:27,3935,AA,12892,10397,2,793.47
8367,2025-09-27 18:34:34,2714,DL,10397,15016,3,1758.28
8368,2024-08-20 06:02:07,4740,DL,12266,10397,4,2370.05
8369,2025-06-23 10:47:28,1247,DL,12266,10397,1,204.21
8370,2025-05-01 19:41:09,3447,DL,10397,15016,3,701.87
8371,2024-03-22 07:09:25,1851,DL,14869,12478,1,583.78
8372,2025-07-26 23:58:26,3342,DL,14057,14869,4,1402.65
8373,2025-05-25 17:13:24,2376,UA,10397,12892,1,374.57
8374,2024-03-13 12:50:13,3001,DL,11433,13303,1,246.53
8375,2025-10-08 04:36:50,4691,DL,11433,13303,4,662.02
8376,2024-05-15 21:46:27,2134,DL,15016,11433,4,1455.06
8377,2024-04-22 16:51:20,3544,DL,14057,14869,2,994.32
8378,2025-03-19 14:03:47,1750,DL,11193,12892,1,218.18
8379,2024-03-20 20:37:50,3823,DL,12266,10397,2,1048.2
8380,2025-09-26 04:04:35,1279,UA,10397,12892,3,1565.3
8381,2024-12-12 03:05:13,4957,DL,11433,13303,2,1097.21
8382,2024-02-06 13:27:56,3362,UA,10397,12892,4,2096.86
8383,2025-03-17 13:05:44,1686,DL,15016,11433,3,1419.99
8384,2024-06-22 23:04:05,4415,WN,13303,12478,2,1059.62
8385,2025-03-13 14:49:08,4117,WN,13303,12478,1,560.7
8386,2024-06-05 11:03:52,1973,UA,10397,12892,2,857.54
8387,2024-05-07 02:11:21,3953,AA,12892,10397,3,1231.3
8388,2024-07-27 18:18:26,4703,DL,10397,15016,2,310.7
8389,2024-06-23 18:18:44,4044,DL,10397,15016,2,708.91
8390,2024-08-30 12:27:26,3488,DL,15016,11433,1,588.55
8391,2024-01-09 01:40:22,2614,UA,10397,12892,2,769.18
8392,2025-01-15 18:02:13,2797,DL,14869,12478,4,1704.16
8393,2024-07-06 08:08:24,4557,DL,11433,13303,2,476.07
8394,2024-01-28 13:00:40,1983,UA,10397,12892,2,488.34
8395,2024-10-15 15:32:37,1079,DL,10397,15016,3,1780.16
8396,2024-09-04 12:18:14,2303,UA,10397,12892,1,480.0
8397,2025-06-15 03:27:03,1136,DL,10397,15016,2,945.95
8398,2025-03-22 23:31:23,4349,UA,10397,12892,4,2039.89
8399,2024-03-06 17:10:20,2105,DL,15016,11433,2,636.18
8400,2025-08-01 12:28:45,1324,DL,12266,10397,1,591.31
8401,2024-03-23 12:11:53,3503,DL,12266,10397,1,186.48
8402,2024-09-12 02:59:41,2680,DL,14057,14869,1,380.22
8403,2025-05-15 12:54:10,4582,WN,13303,12478,4,792.53
8404,2025-06-19 08:13:39,1594,DL,11433,13303,4,1067.38
8405,2025-01-07 03:32:11,2999,DL,12266,10397,3,1712.26
8406,2024-09-10 21:09:14,1157,DL,12266,10397,4,1499.5
8407,2025-02-13 01:46:01,2390,DL,14057,14869,2,659.55
8408,2024-09-10 01:47:59,2117,DL,11433,13303,3,1498.15
8409,2024-08-26 14:04:54,4443,AA,12892,10397,3,595.66
8410,2024-08-29 03:58:06,4053,DL,14869,12478,3,1301.17
8411,2024-11-21 02:52:48,4462,DL,12266,10397,1,194.87
8412,2024-05-09 22:07:04,1834,DL,11193,12892,4,1157.88
8413,2024-04-04 04:34:32,3164,DL,10397,15016,2,941.8
8414,2024-02-22 23:52:15,1151,DL,12266,10397,2,498.03
8415,2025-08-02 01:43:47,1289,DL,11433,13303,3,893.0
8416,2025-05-31 14:18:18,4398,DL,10397,15016,4,2051.34
8417,2024-08-06 05:45:27,3222,DL,10397,15016,3,1067.72
8418,2024-10-12 17:04:06,1437,DL,15016,11433,3,1684.17
8419,2024-02-29 12:39:09,3714,DL,12266,10397,3,1205.62
8420,2025-02-06 17:52:29,3556,DL,11193,12892,3,1256.0
8421,2025-03-29 11:19:30,4393,WN,13303,12478,1,262.67
8422,2024-08-17 18:07:56,1131,DL,14057,14869,1,230.13
8423,2025-03-07 18:53:39,3429,DL,12266,10397,1,282.49
8424,2024-02-24 15:48:58,2749,DL,14869,12478,3,1253.87
8425,2025-02-25 22:14:14,2067,DL,11433,13303,2,615.46
8426,2025-10-10 16:00:24,1406,DL,10397,15016,3,1692.53
8427,2025-02-02 02:21:17,4876,DL,12266,10397,1,593.8
8428,2025-10-17 10:06:14,1077,DL,14869,12478,1,168.25
8429,2025-08-27 10:09:51,1220,DL,11193,12892,3,750.14
8430,2025-01-19 01:23:45,1190,AA,12892,10397,2,973.37
8431,2025-02-07 23:35:13,3212,DL,15016,11433,2,865.68
8432,2025-07-04 07:47:44,1020,DL,12266,10397,3,569.44
8433,2025-03-08 17:40:38,4849,AA,12892,10397,1,374.26
8434,2024-12-02 09:24:21,3656,WN,13303,12478,4,1113.51
8435,2025-03-08 03:28:41,3358,DL,10397,15016,4,1101.37
8436,2025-06-15 20:46:41,1039,DL,11193,12892,4,1540.21
8437,2024-01-03 11:18:52,1226,DL,10397,15016,1,583.98
8438,2024-11-17 14:37:33,3529,DL,15016,11433,3,1780.09
8439,2024-01-09 10:27:15,3114,WN,13303,12478,4,2312.18
8440,2025-05-31 05:10:42,4173,DL,12266,10397,4,1979.64
8441,2024-09-30 20:57:04,2351,DL,14869,12478,2,846.98
8442,2025-03-31 15:23:07,3351,DL,11193,12892,1,383.6
8443,2024-01-30 07:13:52,3786,AA,12892,10397,3,539.85
8444,2025-03-04 13:22:08,1305,DL,10397,15016,2,1197.57
8445,2024-04-22 17:58:37,1500,UA,10397,12892,2,373.68
8446,2024-11-25 23:31:04,3227,DL,12266,10397,3,1336.89
8447,2024-08-18 10:26:19,3929,DL,11193,12892,4,2059.56
8448,2024-03-04 10:39:46,2697,DL,12266,10397,1,209.43
8449,2025-09-05 13:28:01,1228,DL,12266,10397,4,1809.19
8450,2024-06-06 23:15:19,3008,DL,14869,12478,2,934.31
8451,2024-03-05 10:00:37,1588,AA,12892,10397,1,596.82
8452,2024-06-22 11:31:34,2768,DL,11433,13303,3,1726.25
8453,2025-10-25 15:54:08,3120,DL,10397,15016,2,938.41
8454,2025-05-02 09:39:37,4359,DL,11433,13303,4,934.36
8455,2025-07-20 19:28:37,2891,DL,15016,11433,4,1276.91
8456,2025-01-03 12:46:44,4343,DL,14869,12478,2,805.57
8457,2024-10-12 00:12:07,2376,DL,14869,12478,4,831.3
8458,2025-04-22 23:49:00,1352,DL,11193,12892,4,2168.74
8459,2024-08-01 12:52:32,3660,DL,10397,15016,2,809.75
8460,2025-05-11 08:58:21,2053,DL,12266,10397,3,1128.46
8461,2025-05-11 14:26:48,1153,DL,15016,11433,2,450.67
8462,2025-01-12 06:39:16,4492,DL,10397,15016,3,1445.21
8463,2024-09-09 13:40:22,3439,DL,10397,15016,1,546.59
8464,2024-03-07 07:42:21,4991,DL,11193,12892,2,696.37
8465,2025-09-15 22:39:17,3803,DL,14869,12478,3,724.3
8466,2024-01-20 16:32:08,4655,UA,10397,12892,2,1135.14
8467,2024-01-12 15:36:31,4143,WN,13303,12478,4,769.36
8468,2024-10-27 19:29:48,3066,DL,10397,15016,2,337.88
8469,2025-01-04 06:54:41,4321,WN,13303,12478,4,1385.4
8470,2024-03-30 16:05:32,2019,DL,11433,13303,4,1074.7
8471,2025-02-17 03:54:12,1378,WN,13303,12478,1,587.96
8472,2024-08-01 17:51:53,3329,DL,11433,13303,1,599.14
8473,2024-01-25 06:46:08,4340,DL,14057,14869,3,1120.7
8474,2025-01-26 21:32:46,3874,DL,14869,12478,4,1380.02
8475,2025-01-19 02:12:01,4532,DL,14057,14869,2,916.13
8476,2025-09-10 21:19:18,4964,DL,15016,11433,2,1140.65
8477,2024-01-16 09:32:21,3669,DL,14869,12478,1,420.42
8478,2025-09-26 03:58:57,1052,DL,11433,13303,2,864.8
8479,2025-01-19 09:33:05,1819,UA,10397,12892,1,387.95
8480,2025-08-16 08:06:22,2039,DL,11433,13303,4,2007.66
8481,2024-02-28 06:14:17,3128,DL,14869,12478,1,364.76
8482,2024-06-28 16:23:46,2521,WN,13303,12478,1,227.63
8483,2025-01-18 18:33:26,3462,AA,12892,10397,1,405.86
8484,2025-06-03 23:05:38,4518,DL,12266,10397,2,1108.53
8485,2025-09-10 15:45:39,1838,DL,12266,10397,3,656.67
8486,2025-02-07 07:32:58,1134,DL,12266,10397,2,749.11
8487,2024-06-01 22:24:46,2548,DL,14869,12478,4,2305.18
8488,2024-05-19 19:47:38,1234,UA,10397,12892,1,520.31
8489,2024-10-14 04:46:57,3468,DL,10397,15016,4,1845.53
8490,2024-12-29 19:50:54,3623,AA,12892,10397,2,411.74
8491,2025-10-29 16:29:45,4827,DL,11433,13303,4,1206.08
8492,2025-07-18 10:45:07,2575,WN,13303,12478,3,1319.9
8493,2025-07-14 08:18:21,4079,WN,13303,12478,2,353.3
8494,2025-01-19 04:35:44,2961,DL,14869,12478,2,752.42
8495,2024-08-02 07:00:28,1296,UA,10397,12892,2,812.63
8496,2024-12-02 13:16:13,1108,UA,10397,12892,1,520.17
8497,2025-03-28 07:23:22,2354,DL,14869,12478,3,1169.09
8498,2024-03-15 05:08:03,1005,DL,14057,14869,1,198.64
8499,2024-07-22 09:45:56,2022,DL,12266,10397,3,1097.54
8500,2024-03-04 10:21:57,3674,DL,14057,14869,3,1675.48
8501,2025-05-13 09:19:58,3977,DL,11193,12892,3,633.34
8502,2024-11-20 07:01:47,3605,DL,12266,10397,1,568.76
8503,2025-06-12 03:20:42,1169,DL,10397,15016,2,1096.81
8504,2025-06-10 12:39:49,3223,DL,11193,12892,4,2130.87
8505,2025-10-15 11:40:46,1794,AA,12892,10397,4,1582.09
8506,2025-05-28 19:17:39,2725,DL,14869,12478,1,470.26
8507,2024-09-25 07:39:44,2132,WN,13303,12478,3,1452.07
8508,2025-09-22 15:48:18,2851,DL,10397,15016,3,597.21
8509,2024-01-23 04:17:08,1371,UA,10397,12892,1,154.22
8510,2024-01-09 13:08:55,1639,DL,10397,15016,1,179.03
8511,2024-10-16 14:17:22,4951,DL,15016,11433,4,2080.15
8512,2024-02-14 13:37:14,2234,DL,11433,13303,3,1060.9
8513,2025-02-19 13:22:57,2737,DL,10397,15016,2,765.86
8514,2025-03-28 11:25:28,2353,DL,15016,11433,1,427.85
8515,2025-09-09 22:14:42,4620,WN,13303,12478,3,1217.32
8516,2025-04-15 03:26:43,3614,DL,14869,12478,3,1487.58
8517,2024-11-21 02:54:12,1545,WN,13303,12478,2,930.23
8518,2025-08-27 16:08:43,2231,DL,11193,12892,3,1666.0
8519,2025-09-19 05:22:35,4094,DL,15016,11433,4,663.89
8520,2025-04-03 05:08:56,2559,AA,12892,10397,4,1599.71
8521,2024-01-23 12:01:58,4766,DL,12266,10397,1,293.37
8522,2025-05-01 08:16:24,2223,UA,10397,12892,3,1534.43
8523,2024-12-07 06:57:55,2055,DL,10397,15016,2,395.54
8524,2024-03-13 05:57:15,1978,DL,11193,12892,1,366.07
8525,2024-04-10 04:00:22,3118,DL,15016,11433,4,1650.93
8526,2024-09-26 05:14:25,4540,DL,10397,15016,4,842.76
8527,2025-04-04 00:55:27,2575,DL,11193,12892,1,514.11
8528,2024-06-22 17:21:46,2153,DL,11193,12892,2,1119.52
8529,2024-02-22 21:44:37,3139,DL,11193,12892,1,363.32
8530,2025-04-17 15:41:23,2990,DL,14057,14869,1,409.26
8531,2024-10-16 07:20:14,1887,DL,10397,15016,1,416.0
8532,2024-09-02 08:59:20,4034,DL,12266,10397,3,778.5
8533,2024-01-07 18:56:15,1192,DL,14869,12478,3,612.19
8534,2024-02-04 03:04:22,3396,DL,15016,11433,4,2018.52
8535,2024-07-01 03:10:49,4297,DL,11193,12892,1,403.87
8536,2024-05-06 12:11:52,3741,DL,11193,12892,3,842.21
8537,2024-06-03 10:27:44,2568,UA,10397,12892,1,397.46
8538,2025-03-14 20:57:06,3109,DL,14057,14869,2,627.7
8539,2024-12-18 10:51:05,4538,DL,14869,12478,4,679.05
8540,2025-02-23 07:28:43,2580,AA,12892,10397,3,789.58
8541,2025-05-11 00:15:35,3938,DL,14057,14869,1,398.84
8542,2024-03-30 10:36:40,3642,DL,11193,12892,1,418.01
8543,2024-01-27 18:56:10,2770,DL,12266,10397,4,1515.21
8544,2025-06-13 07:19:21,4596,DL,12266,10397,1,417.17
8545,2024-12-06 21:54:40,3837,WN,13303,12478,1,497.01
8546,2024-08-05 08:50:09,4851,DL,12266,10397,3,530.4
8547,2025-10-19 07:31:13,3634,DL,15016,11433,3,801.1
8548,2024-06-28 01:38:54,4127,DL,11193,12892,1,242.49
8549,2025-05-04 00:53:35,3901,DL,10397,15016,1,316.15
8550,2025-06-13 17:40:28,2634,WN,13303,12478,2,325.86
8551,2025-02-15 15:21:20,4389,DL,11193,12892,4,1369.2
8552,2025-04-29 08:22:49,2704,WN,13303,12478,4,1662.36
8553,2024-01-02 17:38:50,3295,DL,11433,13303,1,566.18
8554,2025-03-06 16:46:50,1446,UA,10397,12892,4,811.63
8555,2024-12-27 21:26:33,4308,AA,12892,10397,3,801.65
8556,2024-11-18 06:24:14,1413,DL,15016,11433,4,1866.33
8557,2025-03-12 09:05:13,2864,DL,11433,13303,2,1075.3
8558,2024-05-11 20:29:10,4228,DL,14869,12478,1,165.55
8559,2025-04-24 15:18:08,1418,DL,10397,15016,1,413.4
8560,2024-09-25 00:46:52,2503,DL,15016,11433,3,1465.22
8561,2024-02-07 02:46:48,4165,DL,15016,11433,1,530.72
8562,2024-07-09 08:13:47,4007,AA,12892,10397,2,678.81
8563,2025-05-01 03:52:58,3221,DL,11193,12892,3,769.79
8564,2024-12-12 10:11:49,2801,DL,12266,10397,1,203.18
8565,2025-02-21 19:53:21,2828,DL,11193,12892,4,2365.28
8566,2024-08-02 05:22:12,3352,UA,10397,12892,4,1767.99
8567,2024-03-27 10:01:32,2458,DL,14057,14869,3,696.93
8568,2025-10-08 13:06:20,2441,DL,12266,10397,4,1854.49
8569,2024-12-24 13:38:59,4108,DL,15016,11433,3,1722.62
8570,2024-10-09 04:09:16,4878,UA,10397,12892,4,1582.14
8571,2024-02-04 02:14:15,3499,DL,10397,15016,1,292.65
8572,2025-03-25 11:31:08,1009,DL,14057,14869,3,1115.85
8573,2024-03-07 12:59:49,3768,DL,14057,14869,2,541.09
8574,2024-07-17 11:30:59,1409,WN,13303,12478,3,1638.45
8575,2024-07-21 20:50:23,1306,DL,12266,10397,1,358.48
8576,2025-05-23 09:07:22,2672,WN,13303,12478,3,1225.58
8577,2024-12-28 13:24:15,1345,DL,10397,15016,2,740.35
8578,2025-08-03 21:57:02,1949,DL,10397,15016,2,1039.56
8579,2024-08-12 15:22:52,2340,WN,13303,12478,4,929.7
8580,2024-09-24 00:22:05,2952,DL,11193,12892,3,867.6
8581,2024-02-23 18:53:30,3373,DL,12266,10397,3,1392.3
8582,2025-03-16 05:59:44,3245,DL,15016,11433,3,1334.79
8583,2025-10-26 13:10:43,2596,UA,10397,12892,3,1672.0
8584,2025-09-16 08:45:40,4832,UA,10397,12892,3,958.79
8585,2025-09-28 18:47:38,3209,DL,15016,11433,1,400.0
8586,2025-09-15 14:43:22,1099,DL,14057,14869,4,774.86
8587,2025-09-20 08:48:32,2150,DL,11433,13303,3,607.0
8588,2024-10-17 15:05:54,1879,DL,14869,12478,1,470.66
8589,2024-11-23 10:04:56,4708,DL,11193,12892,1,332.75
8590,2024-12-15 12:41:40,2286,DL,10397,15016,1,258.38
8591,2025-05-09 18:30:44,2228,DL,11433,13303,3,1548.28
8592,2025-03-07 19:14:17,4058,DL,10397,15016,2,641.62
8593,2025-03-29 23:10:28,2418,DL,14057,14869,4,2007.72
8594,2025-04-15 07:46:19,2278,DL,11433,13303,3,1483.28
8595,2025-04-22 12:04:28,3011,DL,14869,12478,2,416.21
8596,2025-04-15 04:47:45,3900,DL,14869,12478,4,1889.22
8597,2024-12-04 07:18:29,2615,DL,14057,14869,3,701.29
8598,2024-09-22 20:50:56,3891,DL,12266,10397,1,488.15
8599,2025-09-06 19:20:06,3894,WN,13303,12478,1,186.57
8600,2025-02-10 10:40:05,4110,AA,12892,10397,1,233.11
8601,2024-06-21 17:35:54,1492,UA,10397,12892,4,1597.59
8602,2024-03-01 19:00:14,4816,DL,10397,15016,2,635.48
8603,2024-03-22 23:06:30,1764,DL,12266,10397,3,1577.49
8604,2025-07-16 22:21:07,1188,DL,11433,13303,3,1059.96
8605,2025-05-08 04:55:12,4571,DL,11193,12892,1,356.38
8606,2025-03-15 04:00:32,2376,DL,15016,11433,3,1446.01
8607,2024-08-16 00:03:43,2243,AA,12892,10397,4,1753.97
8608,2025-01-08 20:59:53,4677,DL,12266,10397,4,1820.48
8609,2024-08-24 07:35:40,3417,DL,12266,10397,4,2167.93
8610,2024-09-08 07:44:10,2829,DL,11193,12892,4,963.91
8611,2025-04-17 02:58:36,2528,DL,11433,13303,2,749.93
8612,2024-04-01 19:35:57,4442,AA,12892,10397,1,319.46
8613,2024-12-05 12:52:00,1248,DL,10397,15016,4,666.0
8614,2025-09-01 02:49:54,1340,DL,14057,14869,3,500.84
8615,2025-01-26 15:30:02,2346,WN,13303,12478,2,508.49
8616,2024-12-25 14:06:52,2469,DL,11433,13303,3,609.82
8617,2024-03-11 10:02:23,2490,DL,15016,11433,2,438.6
8618,2024-02-10 23:43:12,2494,AA,12892,10397,4,600.24
8619,2025-05-10 12:25:19,4242,DL,14869,12478,1,199.05
8620,2025-02-24 12:18:56,1651,UA,10397,12892,3,1262.14
8621,2024-01-03 00:35:29,1379,DL,11193,12892,4,1274.4
8622,2024-11-13 11:53:34,3525,DL,10397,15016,3,571.22
8623,2025-04-30 10:45:43,4393,DL,11193,12892,4,970.05
8624,2025-07-05 08:31:10,3946,DL,11193,12892,2,946.77
8625,2025-05-27 10:07:54,1713,DL,11433,13303,3,573.75
8626,2024-10-03 03:51:00,2378,DL,12266,10397,1,545.32
8627,2024-10-05 20:39:08,4592,UA,10397,12892,3,637.6
8628,2024-06-05 01:51:07,4804,DL,14057,14869,1,183.03
8629,2025-03-14 00:48:43,2406,AA,12892,10397,2,1107.05
8630,2024-04-01 22:26:36,1407,AA,12892,10397,4,1777.86
8631,2025-03-11 20:42:32,1502,UA,10397,12892,1,302.66
8632,2025-05-15 04:16:16,3159,DL,15016,11433,3,1187.27
8633,2024-05-01 22:42:17,2681,AA,12892,10397,1,333.24
8634,2024-07-29 21:12:00,2971,DL,12266,10397,4,1786.73
8635,2024-12-05 03:13:33,3724,DL,10397,15016,2,337.89
8636,2024-06-26 02:02:24,1676,DL,14057,14869,3,1471.07
8637,2024-02-09 19:42:57,4311,AA,12892,10397,3,910.68
8638,2024-07-06 15:34:19,2742,UA,10397,12892,4,855.29
8639,2025-04-13 12:41:25,4011,DL,15016,11433,1,547.49
8640,2024-09-25 20:33:44,4299,AA,12892,10397,3,629.63
8641,2025-05-03 11:28:04,4761,WN,13303,12478,1,525.94
8642,2025-08-25 10:58:16,4449,DL,11433,13303,2,983.96
8643,2024-01-07 19:18:35,4953,DL,14869,12478,1,312.77
8644,2025-03-04 10:04:01,2685,DL,15016,11433,4,938.19
8645,2024-07-25 08:21:16,1891,DL,10397,15016,4,1647.72
8646,2024-08-10 00:20:23,1589,DL,10397,15016,4,2258.23
8647,2024-07-16 00:54:42,2392,DL,11433,13303,3,633.7
8648,2024-10-07 04:10:13,2659,AA,12892,10397,3,849.87
8649,2024-03-02 05:08:10,2227,DL,11433,13303,2,744.64
8650,2025-01-13 04:05:48,3414,DL,15016,11433,4,1389.03
8651,2025-06-08 20:50:14,2470,DL,12266,10397,4,915.02
8652,2025-06-05 00:23:36,1593,DL,11193,12892,4,1008.41
8653,2025-01-28 04:07:47,1873,UA,10397,12892,4,1288.35
8654,2024-09-08 11:45:50,4221,DL,14869,12478,1,582.58
8655,2025-06-01 14:10:53,4357,AA,12892,10397,1,288.77
8656,2025-08-29 03:13:45,2912,DL,11433,13303,2,1016.85
8657,2024-01-15 14:46:59,3409,UA,10397,12892,2,1195.12
8658,2025-07-29 21:45:19,2039,DL,14057,14869,1,309.09
8659,2024-05-07 08:11:28,3870,DL,15016,11433,2,729.47
8660,2024-01-20 11:20:03,1801,AA,12892,10397,1,599.16
8661,2024-05-20 21:06:50,4095,WN,13303,12478,3,1401.93
8662,2024-10-15 08:16:47,1924,UA,10397,12892,3,1323.02
8663,2024-08-07 23:34:23,3567,DL,10397,15016,1,564.19
8664,2025-09-14 00:45:39,1783,DL,15016,11433,1,520.74
8665,2025-10-17 13:42:56,3359,UA,10397,12892,1,169.57
8666,2024-10-21 19:23:46,2358,DL,14869,12478,4,2375.17
8667,2024-06-19 13:15:41,2066,DL,14869,12478,2,863.85
8668,2024-12-13 13:53:51,4277,DL,11433,13303,3,969.54
8669,2024-07-04 23:45:02,3826,DL,10397,15016,2,1140.14
8670,2025-06-29 22:29:38,4598,DL,11193,12892,3,1328.1
8671,2025-09-17 15:06:09,3428,DL,12266,10397,4,991.14
8672,2024-04-16 11:32:35,2946,DL,15016,11433,4,1121.47
8673,2024-11-12 07:14:56,1664,DL,15016,11433,4,1792.1
8674,2025-06-27 21:35:41,4944,DL,15016,11433,1,266.07
8675,2025-03-27 21:20:10,1683,AA,12892,10397,1,248.21
8676,2025-03-20 08:03:46,1097,DL,14869,12478,2,859.16
8677,2024-08-21 04:13:15,4400,DL,11193,12892,3,1489.42
8678,2024-08-11 23:42:01,4060,DL,11433,13303,3,1138.95
8679,2024-04-19 23:47:01,3890,AA,12892,10397,1,410.33
8680,2025-05-20 20:49:50,3221,DL,14869,12478,3,800.15
8681,2025-05-29 19:27:39,4893,UA,10397,12892,4,1303.83
8682,2024-08-22 22:14:25,3185,DL,12266,10397,3,1065.33
8683,2025-05-04 09:15:07,3192,DL,10397,15016,2,905.55
8684,2025-07-15 04:02:21,4490,AA,12892,10397,2,921.93
8685,2024-01-01 22:48:08,4222,AA,12892,10397,1,379.97
8686,2024-09-11 03:34:51,1657,DL,14057,14869,2,923.13
8687,2024-08-02 10:09:33,3933,DL,11193,12892,2,507.97
8688,2025-08-03 14:01:56,3452,UA,10397,12892,3,1412.66
8689,2024-06-26 02:34:46,3421,DL,11193,12892,2,1129.18
8690,2025-09-30 06:24:49,2719,DL,14057,14869,3,1047.03
8691,2025-03-25 08:29:47,3940,DL,14869,12478,3,1481.27
8692,2024-05-03 22:38:54,2710,UA,10397,12892,2,973.94
8693,2024-04-17 08:32:40,1198,DL,11433,13303,1,506.23
8694,2025-01-25 02:49:17,1011,DL,11433,13303,3,1308.68
8695,2025-03-10 11:07:40,2516,DL,11193,12892,4,1828.35
8696,2025-01-22 15:00:00,3661,DL,14869,12478,1,195.27
8697,2024-06-02 04:26:14,1433,DL,11433,13303,4,854.35
8698,2024-12-09 16:47:53,4251,AA,12892,10397,2,794.74
8699,2024-05-13 09:52:39,4589,WN,13303,12478,3,1308.17
8700,2025-01-22 22:47:19,3355,WN,13303,12478,3,1211.8
8701,2024-12-03 18:49:27,1206,DL,14869,12478,3,1586.38
8702,2024-07-06 07:15:13,3404,DL,10397,15016,1,317.58
8703,2024-04-08 20:34:56,4355,DL,11193,12892,2,582.9
8704,2025-06-15 00:06:48,2233,WN,13303,12478,4,1319.2
8705,2025-03-31 12:21:15,1526,DL,14869,12478,1,418.38
8706,2024-06-23 21:00:26,1404,DL,12266,10397,2,450.72
8707,2025-05-08 15:40:50,2053,DL,12266,10397,4,1947.37
8708,2025-07-19 04:06:56,2401,DL,14057,14869,4,1125.32
8709,2024-09-17 21:31:51,1729,WN,13303,12478,3,1328.1
8710,2025-04-19 15:12:58,1183,DL,11193,12892,4,1002.65
8711,2024-06-24 02:11:55,1014,DL,11433,13303,3,1063.52
8712,2025-05-18 20:50:20,2216,DL,15016,11433,1,276.42
8713,2024-11-01 07:31:56,3864,DL,15016,11433,2,545.66
8714,2025-03-20 10:19:51,2053,DL,12266,10397,4,1189.57
8715,2024-03-04 11:03:53,2767,DL,15016,11433,4,1045.94
8716,2025-03-05 23:44:47,4985,DL,11193,12892,3,727.61
8717,2024-01-16 13:39:35,3277,DL,11433,13303,4,1764.34
8718,2024-03-19 05:44:48,1975,AA,12892,10397,4,1476.74
8719,2025-03-21 11:10:35,3883,WN,13303,12478,3,832.31
8720,2024-04-17 06:51:46,3595,AA,12892,10397,4,1977.05
8721,2025-02-04 13:30:34,3297,DL,10397,15016,2,1052.26
8722,2024-11-20 02:52:22,3757,DL,14869,12478,3,905.0
8723,2024-03-30 04:11:45,3929,WN,13303,12478,1,283.45
8724,2025-08-24 07:41:47,2101,DL,14057,14869,2,936.39
8725,2024-09-16 18:18:37,4651,UA,10397,12892,4,1987.71
8726,2024-06-15 02:35:11,3857,DL,14057,14869,3,1085.43
8727,2024-07-22 16:55:57,2287,DL,15016,11433,4,994.82
8728,2025-05-09 01:20:57,1166,DL,10397,15016,3,622.24
8729,2024-07-04 22:04:47,4549,UA,10397,12892,4,981.2
8730,2024-08-19 20:40:32,1991,DL,15016,11433,2,1010.43
8731,2024-05-05 05:49:24,1881,DL,15016,11433,2,1120.22
8732,2025-07-14 23:25:21,3655,DL,12266,10397,2,1191.98
8733,2024-11-16 16:44:04,4775,DL,14057,14869,2,948.22
8734,2025-10-11 18:23:12,2759,DL,11433,13303,3,1643.97
8735,2024-03-21 05:49:36,3187,DL,15016,11433,1,366.38
8736,2024-09-26 10:31:52,3757,DL,14869,12478,3,908.13
8737,2024-07-21 02:44:57,3046,DL,11193,12892,1,501.12
8738,2024-11-06 01:00:54,1687,UA,10397,12892,3,1098.46
8739,2024-08-01 16:01:35,2559,UA,10397,12892,1,340.91
8740,2024-03-15 10:06:44,2145,DL,11433,13303,4,777.32
8741,2025-06-05 06:21:07,2992,UA,10397,12892,2,827.93
8742,2024-12-23 21:47:08,3904,WN,13303,12478,2,621.93
8743,2024-10-28 19:27:33,2465,WN,13303,12478,1,233.93
8744,2024-02-12 14:45:22,3251,WN,13303,12478,2,317.04
8745,2024-09-06 04:15:03,3676,DL,14057,14869,2,1170.19
8746,2024-08-09 14:31:30,2931,DL,10397,15016,1,207.02
8747,2024-06-21 23:36:57,3061,DL,14869,12478,4,1491.88
8748,2024-09-06 07:06:43,4159,WN,13303,12478,3,1635.58
8749,2025-06-08 08:28:59,4496,UA,10397,12892,2,473.01
8750,2024-01-20 20:00:42,4840,UA,10397,12892,1,563.4
8751,2025-07-01 22:57:16,4753,WN,13303,12478,3,848.21
8752,2024-09-16 06:19:30,2921,DL,12266,10397,2,381.9
8753,2025-10-03 12:46:58,3342,UA,10397,12892,2,604.65
8754,2024-08-18 08:04:23,2359,DL,12266,10397,4,1873.81
8755,2025-01-02 08:09:34,3592,DL,11193,12892,3,1044.73
8756,2025-06-20 22:43:30,2085,DL,15016,11433,4,738.16
8757,2024-11-20 22:58:02,4301,DL,11433,13303,1,387.98
8758,2024-11-05 23:42:04,3503,DL,14869,12478,1,538.27
8759,2025-02-24 07:12:53,1397,DL,14057,14869,3,1020.45
8760,2025-01-06 01:05:44,3461,DL,10397,15016,1,394.46
8761,2024-08-30 19:38:58,2427,DL,11193,12892,1,388.74
8762,2024-10-19 00:50:16,4724,UA,10397,12892,2,452.92
8763,2025-02-20 23:34:44,2470,DL,14057,14869,2,340.26
8764,2025-02-23 12:32:26,2067,DL,14057,14869,3,808.78
8765,2024-10-02 15:17:13,4309,AA,12892,10397,3,1224.04
8766,2025-09-14 08:13:38,2311,DL,11193,12892,2,452.78
8767,2024-12-31 16:43:53,4623,UA,10397,12892,1,225.57
8768,2025-05-16 09:23:58,3941,DL,14057,14869,3,914.67
8769,2024-06-15 07:55:14,4084,DL,12266,10397,3,1120.19
8770,2025-03-08 05:31:02,4652,DL,11193,12892,2,498.56
8771,2024-02-01 11:30:08,3427,WN,13303,12478,1,215.07
8772,2025-10-19 14:58:00,4253,DL,11193,12892,2,602.65
8773,2025-06-22 08:22:03,4799,WN,13303,12478,3,1084.51
8774,2025-06-28 08:12:14,1923,DL,11193,12892,3,633.54
8775,2024-10-04 10:27:06,1101,DL,10397,15016,3,1707.7
8776,2025-06-02 02:43:08,1042,AA,12892,10397,4,1074.45
8777,2025-07-20 07:48:03,4089,AA,12892,10397,4,804.34
8778,2025-09-22 12:55:37,3592,WN,13303,12478,3,1070.83
8779,2025-07-03 04:38:56,4287,AA,12892,10397,3,539.38
8780,2025-03-20 00:53:47,1173,AA,12892,10397,4,2053.97
8781,2025-05-11 01:05:20,3016,DL,11433,13303,4,1331.89
8782,2025-07-19 05:03:52,1217,AA,12892,10397,2,1109.28
8783,2024-09-19 03:24:13,1078,DL,10397,15016,1,269.24
8784,2025-01-30 15:41:15,4441,WN,13303,12478,2,695.79
8785,2024-11-21 19:15:45,3814,DL,11193,12892,4,1311.65
8786,2024-12-22 10:01:18,1379,DL,12266,10397,1,278.0
8787,2024-04-19 17:35:32,4003,DL,15016,11433,1,295.69
8788,2025-04-19 11:26:07,4605,DL,15016,11433,2,959.29
8789,2025-05-16 13:21:02,4762,UA,10397,12892,4,1026.87
8790,2024-07-24 02:00:58,4853,DL,12266,10397,1,313.98
8791,2025-06-28 07:45:08,4856,WN,13303,12478,2,413.41
8792,2024-10-02 17:22:18,2098,DL,10397,15016,4,1530.27
8793,2025-01-09 12:09:30,2616,DL,14057,14869,1,515.38
8794,2024-10-25 03:14:51,2674,UA,10397,12892,1,537.81
8795,2024-03-17 20:37:37,4305,DL,14869,12478,2,386.12
8796,2024-03-15 21:53:23,4741,AA,12892,10397,1,167.25
8797,2025-10-31 18:41:11,2995,DL,10397,15016,2,1182.81
8798,2024-07-13 12:58:14,3152,DL,11433,13303,3,821.53
8799,2025-09-25 01:59:23,3813,WN,13303,12478,1,316.29
8800,2025-06-21 05:33:41,4948,UA,10397,12892,3,837.72
8801,2024-05-06 08:43:21,4194,AA,12892,10397,4,1776.28
8802,2025-08-03 02:01:52,2660,DL,11433,13303,1,575.34
8803,2024-10-30 19:08:40,2501,UA,10397,12892,1,213.77
8804,2024-07-18 17:36:47,2622,DL,11193,12892,4,2308.73
8805,2025-08-29 11:45:39,4943,UA,10397,12892,2,1092.37
8806,2024-01-10 01:01:18,1804,DL,12266,10397,2,908.46
8807,2024-05-22 22:01:38,1606,DL,14869,12478,2,317.0
8808,2025-04-26 23:23:06,3222,WN,13303,12478,4,1397.97
8809,2024-11-27 09:01:21,1474,DL,11433,13303,1,553.9
8810,2025-03-24 00:43:20,4316,DL,11193,12892,4,1066.81
8811,2024-01-03 19:33:35,4771,DL,10397,15016,1,396.99
8812,2024-01-05 07:38:24,4781,WN,13303,12478,1,271.77
8813,2025-01-23 20:14:13,1166,DL,12266,10397,2,466.95
8814,2024-03-07 09:57:32,2243,DL,12266,10397,1,259.59
8815,2024-10-05 19:29:01,1654,DL,14869,12478,3,1637.88
8816,2024-03-17 16:52:08,1996,AA,12892,10397,1,416.49
8817,2024-10-31 06:40:25,3552,UA,10397,12892,3,1328.61
8818,2024-05-25 12:53:20,3046,DL,14869,12478,1,362.12
8819,2024-09-09 12:08:32,2759,DL,11433,13303,3,1752.45
8820,2024-04-14 01:31:28,3284,DL,11193,12892,2,1068.47
8821,2024-06-08 11:24:02,2822,UA,10397,12892,4,1587.01
8822,2025-02-22 06:11:43,4860,UA,10397,12892,3,1676.29
8823,2024-08-27 13:45:54,4023,DL,14869,12478,2,551.02
8824,2025-06-12 00:50:52,2208,AA,12892,10397,3,1796.86
8825,2024-03-15 06:58:58,2784,DL,15016,11433,1,275.37
8826,2024-06-10 21:41:48,1599,DL,14057,14869,4,2113.49
8827,2024-08-22 08:19:12,3136,WN,13303,12478,1,229.6
8828,2025-06-25 11:15:30,3921,DL,10397,15016,2,1179.14
8829,2024-01-02 02:07:29,1097,UA,10397,12892,2,440.06
8830,2024-11-18 23:10:45,3321,DL,11193,12892,2,729.08
8831,2024-05-22 09:30:55,2715,DL,15016,11433,1,482.35
8832,2025-08-27 16:15:29,4629,DL,11433,13303,1,569.48
8833,2024-05-08 03:06:15,4208,DL,11193,12892,2,1076.61
8834,2024-05-29 03:15:03,1223,WN,13303,12478,2,412.03
8835,2024-10-11 20:37:53,2857,AA,12892,10397,1,258.2
8836,2025-09-19 03:40:38,2364,DL,12266,10397,1,154.62
8837,2024-11-02 08:38:28,1425,DL,11433,13303,4,1525.3
8838,2025-05-06 01:52:46,2704,DL,12266,10397,1,286.24
8839,2024-07-11 15:58:54,4632,DL,14057,14869,4,995.51
8840,2025-10-11 06:47:30,3704,DL,14057,14869,3,1293.81
8841,2024-11-02 09:13:08,3678,WN,13303,12478,3,930.77
8842,2025-04-07 11:57:40,4387,WN,13303,12478,3,981.19
8843,2024-07-06 21:23:40,3143,DL,14057,14869,3,638.18
8844,2025-08-31 12:30:48,1536,DL,11433,13303,3,1764.42
8845,2024-07-22 05:40:42,3567,DL,14057,14869,4,1154.71
8846,2024-02-19 12:17:23,3098,WN,13303,12478,1,458.08
8847,2024-11-17 13:31:12,1908,DL,14869,12478,4,1527.46
8848,2025-02-16 01:03:13,4222,AA,12892,10397,2,878.94
8849,2024-09-14 21:36:43,2154,DL,14869,12478,2,876.09
8850,2024-07-23 05:22:37,3247,DL,14869,12478,3,1665.81
8851,2024-11-24 03:44:36,3973,DL,11193,12892,4,852.03
8852,2025-08-28 09:50:16,1202,AA,12892,10397,3,1698.44
8853,2025-05-19 04:34:20,1351,DL,11433,13303,4,2243.5
8854,2025-09-22 04:08:16,3409,DL,12266,10397,3,956.32
8855,2025-01-19 17:50:13,2111,DL,15016,11433,1,595.22
8856,2025-10-10 17:46:57,4179,DL,14869,12478,3,1782.06
8857,2025-06-03 14:16:41,4121,DL,14057,14869,2,1123.36
8858,2025-07-26 00:30:24,1588,AA,12892,10397,2,330.76
8859,2025-06-02 01:59:51,3284,DL,12266,10397,2,659.85
8860,2025-08-23 07:20:59,3100,DL,10397,15016,3,1526.07
8861,2024-08-20 01:34:13,2823,DL,14869,12478,4,2114.7
8862,2024-11-30 08:21:46,3240,DL,10397,15016,2,1028.42
8863,2024-07-10 07:22:48,2036,DL,12266,10397,4,799.65
8864,2024-12-22 15:30:18,2567,DL,12266,10397,2,880.66
8865,2025-04-28 03:47:16,4563,DL,10397,15016,2,564.99
8866,2025-04-22 11:58:50,3455,DL,14869,12478,4,639.57
8867,2025-03-25 06:31:24,2757,DL,11193,12892,1,272.8
8868,2025-06-18 10:36:02,2604,DL,15016,11433,4,825.24
8869,2025-03-31 10:57:46,2270,DL,12266,10397,1,156.62
8870,2024-01-10 01:32:09,1576,UA,10397,12892,2,1114.86
8871,2024-01-27 07:21:40,1718,WN,13303,12478,2,381.96
8872,2024-12-19 11:12:57,1807,AA,12892,10397,2,1142.31
8873,2024-09-05 23:08:56,1737,AA,12892,10397,1,561.06
8874,2025-10-30 19:14:26,2254,UA,10397,12892,4,1865.68
8875,2024-07-25 12:49:53,3656,DL,14057,14869,3,964.85
8876,2025-09-17 17:32:54,1430,UA,10397,12892,2,472.37
8877,2025-07-04 01:32:30,1996,DL,11193,12892,1,539.48
8878,2025-08-14 11:38:19,3652,DL,14869,12478,1,184.83
8879,2025-07-25 19:04:18,1328,DL,15016,11433,2,1107.36
8880,2025-08-15 17:59:24,1199,DL,12266,10397,1,416.03
8881,2025-03-04 07:10:23,1161,DL,14869,12478,2,823.93
8882,2024-04-23 22:15:33,3585,UA,10397,12892,3,1249.41
8883,2024-04-12 15:23:15,2048,DL,11433,13303,2,311.27
8884,2024-09-08 06:35:19,2897,WN,13303,12478,4,1928.93
8885,2025-05-04 23:32:12,2035,DL,10397,15016,4,1032.48
8886,2025-06-01 16:41:41,3668,DL,10397,15016,1,204.75
8887,2024-05-06 19:54:16,1416,WN,13303,12478,3,884.24
8888,2024-02-10 01:10:38,2503,DL,11193,12892,1,280.11
8889,2025-01-02 17:27:39,2787,WN,13303,12478,3,556.16
8890,2025-02-01 16:32:58,1960,DL,11193,12892,1,575.66
8891,2024-07-04 12:29:44,1809,DL,12266,10397,2,529.25
8892,2025-02-15 14:38:31,4925,DL,15016,11433,2,484.32
8893,2025-06-26 18:56:01,3269,DL,11193,12892,3,798.76
8894,2025-02-16 03:48:39,3128,DL,10397,15016,4,1855.13
8895,2025-01-06 11:06:01,4511,DL,12266,10397,4,1776.67
8896,2024-08-01 22:41:01,1516,DL,11193,12892,4,1567.85
8897,2025-09-05 08:32:31,3833,UA,10397,12892,1,212.44
8898,2024-04-16 07:00:17,4299,UA,10397,12892,2,1143.63
8899,2025-02-23 09:40:55,4685,DL,14869,12478,3,698.99
8900,2024-06-16 23:48:55,1023,DL,15016,11433,3,1010.35
8901,2024-04-11 16:21:59,1308,UA,10397,12892,1,481.19
8902,2024-04-16 08:16:52,3606,DL,10397,15016,4,889.55
8903,2025-02-13 14:54:34,4627,DL,14869,12478,1,241.67
8904,2025-07-29 08:02:08,4289,DL,11433,13303,4,1423.92
8905,2025-08-02 15:57:28,3962,AA,12892,10397,3,1577.37
8906,2025-06-30 07:20:49,4331,DL,14057,14869,4,1901.05
8907,2024-02-20 13:32:27,3137,DL,10397,15016,1,294.89
8908,2025-09-24 09:58:59,3695,DL,14869,12478,1,343.7
8909,2024-01-11 07:25:09,3930,AA,12892,10397,1,402.36
8910,2024-06-25 01:31:08,3492,DL,11433,13303,2,522.23
8911,2025-01-12 19:54:14,2805,AA,12892,10397,2,337.16
8912,2024-08-21 20:09:00,4613,DL,11433,13303,4,623.7
8913,2025-01-15 11:59:25,3241,DL,12266,10397,3,1401.17
8914,2025-08-04 06:47:48,2300,DL,10397,15016,3,524.43
8915,2024-05-03 11:16:46,1702,DL,11433,13303,1,482.23
8916,2025-01-10 16:19:52,2133,DL,12266,10397,4,1692.77
8917,2024-05-12 12:00:46,1259,DL,10397,15016,1,338.66
8918,2025-08-20 20:49:39,4482,DL,14057,14869,1,465.3
8919,2025-08-25 08:18:37,4361,DL,14057,14869,3,1376.69
8920,2024-06-05 22:04:08,1023,UA,10397,12892,2,557.81
8921,2025-05-17 10:24:14,3728,DL,11433,13303,4,1256.33
8922,2025-04-06 16:20:40,4917,DL,15016,11433,3,616.75
8923,2024-11-06 20:33:57,1898,DL,15016,11433,4,716.47
8924,2024-07-17 11:49:59,1839,UA,10397,12892,1,183.84
8925,2025-01-05 00:30:52,3715,DL,14057,14869,2,406.69
8926,2024-11-20 12:00:03,3106,DL,10397,15016,3,1584.48
8927,2024-10-26 17:48:38,1276,DL,15016,11433,3,1337.81
8928,2024-04-17 11:44:40,2590,DL,14057,14869,4,2137.28
8929,2025-01-20 04:30:47,2024,UA,10397,12892,1,503.65
8930,2025-10-30 04:50:54,1251,DL,15016,11433,4,2397.93
8931,2024-05-24 19:05:06,4402,DL,11433,13303,3,860.13
8932,2024-03-10 19:08:56,4676,DL,11193,12892,3,1296.92
8933,2024-05-28 14:20:30,3445,DL,10397,15016,1,327.69
8934,2024-09-17 18:27:29,4842,DL,15016,11433,3,680.72
8935,2024-05-02 02:21:15,4379,WN,13303,12478,4,1760.22
8936,2024-02-05 00:44:07,3791,DL,11193,12892,1,401.63
8937,2024-02-26 07:33:02,4631,DL,10397,15016,1,429.98
8938,2024-09-24 05:30:29,4083,AA,12892,10397,1,218.69
8939,2025-07-01 20:02:33,2699,DL,14057,14869,1,521.62
8940,2024-05-19 06:08:50,3067,AA,12892,10397,2,856.24
8941,2025-04-17 11:40:38,1689,DL,10397,15016,3,1395.69
8942,2025-05-10 06:41:12,4950,WN,13303,12478,4,685.48
8943,2024-04-08 16:35:19,4480,DL,14869,12478,3,486.58
8944,2025-02-08 18:42:31,2822,DL,11433,13303,1,410.39
8945,2025-10-16 05:46:38,3979,AA,12892,10397,4,1326.77
8946,2025-03-24 12:34:51,2351,DL,12266,10397,1,352.99
8947,2025-06-27 04:32:48,2738,DL,12266,10397,1,431.47
8948,2024-04-25 23:27:43,4838,WN,13303,12478,1,341.45
8949,2024-02-26 04:09:28,2463,DL,14057,14869,3,1476.01
8950,2025-04-06 11:13:30,2666,DL,11193,12892,2,1138.72
8951,2025-04-06 20:15:14,1948,DL,12266,10397,4,2202.3
8952,2025-10-25 14:26:15,3945,DL,14057,14869,4,1166.57
8953,2024-10-16 15:33:34,1734,DL,15016,11433,2,613.83
8954,2025-09-15 17:50:37,3081,UA,10397,12892,1,256.53
8955,2024-09-11 13:28:37,4884,DL,14057,14869,2,842.29
8956,2024-01-17 12:36:13,4774,DL,11433,13303,4,2395.98
8957,2024-08-11 01:38:10,2652,DL,14869,12478,4,1659.58
8958,2024-05-07 03:46:07,2573,DL,14057,14869,1,352.59
8959,2024-11-14 03:10:43,4958,DL,12266,10397,2,1045.1
8960,2024-11-24 09:04:28,4266,DL,15016,11433,3,1408.98
8961,2025-05-20 14:29:09,2902,DL,14869,12478,4,911.03
8962,2024-01-01 01:23:20,3040,DL,11193,12892,2,380.02
8963,2025-03-28 22:18:33,3616,DL,10397,15016,3,1442.39
8964,2024-10-30 23:45:21,3681,WN,13303,12478,3,1393.97
8965,2025-03-17 03:43:28,1431,DL,11433,13303,3,1756.7
8966,2024-04-10 14:42:35,3624,AA,12892,10397,3,1789.79
8967,2024-06-14 03:17:02,4414,DL,15016,11433,4,1724.78
8968,2025-03-29 07:46:55,1290,WN,13303,12478,1,442.27
8969,2025-10-19 20:39:03,3331,DL,14869,12478,3,567.8
8970,2024-11-26 12:36:54,1323,DL,10397,15016,3,1354.89
8971,2024-07-20 06:48:19,4258,DL,11193,12892,1,157.13
8972,2025-10-27 17:18:45,2469,DL,11193,12892,3,782.86
8973,2025-04-18 04:09:23,4359,DL,10397,15016,2,1014.35
8974,2024-06-13 09:42:19,4668,DL,10397,15016,4,1897.51
8975,2024-07-09 04:43:44,2617,DL,14057,14869,2,958.91
8976,2024-09-23 11:33:11,3527,AA,12892,10397,4,2030.63
8977,2024-10-31 15:59:08,3961,UA,10397,12892,3,1095.93
8978,2025-06-17 14:12:08,3853,DL,12266,10397,4,947.67
8979,2025-10-17 19:06:30,3322,DL,12266,10397,3,1250.9
8980,2024-12-29 05:14:47,4868,UA,10397,12892,3,834.44
8981,2025-04-26 10:44:59,3781,DL,11433,13303,2,1191.72
8982,2024-11-25 22:11:00,1029,UA,10397,12892,1,326.03
8983,2025-10-28 23:52:56,4746,DL,11433,13303,4,2367.33
8984,2024-08-03 03:44:42,3992,DL,14869,12478,1,593.04
8985,2025-02-11 17:47:58,4717,DL,14869,12478,4,702.54
8986,2024-07-12 21:27:12,2209,DL,10397,15016,3,1137.33
8987,2025-06-03 18:13:09,1298,DL,10397,15016,4,2243.41
8988,2024-09-21 17:05:37,2376,WN,13303,12478,1,199.66
8989,2025-01-30 08:32:45,2724,DL,10397,15016,2,548.04
8990,2025-07-11 03:00:43,4543,DL,14869,12478,4,1098.32
8991,2024-10-31 06:22:57,2104,DL,15016,11433,4,1511.31
8992,2024-02-23 06:06:15,3821,UA,10397,12892,4,1001.11
8993,2025-10-11 12:42:44,3685,DL,11193,12892,2,873.81
8994,2025-01-17 01:36:50,4363,DL,14869,12478,1,353.66
8995,2025-03-03 21:09:49,2872,DL,10397,15016,1,555.77
8996,2024-04-26 10:52:34,4734,DL,10397,15016,3,976.11
8997,2024-08-09 15:35:50,3379,DL,10397,15016,2,1197.02
8998,2024-09-13 08:58:58,2206,DL,14869,12478,1,399.42
8999,2025-03-04 16:55:35,1437,WN,13303,12478,2,911.01
9000,2024-10-13 09:34:59,2804,UA,10397,12892,1,185.36
9001,2025-07-14 23:11:30,3657,DL,11193,12892,4,1366.34
9002,2025-08-21 16:39:20,1765,DL,14869,12478,4,2060.69
9003,2024-09-09 20:15:32,3066,WN,13303,12478,3,1062.58
9004,2024-10-05 23:43:52,3128,DL,11193,12892,4,1128.98
9005,2024-09-02 01:58:30,1055,DL,10397,15016,4,1172.73
9006,2024-08-16 00:32:36,2034,DL,14057,14869,4,1765.01
9007,2025-03-02 17:58:55,4285,DL,15016,11433,3,1038.15
9008,2024-01-21 01:14:15,4231,DL,11433,13303,1,200.63
9009,2025-02-18 15:48:30,1458,DL,12266,10397,2,928.54
9010,2024-06-23 17:30:54,4253,DL,14869,12478,2,557.98
9011,2025-03-22 23:40:57,2382,DL,15016,11433,1,504.37
9012,2024-10-09 05:18:07,1179,WN,13303,12478,1,489.92
9013,2024-12-24 07:31:25,4572,DL,12266,10397,3,1467.44
9014,2025-02-01 19:12:35,4556,DL,14057,14869,1,400.99
9015,2024-07-04 00:47:36,4386,DL,11433,13303,2,304.22
9016,2024-11-04 13:32:20,3964,UA,10397,12892,1,221.84
9017,2024-08-15 02:12:31,1915,DL,14869,12478,2,726.63
9018,2024-10-01 18:05:18,3963,DL,10397,15016,4,780.74
9019,2024-07-22 08:20:27,1963,WN,13303,12478,2,396.58
9020,2024-12-22 02:29:42,4454,DL,11193,12892,3,745.79
9021,2024-07-14 17:22:04,4911,DL,11433,13303,3,1104.22
9022,2024-08-08 02:11:36,2912,DL,14057,14869,1,196.43
9023,2025-06-24 03:59:12,1999,DL,15016,11433,4,2361.29
9024,2025-03-06 16:01:35,1226,WN,13303,12478,4,1927.63
9025,2025-03-20 19:55:43,2340,AA,12892,10397,3,808.18
9026,2025-05-14 18:02:41,4450,WN,13303,12478,3,584.09
9027,2025-04-21 00:31:03,2335,DL,11433,13303,4,1445.51
9028,2024-09-25 04:13:20,4290,DL,12266,10397,4,1019.32
9029,2025-01-24 18:46:50,2863,DL,15016,11433,1,597.45
9030,2025-09-29 21:35:05,3350,WN,13303,12478,1,569.55
9031,2024-11-22 15:29:31,2565,DL,11433,13303,2,1120.65
9032,2025-01-09 23:13:59,4392,AA,12892,10397,3,967.84
9033,2025-01-10 13:42:48,3451,DL,10397,15016,3,1340.63
9034,2025-10-22 22:01:59,1327,UA,10397,12892,1,505.63
9035,2024-03-26 19:16:34,2077,DL,11433,13303,1,568.91
9036,2024-08-29 00:32:27,4222,DL,14869,12478,2,939.1
9037,2024-10-14 10:07:46,4809,DL,10397,15016,4,697.97
9038,2024-06-16 16:27:06,2225,DL,14057,14869,4,2016.85
9039,2025-08-31 12:58:33,1059,UA,10397,12892,4,1997.94
9040,2025-05-24 18:04:13,1440,AA,12892,10397,4,1952.52
9041,2025-10-27 00:38:04,1445,DL,14869,12478,2,398.27
9042,2024-11-24 02:13:48,1219,DL,11193,12892,4,2025.88
9043,2025-06-11 17:59:05,1049,AA,12892,10397,2,1088.8
9044,2024-12-14 14:41:00,1923,DL,11433,13303,1,369.32
9045,2025-02-16 01:29:08,3161,DL,15016,11433,2,625.23
9046,2024-05-27 07:23:59,3514,UA,10397,12892,1,309.83
9047,2024-08-12 05:13:07,2214,DL,15016,11433,4,2111.64
9048,2025-08-17 13:07:55,2571,WN,13303,12478,1,512.9
9049,2024-07-20 03:33:19,2864,AA,12892,10397,4,1292.7
9050,2024-01-10 17:07:15,4822,UA,10397,12892,1,151.86
9051,2025-02-11 08:35:31,2357,DL,14869,12478,3,531.46
9052,2024-08-24 09:41:39,4491,AA,12892,10397,2,568.51
9053,2025-10-22 07:50:35,3753,DL,11193,12892,4,1212.42
9054,2025-07-07 11:02:31,2491,UA,10397,12892,2,539.08
9055,2025-02-05 10:16:54,4596,DL,14057,14869,4,1265.19
9056,2025-04-19 19:55:42,3863,UA,10397,12892,4,694.83
9057,2025-03-08 21:57:54,1260,DL,14869,12478,2,443.49
9058,2024-04-30 08:15:39,1517,DL,11433,13303,4,1404.98
9059,2025-04-12 20:08:53,1326,DL,11433,13303,2,995.94
9060,2025-05-31 00:05:36,3771,DL,14869,12478,4,1593.96
9061,2024-01-15 19:01:01,4591,DL,15016,11433,2,1109.41
9062,2024-12-13 06:55:22,4689,UA,10397,12892,1,595.32
9063,2024-04-17 06:23:45,2781,AA,12892,10397,1,515.01
9064,2024-02-25 06:17:57,4425,DL,14869,12478,2,758.27
9065,2024-11-20 03:29:13,4518,WN,13303,12478,1,465.75
9066,2024-05-10 22:40:45,3104,DL,14057,14869,3,833.68
9067,2024-01-05 03:04:37,4210,UA,10397,12892,1,412.82
9068,2024-04-09 18:47:49,4241,DL,11433,13303,3,815.56
9069,2024-10-16 09:17:36,1862,DL,11193,12892,3,1385.77
9070,2024-11-02 17:51:46,2608,DL,15016,11433,1,378.25
9071,2024-11-27 10:33:27,3433,DL,11433,13303,4,1544.45
9072,2025-10-22 05:04:38,3337,AA,12892,10397,3,1730.15
9073,2024-03-03 21:08:28,1653,DL,14869,12478,2,984.77
9074,2024-10-10 02:57:44,2390,DL,15016,11433,1,452.42
9075,2024-12-25 13:48:16,4509,DL,10397,15016,4,1131.73
9076,2024-05-02 12:01:35,3205,WN,13303,12478,4,984.09
9077,2024-07-18 20:15:46,1915,WN,13303,12478,2,644.92
9078,2025-05-30 03:47:42,2875,WN,13303,12478,1,593.77
9079,2024-08-29 19:45:11,2525,AA,12892,10397,4,2060.45
9080,2025-09-09 20:20:42,2858,DL,14057,14869,4,1765.12
9081,2024-11-04 21:34:27,4976,DL,11193,12892,4,1177.83
9082,2024-03-28 01:35:51,3104,DL,14869,12478,3,1450.18
9083,2024-03-30 13:18:58,2822,DL,11193,12892,2,465.92
9084,2024-03-09 19:35:27,3823,DL,11193,12892,2,1003.08
9085,2024-08-14 10:32:36,3364,UA,10397,12892,3,512.05
9086,2024-02-06 04:51:24,1921,DL,15016,11433,2,854.79
9087,2025-01-15 09:04:49,1661,DL,15016,11433,1,213.32
9088,2025-02-27 05:23:53,4025,DL,14057,14869,2,649.6
9089,2025-02-03 11:37:24,1048,WN,13303,12478,2,650.23
9090,2024-01-30 12:54:38,2665,DL,14057,14869,4,859.76
9091,2025-07-02 11:39:16,2229,WN,13303,12478,3,1544.64
9092,2025-06-16 09:28:17,1743,DL,10397,15016,3,1722.63
9093,2025-01-04 14:20:20,1183,DL,14057,14869,4,1520.35
9094,2025-01-06 16:42:55,3318,DL,10397,15016,2,319.97
9095,2025-07-25 06:01:15,2463,WN,13303,12478,3,1148.52
9096,2024-11-16 09:41:10,2502,AA,12892,10397,4,1883.98
9097,2025-07-11 03:52:02,3664,UA,10397,12892,3,1027.04
9098,2024-09-26 14:11:17,2287,UA,10397,12892,1,380.68
9099,2025-05-13 02:39:36,3071,DL,12266,10397,2,1048.24
9100,2025-04-20 20:10:00,2902,DL,14869,12478,2,1113.56
9101,2024-06-20 21:35:51,4796,WN,13303,12478,3,834.55
9102,2025-05-09 18:48:58,3722,UA,10397,12892,2,1177.43
9103,2025-06-21 21:59:40,2857,DL,15016,11433,2,876.11
9104,2025-08-11 12:17:30,2609,UA,10397,12892,3,1049.22
9105,2025-07-08 10:26:53,3933,WN,13303,12478,4,1818.82
9106,2025-07-26 04:33:34,4543,DL,11193,12892,4,1362.7
9107,2025-03-08 17:33:39,3774,DL,15016,11433,3,933.83
9108,2025-02-14 18:27:37,1887,DL,11193,12892,1,452.27
9109,2025-10-19 10:17:14,2170,DL,14057,14869,1,425.15
9110,2024-01-26 09:49:52,1149,AA,12892,10397,4,859.86
9111,2024-03-11 03:53:07,2654,DL,10397,15016,3,1273.47
9112,2024-08-04 03:53:42,3212,UA,10397,12892,3,1543.78
9113,2024-04-11 06:43:06,1046,DL,12266,10397,3,1103.73
9114,2025-10-19 04:01:51,1650,AA,12892,10397,4,2234.75
9115,2024-05-15 21:39:32,4847,DL,11433,13303,1,244.04
9116,2024-08-01 23:50:52,3980,DL,14057,14869,2,440.09
9117,2025-06-05 16:50:30,1654,DL,11193,12892,1,511.14
9118,2025-05-20 08:59:24,1291,DL,14057,14869,1,205.08
9119,2024-11-20 02:03:14,1591,DL,14869,12478,2,393.93
9120,2024-12-20 06:16:16,1731,DL,11193,12892,3,1326.22
9121,2024-08-27 21:53:40,4867,AA,12892,10397,4,1143.98
9122,2025-03-02 15:36:40,2762,UA,10397,12892,1,538.96
9123,2024-01-16 07:05:36,2093,DL,15016,11433,1,271.36
9124,2024-01-02 20:44:29,2774,DL,15016,11433,4,1174.16
9125,2025-03-21 14:00:02,3618,WN,13303,12478,1,348.82
9126,2024-07-05 19:13:28,4551,AA,12892,10397,1,268.18
9127,2025-02-19 12:50:10,4704,WN,13303,12478,1,233.53
9128,2025-08-09 13:00:59,4650,DL,10397,15016,4,722.82
9129,2025-02-26 10:32:09,3085,UA,10397,12892,1,314.45
9130,2025-06-13 20:26:33,2234,DL,10397,15016,1,369.36
9131,2025-08-20 02:13:07,4233,DL,12266,10397,2,739.5
9132,2024-09-17 17:31:52,3993,AA,12892,10397,1,447.25
9133,2025-04-15 01:43:41,4407,DL,14869,12478,4,2322.52
9134,2024-08-12 04:03:16,3164,UA,10397,12892,2,449.77
9135,2025-05-07 14:36:44,2587,DL,14057,14869,2,1086.55
9136,2024-08-02 05:11:56,1053,UA,10397,12892,2,565.79
9137,2024-03-15 23:11:14,4502,DL,14869,12478,4,1724.54
9138,2024-08-23 08:01:32,3153,AA,12892,10397,1,315.95
9139,2025-02-13 01:34:33,2190,UA,10397,12892,4,1738.77
9140,2025-10-13 02:24:30,2189,DL,15016,11433,1,439.77
9141,2024-06-20 13:58:56,3376,DL,11193,12892,3,483.93
9142,2024-12-13 03:15:12,1891,DL,14057,14869,3,1097.59
9143,2025-01-17 08:19:48,2459,DL,15016,11433,1,306.71
9144,2024-11-01 17:18:24,3838,DL,11433,13303,4,1086.61
9145,2024-10-09 15:18:33,4315,DL,12266,10397,2,527.41
9146,2024-02-20 20:55:24,3774,DL,12266,10397,3,1282.78
9147,2024-02-28 16:55:27,1888,DL,12266,10397,3,1663.91
9148,2025-02-11 01:45:11,3654,WN,13303,12478,3,725.48
9149,2025-01-21 14:45:15,1672,DL,10397,15016,4,2260.05
9150,2024-11-05 21:12:09,3541,DL,11193,12892,4,789.4
9151,2024-07-01 08:23:43,3416,DL,14057,14869,1,245.11
9152,2025-06-04 00:25:39,4337,DL,14869,12478,1,365.66
9153,2024-12-11 23:51:13,4758,DL,12266,10397,3,1139.67
9154,2024-11-15 00:01:38,3241,UA,10397,12892,3,890.6
9155,2025-09-26 12:29:00,3916,DL,14057,14869,3,490.43
9156,2024-04-08 22:39:10,1023,DL,12266,10397,1,162.79
9157,2025-09-26 18:27:11,2501,DL,11433,13303,2,553.72
9158,2024-05-07 21:59:49,4729,DL,12266,10397,4,1097.86
9159,2024-05-16 11:13:41,2935,WN,13303,12478,4,2081.19
9160,2025-04-23 12:08:07,3716,WN,13303,12478,3,870.04
9161,2024-12-25 16:15:55,1309,DL,12266,10397,2,420.0
9162,2025-10-05 21:44:46,1411,DL,12266,10397,1,364.99
9163,2025-09-04 04:00:03,1038,DL,10397,15016,2,605.61
9164,2025-09-19 21:36:59,4221,DL,11193,12892,4,1284.48
9165,2025-04-07 04:51:07,3075,DL,14057,14869,4,685.22
9166,2024-12-17 09:20:48,4788,DL,12266,10397,1,576.35
9167,2024-11-02 16:25:25,2975,DL,10397,15016,4,1696.0
9168,2024-05-22 04:23:37,1065,AA,12892,10397,3,1182.77
9169,2025-06-02 21:48:17,4436,UA,10397,12892,1,272.37
9170,2025-02-05 21:22:56,4599,DL,11193,12892,4,1312.36
9171,2025-07-14 07:04:47,3900,UA,10397,12892,2,969.99
9172,2024-05-22 09:42:16,4304,DL,14057,14869,2,507.97
9173,2025-04-08 03:46:40,1062,DL,10397,15016,1,566.93
9174,2025-05-22 23:19:10,4747,DL,11433,13303,2,397.82
9175,2024-06-23 14:33:41,4825,WN,13303,12478,1,421.96
9176,2025-03-18 14:27:57,4533,UA,10397,12892,2,694.68
9177,2025-04-28 11:32:49,1689,DL,14057,14869,4,1366.42
9178,2024-02-03 05:05:52,4296,DL,14869,12478,1,370.0
9179,2025-03-05 14:13:42,1237,WN,13303,12478,1,215.38
9180,2024-10-29 16:45:45,3285,DL,11193,12892,2,1023.2
9181,2024-03-29 20:03:58,3382,DL,11193,12892,3,1770.88
9182,2025-10-24 12:05:03,1242,DL,10397,15016,1,178.8
9183,2024-12-24 02:06:37,2922,DL,11433,13303,2,1095.89
9184,2025-06-29 12:58:10,3334,DL,11193,12892,3,774.5
9185,2024-02-19 20:59:52,2706,DL,15016,11433,3,1578.82
9186,2025-04-13 11:55:00,1095,AA,12892,10397,3,1255.74
9187,2025-06-03 17:54:42,1447,UA,10397,12892,2,1032.55
9188,2024-05-06 19:10:55,4441,DL,12266,10397,4,1085.39
9189,2024-10-21 18:29:21,2149,DL,10397,15016,3,715.28
9190,2025-07-19 02:47:57,1704,DL,15016,11433,2,397.06
9191,2025-08-13 16:56:53,4741,DL,10397,15016,2,1022.15
9192,2024-08-20 12:01:52,4957,DL,15016,11433,3,933.29
9193,2024-06-29 20:13:41,4827,AA,12892,10397,1,414.12
9194,2024-07-27 20:41:30,3918,UA,10397,12892,4,1575.97
9195,2025-08-18 03:10:46,2980,DL,11193,12892,2,1156.21
9196,2024-10-16 23:55:59,1970,DL,14869,12478,3,1254.89
9197,2024-07-15 11:39:31,4256,DL,15016,11433,1,465.89
9198,2025-03-06 14:17:55,2856,DL,12266,10397,4,1191.58
9199,2025-03-16 19:34:33,2927,DL,15016,11433,3,786.03
9200,2024-08-07 07:34:50,4353,WN,13303,12478,2,865.33
9201,2025-10-12 13:54:55,1020,DL,14057,14869,1,570.66
9202,2024-12-02 02:04:30,3691,UA,10397,12892,2,946.33
9203,2025-04-04 03:14:17,1595,DL,14869,12478,1,289.32
9204,2025-04-20 11:04:54,3647,DL,14869,12478,3,1495.74
9205,2025-10-29 21:49:25,3490,DL,12266,10397,1,421.28
9206,2024-01-18 18:32:29,2767,WN,13303,12478,2,848.53
9207,2025-05-28 05:43:40,3908,DL,11193,12892,2,339.5
9208,2025-02-20 19:34:46,3690,DL,11433,13303,3,608.56
9209,2025-02-17 09:34:53,1722,WN,13303,12478,4,665.15
9210,2024-07-19 14:22:41,1560,DL,14057,14869,3,999.93
9211,2025-07-25 00:36:31,3950,DL,14869,12478,2,967.76
9212,2025-09-20 11:48:11,3303,UA,10397,12892,1,247.68
9213,2025-01-04 23:03:03,2743,DL,14869,12478,1,496.45
9214,2025-01-28 05:25:12,3697,WN,13303,12478,2,781.8
9215,2025-03-26 01:46:00,3305,DL,11433,13303,4,920.62
9216,2024-09-18 04:04:49,1584,DL,11193,12892,4,1868.44
9217,2025-08-04 12:23:19,1974,DL,12266,10397,3,1540.9
9218,2024-08-10 09:48:54,1164,UA,10397,12892,1,264.98
9219,2025-07-12 10:06:00,2233,UA,10397,12892,1,366.54
9220,2024-06-02 09:37:14,3753,DL,11193,12892,2,801.34
9221,2024-09-06 15:40:59,4124,WN,13303,12478,4,1613.48
9222,2024-10-17 07:32:02,2821,AA,12892,10397,3,968.03
9223,2024-02-28 09:11:15,2812,DL,11433,13303,1,539.77
9224,2024-03-23 01:00:35,2984,DL,14869,12478,4,1067.24
9225,2025-05-31 06:51:39,3727,DL,11193,12892,3,1352.34
9226,2025-03-20 09:13:19,3623,DL,10397,15016,4,1032.99
9227,2024-08-25 07:19:11,3231,DL,14057,14869,4,1484.15
9228,2025-08-09 16:53:26,4378,DL,15016,11433,3,1544.47
9229,2024-11-01 05:38:36,2199,DL,14869,12478,1,483.5
9230,2025-01-15 18:05:59,2750,DL,14057,14869,3,1653.98
9231,2024-11-10 07:27:13,2631,DL,11193,12892,2,1105.93
9232,2025-08-12 06:56:03,3832,WN,13303,12478,4,1904.72
9233,2024-05-14 15:23:30,1074,DL,14057,14869,1,362.13
9234,2025-03-28 15:39:19,2338,DL,12266,10397,4,685.29
9235,2025-06-18 01:14:30,1562,DL,10397,15016,2,1182.45
9236,2024-03-07 04:14:00,4696,DL,14869,12478,4,1895.61
9237,2025-03-07 11:10:48,1135,DL,15016,11433,2,1140.61
9238,2025-06-29 18:12:03,3313,WN,13303,12478,2,714.78
9239,2025-08-05 11:08:44,4113,DL,15016,11433,1,248.18
9240,2025-03-30 17:49:28,2908,DL,11433,13303,4,1084.88
9241,2024-06-13 15:23:21,2256,DL,15016,11433,1,194.35
9242,2025-02-26 12:37:22,3085,AA,12892,10397,4,1546.1
9243,2024-12-23 14:25:45,2554,DL,11433,13303,3,1392.89
9244,2024-09-22 22:13:34,2770,DL,14869,12478,1,398.58
9245,2025-04-30 11:46:49,3007,UA,10397,12892,2,545.33
9246,2024-03-17 04:13:31,1037,AA,12892,10397,2,1169.49
9247,2025-09-01 11:14:59,4894,DL,14869,12478,3,492.12
9248,2024-09-12 16:08:59,4131,WN,13303,12478,1,184.14
9249,2025-02-06 14:07:57,2988,WN,13303,12478,2,502.43
9250,2024-03-31 13:04:51,4990,DL,11193,12892,2,595.09
9251,2025-08-15 01:30:04,2610,DL,11193,12892,1,549.52
9252,2024-07-07 05:54:59,1359,DL,15016,11433,4,906.41
9253,2025-01-24 19:31:57,3284,DL,14057,14869,4,635.72
9254,2024-06-05 22:34:49,1086,DL,11433,13303,2,550.11
9255,2025-10-10 12:45:09,2288,DL,12266,10397,4,1095.92
9256,2024-01-16 00:11:57,1409,AA,12892,10397,1,396.31
9257,2025-09-29 02:55:39,4826,DL,15016,11433,1,481.82
9258,2024-03-02 14:02:32,4061,DL,14869,12478,1,207.57
9259,2024-02-25 13:49:54,1071,UA,10397,12892,4,1451.88
9260,2024-01-25 20:53:54,1080,DL,12266,10397,3,1432.19
9261,2024-08-29 07:15:24,2933,DL,14057,14869,4,1248.95
9262,2024-01-31 03:38:41,2448,DL,14869,12478,1,504.32
9263,2025-06-19 13:52:57,4604,DL,15016,11433,4,2202.74
9264,2024-05-24 21:49:05,1341,DL,11433,13303,2,937.03
9265,2025-07-23 13:26:05,3089,DL,14057,14869,1,350.82
9266,2024-12-05 13:29:55,4735,DL,14869,12478,4,757.71
9267,2025-04-12 04:58:10,2509,DL,11433,13303,3,1733.91
9268,2024-04-04 20:06:57,3099,DL,14869,12478,1,329.43
9269,2025-07-07 11:13:06,4190,DL,14057,14869,1,205.7
9270,2025-10-15 17:48:41,4822,DL,14869,12478,4,1074.3
9271,2024-12-22 15:14:49,4770,DL,15016,11433,2,406.21
9272,2024-02-23 03:38:25,4121,DL,15016,11433,4,881.61
9273,2025-02-02 15:37:11,3685,DL,14869,12478,2,373.74
9274,2024-09-19 04:18:28,2565,WN,13303,12478,1,274.33
9275,2024-08-23 03:00:21,3240,WN,13303,12478,4,1751.63
9276,2025-04-20 20:55:05,1739,DL,12266,10397,3,1056.01
9277,2025-10-29 16:30:51,1500,WN,13303,12478,2,692.92
9278,2024-12-17 03:29:48,1780,DL,12266,10397,3,1021.69
9279,2024-07-02 17:43:12,1813,DL,15016,11433,2,1172.17
9280,2025-07-05 11:28:09,1290,DL,14057,14869,2,474.29
9281,2025-01-30 19:51:24,1843,DL,14869,12478,2,608.67
9282,2024-01-20 02:49:43,2177,AA,12892,10397,1,495.82
9283,2025-03-11 21:10:07,3599,DL,11193,12892,2,525.92
9284,2024-07-26 07:35:34,4021,AA,12892,10397,3,568.99
9285,2025-03-03 10:00:28,4233,UA,10397,12892,2,879.59
9286,2025-02-11 04:17:42,1639,DL,14057,14869,1,406.21
9287,2024-09-26 15:27:39,1925,DL,11193,12892,4,1276.09
9288,2024-01-17 01:46:22,4711,UA,10397,12892,2,1127.43
9289,2025-10-09 06:47:45,2835,UA,10397,12892,3,1237.27
9290,2024-08-23 22:07:30,2603,DL,12266,10397,1,374.91
9291,2025-08-26 12:56:55,2183,AA,12892,10397,3,804.16
9292,2025-01-22 18:48:04,1640,DL,14869,12478,1,475.33
9293,2024-12-01 20:27:22,3221,DL,14057,14869,3,1019.94
9294,2025-09-27 14:45:39,1750,UA,10397,12892,1,474.25
9295,2024-08-12 07:02:05,2742,DL,11433,13303,3,1470.41
9296,2024-07-08 06:01:21,3157,DL,15016,11433,4,1618.5
9297,2025-06-25 16:02:51,2339,DL,11193,12892,2,848.09
9298,2024-11-20 05:27:21,1644,DL,11193,12892,1,265.24
9299,2024-05-30 19:55:30,4696,DL,11193,12892,4,2088.73
9300,2024-02-12 05:32:40,1130,DL,14057,14869,1,480.08
9301,2024-10-17 09:00:43,2922,DL,12266,10397,4,1722.12
9302,2024-03-05 00:17:11,1293,WN,13303,12478,2,392.61
9303,2025-03-22 01:27:49,4528,DL,10397,15016,1,514.75
9304,2024-02-07 14:54:59,2516,DL,12266,10397,4,1016.18
9305,2024-11-25 00:19:21,2129,DL,14057,14869,4,614.89
9306,2024-05-28 22:51:58,4432,DL,12266,10397,2,1185.21
9307,2025-07-25 14:39:50,3988,DL,11193,12892,4,2244.97
9308,2024-02-15 22:06:28,4580,DL,10397,15016,1,476.93
9309,2024-12-21 05:24:01,2052,DL,12266,10397,3,1783.92
9310,2025-03-05 12:20:13,3385,DL,12266,10397,3,790.37
9311,2024-09-29 20:48:53,1092,AA,12892,10397,3,1493.15
9312,2024-05-09 02:08:49,4724,AA,12892,10397,3,1194.28
9313,2024-12-30 18:02:45,1943,DL,14057,14869,2,619.25
9314,2025-06-29 04:47:13,2716,WN,13303,12478,4,1526.55
9315,2024-09-29 12:31:41,2170,DL,14869,12478,3,1114.49
9316,2024-12-05 03:47:03,4035,DL,11433,13303,2,1159.05
9317,2024-01-20 15:05:39,3408,DL,14057,14869,1,167.95
9318,2025-05-07 22:39:00,1015,DL,15016,11433,1,563.31
9319,2025-09-19 00:50:12,2535,DL,14057,14869,4,863.41
9320,2024-07-21 16:13:02,1505,WN,13303,12478,3,991.75
9321,2024-12-30 23:55:27,1503,AA,12892,10397,3,1749.75
9322,2025-10-19 23:56:30,4090,AA,12892,10397,3,1540.67
9323,2025-03-16 23:25:27,3896,UA,10397,12892,3,1391.68
9324,2024-11-25 15:51:16,3550,DL,15016,11433,4,1074.41
9325,2024-11-29 12:56:00,1849,UA,10397,12892,2,645.73
9326,2025-10-08 07:28:41,1515,DL,10397,15016,4,629.09
9327,2025-10-20 11:18:30,1117,DL,15016,11433,2,421.37
9328,2024-12-01 09:51:44,1849,DL,12266,10397,1,471.57
9329,2024-12-08 15:58:01,4671,DL,11193,12892,2,895.26
9330,2024-07-20 09:37:21,1908,DL,15016,11433,3,1519.54
9331,2024-05-18 23:45:25,4388,DL,10397,15016,3,1141.22
9332,2024-08-13 06:42:12,1453,DL,14869,12478,3,1420.33
9333,2025-10-06 17:26:22,2976,DL,10397,15016,4,1701.5
9334,2024-07-13 15:20:45,2770,DL,12266,10397,2,817.68
9335,2025-04-20 15:19:02,2703,WN,13303,12478,1,196.76
9336,2025-10-07 03:18:54,1475,AA,12892,10397,2,956.91
9337,2024-04-12 04:14:35,4315,WN,13303,12478,4,1816.12
9338,2025-07-14 12:02:10,3657,DL,12266,10397,4,990.24
9339,2024-06-23 21:09:38,1465,WN,13303,12478,2,1193.22
9340,2025-09-24 11:11:08,4627,DL,11193,12892,3,669.97
9341,2025-01-16 16:05:01,3115,DL,11433,13303,2,733.15
9342,2024-05-03 06:48:36,3573,DL,15016,11433,4,2099.22
9343,2024-10-13 21:43:26,1559,DL,11193,12892,2,388.14
9344,2025-08-29 22:41:45,1755,UA,10397,12892,3,826.92
9345,2024-05-04 09:30:46,1286,DL,14057,14869,1,466.44
9346,2024-05-28 06:13:07,1768,DL,12266,10397,2,655.49
9347,2024-05-14 22:36:32,3792,DL,14057,14869,4,2162.56
9348,2025-07-31 03:56:59,4590,DL,10397,15016,2,879.4
9349,2025-07-09 16:43:02,3268,UA,10397,12892,2,877.62
9350,2024-04-01 04:39:23,3442,AA,12892,10397,4,1363.85
9351,2025-01-30 06:51:38,4194,DL,12266,10397,1,379.77
9352,2024-02-11 23:31:23,2724,DL,14869,12478,1,358.7
9353,2025-03-04 12:22:38,3837,AA,12892,10397,1,568.39
9354,2025-08-25 12:57:17,2358,DL,10397,15016,1,352.72
9355,2024-11-07 01:25:49,4410,DL,12266,10397,3,921.27
9356,2025-09-25 05:14:07,3535,UA,10397,12892,3,1725.3
9357,2024-01-23 02:02:28,3667,WN,13303,12478,3,1433.66
9358,2024-11-28 09:20:39,2736,DL,11193,12892,4,1179.65
9359,2024-05-31 16:13:42,4190,DL,11193,12892,2,781.71
9360,2024-11-25 19:35:55,4624,DL,14057,14869,2,759.0
9361,2024-05-02 10:19:47,3938,UA,10397,12892,1,279.65
9362,2024-11-04 18:04:29,1642,UA,10397,12892,3,908.31
9363,2024-12-07 04:33:18,2008,WN,13303,12478,3,1463.9
9364,2024-01-18 01:13:53,1379,DL,12266,10397,4,2268.15
9365,2025-04-30 17:03:01,3652,DL,14057,14869,1,394.19
9366,2024-09-08 17:28:43,3713,DL,14869,12478,1,382.98
9367,2025-05-20 17:24:57,4504,DL,12266,10397,4,1904.69
9368,2025-03-01 17:55:18,1818,DL,14869,12478,3,1303.74
9369,2025-05-22 09:47:31,3628,DL,14057,14869,1,424.34
9370,2024-12-14 16:43:19,3289,DL,10397,15016,1,380.45
9371,2024-10-21 06:18:23,4369,WN,13303,12478,1,471.28
9372,2024-02-05 00:21:27,1888,UA,10397,12892,2,955.58
9373,2025-04-27 01:10:26,3414,DL,11193,12892,1,326.63
9374,2025-01-17 12:11:20,4648,DL,10397,15016,3,1406.45
9375,2024-05-01 11:58:04,2871,AA,12892,10397,4,1834.41
9376,2024-03-23 23:24:25,1783,DL,10397,15016,4,1680.76
9377,2025-02-24 00:47:39,1050,DL,14057,14869,2,346.4
9378,2024-10-24 22:37:15,2582,DL,15016,11433,2,1097.41
9379,2024-01-12 13:12:22,4085,DL,11433,13303,2,553.6
9380,2024-05-03 20:56:19,3216,WN,13303,12478,3,822.73
9381,2024-05-20 17:58:29,2722,AA,12892,10397,2,301.46
9382,2024-03-17 20:03:22,2999,WN,13303,12478,4,1725.63
9383,2024-05-11 06:03:42,2146,WN,13303,12478,4,1561.12
9384,2024-11-21 23:27:19,4465,AA,12892,10397,2,1011.91
9385,2025-10-28 08:24:40,1041,UA,10397,12892,3,1051.27
9386,2024-07-14 13:39:43,1347,DL,14869,12478,4,975.62
9387,2025-07-02 22:01:44,1226,UA,10397,12892,2,338.11
9388,2025-10-25 16:19:50,1226,DL,14869,12478,4,1997.77
9389,2025-06-26 21:56:44,3103,AA,12892,10397,1,183.24
9390,2025-02-24 17:08:12,4441,DL,14057,14869,3,1395.35
9391,2024-01-31 06:47:02,3639,DL,14057,14869,3,1756.58
9392,2025-07-15 03:29:05,4054,DL,11433,13303,1,265.41
9393,2024-04-06 23:39:23,4759,DL,10397,15016,3,1798.74
9394,2025-10-11 16:04:34,4112,DL,10397,15016,2,1019.52
9395,2025-01-13 01:33:36,1536,WN,13303,12478,1,474.12
9396,2024-12-12 04:30:44,4878,DL,14057,14869,3,1485.91
9397,2024-07-18 07:27:09,1881,DL,14869,12478,1,359.22
9398,2025-09-05 19:17:34,3634,DL,11193,12892,3,645.49
9399,2024-05-05 03:57:52,3362,DL,15016,11433,4,856.65
9400,2024-06-08 05:20:49,4703,DL,10397,15016,1,264.41
9401,2024-05-08 23:04:20,1916,DL,10397,15016,3,1187.96
9402,2025-07-20 12:00:56,1403,DL,15016,11433,4,1935.64
9403,2024-11-20 19:55:14,2367,DL,14057,14869,3,1040.46
9404,2024-07-19 07:26:49,3869,DL,14869,12478,3,1692.12
9405,2024-10-10 17:21:35,3013,DL,15016,11433,2,716.08
9406,2025-10-09 10:49:47,4583,DL,10397,15016,3,1196.33
9407,2024-03-01 23:03:55,3522,DL,14057,14869,2,802.19
9408,2024-02-25 15:43:56,3378,UA,10397,12892,4,1625.8
9409,2025-05-27 02:51:12,1968,DL,14869,12478,3,1562.92
9410,2025-05-22 22:46:46,3557,DL,15016,11433,1,387.43
9411,2025-03-17 03:10:26,4802,WN,13303,12478,3,1686.15
9412,2024-05-21 08:52:10,3478,DL,11433,13303,4,2320.1
9413,2025-02-07 11:32:06,3914,DL,10397,15016,2,1132.86
9414,2025-08-05 12:39:11,3419,AA,12892,10397,2,941.98
9415,2024-05-08 21:43:47,1308,WN,13303,12478,3,1753.14
9416,2025-05-29 05:58:32,4236,DL,14869,12478,4,707.99
9417,2024-09-22 13:24:17,3763,UA,10397,12892,1,377.92
9418,2024-09-11 17:16:30,1686,DL,11193,12892,2,589.67
9419,2024-08-07 12:31:24,4604,WN,13303,12478,3,1234.38
9420,2024-09-05 15:02:19,4192,DL,11193,12892,2,654.96
9421,2024-04-10 19:19:43,3935,AA,12892,10397,4,2299.9
9422,2024-01-05 13:38:19,3226,DL,12266,10397,4,2063.92
9423,2025-02-06 07:35:47,3505,DL,14869,12478,1,520.76
9424,2024-01-24 10:50:40,4540,UA,10397,12892,2,737.31
9425,2024-07-02 03:52:25,1602,AA,12892,10397,4,920.88
9426,2025-02-15 23:16:55,1002,DL,15016,11433,3,790.8
9427,2024-01-14 23:07:40,1494,DL,14057,14869,3,618.67
9428,2025-05-03 05:39:34,1122,DL,14869,12478,3,1554.67
9429,2025-03-02 01:50:57,1281,WN,13303,12478,2,663.76
9430,2025-05-24 10:59:42,1571,UA,10397,12892,2,573.07
9431,2025-04-03 13:41:46,2352,DL,11433,13303,3,637.75
9432,2024-03-17 13:08:46,2320,UA,10397,12892,3,1171.13
9433,2024-10-19 20:17:16,3859,AA,12892,10397,3,984.11
9434,2025-01-14 18:34:02,2024,DL,14869,12478,3,619.18
9435,2025-08-30 15:02:22,3734,UA,10397,12892,1,268.08
9436,2024-12-23 10:40:41,2439,DL,12266,10397,2,1104.01
9437,2024-11-18 09:14:37,1706,UA,10397,12892,4,2347.9
9438,2025-03-09 23:47:56,1036,WN,13303,12478,3,1762.17
9439,2025-01-17 01:44:39,2545,DL,10397,15016,1,548.65
9440,2024-08-13 13:03:41,1421,WN,13303,12478,2,360.94
9441,2025-03-21 20:12:52,2230,UA,10397,12892,3,1144.15
9442,2025-04-06 00:41:44,4231,DL,11433,13303,3,480.16
9443,2024-11-25 04:35:33,4570,DL,14869,12478,3,977.99
9444,2025-06-15 13:04:36,2307,AA,12892,10397,1,238.36
9445,2024-04-11 08:37:08,2786,UA,10397,12892,1,541.99
9446,2024-10-02 00:41:01,2961,AA,12892,10397,2,958.23
9447,2024-05-07 10:11:20,3462,WN,13303,12478,3,1188.72
9448,2024-10-22 02:41:46,2037,DL,15016,11433,2,1094.39
9449,2025-09-19 10:49:49,3607,DL,15016,11433,2,892.44
9450,2025-10-25 07:52:58,4752,DL,12266,10397,3,1099.95
9451,2024-10-08 13:58:41,3232,UA,10397,12892,2,606.77
9452,2025-03-24 06:56:23,1462,DL,12266,10397,4,1342.07
9453,2025-09-18 17:07:56,4638,DL,11433,13303,4,2399.16
9454,2025-06-23 10:16:05,1663,DL,11433,13303,3,1287.5
9455,2024-02-19 10:12:02,3513,AA,12892,10397,4,675.45
9456,2024-07-23 13:55:18,1656,DL,14869,12478,2,309.29
9457,2024-05-31 04:53:19,2692,DL,15016,11433,1,565.98
9458,2024-10-22 15:42:39,1497,WN,13303,12478,4,1620.77
9459,2024-03-18 12:10:48,3552,DL,10397,15016,4,2333.54
9460,2025-01-17 06:30:19,4354,DL,11433,13303,2,548.7
9461,2024-04-20 22:32:10,1524,AA,12892,10397,2,1055.03
9462,2025-09-18 17:00:17,4073,DL,12266,10397,1,580.75
9463,2025-05-17 11:13:27,3300,DL,10397,15016,3,1274.83
9464,2024-07-19 05:31:11,4067,DL,11193,12892,3,1477.51
9465,2024-06-01 23:28:37,3005,DL,10397,15016,1,197.53
9466,2025-01-26 02:07:01,3984,WN,13303,12478,2,714.95
9467,2025-03-02 06:09:16,3363,DL,14869,12478,3,626.5
9468,2025-01-11 14:38:19,4005,DL,11193,12892,1,253.04
9469,2025-09-14 17:23:37,4944,DL,11433,13303,1,152.24
9470,2024-08-07 00:01:59,2350,AA,12892,10397,1,234.32
9471,2025-07-15 01:01:32,1690,DL,12266,10397,2,343.66
9472,2024-11-15 21:54:16,1410,AA,12892,10397,1,298.31
9473,2024-06-24 07:02:30,4219,WN,13303,12478,2,512.87
9474,2024-08-09 02:39:12,4880,DL,15016,11433,3,1065.37
9475,2024-10-09 23:03:31,1839,DL,11193,12892,4,911.95
9476,2025-03-19 23:43:13,2056,UA,10397,12892,4,1471.85
9477,2024-12-31 17:25:49,3184,DL,11433,13303,4,938.66
9478,2024-09-20 03:21:02,2300,UA,10397,12892,4,2362.48
9479,2024-11-17 22:44:12,3727,DL,11193,12892,2,1153.32
9480,2024-11-22 12:19:24,2797,AA,12892,10397,1,413.78
9481,2024-04-26 23:38:06,1810,DL,10397,15016,3,918.1
9482,2024-12-07 10:46:30,1490,UA,10397,12892,3,1742.56
9483,2024-09-19 09:32:24,3302,DL,10397,15016,2,642.6
9484,2025-09-26 14:44:54,4821,DL,11193,12892,4,986.41
9485,2024-12-06 20:00:40,1832,DL,15016,11433,1,344.65
9486,2024-02-25 21:36:07,1346,DL,10397,15016,4,1704.89
9487,2024-11-17 21:23:40,2817,UA,10397,12892,1,243.96
9488,2024-10-21 06:10:32,3571,DL,11433,13303,3,1245.01
9489,2025-06-19 03:09:22,2390,DL,11193,12892,4,2138.38
9490,2025-08-08 02:53:03,1855,WN,13303,12478,2,1028.11
9491,2025-02-10 02:43:41,4718,DL,11433,13303,2,671.89
9492,2024-12-27 11:19:47,3957,DL,14869,12478,1,476.79
9493,2025-05-06 18:37:03,3369,DL,10397,15016,2,1017.95
9494,2024-05-15 17:42:10,3084,WN,13303,12478,2,529.87
9495,2024-02-16 20:26:33,1626,DL,12266,10397,3,713.84
9496,2024-11-28 13:18:05,3200,UA,10397,12892,1,235.22
9497,2025-02-19 14:43:02,1507,DL,14057,14869,3,1404.46
9498,2024-03-12 13:43:51,2979,AA,12892,10397,4,1756.14
9499,2024-11-30 02:16:11,1404,WN,13303,12478,4,911.17
9500,2024-01-18 23:25:57,3292,DL,12266,10397,4,807.39
9501,2025-06-04 00:06:21,1774,DL,14869,12478,3,1125.15
9502,2024-04-04 03:24:57,1365,DL,15016,11433,4,634.03
9503,2025-10-11 16:24:49,3689,DL,14869,12478,2,1050.08
9504,2025-03-07 19:53:16,3687,DL,11433,13303,3,769.59
9505,2024-03-17 18:11:28,1360,UA,10397,12892,1,325.29
9506,2025-04-02 01:14:32,4274,DL,14869,12478,4,1967.29
9507,2025-10-31 06:04:42,2015,UA,10397,12892,4,2038.65
9508,2025-10-06 21:49:15,2938,WN,13303,12478,3,1726.91
9509,2025-03-26 12:18:13,1381,DL,14057,14869,3,726.94
9510,2024-03-15 12:59:22,1146,AA,12892,10397,3,1400.55
9511,2024-08-06 13:00:20,2750,DL,11193,12892,4,1618.23
9512,2025-03-11 09:56:51,4690,AA,12892,10397,1,404.83
9513,2024-02-14 14:23:57,2969,DL,12266,10397,2,1107.78
9514,2025-10-22 04:54:47,2493,DL,11433,13303,4,616.58
9515,2024-01-10 13:30:27,3472,DL,11193,12892,3,1018.8
9516,2024-09-12 10:33:32,1266,DL,11193,12892,1,584.38
9517,2024-09-11 15:55:34,3666,DL,10397,15016,4,1002.14
9518,2024-06-22 02:03:04,4196,DL,10397,15016,4,1951.79
9519,2024-06-02 22:18:49,4760,DL,14057,14869,2,532.2
9520,2024-09-23 08:12:17,1778,DL,11433,13303,2,930.02
9521,2025-09-22 23:13:58,1991,DL,11193,12892,3,1167.97
9522,2025-08-23 03:42:46,4144,DL,14057,14869,1,571.35
9523,2025-06-23 12:07:32,3960,WN,13303,12478,4,1009.0
9524,2025-09-30 08:14:55,1259,DL,14057,14869,4,1219.82
9525,2025-09-20 02:38:58,1118,DL,14057,14869,3,701.81
9526,2025-07-19 08:17:04,4623,AA,12892,10397,3,1229.79
9527,2025-02-20 17:53:41,2286,AA,12892,10397,2,898.84
9528,2024-08-29 11:41:45,3293,WN,13303,12478,2,781.9
9529,2025-09-01 09:40:32,2293,DL,12266,10397,4,2064.06
9530,2025-10-20 14:52:15,3820,AA,12892,10397,3,1081.45
9531,2025-09-24 02:47:44,3876,DL,14869,12478,1,288.43
9532,2024-01-12 22:20:06,3874,DL,15016,11433,3,1756.77
9533,2025-09-08 17:42:15,1533,DL,11433,13303,3,960.12
9534,2025-07-03 07:35:27,2131,DL,11193,12892,4,1485.81
9535,2024-07-18 05:05:23,3046,DL,14869,12478,4,1971.74
9536,2024-09-29 17:24:02,1045,WN,13303,12478,2,493.02
9537,2024-07-31 09:44:24,3622,DL,12266,10397,4,705.11
9538,2025-01-06 21:58:19,3717,UA,10397,12892,4,838.73
9539,2024-07-16 00:13:17,1464,DL,14057,14869,2,1050.42
9540,2025-01-15 22:59:46,3401,DL,14869,12478,3,1596.87
9541,2025-07-09 19:28:52,1024,DL,14869,12478,1,476.94
9542,2025-04-18 00:31:22,1114,DL,15016,11433,1,252.37
9543,2025-02-21 16:40:14,1637,AA,12892,10397,3,1213.28
9544,2024-05-21 03:12:01,3399,DL,11193,12892,3,1399.94
9545,2024-02-29 10:28:39,1162,DL,12266,10397,1,168.72
9546,2025-03-03 21:46:20,4745,DL,12266,10397,2,630.09
9547,2025-07-07 22:27:00,3018,WN,13303,12478,2,936.61
9548,2024-09-19 17:31:54,1627,WN,13303,12478,3,745.23
9549,2024-01-20 19:13:45,4388,DL,11193,12892,3,1758.06
9550,2024-11-14 20:45:21,2725,DL,14057,14869,1,584.34
9551,2024-02-26 14:43:31,2538,DL,11193,12892,2,1156.1
9552,2025-06-06 05:15:16,3212,WN,13303,12478,3,813.94
9553,2024-01-14 20:57:02,3907,UA,10397,12892,3,799.19
9554,2025-09-17 01:52:35,1726,DL,11193,12892,1,255.67
9555,2024-05-29 19:06:48,3980,AA,12892,10397,3,955.14
9556,2024-02-24 07:02:05,4530,DL,10397,15016,2,955.68
9557,2024-02-23 09:18:44,1164,UA,10397,12892,2,897.67
9558,2024-05-13 10:25:56,4591,DL,12266,10397,3,614.26
9559,2025-04-11 06:32:00,3269,UA,10397,12892,2,1164.12
9560,2024-12-16 17:37:54,1152,WN,13303,12478,3,477.58
9561,2024-05-10 15:46:48,1315,DL,12266,10397,3,1686.69
9562,2024-04-03 11:24:40,2686,AA,12892,10397,1,348.08
9563,2025-09-23 01:18:51,3040,DL,11193,12892,3,1332.36
9564,2024-06-22 15:06:20,2327,DL,11433,13303,3,650.25
9565,2024-03-10 21:24:35,1507,DL,14057,14869,1,369.65
9566,2024-11-04 17:57:41,3907,UA,10397,12892,1,590.1
9567,2024-01-13 07:06:30,4284,DL,11193,12892,1,430.13
9568,2025-06-10 21:32:50,3098,DL,10397,15016,3,1767.68
9569,2024-05-05 07:45:36,1289,DL,11433,13303,3,850.55
9570,2024-06-22 08:18:51,1886,UA,10397,12892,3,471.01
9571,2025-02-06 13:44:58,1683,AA,12892,10397,2,569.09
9572,2024-07-23 10:50:49,1070,WN,13303,12478,1,434.67
9573,2024-11-24 00:26:50,4759,AA,12892,10397,3,1745.21
9574,2024-06-12 01:42:54,1311,DL,14057,14869,3,674.33
9575,2024-08-04 13:57:51,3713,DL,15016,11433,1,416.81
9576,2024-02-09 15:25:54,3280,DL,11433,13303,3,1537.88
9577,2025-05-16 15:22:08,4252,UA,10397,12892,1,548.73
9578,2024-03-09 04:39:42,3427,DL,10397,15016,2,1103.38
9579,2024-03-03 00:15:08,4871,DL,14057,14869,3,706.55
9580,2024-01-30 15:55:02,2572,DL,14869,12478,4,2277.2
9581,2025-08-09 08:41:39,4954,DL,11193,12892,1,483.16
9582,2024-11-17 12:42:46,3915,DL,12266,10397,3,626.67
9583,2024-08-29 18:16:57,4597,DL,15016,11433,2,761.71
9584,2024-01-25 18:18:42,1848,DL,14057,14869,4,680.58
9585,2025-01-10 13:37:15,3431,WN,13303,12478,3,497.85
9586,2024-07-05 11:10:28,3729,DL,15016,11433,4,1016.61
9587,2025-01-04 18:44:04,4357,AA,12892,10397,1,409.52
9588,2025-10-08 02:24:48,4901,DL,11193,12892,3,1772.45
9589,2025-05-16 14:41:45,3786,DL,11433,13303,2,1055.42
9590,2024-03-28 05:12:24,3734,DL,11193,12892,2,951.02
9591,2024-10-23 07:54:23,1776,DL,11433,13303,4,863.27
9592,2024-12-19 07:10:17,1150,DL,14057,14869,4,1191.95
9593,2024-06-02 16:41:17,4348,DL,14057,14869,3,1561.14
9594,2025-09-30 05:38:52,2207,DL,14057,14869,3,736.98
9595,2024-11-07 15:03:46,3371,WN,13303,12478,3,1145.43
9596,2025-02-14 21:56:03,2896,AA,12892,10397,2,841.14
9597,2024-05-31 04:37:17,1721,DL,15016,11433,3,615.75
9598,2024-01-16 01:29:18,1947,DL,11193,12892,3,1304.47
9599,2024-02-09 10:48:25,3951,DL,15016,11433,2,360.6
9600,2025-02-03 14:17:04,2693,DL,15016,11433,4,1990.66
9601,2024-03-04 14:27:29,2028,DL,11193,12892,1,570.0
9602,2024-04-25 12:04:28,1588,DL,10397,15016,1,282.95
9603,2025-05-30 20:13:38,4940,UA,10397,12892,2,353.67
9604,2024-04-16 06:13:54,4888,DL,12266,10397,4,1580.2
9605,2025-01-20 04:25:25,3076,AA,12892,10397,4,1213.94
9606,2025-06-07 22:02:26,4523,DL,11433,13303,3,732.6
9607,2025-10-06 09:39:31,3251,WN,13303,12478,1,257.24
9608,2024-02-13 17:23:00,4746,DL,14869,12478,4,858.26
9609,2025-05-31 09:33:24,1153,DL,11433,13303,2,1178.41
9610,2025-04-20 01:54:17,4484,WN,13303,12478,4,791.01
9611,2024-02-18 21:13:12,4033,DL,11193,12892,1,371.6
9612,2024-07-19 19:35:50,1249,DL,14869,12478,3,1377.53
9613,2024-01-15 18:34:56,2798,DL,11433,13303,1,416.77
9614,2025-05-21 06:06:12,1328,DL,14869,12478,2,621.44
9615,2024-07-19 02:57:48,1139,UA,10397,12892,1,492.61
9616,2025-10-06 08:23:15,3570,WN,13303,12478,2,866.74
9617,2024-02-05 16:41:55,3006,AA,12892,10397,2,614.9
9618,2024-02-01 03:21:15,2774,DL,10397,15016,1,484.42
9619,2025-07-16 06:26:08,1346,UA,10397,12892,2,564.85
9620,2025-09-07 10:33:50,1297,DL,12266,10397,3,744.95
9621,2024-06-20 13:49:37,2345,DL,14057,14869,1,466.57
9622,2024-09-23 06:43:08,1314,DL,10397,15016,3,1186.22
9623,2025-01-08 11:13:11,3615,DL,10397,15016,4,966.54
9624,2025-02-24 04:41:35,3416,DL,11193,12892,4,614.42
9625,2024-01-08 08:18:01,4397,DL,15016,11433,3,1018.4
9626,2025-08-03 09:00:55,3913,DL,15016,11433,4,2245.09
9627,2024-06-20 20:35:31,1203,DL,15016,11433,3,1394.54
9628,2025-09-10 09:52:05,1667,DL,12266,10397,4,982.44
9629,2024-02-25 18:09:58,4785,DL,14057,14869,4,2285.94
9630,2024-03-17 16:29:39,3303,DL,11193,12892,4,706.48
9631,2024-06-17 12:00:08,3057,DL,10397,15016,1,216.46
9632,2024-02-29 20:14:19,1431,AA,12892,10397,1,267.41
9633,2025-09-02 22:33:14,1008,DL,15016,11433,1,268.38
9634,2025-08-06 20:18:55,4531,DL,15016,11433,2,1030.24
9635,2024-12-06 17:34:35,4978,AA,12892,10397,2,712.67
9636,2025-03-21 18:45:52,4964,DL,15016,11433,2,495.64
9637,2025-06-30 20:05:52,1514,DL,10397,15016,1,394.23
9638,2025-03-30 12:15:01,1738,DL,11193,12892,3,1236.99
9639,2024-07-10 23:17:07,1058,AA,12892,10397,3,1414.38
9640,2025-06-01 17:46:51,2024,DL,11433,13303,3,1186.9
9641,2024-12-02 10:15:56,1263,DL,11433,13303,3,1707.96
9642,2025-02-27 18:03:21,2962,UA,10397,12892,3,1225.32
9643,2024-12-29 22:10:15,2303,DL,10397,15016,2,821.73
9644,2025-09-09 00:01:22,4174,DL,11193,12892,3,1276.32
9645,2025-10-15 07:42:38,3001,DL,14869,12478,3,504.94
9646,2024-12-08 19:21:13,1017,DL,12266,10397,3,1148.26
9647,2024-03-11 17:01:03,2702,DL,14869,12478,4,1279.48
9648,2024-04-14 16:03:11,3619,UA,10397,12892,3,980.0
9649,2025-02-08 07:22:27,4995,AA,12892,10397,2,429.02
9650,2025-04-16 05:21:23,2365,AA,12892,10397,4,654.53
9651,2024-02-13 17:14:11,3480,DL,11433,13303,3,1761.24
9652,2024-01-22 09:03:15,1014,UA,10397,12892,1,511.79
9653,2024-06-19 09:02:01,2827,WN,13303,12478,2,414.16
9654,2025-01-30 21:23:42,3746,DL,15016,11433,4,720.15
9655,2025-04-15 19:23:46,1113,DL,15016,11433,1,339.05
9656,2025-10-19 03:43:27,4304,DL,12266,10397,1,338.92
9657,2025-03-21 02:47:59,1204,DL,15016,11433,3,789.99
9658,2025-02-09 22:34:04,3365,DL,14869,12478,3,731.4
9659,2024-10-17 04:04:13,1079,DL,14869,12478,1,516.13
9660,2024-06-22 11:31:36,2887,DL,14869,12478,1,189.95
9661,2024-08-10 11:01:16,2745,AA,12892,10397,1,294.52
9662,2024-02-28 12:18:30,1114,UA,10397,12892,4,2372.72
9663,2024-07-12 22:54:26,1293,WN,13303,12478,2,572.23
9664,2025-02-08 11:41:01,3276,UA,10397,12892,3,1797.28
9665,2024-09-12 02:32:58,1003,DL,14057,14869,3,1390.72
9666,2024-09-30 06:39:45,1024,DL,11193,12892,3,1051.81
9667,2024-10-26 08:23:14,3451,DL,15016,11433,2,491.67
9668,2024-02-12 09:20:08,1543,WN,13303,12478,4,1273.21
9669,2025-06-08 00:12:53,2405,DL,12266,10397,1,379.54
9670,2025-10-13 09:35:15,1223,AA,12892,10397,2,558.11
9671,2024-02-06 11:39:15,2219,DL,11433,13303,4,2025.07
9672,2025-05-10 15:11:39,2425,WN,13303,12478,3,527.83
9673,2025-06-09 16:26:43,1050,DL,11433,13303,3,853.26
9674,2024-09-19 04:40:23,2860,DL,10397,15016,1,293.06
9675,2024-07-11 07:09:59,3981,DL,11433,13303,2,678.35
9676,2025-08-01 08:41:42,4242,WN,13303,12478,2,384.71
9677,2025-10-15 21:02:31,3014,DL,10397,15016,1,478.27
9678,2024-04-02 05:38:01,1449,DL,10397,15016,2,527.67
9679,2024-07-05 09:14:55,2396,DL,11193,12892,3,1576.79
9680,2024-01-15 16:09:09,2473,DL,15016,11433,1,405.11
9681,2025-03-08 09:31:29,1602,WN,13303,12478,4,1413.12
9682,2024-07-05 20:28:14,4556,DL,11433,13303,2,350.57
9683,2025-09-09 16:20:48,3703,DL,11433,13303,4,1239.33
9684,2024-09-05 06:23:51,4079,DL,14869,12478,2,840.1
9685,2024-06-11 12:06:35,4956,DL,15016,11433,4,1422.22
9686,2025-08-24 12:29:13,2510,DL,12266,10397,1,373.77
9687,2024-03-23 19:30:24,4635,WN,13303,12478,1,558.93
9688,2025-02-21 07:11:15,3691,UA,10397,12892,1,466.36
9689,2024-07-14 03:30:36,2168,AA,12892,10397,2,792.09
9690,2024-08-12 18:25:43,2738,DL,10397,15016,1,231.61
9691,2024-07-02 02:09:01,1749,AA,12892,10397,4,2055.95
9692,2024-12-10 13:24:45,4396,DL,12266,10397,3,767.43
9693,2025-05-20 21:58:17,1469,DL,14057,14869,4,603.08
9694,2024-03-22 18:22:02,1265,DL,10397,15016,2,1021.13
9695,2025-08-04 16:34:10,1644,DL,10397,15016,2,890.74
9696,2025-01-21 10:14:37,3015,DL,14057,14869,3,1364.6
9697,2024-03-28 15:51:50,3841,AA,12892,10397,1,171.12
9698,2024-08-05 05:22:16,2025,AA,12892,10397,2,442.83
9699,2025-02-10 04:33:18,3825,DL,11193,12892,4,1393.68
9700,2025-06-25 00:03:38,3100,DL,12266,10397,2,804.18
9701,2024-04-02 05:14:59,1657,DL,14057,14869,1,379.11
9702,2024-10-24 04:27:12,4274,DL,14057,14869,1,569.19
9703,2025-03-11 12:31:25,4876,DL,11433,13303,2,781.23
9704,2024-07-24 19:52:48,3556,DL,12266,10397,3,958.72
9705,2025-03-23 06:34:28,1993,WN,13303,12478,4,1521.38
9706,2025-09-23 05:20:24,4157,DL,14057,14869,3,1447.46
9707,2024-04-22 09:12:51,1113,UA,10397,12892,2,379.55
9708,2025-05-28 06:44:50,2021,DL,11193,12892,1,377.06
9709,2024-02-29 05:06:25,3732,DL,12266,10397,4,1296.26
9710,2025-03-28 06:16:15,2002,WN,13303,12478,3,1583.08
9711,2025-09-26 22:21:47,2299,DL,15016,11433,3,1414.65
9712,2025-08-23 17:49:53,3073,DL,14057,14869,3,714.28
9713,2025-10-25 15:00:55,1239,DL,15016,11433,4,2103.8
9714,2024-04-06 08:01:12,4924,DL,10397,15016,1,574.87
9715,2024-01-21 16:41:30,3208,DL,14057,14869,4,1165.59
9716,2024-06-17 15:13:26,4015,DL,15016,11433,3,695.48
9717,2024-01-10 03:11:53,2516,DL,10397,15016,1,243.22
9718,2024-11-07 17:28:21,3645,DL,14869,12478,3,1666.79
9719,2024-09-18 17:05:46,2567,DL,11433,13303,3,1718.98
9720,2025-05-20 19:30:16,4204,DL,11193,12892,4,1907.96
9721,2025-09-25 08:25:48,4584,WN,13303,12478,1,264.14
9722,2024-06-07 20:57:50,3992,DL,14057,14869,3,1273.05
9723,2024-06-29 22:52:30,4809,DL,14057,14869,1,554.6
9724,2025-08-24 11:54:10,1595,DL,15016,11433,3,549.31
9725,2024-12-25 03:07:30,2165,DL,12266,10397,2,627.6
9726,2025-09-13 23:52:18,4164,DL,10397,15016,4,1561.99
9727,2024-11-29 07:27:11,2319,AA,12892,10397,1,154.68
9728,2024-10-28 02:03:37,2677,DL,10397,15016,1,431.91
9729,2024-09-14 11:39:04,1445,UA,10397,12892,3,794.82
9730,2025-05-23 18:28:03,2873,DL,14057,14869,4,639.55
9731,2025-07-22 11:28:09,3026,DL,14057,14869,1,224.87
9732,2025-09-27 00:13:44,2187,DL,12266,10397,1,472.86
9733,2025-05-05 11:47:33,2560,DL,15016,11433,1,411.27
9734,2024-06-07 05:00:55,4783,UA,10397,12892,3,1709.81
9735,2024-02-17 04:06:58,2844,DL,14057,14869,3,1188.92
9736,2024-06-17 12:00:31,1848,DL,12266,10397,3,855.91
9737,2025-04-08 07:10:16,3017,DL,11433,13303,1,188.71
9738,2025-10-25 19:25:49,1836,DL,14869,12478,2,714.78
9739,2025-04-12 15:55:46,4961,DL,14869,12478,3,1041.19
9740,2024-03-22 15:32:55,4227,WN,13303,12478,4,2348.19
9741,2025-01-15 02:18:28,2976,DL,11193,12892,2,941.39
9742,2024-02-02 16:57:27,2203,AA,12892,10397,1,554.15
9743,2025-01-16 16:29:04,3115,DL,15016,11433,3,1580.99
9744,2024-10-16 15:34:41,1832,UA,10397,12892,1,175.71
9745,2024-02-23 05:46:24,4877,AA,12892,10397,4,1925.2
9746,2025-07-25 09:03:13,2799,DL,12266,10397,1,465.88
9747,2024-12-18 05:11:58,2144,DL,14869,12478,1,152.33
9748,2024-04-21 17:22:48,1258,AA,12892,10397,3,994.65
9749,2024-10-06 20:18:41,1099,DL,12266,10397,1,595.36
9750,2025-09-18 14:03:23,3948,DL,11193,12892,4,1136.99
9751,2024-12-05 02:21:43,3150,DL,14057,14869,3,1198.61
9752,2025-08-29 08:52:21,3115,DL,14057,14869,2,1181.96
9753,2024-04-17 12:14:54,3122,DL,11193,12892,2,903.45
9754,2025-06-21 07:39:01,3583,UA,10397,12892,2,844.84
9755,2024-07-23 15:44:16,4419,UA,10397,12892,4,1074.58
9756,2025-06-19 03:05:55,2084,DL,14869,12478,1,391.47
9757,2025-03-03 08:36:53,2643,DL,10397,15016,4,1616.86
9758,2025-08-12 15:07:53,4859,DL,14057,14869,3,773.31
9759,2024-01-10 06:11:49,4246,DL,14869,12478,4,1480.0
9760,2025-10-03 04:29:17,2591,DL,11433,13303,4,1252.62
9761,2024-10-12 22:31:25,4386,DL,15016,11433,1,469.45
9762,2024-07-07 02:02:33,4773,DL,11193,12892,2,819.39
9763,2025-04-06 13:51:30,4643,AA,12892,10397,1,347.63
9764,2025-07-30 14:04:51,3807,WN,13303,12478,2,1028.52
9765,2024-07-02 04:02:57,3910,DL,14057,14869,1,562.09
9766,2024-12-10 08:28:03,3375,DL,14057,14869,2,780.5
9767,2025-01-06 15:24:35,3585,WN,13303,12478,1,398.33
9768,2025-09-14 00:15:12,2711,DL,14057,14869,3,1319.2
9769,2025-03-16 05:59:20,1918,WN,13303,12478,1,227.52
9770,2024-07-10 19:57:52,3608,DL,12266,10397,1,522.79
9771,2025-08-04 22:18:01,2866,DL,11193,12892,4,938.53
9772,2024-04-15 08:35:09,4464,DL,14869,12478,1,296.17
9773,2025-08-28 09:07:49,2174,DL,15016,11433,4,2010.39
9774,2025-02-27 01:12:31,3600,WN,13303,12478,3,993.67
9775,2025-09-20 04:57:51,2766,AA,12892,10397,3,1797.81
9776,2024-03-13 14:05:19,2305,DL,11433,13303,2,894.86
9777,2025-02-26 19:59:08,2854,DL,11433,13303,2,631.54
9778,2024-12-18 15:42:15,2118,UA,10397,12892,2,300.68
9779,2025-08-28 06:17:10,3491,AA,12892,10397,2,1104.78
9780,2025-05-27 07:24:47,1613,DL,12266,10397,1,285.1
9781,2024-07-14 10:39:22,1938,DL,11433,13303,3,996.19
9782,2024-12-08 17:12:47,3015,WN,13303,12478,2,957.65
9783,2024-03-19 15:29:20,3204,DL,10397,15016,3,1127.18
9784,2025-04-30 00:09:01,2594,DL,11433,13303,4,2328.56
9785,2025-02-20 02:35:18,4771,DL,14869,12478,3,1010.52
9786,2024-04-10 13:16:15,1393,UA,10397,12892,2,308.16
9787,2025-08-21 18:46:50,2420,DL,11193,12892,4,1513.79
9788,2025-07-21 13:48:51,3310,DL,10397,15016,4,2071.23
9789,2025-08-04 22:56:59,1439,WN,13303,12478,1,535.87
9790,2025-01-22 20:16:43,4396,UA,10397,12892,3,1536.44
9791,2024-11-23 05:15:16,3802,DL,11433,13303,4,1222.65
9792,2024-05-25 22:57:07,1480,DL,10397,15016,2,1192.72
9793,2024-03-07 04:07:23,3511,DL,11193,12892,3,1617.6
9794,2025-09-23 09:59:39,3888,DL,15016,11433,4,1608.09
9795,2025-07-13 09:20:51,2453,DL,12266,10397,3,781.55
9796,2024-06-21 21:07:25,3914,AA,12892,10397,3,1580.88
9797,2024-06-13 05:57:13,1863,DL,12266,10397,4,1979.32
9798,2024-09-25 15:04:26,4401,DL,14869,12478,2,1089.04
9799,2025-01-21 11:10:36,2177,DL,10397,15016,2,965.33
9800,2025-10-13 15:31:11,2237,DL,12266,10397,1,317.67
9801,2024-04-27 09:43:53,1572,DL,11433,13303,1,564.51
9802,2024-06-17 22:19:29,2846,DL,10397,15016,4,1324.95
9803,2025-07-14 02:05:38,1418,DL,10397,15016,4,2297.5
9804,2025-05-12 05:08:42,2245,DL,15016,11433,3,1753.32
9805,2024-11-26 06:03:18,4131,UA,10397,12892,1,248.64
9806,2024-12-14 14:46:52,4567,WN,13303,12478,3,1494.72
9807,2024-09-07 16:50:47,1124,DL,12266,10397,4,1763.7
9808,2025-08-27 19:02:53,3177,DL,11433,13303,3,1236.39
9809,2024-10-28 05:15:10,1351,DL,15016,11433,3,733.0
9810,2024-09-23 06:20:08,4129,DL,15016,11433,3,1321.7
9811,2025-03-20 03:53:31,4234,AA,12892,10397,1,448.22
9812,2024-07-26 13:15:07,2007,DL,10397,15016,2,1130.83
9813,2025-07-15 08:30:39,2659,AA,12892,10397,3,632.05
9814,2024-06-11 19:41:20,1606,DL,11433,13303,2,403.82
9815,2025-09-26 22:15:48,2769,AA,12892,10397,3,1003.99
9816,2025-03-16 19:44:58,1058,AA,12892,10397,2,727.99
9817,2024-09-08 02:42:03,4657,UA,10397,12892,4,1700.17
9818,2025-04-25 23:42:21,3522,UA,10397,12892,4,1231.89
9819,2024-09-09 05:41:54,4953,DL,11433,13303,4,1398.46
9820,2025-08-14 12:48:54,4440,DL,14869,12478,4,1306.91
9821,2024-01-12 04:37:44,2140,UA,10397,12892,3,1499.09
9822,2024-08-17 05:55:12,1724,DL,10397,15016,3,1243.16
9823,2024-07-07 14:28:25,4358,DL,15016,11433,1,305.51
9824,2024-09-02 21:27:21,3329,AA,12892,10397,3,1731.87
9825,2025-10-19 06:56:57,1650,DL,15016,11433,2,1010.03
9826,2024-08-02 04:54:11,4512,DL,12266,10397,3,1793.22
9827,2025-05-02 13:09:11,2116,UA,10397,12892,3,1775.71
9828,2025-06-19 02:37:43,3685,DL,15016,11433,3,661.59
9829,2025-05-01 21:42:34,4772,DL,12266,10397,3,677.87
9830,2025-10-06 12:58:31,2354,DL,12266,10397,3,1042.65
9831,2024-08-17 10:51:04,1083,DL,11193,12892,3,1589.78
9832,2024-03-22 12:31:24,3473,DL,12266,10397,1,183.03
9833,2024-02-03 12:47:07,3334,DL,14057,14869,3,550.69
9834,2024-08-16 19:55:56,4361,DL,11433,13303,3,1079.93
9835,2024-10-10 11:35:47,3435,UA,10397,12892,1,493.75
9836,2024-02-20 18:11:44,3057,DL,14057,14869,3,679.67
9837,2025-06-27 21:21:25,1953,UA,10397,12892,4,1793.94
9838,2025-02-14 01:33:00,4112,DL,14057,14869,3,479.75
9839,2025-04-24 04:29:14,3011,DL,14869,12478,2,423.54
9840,2024-10-05 23:41:32,4871,DL,14057,14869,3,1521.65
9841,2024-08-31 16:47:06,1083,WN,13303,12478,4,1697.98
9842,2025-10-17 18:22:44,3595,DL,14057,14869,2,882.57
9843,2024-09-27 10:04:40,3103,DL,10397,15016,3,1508.39
9844,2024-07-30 18:14:23,1405,DL,14869,12478,4,1420.53
9845,2025-09-03 15:22:55,3169,DL,10397,15016,4,2130.05
9846,2025-01-11 13:30:35,2275,AA,12892,10397,3,1011.12
9847,2024-09-26 02:16:43,1767,AA,12892,10397,1,497.61
9848,2025-10-05 18:56:29,1669,AA,12892,10397,4,1115.02
9849,2024-06-25 18:52:30,3329,DL,14869,12478,2,792.85
9850,2024-02-11 09:10:33,3416,AA,12892,10397,2,515.21
9851,2025-08-24 21:51:51,2180,DL,11193,12892,3,950.01
9852,2024-05-10 07:26:08,1609,DL,10397,15016,3,1181.17
9853,2024-05-05 11:34:41,4295,DL,12266,10397,3,981.82
9854,2025-06-14 15:16:14,1121,WN,13303,12478,2,339.78
9855,2025-03-30 07:38:37,1984,DL,15016,11433,3,772.72
9856,2024-12-31 15:55:27,2025,DL,12266,10397,4,861.36
9857,2025-05-15 05:05:22,2020,DL,15016,11433,4,2145.61
9858,2025-02-08 02:21:39,1107,AA,12892,10397,3,882.88
9859,2025-04-30 07:45:28,1829,AA,12892,10397,3,1401.35
9860,2024-01-03 00:07:21,4368,UA,10397,12892,2,1047.72
9861,2024-03-15 08:23:13,3509,AA,12892,10397,2,919.14
9862,2024-04-07 01:21:10,2057,DL,15016,11433,1,585.04
9863,2024-10-04 23:29:14,3022,DL,15016,11433,3,898.54
9864,2025-01-21 02:40:17,4576,DL,10397,15016,3,1124.45
9865,2025-10-08 05:13:39,2663,WN,13303,12478,3,1399.37
9866,2025-03-12 23:59:40,1658,DL,11193,12892,4,1843.59
9867,2025-10-30 20:33:40,4641,DL,14057,14869,4,1093.56
9868,2024-07-12 00:16:39,3562,DL,12266,10397,4,1748.12
9869,2024-07-09 03:56:57,1674,WN,13303,12478,2,392.85
9870,2025-05-20 14:13:01,4354,DL,11193,12892,3,609.48
9871,2025-10-12 06:08:36,1257,UA,10397,12892,4,2171.35
9872,2024-09-08 07:35:35,2253,DL,11193,12892,4,1197.15
9873,2025-09-30 21:25:41,4073,DL,11193,12892,4,1248.49
9874,2025-08-05 13:17:58,4754,DL,12266,10397,1,361.29
9875,2024-06-25 10:30:35,3892,DL,15016,11433,4,1812.61
9876,2024-04-02 23:12:21,4927,DL,10397,15016,3,944.11
9877,2024-04-14 20:51:18,2168,DL,12266,10397,3,820.62
9878,2025-02-03 21:59:58,4987,DL,11433,13303,2,373.4
9879,2024-10-12 05:09:33,4419,WN,13303,12478,2,629.26
9880,2025-06-11 15:56:14,2034,DL,15016,11433,4,1377.88
9881,2024-01-05 21:07:25,2706,DL,11193,12892,4,953.71
9882,2024-10-10 03:10:57,3817,DL,11433,13303,1,558.43
9883,2024-03-10 14:05:30,2258,WN,13303,12478,4,881.0
9884,2025-10-25 14:01:31,1040,DL,12266,10397,4,1242.65
9885,2024-03-18 22:58:53,2371,DL,14869,12478,1,430.35
9886,2025-03-24 07:23:18,3327,DL,11193,12892,1,279.35
9887,2024-01-11 03:53:31,1164,DL,15016,11433,2,991.62
9888,2025-09-29 04:55:23,4693,DL,14869,12478,2,735.41
9889,2024-04-23 08:31:48,4307,DL,15016,11433,3,1727.22
9890,2025-10-23 12:26:18,4867,DL,14869,12478,3,1421.45
9891,2024-10-26 23:31:28,4154,WN,13303,12478,4,1892.5
9892,2024-06-29 18:34:24,4203,WN,13303,12478,1,397.71
9893,2025-08-09 04:17:56,4604,DL,15016,11433,1,433.52
9894,2025-08-01 02:38:50,2660,DL,10397,15016,4,1623.31
9895,2025-07-24 11:15:16,4072,WN,13303,12478,4,1847.41
9896,2024-09-13 05:06:38,1120,DL,11193,12892,1,561.16
9897,2025-10-16 20:54:27,3231,UA,10397,12892,2,736.83
9898,2025-03-26 05:00:02,2606,DL,11433,13303,3,1426.47
9899,2024-12-04 15:12:31,3784,DL,11193,12892,3,1241.77
9900,2025-03-20 01:05:19,4807,AA,12892,10397,4,1640.61
9901,2025-08-13 01:16:33,1602,DL,14869,12478,1,598.74
9902,2024-03-30 18:37:02,1254,AA,12892,10397,3,867.05
9903,2025-10-05 10:40:22,2333,DL,14869,12478,4,619.87
9904,2024-01-18 16:29:08,4985,DL,11433,13303,2,984.18
9905,2024-10-17 03:32:29,3176,DL,10397,15016,4,702.64
9906,2024-02-23 17:51:16,3481,DL,12266,10397,4,2142.84
9907,2024-05-18 18:18:52,4344,DL,14869,12478,3,1698.59
9908,2024-04-17 11:27:50,3408,DL,11193,12892,3,1449.51
9909,2025-09-03 16:05:04,4836,DL,10397,15016,4,1474.1
9910,2024-10-16 01:53:08,4139,DL,11193,12892,1,342.67
9911,2024-12-06 18:48:18,1277,WN,13303,12478,2,972.55
9912,2024-06-16 05:20:16,2065,DL,11433,13303,2,717.83
9913,2024-03-26 10:09:35,4889,DL,12266,10397,2,1199.1
9914,2024-10-09 08:46:50,2607,WN,13303,12478,3,1658.28
9915,2025-03-15 12:26:53,4055,DL,15016,11433,3,693.12
9916,2025-10-16 00:37:11,2094,DL,14869,12478,2,1052.36
9917,2024-08-18 22:59:47,1688,DL,11193,12892,2,789.36
9918,2024-09-29 09:48:32,1786,DL,11193,12892,2,823.2
9919,2024-10-08 16:01:11,4315,DL,14869,12478,3,1544.31
9920,2024-12-10 19:06:51,4830,DL,15016,11433,4,1406.5
9921,2025-09-26 04:56:37,4656,DL,14869,12478,1,529.3
9922,2024-05-10 19:14:15,3503,DL,14057,14869,1,416.86
9923,2024-11-04 10:18:43,3488,DL,14869,12478,2,1010.37
9924,2025-01-21 06:01:22,1979,DL,14869,12478,4,1671.7
9925,2025-04-04 09:42:47,2794,DL,15016,11433,2,502.17
9926,2025-04-24 10:05:49,2704,DL,12266,10397,2,514.12
9927,2025-10-19 04:36:06,1106,UA,10397,12892,2,708.51
9928,2025-05-28 00:34:09,2182,DL,14057,14869,3,1747.03
9929,2024-07-25 21:15:37,4463,DL,14057,14869,4,1790.43
9930,2024-07-03 04:58:12,2735,DL,14057,14869,2,764.72
9931,2024-03-30 02:23:10,3104,DL,12266,10397,3,508.76
9932,2025-10-21 22:28:05,4250,WN,13303,12478,2,786.51
9933,2025-10-08 14:50:11,1531,DL,15016,11433,2,396.41
9934,2025-02-23 22:12:17,4681,WN,13303,12478,4,2056.53
9935,2024-08-01 06:09:19,1522,DL,11433,13303,2,1129.91
9936,2024-08-12 05:59:27,4186,DL,14057,14869,2,806.53
9937,2024-11-13 15:35:50,4900,UA,10397,12892,1,585.28
9938,2025-03-13 15:01:27,2929,DL,15016,11433,1,299.64
9939,2024-11-20 20:53:20,3159,DL,10397,15016,2,1029.6
9940,2025-02-28 15:33:03,1529,AA,12892,10397,1,199.26
9941,2025-10-09 11:35:29,4402,DL,12266,10397,2,376.28
9942,2025-09-28 09:38:14,4913,DL,14057,14869,4,1839.08
9943,2024-01-11 01:06:32,3493,DL,11193,12892,1,188.73
9944,2024-09-11 20:13:05,1329,AA,12892,10397,4,1424.59
9945,2024-08-12 01:28:48,3978,DL,14869,12478,3,1171.47
9946,2024-09-17 03:02:31,4048,AA,12892,10397,3,1683.93
9947,2025-09-11 11:21:27,3151,DL,12266,10397,2,359.36
9948,2024-03-01 05:26:21,1910,DL,11433,13303,4,841.57
9949,2024-08-25 07:00:07,3604,DL,10397,15016,2,396.52
9950,2025-03-16 08:49:47,2534,DL,14057,14869,1,369.78
9951,2024-12-13 05:34:33,4847,DL,10397,15016,4,1994.44
9952,2024-05-01 06:47:43,1790,DL,10397,15016,3,1269.46
9953,2025-08-11 09:51:15,4690,AA,12892,10397,4,1327.4
9954,2024-12-22 09:35:00,2913,DL,14057,14869,2,1182.77
9955,2024-08-21 21:36:01,4578,UA,10397,12892,4,1478.58
9956,2024-07-05 23:28:57,1251,DL,11433,13303,3,868.56
9957,2024-11-19 00:04:57,4641,DL,10397,15016,3,1126.93
9958,2024-05-23 20:45:17,3813,DL,14057,14869,3,782.47
9959,2024-02-22 14:58:38,1688,DL,15016,11433,1,282.03
9960,2024-05-11 08:19:54,2557,DL,14869,12478,2,704.38
9961,2025-02-08 00:13:40,2921,DL,15016,11433,4,1200.75
9962,2024-07-30 09:25:30,4713,DL,11433,13303,2,917.81
9963,2025-07-27 04:18:59,2640,AA,12892,10397,2,1043.75
9964,2024-08-12 09:00:32,3143,WN,13303,12478,2,739.54
9965,2024-09-27 17:04:14,4123,AA,12892,10397,2,558.27
9966,2025-06-29 00:24:22,1467,AA,12892,10397,3,1556.74
9967,2025-05-26 00:02:45,3184,DL,14057,14869,3,1407.26
9968,2024-04-12 08:29:24,1566,DL,14869,12478,1,156.05
9969,2025-06-18 09:03:00,1328,WN,13303,12478,4,703.22
9970,2025-10-07 13:39:45,1438,UA,10397,12892,1,596.28
9971,2025-07-01 19:09:30,1805,AA,12892,10397,4,1815.42
9972,2025-07-18 19:31:12,2988,WN,13303,12478,2,1070.71
9973,2025-02-23 11:46:07,4975,UA,10397,12892,2,673.56
9974,2024-05-16 13:25:43,3135,WN,13303,12478,2,790.36
9975,2025-03-31 01:40:05,1448,DL,10397,15016,2,387.98
9976,2025-03-11 05:46:15,4456,DL,11193,12892,3,705.42
9977,2024-05-26 07:38:17,3293,DL,12266,10397,4,1935.27
9978,2025-04-22 10:27:28,3853,AA,12892,10397,1,165.95
9979,2025-10-22 15:34:59,3690,DL,14869,12478,2,476.04
9980,2024-12-30 08:55:54,2525,DL,14869,12478,2,334.27
9981,2024-10-14 07:19:46,3822,DL,14057,14869,4,1389.31
9982,2025-10-12 12:38:16,3397,DL,11433,13303,2,606.45
9983,2024-11-18 12:12:16,4982,DL,14057,14869,3,1736.07
9984,2024-10-20 08:51:46,3210,DL,11433,13303,4,886.1
9985,2024-03-02 04:33:07,4740,AA,12892,10397,1,435.11
9986,2025-05-18 04:04:06,2887,DL,10397,15016,2,551.83
9987,2024-07-15 03:06:44,1797,AA,12892,10397,2,1156.3
9988,2025-08-03 02:36:50,2288,DL,10397,15016,1,180.44
9989,2025-03-28 23:28:59,4703,WN,13303,12478,1,274.3
9990,2024-09-16 21:37:33,1740,DL,11433,13303,2,1172.01
9991,2024-05-08 03:10:42,2657,DL,10397,15016,4,2377.44
9992,2024-07-07 21:33:32,1802,DL,11193,12892,1,381.85
9993,2024-07-01 23:43:55,4505,WN,13303,12478,1,554.21
9994,2025-01-05 07:43:57,3325,DL,12266,10397,3,822.43
9995,2024-04-26 03:13:26,4378,WN,13303,12478,4,860.63
9996,2024-05-22 13:38:48,3127,UA,10397,12892,3,1575.64
9997,2024-09-20 13:01:04,1254,UA,10397,12892,3,1359.77
9998,2025-02-14 00:14:25,2614,DL,11193,12892,3,885.27
9999,2025-02-13 14:39:38,2049,DL,11433,13303,3,1446.26
10000,2025-04-25 09:07:50,4622,DL,14869,12478,3,1340.81
10001,2024-02-04 11:09:34,4121,WN,13303,12478,1,246.49
10002,2024-02-26 03:54:58,1774,DL,11193,12892,3,1628.02
10003,2024-04-23 16:43:06,2182,WN,13303,12478,4,868.67
10004,2024-02-22 00:05:08,4829,DL,11433,13303,3,1325.94
10005,2024-02-23 13:02:07,3481,DL,14057,14869,2,701.52
10006,2025-08-19 20:27:49,1259,AA,12892,10397,4,938.83
10007,2025-02-02 16:36:49,2537,AA,12892,10397,1,589.26
10008,2024-03-09 00:42:21,4066,WN,13303,12478,2,802.42
10009,2025-08-27 18:58:10,2254,WN,13303,12478,1,188.29
10010,2024-12-09 01:23:46,2266,WN,13303,12478,2,798.43
10011,2024-05-09 08:26:51,1466,DL,14869,12478,3,1768.35
10012,2025-03-09 02:12:03,1553,DL,11193,12892,2,463.22
10013,2024-01-21 18:12:56,2542,DL,11433,13303,1,496.35
10014,2025-07-15 10:29:58,1857,DL,12266,10397,3,1574.25
10015,2025-08-08 14:58:06,4890,AA,12892,10397,1,291.7
10016,2025-01-13 10:03:49,3521,UA,10397,12892,4,2003.13
10017,2025-09-21 08:36:48,4225,DL,14869,12478,2,947.33
10018,2025-06-06 04:53:52,3585,WN,13303,12478,1,412.41
10019,2024-08-05 14:06:46,2806,DL,15016,11433,3,1071.08
10020,2024-05-29 11:33:56,2544,AA,12892,10397,4,1990.87
10021,2024-02-05 14:16:17,4720,DL,12266,10397,2,871.95
10022,2024-06-23 01:57:49,1290,UA,10397,12892,2,451.35
10023,2025-07-07 00:57:55,3667,DL,14869,12478,3,769.44
10024,2024-10-21 06:59:15,1742,AA,12892,10397,1,289.91
10025,2025-10-02 00:28:07,2780,DL,11433,13303,2,680.34
10026,2024-04-24 14:55:15,2817,DL,12266,10397,3,806.7
10027,2024-01-29 18:49:37,3263,DL,14869,12478,2,627.75
10028,2024-05-23 15:57:47,2446,AA,12892,10397,1,202.1
10029,2024-06-05 21:25:39,1341,DL,12266,10397,1,217.28
10030,2025-03-22 10:54:43,4503,DL,11193,12892,2,600.07
10031,2024-10-07 23:05:07,2249,DL,11433,13303,4,2030.45
10032,2024-06-07 18:09:36,3392,DL,11433,13303,2,1150.97
10033,2024-12-26 02:41:02,1860,DL,12266,10397,1,543.7
10034,2024-02-10 07:49:30,1579,DL,11433,13303,4,2325.15
10035,2025-07-01 15:55:34,4793,UA,10397,12892,1,528.69
10036,2024-05-10 11:22:23,4172,DL,10397,15016,2,767.19
10037,2025-07-31 14:22:58,2538,DL,11193,12892,3,1480.46
10038,2024-02-15 14:59:35,3433,DL,14057,14869,2,405.43
10039,2024-08-07 22:51:48,3547,AA,12892,10397,1,565.35
10040,2024-05-19 08:31:38,2132,DL,14057,14869,4,1783.46
10041,2024-08-30 10:02:33,3202,AA,12892,10397,1,341.24
10042,2025-09-05 00:40:34,1394,DL,12266,10397,3,884.0
10043,2025-07-21 20:39:06,3361,AA,12892,10397,4,1447.03
10044,2025-03-02 19:54:54,3025,UA,10397,12892,4,773.43
10045,2025-08-18 17:18:09,3021,DL,15016,11433,4,2286.67
10046,2024-02-01 09:08:50,2102,DL,10397,15016,4,655.99
10047,2025-01-31 02:40:16,1691,WN,13303,12478,1,485.81
10048,2024-01-03 18:12:11,2702,DL,11193,12892,1,569.7
10049,2025-08-14 02:02:39,2424,AA,12892,10397,4,2195.23
10050,2025-03-06 21:28:35,1087,WN,13303,12478,3,707.77
10051,2024-10-06 08:11:32,3957,DL,11433,13303,4,1133.83
10052,2024-02-06 18:33:55,3086,DL,15016,11433,3,1344.01
10053,2024-07-08 16:48:40,3584,DL,11433,13303,2,360.89
10054,2024-05-15 14:35:56,1352,DL,10397,15016,4,1559.61
10055,2024-08-16 23:40:53,1316,DL,11433,13303,1,277.27
10056,2025-05-28 12:01:08,1286,AA,12892,10397,1,477.89
10057,2024-01-02 10:26:33,4346,DL,14057,14869,4,942.56
10058,2025-01-08 06:31:47,3589,DL,15016,11433,2,1184.11
10059,2025-05-15 20:15:22,4971,DL,11433,13303,3,1134.05
10060,2024-02-16 21:28:04,1738,DL,11193,12892,4,1165.56
10061,2025-09-12 03:47:02,2076,AA,12892,10397,3,1230.23
10062,2024-09-20 01:58:07,2597,DL,10397,15016,2,768.21
10063,2024-01-06 10:15:43,1262,UA,10397,12892,2,1022.43
10064,2025-07-05 14:15:14,3821,AA,12892,10397,2,548.3
10065,2024-12-29 20:16:21,2193,UA,10397,12892,4,1949.18
10066,2024-04-02 06:12:07,2583,DL,15016,11433,1,262.34
10067,2024-04-01 12:02:01,1950,DL,14869,12478,3,1758.85
10068,2024-03-29 11:01:10,4142,DL,11433,13303,2,535.68
10069,2024-07-12 16:25:08,1546,UA,10397,12892,3,784.5
10070,2024-11-06 10:48:47,3385,DL,14057,14869,4,1539.9
10071,2024-12-13 18:20:45,3844,DL,15016,11433,3,573.89
10072,2025-10-17 08:08:57,1989,AA,12892,10397,2,1140.29
10073,2025-06-06 23:09:25,2090,DL,11433,13303,3,1286.72
10074,2025-06-30 22:40:51,4083,DL,15016,11433,2,1009.14
10075,2024-01-12 18:44:37,4752,DL,11433,13303,1,260.37
10076,2025-02-24 21:42:07,3976,AA,12892,10397,3,1135.08
10077,2025-03-22 03:36:38,3569,DL,11433,13303,3,622.72
10078,2025-09-18 22:12:34,2180,DL,14057,14869,3,730.81
10079,2025-06-30 18:26:19,3697,DL,14869,12478,3,981.52
10080,2024-07-28 19:12:48,1884,DL,12266,10397,4,1887.18
10081,2025-07-26 16:03:07,4741,DL,10397,15016,1,194.79
10082,2024-01-19 09:51:36,4944,WN,13303,12478,1,279.44
10083,2024-01-14 11:40:00,4819,DL,14057,14869,4,1670.9
10084,2025-06-07 08:05:11,3421,WN,13303,12478,1,381.5
10085,2024-05-20 05:29:22,2275,DL,11193,12892,3,539.27
10086,2024-03-11 14:08:48,4282,WN,13303,12478,4,760.44
10087,2025-01-26 17:05:45,3812,UA,10397,12892,2,366.2
10088,2024-05-13 15:21:23,1063,DL,14057,14869,2,523.34
10089,2025-01-17 01:00:44,1488,UA,10397,12892,3,537.0
10090,2024-08-03 08:53:57,2307,DL,11193,12892,3,1140.39
10091,2024-02-15 14:12:02,3065,DL,14869,12478,1,272.11
10092,2025-04-14 03:28:26,4893,DL,14869,12478,4,1841.6
10093,2025-01-04 16:40:14,4731,DL,15016,11433,3,660.24
10094,2024-11-30 19:24:29,4667,AA,12892,10397,3,798.02
10095,2025-01-27 06:17:45,4980,DL,11433,13303,4,685.93
10096,2024-07-08 14:58:07,4855,DL,15016,11433,3,1156.29
10097,2025-02-12 10:40:13,2505,DL,14869,12478,4,683.93
10098,2025-05-23 22:48:16,3499,WN,13303,12478,4,975.05
10099,2024-01-04 06:33:44,2178,DL,11193,12892,3,1136.1
10100,2024-09-22 07:37:15,2949,DL,11433,13303,2,1169.22
10101,2024-10-21 08:20:00,2039,DL,10397,15016,4,1115.81
10102,2024-06-30 10:23:19,1770,DL,11433,13303,3,1018.31
10103,2024-12-19 20:16:48,1786,DL,11193,12892,4,2323.25
10104,2024-04-20 23:39:24,3214,DL,14057,14869,3,1353.1
10105,2024-06-12 23:23:41,3855,DL,15016,11433,1,570.67
10106,2025-09-15 13:45:11,3254,AA,12892,10397,1,399.37
10107,2024-05-23 15:28:31,1937,WN,13303,12478,2,845.21
10108,2024-10-24 13:45:19,1263,AA,12892,10397,1,418.99
10109,2024-07-28 11:55:42,4032,DL,12266,10397,1,155.24
10110,2025-08-15 11:07:28,3786,AA,12892,10397,1,447.27
10111,2025-09-11 23:02:21,3778,AA,12892,10397,2,612.89
10112,2024-07-11 14:09:08,2205,UA,10397,12892,1,220.27
10113,2024-03-07 15:43:06,1882,DL,14869,12478,4,1107.35
10114,2024-10-19 13:00:38,4220,DL,10397,15016,3,466.85
10115,2025-02-02 07:58:19,4946,DL,11193,12892,1,521.47
10116,2025-03-30 00:42:14,2554,UA,10397,12892,4,2288.12
10117,2025-07-12 01:52:46,2998,DL,15016,11433,3,1749.31
10118,2025-05-21 21:36:05,3197,DL,14057,14869,4,1502.69
10119,2025-10-19 05:54:38,4427,AA,12892,10397,3,1534.87
10120,2025-09-27 23:39:19,2368,DL,14869,12478,4,625.69
10121,2025-01-31 12:36:54,3880,DL,12266,10397,4,1248.42
10122,2024-02-15 00:42:48,2145,DL,14869,12478,1,360.82
10123,2025-06-10 07:56:33,4255,DL,11433,13303,2,511.23
10124,2024-12-28 03:19:53,1247,DL,11193,12892,2,876.1
10125,2025-07-29 05:34:33,4757,DL,12266,10397,3,1401.37
10126,2024-07-24 09:33:28,4821,UA,10397,12892,2,913.23
10127,2024-05-06 23:15:35,3824,UA,10397,12892,2,758.82
10128,2025-10-16 06:06:15,1213,DL,14869,12478,4,967.01
10129,2024-03-08 08:05:47,3766,AA,12892,10397,3,464.48
10130,2024-09-06 13:56:17,3520,WN,13303,12478,4,2158.17
10131,2024-05-16 00:35:15,3501,DL,10397,15016,3,585.18
10132,2025-10-09 09:36:00,1314,DL,10397,15016,4,1869.91
10133,2025-02-22 03:40:13,3485,AA,12892,10397,4,1539.64
10134,2025-09-18 11:55:57,4026,DL,14057,14869,1,208.18
10135,2024-10-04 04:30:31,1275,DL,10397,15016,1,587.13
10136,2024-11-14 13:05:20,4837,DL,11433,13303,2,499.48
10137,2024-08-28 03:13:37,1618,DL,11193,12892,1,524.7
10138,2025-05-09 09:35:43,4313,DL,10397,15016,3,1291.36
10139,2024-12-04 21:48:45,2904,DL,11433,13303,2,425.54
10140,2025-10-10 21:53:47,4071,DL,11433,13303,2,667.95
10141,2024-01-06 03:31:51,2642,DL,11193,12892,3,529.21
10142,2024-10-12 09:03:44,4477,DL,11433,13303,1,378.26
10143,2025-04-18 15:15:03,4369,DL,15016,11433,1,178.52
10144,2024-10-31 14:31:47,3928,UA,10397,12892,1,500.82
10145,2025-10-31 14:31:52,2165,DL,14057,14869,3,1646.2
10146,2025-10-08 12:51:09,4285,DL,11433,13303,4,2134.44
10147,2024-10-03 18:14:53,3880,AA,12892,10397,3,1242.0
10148,2025-10-08 15:47:48,1064,AA,12892,10397,2,369.57
10149,2024-06-18 03:37:42,2966,UA,10397,12892,1,334.07
10150,2025-04-13 01:23:35,4870,AA,12892,10397,2,1107.37
10151,2025-08-13 15:11:03,3853,UA,10397,12892,4,1157.6
10152,2024-10-12 09:40:12,1901,DL,11433,13303,4,1379.92
10153,2025-04-19 08:21:16,2173,DL,14057,14869,4,1071.45
10154,2024-05-10 02:33:40,1349,DL,12266,10397,2,401.46
10155,2024-04-30 11:48:38,3408,DL,10397,15016,3,1729.24
10156,2025-10-19 18:27:26,1156,DL,11433,13303,3,1613.07
10157,2024-03-22 12:11:11,4414,DL,15016,11433,2,434.61
10158,2025-08-12 20:54:27,4749,DL,12266,10397,3,1596.24
10159,2024-02-11 03:10:58,2177,DL,14869,12478,3,1783.44
10160,2024-01-29 20:07:35,4769,UA,10397,12892,2,776.97
10161,2024-07-04 05:44:19,4559,DL,11433,13303,1,443.77
10162,2024-09-09 06:21:05,3563,UA,10397,12892,3,1679.69
10163,2024-09-19 14:19:41,1965,DL,10397,15016,4,1157.33
10164,2025-02-21 13:22:21,3659,DL,12266,10397,4,1995.81
10165,2024-07-07 07:24:01,4534,DL,14057,14869,4,2187.12
10166,2025-03-29 06:32:12,3050,DL,11193,12892,3,522.87
10167,2024-10-02 10:39:42,3581,DL,10397,15016,1,527.45
10168,2025-08-28 12:29:01,1421,UA,10397,12892,1,539.67
10169,2025-07-17 19:14:42,4748,UA,10397,12892,1,584.24
10170,2024-09-15 07:19:54,2794,DL,15016,11433,3,809.89
10171,2024-06-15 07:53:30,4463,WN,13303,12478,3,1070.78
10172,2024-09-11 08:24:40,2836,DL,12266,10397,1,404.49
10173,2024-10-21 07:52:34,3969,UA,10397,12892,2,408.8
10174,2024-02-27 23:17:51,4655,DL,14869,12478,4,1183.07
10175,2024-02-08 00:25:46,4504,DL,12266,10397,1,565.37
10176,2024-07-22 23:02:49,1131,DL,14057,14869,3,1710.03
10177,2024-08-03 08:42:31,1002,AA,12892,10397,2,706.17
10178,2025-06-05 06:57:25,1593,DL,14869,12478,2,620.31
10179,2024-10-25 04:13:54,2360,DL,11193,12892,2,300.64
10180,2025-09-16 11:10:58,1084,DL,12266,10397,4,2215.36
10181,2024-09-17 05:00:42,3387,DL,15016,11433,4,1449.53
10182,2024-04-14 03:27:51,1476,DL,12266,10397,1,568.43
10183,2025-08-27 04:17:06,2405,UA,10397,12892,4,1026.85
10184,2024-03-14 05:20:36,2958,DL,14869,12478,4,898.63
10185,2024-04-16 03:22:41,1866,AA,12892,10397,3,519.86
10186,2025-10-28 22:46:43,2571,DL,11193,12892,1,587.27
10187,2024-09-07 18:09:18,2890,UA,10397,12892,1,288.95
10188,2024-12-27 19:08:49,2509,DL,10397,15016,2,966.44
10189,2024-01-15 10:23:45,4681,DL,15016,11433,1,564.05
10190,2024-06-05 18:45:08,4709,DL,12266,10397,1,388.29
10191,2025-04-22 02:40:48,3856,UA,10397,12892,3,458.92
10192,2024-05-29 12:55:56,2406,DL,11433,13303,1,579.9
10193,2024-08-19 12:27:57,3947,DL,11193,12892,3,894.62
10194,2024-10-14 12:06:48,3028,UA,10397,12892,3,481.17
10195,2024-03-26 09:50:34,1227,DL,14869,12478,3,1134.73
10196,2024-03-08 19:41:20,3553,UA,10397,12892,2,962.43
10197,2025-08-27 05:31:12,3386,UA,10397,12892,4,2107.35
10198,2024-12-28 21:49:27,4348,DL,14057,14869,4,1812.41
10199,2024-11-14 06:28:22,3086,DL,12266,10397,3,1599.57
10200,2024-12-22 17:22:00,1731,DL,11433,13303,4,2348.32
10201,2025-04-06 00:20:17,3886,DL,11193,12892,1,568.07
10202,2025-05-22 11:35:45,3872,DL,14869,12478,3,1195.95
10203,2024-01-08 16:20:24,4193,DL,10397,15016,3,1494.46
10204,2025-03-10 21:17:41,4287,DL,14057,14869,2,791.65
10205,2025-03-28 22:42:44,2325,DL,15016,11433,4,1210.26
10206,2025-08-26 17:16:55,4117,DL,11193,12892,4,681.15
10207,2025-08-29 14:39:54,4633,DL,15016,11433,4,2285.61
10208,2025-03-28 20:04:18,1123,UA,10397,12892,3,1042.48
10209,2025-05-07 03:22:31,1236,DL,14057,14869,1,371.49
10210,2025-06-22 07:37:29,1809,DL,11433,13303,4,1028.19
10211,2024-05-11 13:07:24,1228,DL,15016,11433,1,454.86
10212,2024-07-25 08:57:49,3755,AA,12892,10397,2,621.01
10213,2025-01-19 19:14:53,2683,AA,12892,10397,4,635.38
10214,2024-04-10 00:13:23,3970,DL,14057,14869,3,1302.23
10215,2025-02-11 00:02:48,3097,DL,14057,14869,2,750.64
10216,2025-03-01 19:21:50,3282,DL,11433,13303,2,786.85
10217,2025-09-05 18:47:02,2672,DL,11193,12892,1,223.53
10218,2024-05-12 13:53:23,2722,DL,12266,10397,3,1127.52
10219,2025-04-24 19:14:47,4748,AA,12892,10397,4,1549.89
10220,2025-07-23 20:26:42,2687,UA,10397,12892,3,801.14
10221,2025-08-08 18:59:16,4263,DL,10397,15016,4,1242.45
10222,2025-06-16 07:21:49,3700,DL,11433,13303,1,454.65
10223,2025-02-14 07:27:11,4550,DL,12266,10397,1,340.52
10224,2024-10-29 18:18:57,2684,DL,11193,12892,2,371.92
10225,2024-05-29 09:06:34,2642,UA,10397,12892,1,554.84
10226,2024-08-07 02:11:44,4606,WN,13303,12478,3,1713.71
10227,2024-06-10 14:46:23,4951,AA,12892,10397,3,1268.94
10228,2025-01-16 13:40:43,4321,DL,15016,11433,4,2390.1
10229,2025-06-16 03:45:40,1379,DL,11433,13303,1,590.28
10230,2025-08-24 11:51:48,1595,DL,12266,10397,2,338.45
10231,2024-07-08 09:11:40,4490,DL,11433,13303,2,447.96
10232,2024-03-06 11:02:17,1194,DL,11193,12892,3,826.61
10233,2024-12-27 05:19:07,1147,DL,10397,15016,3,1577.78
10234,2024-11-18 19:50:29,4649,DL,12266,10397,2,851.06
10235,2024-05-14 12:50:57,2562,WN,13303,12478,2,717.47
10236,2024-08-27 14:39:53,3795,UA,10397,12892,4,2031.03
10237,2025-10-08 06:42:12,3146,WN,13303,12478,3,800.51
10238,2025-09-14 01:32:37,4041,DL,11193,12892,4,882.27
10239,2024-03-23 17:38:47,1604,DL,11433,13303,1,581.89
10240,2024-09-23 06:29:43,4981,DL,10397,15016,4,688.69
10241,2024-08-11 10:21:45,1611,DL,11193,12892,1,501.9
10242,2024-03-06 02:30:28,1741,DL,14869,12478,3,1359.18
10243,2024-11-20 04:50:07,1710,DL,11433,13303,4,1747.04
10244,2024-05-11 17:34:49,2966,DL,14869,12478,2,316.58
10245,2025-04-26 14:15:54,4009,DL,14869,12478,3,565.24
10246,2024-05-24 09:14:57,1742,DL,15016,11433,4,2039.36
10247,2025-07-23 04:26:14,2785,DL,10397,15016,4,1247.53
10248,2024-01-02 07:42:50,2249,DL,14869,12478,1,180.74
10249,2025-03-03 00:18:05,1742,DL,15016,11433,3,905.65
10250,2024-07-20 03:43:16,4489,DL,14869,12478,1,401.18
10251,2024-10-27 04:30:18,1789,AA,12892,10397,4,1355.02
10252,2024-11-07 22:25:58,4576,DL,11433,13303,3,1495.21
10253,2024-11-27 10:06:34,4770,WN,13303,12478,3,535.94
10254,2024-12-19 11:09:44,1091,AA,12892,10397,2,1115.04
10255,2025-06-01 20:54:44,3015,UA,10397,12892,2,667.39
10256,2024-03-06 17:11:36,3324,DL,15016,11433,2,812.56
10257,2024-02-20 01:48:57,2564,DL,15016,11433,3,1210.9
10258,2025-07-22 08:49:02,3583,DL,15016,11433,1,356.9
10259,2025-04-30 23:05:36,3194,DL,12266,10397,3,1133.57
10260,2025-01-08 13:23:14,2649,DL,12266,10397,4,1137.91
10261,2024-07-26 02:36:09,3145,DL,10397,15016,4,2383.15
10262,2025-08-15 14:08:02,2079,DL,15016,11433,2,1132.37
10263,2024-02-14 22:39:18,2936,DL,10397,15016,2,816.18
10264,2025-10-24 19:58:25,1716,DL,11433,13303,3,1165.8
10265,2024-10-20 03:02:08,3011,DL,11433,13303,2,556.85
10266,2024-08-04 12:19:52,1150,WN,13303,12478,3,1335.83
10267,2025-02-20 11:42:37,3399,DL,15016,11433,4,895.71
10268,2024-02-13 12:45:19,2637,DL,14057,14869,2,845.53
10269,2024-12-09 21:32:12,3148,DL,12266,10397,1,318.56
10270,2025-04-19 09:26:57,4809,DL,14869,12478,3,1252.91
10271,2025-01-03 18:36:57,4101,DL,11433,13303,1,376.84
10272,2025-09-03 08:17:48,1775,DL,12266,10397,3,599.67
10273,2024-04-28 09:47:30,2594,DL,15016,11433,2,681.82
10274,2024-12-13 07:33:34,3634,DL,11433,13303,3,1718.28
10275,2025-09-13 15:06:26,1387,DL,11193,12892,3,1176.95
10276,2024-02-14 14:13:01,1539,DL,11433,13303,1,525.4
10277,2025-03-26 06:45:06,4852,DL,14869,12478,4,2362.48
10278,2025-04-09 05:26:51,1424,AA,12892,10397,4,1106.83
10279,2025-04-27 22:05:15,3025,DL,15016,11433,2,697.54
10280,2024-07-31 18:31:10,2009,DL,10397,15016,2,585.75
10281,2025-10-02 23:39:15,2229,UA,10397,12892,1,476.64
10282,2024-06-10 02:54:34,1341,DL,12266,10397,1,395.44
10283,2024-06-13 22:56:12,2602,DL,11193,12892,2,784.46
10284,2024-05-13 11:08:52,2023,DL,14869,12478,1,461.46
10285,2024-07-26 17:12:14,2762,DL,11433,13303,4,1729.33
10286,2025-10-25 16:31:01,1992,DL,15016,11433,4,982.13
10287,2024-05-08 07:17:58,4298,UA,10397,12892,1,387.47
10288,2024-10-23 20:09:49,3965,DL,11193,12892,1,522.22
10289,2024-03-28 05:17:39,1850,DL,10397,15016,3,1251.78
10290,2024-10-08 15:24:55,1514,DL,11193,12892,4,808.01
10291,2025-09-23 15:28:42,4196,DL,12266,10397,4,1007.26
10292,2024-05-28 00:37:52,4790,DL,12266,10397,2,943.72
10293,2024-11-05 19:32:40,4808,AA,12892,10397,1,432.68
10294,2024-02-24 12:51:32,1175,DL,11193,12892,1,318.46
10295,2024-04-08 04:21:02,1656,DL,15016,11433,3,1384.79
10296,2024-03-12 15:28:19,1096,WN,13303,12478,1,233.06
10297,2025-08-29 11:46:02,1153,UA,10397,12892,3,1704.11
10298,2024-02-09 17:12:11,3861,WN,13303,12478,1,317.04
10299,2024-12-16 15:37:49,2913,AA,12892,10397,3,1151.3
10300,2025-02-20 05:10:36,4765,DL,14869,12478,1,350.83
10301,2024-02-12 11:18:06,1287,DL,12266,10397,1,504.61
10302,2024-03-12 03:06:18,3149,AA,12892,10397,2,688.23
10303,2025-08-20 02:32:17,2038,DL,11433,13303,4,1252.97
10304,2025-04-16 02:25:54,2616,DL,12266,10397,4,923.37
10305,2025-06-23 18:24:06,4576,DL,11193,12892,1,243.14
10306,2024-05-21 16:58:34,1838,UA,10397,12892,2,903.76
10307,2024-08-14 16:56:53,1927,WN,13303,12478,1,411.04
10308,2024-07-29 03:21:32,4986,DL,15016,11433,2,577.83
10309,2024-08-02 06:03:35,4363,WN,13303,12478,1,272.87
10310,2025-01-16 06:26:34,1752,DL,15016,11433,3,673.78
10311,2024-03-11 17:54:11,1962,DL,14869,12478,3,635.68
10312,2024-08-02 15:44:15,4511,DL,14869,12478,2,731.85
10313,2024-05-28 07:58:39,4356,DL,11193,12892,3,1068.86
10314,2024-02-22 07:20:57,3427,DL,15016,11433,3,930.26
10315,2024-03-18 04:20:25,2882,DL,12266,10397,2,855.7
10316,2024-02-06 06:07:45,2072,DL,14869,12478,1,443.21
10317,2024-02-06 02:12:22,2398,DL,11193,12892,4,2049.85
10318,2025-07-03 11:16:56,3433,DL,11193,12892,2,434.42
10319,2025-06-11 07:30:58,2528,DL,15016,11433,2,302.1
10320,2025-09-01 04:44:24,1918,UA,10397,12892,4,1808.73
10321,2024-05-14 07:00:17,4168,DL,12266,10397,3,1502.08
10322,2024-06-13 09:49:47,1023,WN,13303,12478,1,372.84
10323,2024-01-14 07:27:24,1730,WN,13303,12478,2,534.63
10324,2025-09-19 12:14:24,3925,AA,12892,10397,2,432.17
10325,2025-05-24 03:18:12,4886,AA,12892,10397,3,886.66
10326,2024-04-19 20:25:56,3443,DL,10397,15016,3,1799.43
10327,2024-03-12 16:31:34,2490,DL,10397,15016,1,518.65
10328,2024-09-12 08:34:31,2113,AA,12892,10397,2,476.22
10329,2024-04-05 12:47:30,3536,DL,11433,13303,3,1365.45
10330,2025-01-21 08:57:52,2009,UA,10397,12892,1,344.12
10331,2024-08-11 10:18:42,1999,DL,12266,10397,4,930.04
10332,2025-05-16 13:38:02,1734,DL,14869,12478,2,1020.8
10333,2024-06-15 17:01:36,2884,DL,15016,11433,2,1195.19
10334,2025-08-09 09:27:57,1399,UA,10397,12892,3,1651.59
10335,2025-03-18 12:09:54,3263,WN,13303,12478,2,1018.05
10336,2024-11-07 10:24:10,1176,DL,15016,11433,1,550.02
10337,2025-04-25 08:38:17,3503,UA,10397,12892,1,339.48
10338,2025-04-01 17:03:46,2988,WN,13303,12478,3,600.93
10339,2024-06-15 02:27:50,1128,WN,13303,12478,1,484.36
10340,2025-04-23 19:12:06,1748,WN,13303,12478,2,925.67
10341,2024-03-23 00:35:48,1447,DL,12266,10397,3,1168.44
10342,2025-02-23 16:32:22,3473,DL,14057,14869,1,573.35
10343,2024-12-30 05:59:27,2632,DL,10397,15016,4,1134.26
10344,2024-05-30 20:27:33,2333,UA,10397,12892,1,536.7
10345,2025-08-04 23:00:57,2933,AA,12892,10397,4,1701.83
10346,2024-10-20 00:51:31,2811,DL,11433,13303,3,819.15
10347,2024-04-18 01:43:44,2189,DL,12266,10397,2,527.14
10348,2024-04-29 21:24:15,1147,DL,14057,14869,3,1161.51
10349,2025-10-11 00:49:16,2814,DL,11193,12892,1,236.23
10350,2024-05-10 05:55:39,3198,DL,14057,14869,3,1289.06
10351,2025-02-14 05:53:05,2117,DL,15016,11433,4,1745.43
10352,2025-06-22 08:45:38,3877,UA,10397,12892,4,2055.33
10353,2024-01-17 01:01:29,1275,DL,15016,11433,2,690.19
10354,2025-08-23 14:16:09,2866,DL,10397,15016,3,883.05
10355,2024-03-26 15:12:42,2799,DL,11433,13303,3,485.82
10356,2025-03-12 04:26:45,1857,DL,11193,12892,1,202.93
10357,2024-08-20 05:08:02,1484,WN,13303,12478,4,1414.63
10358,2024-10-29 23:07:53,1801,AA,12892,10397,4,1150.71
10359,2024-07-14 17:51:23,2481,AA,12892,10397,4,2348.4
10360,2024-05-14 23:58:19,1156,WN,13303,12478,3,1046.6
10361,2025-02-21 04:33:54,2203,DL,14869,12478,1,217.26
10362,2024-12-30 17:14:43,1986,WN,13303,12478,2,565.9
10363,2025-07-20 02:09:31,2860,DL,15016,11433,2,862.44
10364,2025-07-30 21:26:07,1006,DL,11433,13303,4,2050.6
10365,2025-08-16 19:26:54,2395,AA,12892,10397,3,1548.81
10366,2025-07-27 03:17:32,4903,DL,11193,12892,2,1082.61
10367,2024-07-05 13:01:50,2046,UA,10397,12892,4,1187.14
10368,2025-10-24 22:18:40,2531,AA,12892,10397,3,1593.84
10369,2024-09-14 03:45:54,2953,DL,10397,15016,3,1313.07
10370,2025-02-15 18:11:24,4263,AA,12892,10397,3,1424.22
10371,2025-03-18 08:17:29,1639,WN,13303,12478,4,1260.56
10372,2024-02-15 15:10:24,4927,DL,11193,12892,4,831.21
10373,2024-06-09 11:51:46,1895,DL,11193,12892,2,718.48
10374,2024-10-25 17:41:55,3611,DL,11433,13303,1,465.99
10375,2024-12-06 04:06:38,3263,DL,14869,12478,4,1521.74
10376,2024-08-11 17:03:25,4995,DL,10397,15016,4,2040.36
10377,2024-11-12 03:24:49,4600,WN,13303,12478,2,957.49
10378,2024-11-03 23:00:39,4073,DL,11433,13303,1,454.4
10379,2024-03-21 06:58:20,4981,DL,10397,15016,4,1167.56
10380,2024-05-27 20:35:32,4896,DL,10397,15016,2,776.65
10381,2024-11-10 19:54:22,2572,DL,14869,12478,4,2138.25
10382,2025-09-19 20:39:21,1606,DL,15016,11433,3,774.21
10383,2024-08-28 02:32:47,3698,DL,11433,13303,4,1936.89
10384,2024-02-11 03:03:50,3914,DL,10397,15016,1,550.4
10385,2025-01-12 21:09:04,1456,DL,10397,15016,3,1527.53
10386,2024-07-16 16:38:43,4293,UA,10397,12892,2,1040.37
10387,2025-02-14 09:47:21,4205,AA,12892,10397,2,582.75
10388,2024-12-28 20:56:22,3746,DL,12266,10397,2,976.64
10389,2025-07-25 22:00:01,4497,DL,14057,14869,3,751.89
10390,2025-05-21 21:28:51,2146,UA,10397,12892,4,1225.23
10391,2024-03-19 12:06:51,1319,DL,11433,13303,3,1782.98
10392,2025-01-26 10:19:02,2725,DL,14057,14869,3,574.72
10393,2024-11-07 16:02:19,2754,DL,11433,13303,2,883.89
10394,2025-02-15 07:42:11,2354,DL,11193,12892,1,547.24
10395,2024-07-09 18:22:21,4354,DL,14869,12478,2,1098.61
10396,2024-10-27 22:37:40,4687,DL,14869,12478,2,761.18
10397,2024-07-20 03:13:12,2061,DL,11193,12892,2,1189.73
10398,2024-09-02 03:36:49,3202,DL,14869,12478,1,269.04
10399,2025-09-20 16:29:12,1629,WN,13303,12478,1,576.71
10400,2024-05-27 08:48:26,3788,DL,14869,12478,1,387.37
10401,2025-05-20 00:13:38,3823,DL,10397,15016,4,1970.31
10402,2025-06-08 17:20:20,1411,UA,10397,12892,3,961.51
10403,2025-06-02 17:53:54,2038,AA,12892,10397,4,1342.03
10404,2025-09-20 11:01:37,1650,DL,11433,13303,4,912.86
10405,2025-05-04 12:49:03,4949,DL,11193,12892,3,1011.47
10406,2025-06-30 07:44:48,3790,WN,13303,12478,2,730.49
10407,2024-08-08 00:19:16,2769,DL,11193,12892,2,1074.08
10408,2024-07-14 19:25:01,4953,DL,12266,10397,4,1947.76
10409,2025-01-22 12:17:29,1934,DL,15016,11433,4,1532.22
10410,2025-02-04 17:42:35,2756,DL,15016,11433,4,1814.41
10411,2024-05-09 14:55:30,4284,AA,12892,10397,4,2278.47
10412,2024-10-30 10:20:39,2095,DL,12266,10397,4,1932.19
10413,2025-08-08 20:56:20,1842,DL,10397,15016,1,400.74
10414,2025-06-26 04:04:09,3532,DL,14057,14869,2,1191.22
10415,2025-03-07 00:14:15,4503,AA,12892,10397,4,978.84
10416,2025-02-06 15:50:42,3483,DL,15016,11433,3,1146.5
10417,2025-01-29 13:04:50,2084,DL,11193,12892,2,1097.03
10418,2024-11-14 09:19:36,4078,DL,12266,10397,1,262.77
10419,2025-02-14 20:32:07,4221,DL,15016,11433,4,2016.68
10420,2025-03-13 05:49:35,2385,DL,14057,14869,2,1145.09
10421,2025-06-07 19:29:07,4870,DL,11433,13303,1,228.27
10422,2025-10-09 11:34:11,3543,DL,14869,12478,4,1493.1
10423,2024-11-21 15:17:42,1870,DL,14869,12478,4,1325.78
10424,2024-09-17 06:46:10,2480,UA,10397,12892,4,1351.99
10425,2025-09-06 06:20:04,4504,DL,11433,13303,2,1066.91
10426,2024-10-13 12:07:21,1020,DL,11433,13303,2,1039.52
10427,2025-07-11 07:02:55,2350,DL,12266,10397,1,596.01
10428,2025-05-03 03:57:54,2333,DL,11433,13303,3,1247.54
10429,2025-03-05 18:44:09,1640,DL,15016,11433,3,1326.43
10430,2025-02-26 07:12:21,4662,DL,14057,14869,4,1391.15
10431,2025-02-14 10:41:58,2440,WN,13303,12478,2,1037.13
10432,2024-12-12 23:23:10,3959,DL,14869,12478,4,1392.38
10433,2024-11-29 06:42:13,3027,DL,10397,15016,4,2084.31
10434,2025-07-01 04:11:15,3797,DL,11193,12892,1,235.87
10435,2025-01-24 09:10:57,1884,UA,10397,12892,4,2092.47
10436,2024-03-16 23:10:46,4175,DL,11193,12892,3,972.03
10437,2024-06-08 08:53:07,3817,DL,10397,15016,2,1082.2
10438,2024-12-15 19:13:44,3832,DL,11193,12892,4,779.29
10439,2024-07-20 22:16:40,1553,AA,12892,10397,4,1672.63
10440,2024-10-05 09:35:05,1956,DL,14869,12478,1,346.93
10441,2024-11-08 21:05:56,4046,DL,14057,14869,3,1380.93
10442,2024-02-02 20:18:31,2558,DL,10397,15016,2,579.02
10443,2024-07-03 03:30:11,4810,DL,14869,12478,4,1127.98
10444,2025-04-28 17:12:24,2663,AA,12892,10397,1,197.31
10445,2025-09-15 15:01:26,2137,DL,15016,11433,4,1025.39
10446,2025-08-21 10:11:08,1163,AA,12892,10397,4,1749.53
10447,2025-10-13 05:56:35,4797,DL,11433,13303,4,1005.55
10448,2024-08-12 10:53:01,1312,DL,11433,13303,3,903.09
10449,2024-06-17 22:47:34,1822,DL,11193,12892,3,1242.19
10450,2024-05-12 17:33:20,3212,WN,13303,12478,3,524.11
10451,2025-09-16 13:47:10,2960,DL,14057,14869,1,583.29
10452,2024-02-09 06:42:15,4849,UA,10397,12892,4,748.41
10453,2024-08-28 04:56:22,4499,DL,14057,14869,3,1232.89
10454,2024-02-24 23:47:39,1991,WN,13303,12478,3,635.31
10455,2025-10-07 16:00:25,1890,DL,14869,12478,1,526.67
10456,2025-03-17 08:27:14,3819,DL,15016,11433,1,385.58
10457,2025-05-17 10:47:21,1671,DL,12266,10397,1,279.02
10458,2025-01-15 00:14:23,2187,DL,15016,11433,4,1307.17
10459,2024-10-07 10:00:35,1588,DL,12266,10397,4,1454.92
10460,2024-08-22 11:08:58,2524,DL,14869,12478,2,813.12
10461,2024-09-06 11:53:06,2312,DL,12266,10397,4,1422.42
10462,2025-04-30 14:47:39,2015,DL,14869,12478,4,1336.23
10463,2025-02-27 06:05:47,1740,WN,13303,12478,4,746.14
10464,2024-09-30 05:54:54,3794,DL,15016,11433,1,586.38
10465,2025-04-29 09:10:07,4186,DL,12266,10397,4,1637.86
10466,2024-07-02 19:39:36,1590,DL,15016,11433,2,745.69
10467,2024-10-23 01:57:52,4148,DL,11193,12892,2,324.16
10468,2024-10-22 21:56:03,3698,DL,12266,10397,4,1108.98
10469,2025-06-07 06:05:50,1767,DL,12266,10397,1,184.87
10470,2025-05-19 22:54:03,4133,DL,15016,11433,2,414.24
10471,2024-10-17 15:46:19,2744,DL,12266,10397,1,378.46
10472,2024-01-07 16:43:18,2496,DL,11193,12892,4,1206.7
10473,2024-09-16 21:17:22,2099,AA,12892,10397,4,1649.06
10474,2024-08-08 01:09:35,4484,AA,12892,10397,2,580.5
10475,2024-05-10 01:45:50,4089,DL,14057,14869,4,1566.67
10476,2024-05-09 08:32:59,2102,DL,12266,10397,1,384.46
10477,2025-03-19 20:11:45,2863,WN,13303,12478,4,1989.29
10478,2025-03-02 08:39:12,2849,DL,12266,10397,1,433.24
10479,2025-05-21 04:56:22,1532,DL,11433,13303,1,251.33
10480,2024-10-09 11:55:05,1487,UA,10397,12892,3,561.24
10481,2024-05-06 05:27:51,3826,DL,14057,14869,2,895.38
10482,2024-05-30 19:33:34,4328,DL,10397,15016,4,1816.0
10483,2025-07-17 10:50:09,4776,DL,14869,12478,3,1302.48
10484,2024-11-10 20:57:36,1892,AA,12892,10397,3,452.84
10485,2025-06-14 08:39:51,2766,DL,14057,14869,4,1689.05
10486,2024-11-01 11:14:49,4041,AA,12892,10397,3,1183.42
10487,2025-08-20 01:19:48,3297,DL,10397,15016,2,699.81
10488,2024-09-08 12:46:22,1425,DL,11433,13303,1,452.44
10489,2025-05-08 09:29:51,3141,DL,11433,13303,4,1550.76
10490,2024-10-19 03:34:45,1767,DL,14057,14869,2,1054.43
10491,2025-03-06 09:51:53,2438,DL,10397,15016,2,978.99
10492,2024-01-13 18:54:42,1368,DL,11433,13303,4,1556.84
10493,2025-04-12 23:37:11,3292,DL,12266,10397,3,761.97
10494,2024-05-16 05:33:40,4884,DL,14869,12478,2,675.93
10495,2024-11-14 18:37:00,2246,DL,11433,13303,4,1145.23
10496,2024-03-28 12:14:08,3590,AA,12892,10397,4,1798.8
10497,2024-10-06 05:04:38,4090,DL,15016,11433,4,1491.15
10498,2024-12-06 08:46:22,4479,AA,12892,10397,4,1163.45
10499,2024-12-05 13:51:29,3628,DL,14057,14869,2,959.55
10500,2025-09-01 19:04:47,1325,UA,10397,12892,3,1758.98
10501,2025-08-10 09:28:09,4764,DL,11433,13303,3,1529.56
10502,2024-09-29 01:48:04,1403,DL,14869,12478,2,935.96
10503,2025-03-12 22:13:55,4168,AA,12892,10397,3,657.7
10504,2025-10-19 14:26:43,1147,AA,12892,10397,2,388.94
10505,2024-12-25 18:50:27,4833,AA,12892,10397,2,762.73
10506,2024-05-29 01:26:29,2649,UA,10397,12892,3,1022.39
10507,2025-02-15 10:34:50,3303,DL,10397,15016,4,2152.16
10508,2024-09-18 15:59:48,1565,DL,15016,11433,1,319.28
10509,2024-04-09 14:01:56,3824,DL,14869,12478,3,1679.68
10510,2024-07-25 10:19:11,4511,DL,14057,14869,4,1068.3
10511,2024-04-28 14:23:52,4468,DL,12266,10397,2,484.37
10512,2024-02-01 21:31:04,2081,DL,10397,15016,1,276.3
10513,2024-03-03 01:53:39,4979,DL,11433,13303,4,682.72
10514,2024-09-18 19:24:04,4477,DL,14057,14869,4,1050.47
10515,2025-02-04 13:10:48,5000,DL,11193,12892,1,456.85
10516,2024-05-11 12:13:25,2059,AA,12892,10397,4,1783.82
10517,2025-03-23 12:40:12,2148,UA,10397,12892,2,574.87
10518,2025-09-05 16:57:19,2435,WN,13303,12478,3,963.44
10519,2024-04-12 16:54:24,2587,UA,10397,12892,4,636.88
10520,2025-01-21 10:20:50,4846,WN,13303,12478,2,901.72
10521,2024-03-04 09:09:41,4515,DL,12266,10397,3,842.87
10522,2024-02-09 16:36:12,1682,DL,11193,12892,2,401.7
10523,2024-11-26 16:53:57,4263,AA,12892,10397,2,311.33
10524,2025-05-08 23:50:39,1864,DL,14057,14869,4,1482.96
10525,2025-05-01 02:10:27,2129,DL,14869,12478,4,1872.82
10526,2024-03-08 01:19:12,1968,DL,15016,11433,1,431.04
10527,2025-10-31 18:14:13,1558,DL,11433,13303,2,581.85
10528,2024-03-09 00:13:25,1750,DL,14869,12478,2,810.88
10529,2024-07-12 03:44:48,4160,WN,13303,12478,1,597.31
10530,2025-09-25 16:31:04,3779,DL,14057,14869,4,1097.32
10531,2025-03-11 16:51:42,4073,DL,11193,12892,1,390.36
10532,2025-10-19 08:44:34,4604,DL,11433,13303,1,576.7
10533,2024-11-04 20:37:29,2111,DL,12266,10397,4,1058.48
10534,2024-08-04 11:23:33,2986,DL,11433,13303,4,648.47
10535,2025-09-13 00:29:45,3191,DL,14057,14869,3,1172.93
10536,2025-01-04 23:22:52,1093,UA,10397,12892,3,780.16
10537,2025-03-31 01:56:53,1957,AA,12892,10397,1,155.26
10538,2024-04-26 08:04:00,3361,DL,15016,11433,4,974.55
10539,2024-12-19 16:19:15,4880,WN,13303,12478,2,994.74
10540,2025-02-10 22:58:56,2196,UA,10397,12892,3,1781.42
10541,2024-06-02 04:56:31,3355,DL,12266,10397,1,539.05
10542,2025-05-21 01:23:21,3394,AA,12892,10397,4,1737.44
10543,2024-12-14 17:13:11,3147,UA,10397,12892,3,1144.1
10544,2025-06-06 09:48:34,1038,UA,10397,12892,1,266.82
10545,2024-07-18 01:33:24,1311,DL,14057,14869,2,1187.73
10546,2024-10-10 02:15:56,4078,DL,11433,13303,2,932.35
10547,2024-04-23 17:49:53,1512,DL,12266,10397,4,988.6
10548,2025-01-14 21:19:12,3397,DL,14057,14869,1,558.8
10549,2024-05-12 18:25:35,3518,DL,15016,11433,3,1522.03
10550,2024-10-16 00:13:00,3605,DL,15016,11433,2,979.21
10551,2024-09-30 21:30:02,3966,DL,14869,12478,1,396.1
10552,2025-02-08 06:39:37,1141,DL,14057,14869,4,1773.54
10553,2025-01-31 08:08:50,4633,AA,12892,10397,1,425.78
10554,2025-06-14 21:02:30,3749,WN,13303,12478,1,306.01
10555,2025-08-22 12:38:45,4838,DL,14057,14869,1,295.26
10556,2025-06-30 09:14:59,4286,DL,10397,15016,1,499.66
10557,2025-04-06 01:12:02,1087,DL,11433,13303,3,490.39
10558,2024-11-20 16:13:18,4656,UA,10397,12892,4,877.75
10559,2025-04-21 16:56:00,3542,WN,13303,12478,1,281.41
10560,2025-04-09 17:14:35,2970,AA,12892,10397,1,157.5
10561,2025-04-27 08:56:40,1232,DL,10397,15016,2,867.85
10562,2025-04-25 07:57:46,3923,DL,11433,13303,4,1040.98
10563,2024-12-17 22:02:39,3589,DL,15016,11433,1,506.34
10564,2025-05-04 01:36:02,2490,DL,11433,13303,1,376.82
10565,2025-04-23 21:15:21,1166,DL,11193,12892,2,568.51
10566,2024-12-12 13:31:27,2898,DL,14057,14869,3,938.33
10567,2024-12-23 20:30:07,3285,DL,11433,13303,4,1715.85
10568,2024-04-11 06:33:19,4424,DL,12266,10397,2,611.95
10569,2024-07-20 23:28:09,1703,DL,14869,12478,2,627.06
10570,2024-01-03 01:44:12,4802,AA,12892,10397,4,1989.73
10571,2025-09-21 16:01:56,1998,DL,10397,15016,4,1285.55
10572,2025-07-06 06:51:05,1389,UA,10397,12892,2,1095.39
10573,2024-11-11 03:54:29,4730,DL,12266,10397,2,920.06
10574,2024-04-05 09:50:56,1363,UA,10397,12892,3,1077.34
10575,2025-05-10 21:51:53,2642,DL,10397,15016,4,1905.27
10576,2024-09-23 20:17:08,2984,DL,15016,11433,2,996.43
10577,2024-02-04 10:11:40,3726,DL,14869,12478,1,469.76
10578,2024-09-23 21:50:01,2929,WN,13303,12478,3,883.32
10579,2024-01-29 05:57:35,3052,DL,11193,12892,3,703.41
10580,2024-11-17 21:20:55,1479,DL,10397,15016,1,457.0
10581,2025-05-20 00:25:36,2695,DL,12266,10397,4,1462.74
10582,2024-11-13 04:11:04,3410,DL,11433,13303,4,1021.41
10583,2025-05-29 03:16:52,2664,AA,12892,10397,4,773.13
10584,2025-08-18 12:08:34,4454,DL,10397,15016,3,1245.45
10585,2025-01-30 18:06:34,2333,DL,12266,10397,3,1631.74
10586,2024-12-07 09:00:43,3488,AA,12892,10397,1,561.09
10587,2024-07-25 15:42:27,4126,DL,14057,14869,3,1776.74
10588,2025-01-19 22:00:35,1168,UA,10397,12892,2,949.53
10589,2025-04-27 05:11:49,1554,UA,10397,12892,2,711.96
10590,2025-05-30 02:54:47,3682,DL,11433,13303,4,1688.53
10591,2024-02-10 12:45:00,4313,AA,12892,10397,1,278.13
10592,2024-02-19 21:21:18,3368,WN,13303,12478,3,1168.72
10593,2024-04-26 08:42:47,1006,WN,13303,12478,3,1613.32
10594,2024-11-22 09:28:12,4214,DL,12266,10397,2,1069.58
10595,2024-02-13 17:47:33,1908,DL,14057,14869,2,466.86
10596,2025-03-01 22:31:06,2570,AA,12892,10397,1,526.02
10597,2025-10-26 05:05:22,3933,DL,15016,11433,2,1001.99
10598,2024-04-10 05:42:21,3440,DL,11433,13303,4,1111.21
10599,2025-04-23 11:30:26,2976,DL,14057,14869,3,1003.29
10600,2024-05-09 01:19:54,2916,WN,13303,12478,1,260.53
10601,2025-01-03 15:53:33,3436,DL,15016,11433,4,1112.31
10602,2025-08-16 21:02:32,4226,DL,11433,13303,2,797.67
10603,2025-09-23 16:06:34,4218,DL,11433,13303,2,1084.42
10604,2024-06-19 03:04:29,4450,DL,11433,13303,1,446.58
10605,2024-04-21 08:06:30,3832,WN,13303,12478,4,949.4
10606,2024-07-11 17:46:02,2833,DL,14057,14869,2,874.58
10607,2024-01-04 16:20:22,4119,DL,11433,13303,1,455.73
10608,2025-09-28 11:17:27,1142,AA,12892,10397,4,1755.22
10609,2024-04-05 11:01:02,4751,WN,13303,12478,4,1150.74
10610,2024-07-22 04:11:05,3492,DL,15016,11433,1,367.52
10611,2024-09-20 09:34:28,3621,DL,10397,15016,2,347.59
10612,2024-06-15 16:22:20,3999,DL,10397,15016,3,593.49
10613,2024-05-29 14:05:04,3081,DL,11193,12892,2,348.37
10614,2024-07-23 07:30:59,2585,DL,14057,14869,1,467.42
10615,2025-01-23 16:40:54,4146,DL,10397,15016,3,1741.89
10616,2024-06-22 05:17:51,2781,DL,14057,14869,1,369.98
10617,2024-07-04 22:50:02,2787,WN,13303,12478,3,670.39
10618,2024-08-11 11:37:20,2686,DL,11433,13303,2,888.52
10619,2025-02-23 16:57:10,4845,UA,10397,12892,4,1289.16
10620,2024-11-27 09:11:53,3327,WN,13303,12478,3,555.58
10621,2025-06-09 10:56:50,4266,DL,14869,12478,2,472.0
10622,2024-10-01 13:48:36,3542,DL,14869,12478,1,584.04
10623,2025-09-19 15:27:44,2328,DL,11193,12892,3,482.0
10624,2024-09-18 04:58:46,3477,DL,15016,11433,2,1166.88
10625,2024-05-14 18:44:17,1281,DL,11193,12892,4,1157.26
10626,2025-07-27 22:37:20,3933,DL,14869,12478,1,315.09
10627,2025-01-13 17:29:04,4177,WN,13303,12478,2,971.01
10628,2025-10-03 18:07:23,3768,AA,12892,10397,2,889.28
10629,2024-06-08 17:23:05,1055,WN,13303,12478,1,427.6
10630,2024-07-08 08:49:13,1936,DL,15016,11433,1,199.74
10631,2024-07-08 05:30:33,1126,DL,10397,15016,2,521.88
10632,2025-05-25 07:35:36,1828,UA,10397,12892,4,1558.57
10633,2025-09-01 08:56:30,4247,DL,14869,12478,2,946.15
10634,2025-05-17 13:45:03,3839,WN,13303,12478,4,1836.88
10635,2025-09-23 06:09:40,3259,AA,12892,10397,3,1075.68
10636,2024-10-18 19:54:08,4323,DL,14869,12478,3,757.08
10637,2025-05-14 19:25:22,2500,DL,15016,11433,1,497.31
10638,2024-03-27 21:26:54,2165,UA,10397,12892,3,1656.55
10639,2024-12-12 00:17:23,3389,DL,11193,12892,4,1501.41
10640,2025-08-31 20:32:52,1869,WN,13303,12478,4,2355.96
10641,2024-02-21 16:38:26,3966,DL,11193,12892,2,584.14
10642,2024-12-22 23:16:01,1751,AA,12892,10397,4,796.02
10643,2024-01-05 04:09:44,3809,DL,15016,11433,4,1537.48
10644,2025-04-19 04:04:38,3060,DL,14057,14869,3,1775.45
10645,2024-09-09 11:01:04,3638,DL,11433,13303,1,447.4
10646,2024-06-12 05:53:42,2558,DL,14869,12478,1,420.03
10647,2024-01-01 11:23:28,4257,WN,13303,12478,3,1548.4
10648,2025-03-12 06:47:31,4665,DL,12266,10397,2,422.98
10649,2025-10-26 15:59:24,4285,DL,14869,12478,3,658.91
10650,2024-10-10 23:06:04,2639,DL,11433,13303,3,1640.77
10651,2025-10-31 16:59:41,3075,UA,10397,12892,2,1109.12
10652,2025-05-26 16:00:31,4435,DL,11433,13303,2,586.15
10653,2024-03-26 01:39:37,2368,DL,11433,13303,3,1490.22
10654,2024-08-18 14:00:21,3703,DL,15016,11433,4,996.24
10655,2024-06-01 04:41:10,2892,WN,13303,12478,2,1053.85
10656,2025-07-28 06:34:37,2012,DL,14057,14869,2,795.47
10657,2024-10-27 23:05:38,3417,DL,11433,13303,4,1100.71
10658,2024-08-16 03:17:32,1883,AA,12892,10397,1,229.17
10659,2024-07-06 12:41:26,2378,DL,10397,15016,3,1697.45
10660,2024-01-25 17:50:25,4261,DL,11433,13303,2,425.26
10661,2025-02-08 07:05:35,1271,DL,11193,12892,1,448.41
10662,2024-09-08 22:08:27,2647,DL,15016,11433,4,980.03
10663,2024-07-18 07:41:13,4978,DL,10397,15016,1,539.09
10664,2025-05-17 15:20:26,2175,WN,13303,12478,2,595.76
10665,2024-01-22 07:51:51,3631,DL,15016,11433,1,560.79
10666,2025-03-15 14:52:09,2473,DL,12266,10397,3,586.02
10667,2025-08-12 23:06:39,4851,DL,15016,11433,3,1336.25
10668,2025-04-19 10:34:01,4850,DL,14869,12478,1,268.3
10669,2025-09-07 14:13:04,2043,WN,13303,12478,2,660.38
10670,2024-06-01 11:28:06,1875,AA,12892,10397,3,529.7
10671,2024-08-13 23:30:45,3965,WN,13303,12478,1,204.97
10672,2024-05-24 20:22:00,4892,UA,10397,12892,2,742.95
10673,2024-05-09 13:33:25,2474,DL,14869,12478,4,938.29
10674,2025-09-30 06:07:06,3947,DL,14057,14869,2,1112.69
10675,2025-10-29 20:39:35,2851,DL,14869,12478,4,1065.9
10676,2025-08-28 16:50:07,3923,WN,13303,12478,4,1113.57
10677,2025-05-27 20:16:48,3844,DL,10397,15016,1,554.94
10678,2025-08-09 04:56:52,1795,DL,12266,10397,2,593.1
10679,2025-09-28 07:58:13,4863,UA,10397,12892,4,1566.19
10680,2024-02-19 03:58:08,2207,DL,12266,10397,3,1338.5
10681,2025-03-25 12:42:59,3821,UA,10397,12892,3,1361.8
10682,2025-07-15 17:03:37,4391,DL,10397,15016,1,380.12
10683,2024-03-13 19:17:10,3148,DL,11193,12892,3,1185.49
10684,2024-10-10 13:22:51,2375,DL,14057,14869,3,1234.44
10685,2025-02-28 03:42:34,4251,DL,11193,12892,1,233.13
10686,2025-01-12 04:49:26,2443,AA,12892,10397,3,874.28
10687,2024-04-15 08:59:31,1728,DL,14057,14869,2,315.46
10688,2025-07-15 10:49:21,2514,DL,15016,11433,1,175.98
10689,2025-01-15 15:07:30,3804,DL,14057,14869,3,1032.68
10690,2024-02-27 20:06:15,2388,DL,12266,10397,2,916.45
10691,2024-02-20 17:51:57,1501,DL,14869,12478,3,1476.81
10692,2024-06-22 20:22:35,1530,DL,15016,11433,4,1601.89
10693,2024-06-14 16:15:26,3422,UA,10397,12892,4,2035.47
10694,2024-12-09 05:20:34,4454,DL,14869,12478,1,338.94
10695,2025-02-19 09:56:31,4759,DL,15016,11433,1,202.21
10696,2024-04-24 23:25:13,3859,DL,12266,10397,4,1851.14
10697,2024-06-18 14:41:49,2641,DL,12266,10397,4,1442.37
10698,2025-01-11 17:38:07,4408,DL,10397,15016,3,1641.86
10699,2024-12-05 20:47:32,2584,DL,14869,12478,1,468.47
10700,2024-03-13 19:26:56,2706,DL,11433,13303,3,1789.61
10701,2024-11-15 11:38:56,3601,AA,12892,10397,3,1737.45
10702,2025-03-29 02:27:31,1797,DL,14057,14869,3,898.02
10703,2025-07-09 00:09:43,1885,WN,13303,12478,1,445.09
10704,2024-01-24 12:45:02,4346,AA,12892,10397,1,522.6
10705,2025-02-16 10:24:26,4997,UA,10397,12892,1,326.52
10706,2024-02-25 20:21:27,4452,WN,13303,12478,3,524.92
10707,2024-04-23 00:30:09,4318,DL,14057,14869,1,544.93
10708,2024-04-29 12:30:11,4289,UA,10397,12892,4,2184.41
10709,2025-10-22 06:43:37,4232,DL,14869,12478,2,929.49
10710,2025-02-11 21:06:05,3750,DL,14057,14869,1,194.55
10711,2024-01-27 14:19:22,2495,DL,10397,15016,4,2080.68
10712,2024-02-11 06:07:37,3800,DL,10397,15016,4,1987.2
10713,2025-08-21 02:16:29,3802,DL,14869,12478,3,1778.61
10714,2025-07-05 10:47:14,4809,AA,12892,10397,2,1028.29
10715,2024-06-09 06:21:44,4025,DL,15016,11433,4,852.05
10716,2024-04-25 10:55:54,4293,DL,12266,10397,3,1582.72
10717,2025-01-26 18:50:50,4780,DL,12266,10397,3,668.81
10718,2024-11-01 16:08:30,3623,DL,15016,11433,2,1137.3
10719,2024-11-06 07:29:45,3233,DL,14057,14869,4,2082.2
10720,2025-08-17 11:33:10,3677,UA,10397,12892,4,1871.2
10721,2024-05-07 05:02:25,1620,UA,10397,12892,2,854.68
10722,2025-03-20 12:32:05,3678,DL,14057,14869,1,285.02
10723,2025-01-21 07:25:56,3567,DL,14869,12478,2,699.83
10724,2024-02-22 19:43:40,1945,DL,12266,10397,2,790.62
10725,2024-07-19 14:40:41,4988,DL,15016,11433,1,477.76
10726,2024-12-25 02:30:41,4612,DL,14869,12478,1,363.66
10727,2025-08-02 23:51:23,2307,DL,11433,13303,2,709.35
10728,2024-10-28 20:39:37,3436,DL,11193,12892,2,1039.23
10729,2024-03-26 05:53:23,4532,AA,12892,10397,4,863.48
10730,2024-01-06 06:21:35,4681,DL,15016,11433,2,391.87
10731,2024-07-25 14:36:48,3748,DL,14057,14869,4,1832.21
10732,2025-10-27 04:16:59,2095,DL,14869,12478,1,559.15
10733,2024-10-11 11:27:17,3782,AA,12892,10397,4,1351.21
10734,2024-12-17 16:46:00,3087,DL,15016,11433,4,921.24
10735,2025-04-24 13:38:37,1784,DL,11193,12892,1,589.87
10736,2024-05-02 21:45:36,3072,DL,12266,10397,4,2336.74
10737,2025-04-22 13:20:54,4500,DL,12266,10397,3,1750.07
10738,2024-10-01 03:01:29,1576,UA,10397,12892,1,464.07
10739,2024-10-18 14:11:24,3701,DL,11193,12892,1,411.15
10740,2025-05-13 22:51:46,2293,DL,14869,12478,3,1078.41
10741,2025-04-14 20:02:54,1492,DL,15016,11433,2,454.29
10742,2025-01-28 09:56:06,2053,DL,11193,12892,4,2174.49
10743,2025-10-28 06:21:18,3308,DL,11193,12892,3,1624.71
10744,2025-01-07 19:13:39,2374,WN,13303,12478,2,345.18
10745,2024-12-25 02:27:34,3733,DL,11433,13303,4,1160.71
10746,2024-02-19 16:20:42,4859,DL,14057,14869,4,1522.44
10747,2024-10-26 05:46:03,4817,AA,12892,10397,2,806.66
10748,2025-05-21 09:30:02,1810,DL,11433,13303,2,960.53
10749,2024-01-07 17:05:01,1720,DL,11433,13303,2,759.34
10750,2024-10-03 22:45:26,1301,DL,14869,12478,3,499.94
10751,2024-09-27 05:38:26,3930,AA,12892,10397,3,1024.26
10752,2024-01-03 15:42:00,4511,DL,10397,15016,4,667.12
10753,2025-01-31 04:00:37,3390,UA,10397,12892,2,635.92
10754,2024-03-27 22:03:11,3772,DL,15016,11433,4,1165.43
10755,2025-04-17 09:48:25,4295,UA,10397,12892,2,674.67
10756,2025-10-16 21:24:50,3516,UA,10397,12892,1,508.96
10757,2024-08-21 17:48:44,3379,DL,10397,15016,1,394.68
10758,2025-04-18 04:21:36,1743,DL,10397,15016,2,445.74
10759,2024-03-26 16:27:18,4307,WN,13303,12478,3,1745.0
10760,2025-01-14 09:57:17,2780,DL,10397,15016,4,635.26
10761,2024-12-16 02:52:06,1518,DL,14057,14869,4,1832.28
10762,2024-01-11 15:15:06,4979,DL,14057,14869,3,1637.78
10763,2024-06-03 02:13:51,1304,AA,12892,10397,1,181.79
10764,2024-05-27 14:42:36,1491,DL,14057,14869,4,2246.15
10765,2024-12-29 23:20:49,3598,AA,12892,10397,1,537.5
10766,2024-07-28 22:30:46,4510,WN,13303,12478,4,1532.34
10767,2024-03-04 21:36:12,3040,DL,14057,14869,2,482.38
10768,2024-11-02 08:17:06,1585,AA,12892,10397,3,1262.54
10769,2024-06-11 19:13:56,4070,DL,10397,15016,1,291.99
10770,2024-06-06 05:10:36,4627,DL,11433,13303,3,490.33
10771,2025-09-21 09:45:05,1888,DL,12266,10397,3,745.66
10772,2024-06-24 05:46:02,3834,DL,14057,14869,1,297.76
10773,2024-12-10 17:20:26,3220,DL,14057,14869,4,1843.78
10774,2024-04-18 21:46:46,1460,DL,14869,12478,3,489.53
10775,2025-04-12 05:02:01,3268,AA,12892,10397,4,1666.22
10776,2024-02-10 12:42:20,2071,DL,12266,10397,1,503.86
10777,2025-08-02 05:33:23,3392,DL,15016,11433,4,2026.09
10778,2024-11-24 20:07:44,4016,DL,10397,15016,4,1443.64
10779,2024-08-13 20:19:41,1761,DL,12266,10397,1,529.53
10780,2025-03-22 03:45:58,1084,UA,10397,12892,4,2290.18
10781,2024-04-02 08:52:18,3710,DL,15016,11433,4,1803.19
10782,2025-03-27 22:48:44,4230,WN,13303,12478,4,2000.33
10783,2024-01-12 13:57:52,4145,DL,10397,15016,3,1181.25
10784,2024-05-17 02:00:35,3523,DL,11433,13303,4,1341.83
10785,2024-05-14 03:30:04,1889,DL,11433,13303,2,1097.62
10786,2024-09-21 05:15:39,4251,DL,14057,14869,1,412.07
10787,2025-08-04 12:28:41,3687,AA,12892,10397,2,326.44
10788,2025-02-03 16:00:55,3426,UA,10397,12892,1,327.91
10789,2024-05-23 15:37:59,1555,DL,12266,10397,1,551.95
10790,2024-03-02 03:37:15,4091,UA,10397,12892,1,382.62
10791,2024-01-10 09:12:01,2200,DL,10397,15016,3,1368.53
10792,2024-06-12 00:02:01,3520,DL,10397,15016,3,1109.48
10793,2024-10-03 23:34:06,1662,DL,12266,10397,2,1026.05
10794,2025-09-10 03:03:46,3492,DL,15016,11433,4,1905.06
10795,2024-12-01 21:04:38,2712,AA,12892,10397,4,1388.88
10796,2025-02-18 07:49:30,4632,UA,10397,12892,4,2318.9
10797,2024-10-19 00:21:54,4337,DL,11433,13303,1,523.02
10798,2024-07-03 18:51:19,4369,DL,11433,13303,4,1517.55
10799,2024-09-11 20:30:05,2433,UA,10397,12892,4,761.68
10800,2025-07-24 02:56:05,4962,DL,11193,12892,1,167.71
10801,2024-02-06 01:57:58,4481,UA,10397,12892,3,641.35
10802,2025-08-27 22:50:09,3295,DL,11193,12892,2,529.68
10803,2024-07-03 20:25:39,2881,DL,12266,10397,3,1098.93
10804,2024-10-13 18:18:38,1177,DL,12266,10397,1,303.33
10805,2024-08-25 09:45:18,1471,DL,15016,11433,3,1105.36
10806,2024-01-09 13:18:39,2054,DL,12266,10397,3,867.82
10807,2024-02-29 00:51:46,4364,WN,13303,12478,3,1752.49
10808,2025-10-10 09:33:42,3015,DL,10397,15016,1,216.0
10809,2025-10-09 23:39:12,1747,DL,14057,14869,4,1560.93
10810,2024-01-10 07:19:49,2418,DL,12266,10397,4,1508.31
10811,2025-05-06 01:35:57,2055,DL,14869,12478,4,1954.0
10812,2024-11-18 04:28:31,4551,DL,12266,10397,3,522.64
10813,2025-02-20 13:48:00,2085,DL,15016,11433,1,292.96
10814,2025-03-10 04:19:45,4547,AA,12892,10397,4,2185.5
10815,2024-12-24 15:36:06,3043,DL,14057,14869,3,527.26
10816,2025-05-24 03:00:13,3414,AA,12892,10397,3,464.53
10817,2024-01-20 12:14:55,4334,DL,11193,12892,1,394.15
10818,2025-10-08 20:45:10,1510,DL,14869,12478,2,310.18
10819,2025-01-21 17:47:27,1701,DL,12266,10397,2,628.18
10820,2024-06-07 17:09:50,2471,DL,14869,12478,3,1030.16
10821,2025-02-10 14:44:54,4912,AA,12892,10397,2,454.12
10822,2024-12-08 20:17:03,3132,DL,11193,12892,1,413.89
10823,2024-04-16 21:25:58,2514,AA,12892,10397,3,1788.23
10824,2024-04-09 23:20:42,4950,DL,14057,14869,4,1868.32
10825,2024-07-19 18:32:14,2843,DL,12266,10397,1,391.3
10826,2024-10-03 04:01:28,3008,DL,12266,10397,1,326.17
10827,2024-07-28 06:07:40,4289,DL,14057,14869,3,1159.62
10828,2024-06-20 20:49:58,3249,DL,15016,11433,4,2277.32
10829,2025-08-14 19:36:26,4508,WN,13303,12478,3,1050.13
10830,2025-06-06 00:59:03,3302,DL,12266,10397,3,1068.3
10831,2024-02-05 20:41:27,1104,UA,10397,12892,4,1176.13
10832,2024-12-07 05:39:49,4983,DL,12266,10397,4,1222.6
10833,2024-07-09 23:22:06,2816,DL,15016,11433,1,244.99
10834,2024-06-25 16:26:33,2826,DL,11193,12892,1,559.2
10835,2024-12-13 00:29:04,1873,DL,11193,12892,3,580.79
10836,2024-04-11 01:30:49,4598,DL,11193,12892,1,501.05
10837,2024-09-20 21:54:31,1333,DL,15016,11433,4,2295.6
10838,2025-07-03 09:04:54,3744,DL,11433,13303,2,487.34
10839,2024-05-30 00:42:40,2087,DL,11433,13303,1,216.43
10840,2025-03-12 07:24:28,2784,DL,14057,14869,1,174.29
10841,2024-08-14 10:00:45,3323,DL,15016,11433,3,1756.98
10842,2024-05-10 21:45:04,1884,DL,11433,13303,2,1114.6
10843,2025-05-07 20:15:20,2645,DL,15016,11433,3,1167.34
10844,2024-06-30 02:59:32,1682,DL,12266,10397,3,1588.03
10845,2025-08-07 23:12:21,1351,UA,10397,12892,2,1028.73
10846,2025-08-31 20:17:21,1094,DL,14869,12478,3,954.18
10847,2024-07-22 07:47:51,3712,AA,12892,10397,3,1336.37
10848,2025-01-14 07:40:21,3005,DL,10397,15016,2,923.67
10849,2024-08-04 07:44:31,4957,DL,15016,11433,4,674.17
10850,2025-03-04 15:55:13,3171,WN,13303,12478,3,1745.21
10851,2024-12-24 16:48:16,3852,DL,14869,12478,4,1520.69
10852,2024-12-20 03:23:18,1818,DL,12266,10397,4,1617.8
10853,2025-10-24 12:20:35,2850,WN,13303,12478,3,1609.98
10854,2025-10-01 10:32:36,1203,DL,11433,13303,1,502.75
10855,2025-04-23 19:12:03,2782,DL,14057,14869,2,1172.38
10856,2024-01-25 00:31:44,2680,DL,11433,13303,4,2300.72
10857,2025-01-21 13:57:51,2097,DL,11193,12892,2,775.31
10858,2025-09-14 08:09:07,1133,AA,12892,10397,4,1622.26
10859,2025-01-23 20:35:10,4389,UA,10397,12892,4,1165.82
10860,2025-05-31 09:04:04,3523,DL,15016,11433,1,410.78
10861,2024-11-29 01:49:22,3070,AA,12892,10397,2,678.93
10862,2024-08-22 22:47:50,4250,DL,12266,10397,3,481.63
10863,2024-12-13 20:23:28,1415,WN,13303,12478,3,1367.16
10864,2024-08-23 21:08:51,3190,AA,12892,10397,3,1007.33
10865,2024-10-23 04:22:29,2150,UA,10397,12892,4,2316.57
10866,2024-04-04 20:44:40,4927,DL,11193,12892,3,576.53
10867,2025-09-24 18:28:05,3518,DL,12266,10397,2,1102.26
10868,2024-01-11 06:15:40,3334,WN,13303,12478,4,607.66
10869,2025-05-29 06:16:02,2311,DL,12266,10397,4,1125.46
10870,2024-03-27 03:46:31,3361,DL,15016,11433,3,882.21
10871,2024-02-27 22:59:00,4235,WN,13303,12478,1,276.56
10872,2024-11-15 21:33:26,1862,DL,12266,10397,1,526.18
10873,2025-02-06 17:19:12,1208,DL,14057,14869,4,632.72
10874,2025-02-07 06:22:55,1597,WN,13303,12478,1,337.82
10875,2024-02-07 01:34:18,2638,DL,11433,13303,1,437.27
10876,2025-03-12 06:12:43,3542,DL,11433,13303,2,1167.38
10877,2024-07-17 20:30:41,3101,WN,13303,12478,3,1243.94
10878,2025-08-31 09:07:16,4543,UA,10397,12892,2,482.78
10879,2025-03-31 14:18:24,3533,DL,14057,14869,2,805.64
10880,2025-06-07 11:22:02,2005,DL,11433,13303,1,449.08
10881,2025-07-13 20:03:50,4640,DL,14057,14869,2,796.11
10882,2025-02-24 13:24:34,1853,DL,14057,14869,3,1314.51
10883,2025-07-26 13:30:43,1252,DL,10397,15016,3,716.64
10884,2025-05-19 04:30:06,2728,DL,10397,15016,3,1327.25
10885,2024-01-18 18:09:01,4908,UA,10397,12892,4,1685.54
10886,2024-11-28 18:09:00,4510,WN,13303,12478,1,551.65
10887,2024-11-02 03:07:03,3735,WN,13303,12478,4,2231.89
10888,2024-06-08 20:35:50,2405,AA,12892,10397,2,916.75
10889,2025-04-06 06:57:27,2565,UA,10397,12892,1,542.3
10890,2025-10-13 15:59:51,1390,DL,12266,10397,4,917.16
10891,2024-02-28 23:49:34,1709,DL,14869,12478,1,294.85
10892,2025-09-30 07:46:33,4554,DL,14869,12478,3,765.33
10893,2024-01-02 20:30:31,1095,WN,13303,12478,4,2356.05
10894,2024-09-07 22:23:36,1103,DL,10397,15016,1,556.12
10895,2025-10-02 18:26:29,3875,DL,14869,12478,1,349.75
10896,2024-01-21 03:29:05,4186,UA,10397,12892,4,1562.32
10897,2024-11-26 08:09:09,4675,DL,10397,15016,4,768.45
10898,2024-02-14 23:25:01,1883,WN,13303,12478,4,1776.44
10899,2025-06-26 04:32:13,1146,DL,11193,12892,3,577.29
10900,2024-12-26 11:27:29,3056,DL,12266,10397,3,862.1
10901,2024-03-10 04:10:19,2752,DL,14869,12478,3,1121.66
10902,2024-03-26 09:32:44,1892,WN,13303,12478,1,151.07
10903,2024-07-27 09:55:57,2070,DL,11193,12892,4,727.99
10904,2024-08-01 01:49:56,2805,AA,12892,10397,3,1357.01
10905,2025-08-07 21:12:34,2467,DL,11433,13303,4,1676.59
10906,2025-09-11 18:26:05,3678,DL,10397,15016,2,490.38
10907,2024-08-29 07:53:33,1123,WN,13303,12478,3,1604.75
10908,2024-02-06 01:19:38,4004,DL,11193,12892,2,521.12
10909,2025-09-11 23:13:52,2167,DL,14869,12478,4,1260.31
10910,2024-12-06 12:46:37,4301,DL,15016,11433,2,500.89
10911,2024-12-07 12:25:01,2159,UA,10397,12892,2,928.41
10912,2024-10-17 10:52:57,4090,DL,12266,10397,4,2010.79
10913,2024-12-21 10:28:47,3543,WN,13303,12478,2,1058.82
10914,2025-02-25 04:40:00,3304,DL,15016,11433,4,2140.77
10915,2025-08-26 07:10:12,4613,DL,12266,10397,1,273.74
10916,2025-04-27 18:00:46,3596,DL,14057,14869,3,1121.84
10917,2025-05-16 07:11:49,4276,UA,10397,12892,2,491.45
10918,2024-07-28 09:56:59,2309,DL,11193,12892,2,1127.27
10919,2024-11-17 06:59:01,3468,DL,15016,11433,1,547.18
10920,2025-08-08 11:43:32,1404,AA,12892,10397,1,328.27
10921,2024-07-09 19:34:41,2030,DL,14869,12478,1,593.03
10922,2024-12-07 03:44:52,4811,WN,13303,12478,3,803.54
10923,2024-01-09 01:15:26,3737,UA,10397,12892,2,1027.42
10924,2024-01-18 06:14:49,1542,DL,10397,15016,4,744.59
10925,2025-08-23 17:03:52,2297,DL,11433,13303,4,1647.57
10926,2024-10-22 04:47:59,3164,DL,11193,12892,1,258.71
10927,2025-07-14 05:55:49,3584,DL,15016,11433,2,469.52
10928,2025-08-15 12:24:05,3726,DL,10397,15016,4,1344.22
10929,2025-02-24 19:14:25,1864,DL,11433,13303,2,399.8
10930,2024-11-15 16:20:41,2579,DL,15016,11433,3,971.2
10931,2024-03-26 23:39:04,3982,DL,11433,13303,3,1565.36
10932,2025-04-02 05:31:51,4474,DL,10397,15016,3,1493.0
10933,2024-01-27 20:19:38,1185,DL,11433,13303,4,2100.07
10934,2024-09-19 03:33:11,4152,DL,11193,12892,3,538.18
10935,2024-10-02 05:50:17,2915,DL,11193,12892,1,532.29
10936,2024-01-04 03:27:51,4605,DL,14869,12478,4,1754.85
10937,2024-08-13 07:27:36,4456,DL,15016,11433,1,522.17
10938,2025-04-14 18:18:27,4110,WN,13303,12478,4,2043.52
10939,2025-10-04 03:14:04,2932,DL,15016,11433,4,733.99
10940,2025-09-04 16:26:46,1587,DL,12266,10397,1,313.6
10941,2024-05-13 05:52:58,3372,DL,11193,12892,1,536.15
10942,2025-06-04 23:41:59,1591,DL,11433,13303,1,412.23
10943,2024-02-16 23:04:51,4497,DL,11193,12892,2,381.94
10944,2025-04-13 20:51:46,4317,DL,11433,13303,2,685.14
10945,2025-02-24 21:05:09,1865,DL,14869,12478,1,163.77
10946,2025-08-05 10:19:41,3595,DL,14057,14869,2,833.44
10947,2025-06-28 23:48:20,1938,DL,10397,15016,1,270.92
10948,2024-05-27 08:15:27,4293,DL,10397,15016,4,773.96
10949,2025-03-04 10:26:15,3193,DL,14869,12478,2,1165.4
10950,2025-05-08 18:23:26,2753,DL,15016,11433,1,246.94
10951,2024-04-25 08:15:59,1496,UA,10397,12892,3,905.65
10952,2024-09-25 06:21:59,1817,DL,11433,13303,4,2197.58
10953,2024-02-15 06:03:15,1540,DL,12266,10397,2,489.55
10954,2025-02-18 14:34:24,4690,DL,14057,14869,4,2239.59
10955,2025-09-05 19:19:38,3291,DL,14057,14869,1,201.65
10956,2024-03-17 13:41:57,4092,WN,13303,12478,4,1578.38
10957,2025-05-26 03:28:47,2717,WN,13303,12478,4,1298.88
10958,2024-12-01 03:09:58,3098,UA,10397,12892,3,1393.23
10959,2025-01-02 11:15:03,2933,UA,10397,12892,2,871.27
10960,2024-09-03 00:33:12,2139,DL,14869,12478,3,1348.67
10961,2024-04-12 15:13:33,1338,DL,12266,10397,1,192.79
10962,2024-12-06 10:50:39,2026,DL,14869,12478,3,1171.93
10963,2024-09-19 12:44:48,2943,DL,11193,12892,3,1602.56
10964,2024-04-09 22:28:45,1672,DL,15016,11433,1,438.73
10965,2024-10-13 15:23:23,1097,DL,12266,10397,2,350.28
10966,2024-06-10 06:01:55,2891,DL,15016,11433,1,373.79
10967,2024-09-23 05:10:04,1119,AA,12892,10397,3,1601.49
10968,2024-10-22 21:51:39,3904,DL,10397,15016,1,523.77
10969,2025-10-13 02:15:01,1552,DL,14057,14869,4,2234.64
10970,2025-01-04 17:16:42,3002,UA,10397,12892,4,1263.01
10971,2024-07-11 18:03:50,3600,DL,12266,10397,4,1847.62
10972,2024-08-26 15:40:46,2383,DL,12266,10397,3,1667.26
10973,2024-03-28 18:25:36,2294,DL,11193,12892,2,735.79
10974,2025-02-20 19:05:38,1676,DL,14869,12478,3,728.21
10975,2024-10-17 15:47:34,1650,DL,15016,11433,3,591.0
10976,2025-02-26 16:08:19,1702,DL,14869,12478,3,1122.82
10977,2025-03-17 06:14:05,2037,UA,10397,12892,4,1198.23
10978,2025-04-07 16:43:37,2858,UA,10397,12892,4,1391.69
10979,2024-01-20 00:04:08,3736,DL,14057,14869,2,731.88
10980,2024-09-18 16:18:29,1638,DL,11193,12892,3,1580.29
10981,2025-08-30 13:14:43,1051,DL,14057,14869,1,547.46
10982,2025-09-09 13:46:20,2293,AA,12892,10397,4,908.53
10983,2024-07-07 01:24:39,2901,DL,11193,12892,3,483.77
10984,2025-10-31 22:34:21,4188,DL,11193,12892,2,322.59
10985,2024-01-27 13:28:29,1650,DL,11193,12892,2,401.17
10986,2025-08-14 05:10:48,1798,DL,15016,11433,3,1448.68
10987,2024-08-04 21:57:22,4327,AA,12892,10397,1,319.85
10988,2025-09-10 08:40:49,3520,DL,12266,10397,2,677.73
10989,2024-12-01 08:11:12,4498,DL,14869,12478,2,1186.3
10990,2025-10-26 02:43:02,2222,DL,14869,12478,3,1435.68
10991,2025-07-16 13:37:47,2036,DL,11433,13303,3,1209.1
10992,2024-08-03 18:04:31,3928,UA,10397,12892,1,300.71
10993,2025-09-29 17:08:14,1010,DL,10397,15016,1,582.2
10994,2024-05-23 12:20:27,3576,UA,10397,12892,1,380.55
10995,2025-03-21 11:36:19,3641,DL,12266,10397,1,234.54
10996,2024-09-18 07:03:56,3334,WN,13303,12478,3,696.85
10997,2024-09-12 09:31:04,3205,WN,13303,12478,1,564.49
10998,2024-08-28 02:09:37,4941,UA,10397,12892,1,470.49
10999,2025-01-20 15:32:49,4234,DL,14057,14869,3,919.57
11000,2024-12-14 05:12:42,4199,WN,13303,12478,3,1005.0
11001,2025-07-19 02:12:46,1611,UA,10397,12892,1,554.05
11002,2025-05-01 03:52:54,2204,WN,13303,12478,2,562.61
11003,2025-02-01 10:32:50,1929,DL,12266,10397,3,559.1
11004,2024-01-07 09:25:01,3058,DL,12266,10397,3,705.33
11005,2025-03-18 09:19:24,2600,AA,12892,10397,2,562.61
11006,2025-08-16 08:01:23,3328,DL,14869,12478,4,1750.33
11007,2024-10-13 10:52:00,3711,DL,12266,10397,4,1616.8
11008,2024-04-15 04:35:33,1201,UA,10397,12892,1,512.17
11009,2024-06-23 09:15:24,3433,DL,14869,12478,3,1485.96
11010,2024-07-19 09:33:10,2814,DL,12266,10397,2,994.23
11011,2025-03-05 10:46:01,3848,AA,12892,10397,3,1215.13
11012,2025-05-02 06:37:31,4815,DL,11433,13303,3,888.58
11013,2024-03-25 00:10:47,2811,UA,10397,12892,3,1389.08
11014,2025-05-08 14:34:19,4969,WN,13303,12478,2,689.81
11015,2025-10-12 08:33:57,1996,DL,12266,10397,4,1799.51
11016,2024-12-10 21:24:04,4306,DL,14869,12478,2,1107.36
11017,2025-01-16 07:15:17,2533,DL,10397,15016,3,1525.21
11018,2024-04-28 12:40:06,4717,UA,10397,12892,4,1107.25
11019,2024-09-08 08:11:44,2735,DL,11193,12892,4,1077.53
11020,2025-07-07 22:17:33,4275,AA,12892,10397,4,2260.74
11021,2024-08-21 01:34:02,4882,AA,12892,10397,4,616.73
11022,2025-02-19 11:01:59,2922,DL,10397,15016,2,345.48
11023,2024-01-10 09:36:18,3538,DL,14057,14869,4,2146.89
11024,2024-06-10 00:34:57,2196,DL,14057,14869,4,2022.69
11025,2025-10-03 06:36:52,3352,DL,11433,13303,2,768.16
11026,2025-08-04 09:39:48,4008,DL,15016,11433,2,346.33
11027,2024-11-30 04:21:19,4329,DL,14057,14869,2,1148.92
11028,2024-03-16 07:33:56,2262,DL,14869,12478,1,408.47
11029,2025-09-14 12:39:16,2325,DL,14869,12478,4,1487.49
11030,2025-06-15 05:33:36,4211,DL,11433,13303,1,432.91
11031,2025-04-18 15:02:28,1197,DL,12266,10397,2,707.02
11032,2024-08-02 08:32:00,1729,DL,15016,11433,1,597.41
11033,2025-05-07 05:25:45,4651,WN,13303,12478,1,172.81
11034,2025-07-03 04:54:29,4737,DL,14057,14869,4,2382.54
11035,2025-01-19 00:05:59,4285,DL,12266,10397,3,942.06
11036,2024-08-13 08:27:16,4664,DL,14057,14869,1,221.85
11037,2024-05-04 16:50:04,3146,DL,15016,11433,4,1929.54
11038,2025-02-26 09:25:43,3762,DL,14057,14869,3,1033.02
11039,2024-05-01 11:55:37,4874,DL,12266,10397,3,604.85
11040,2024-04-15 06:54:20,2263,DL,11433,13303,3,719.28
11041,2025-01-19 19:49:30,3875,DL,15016,11433,1,293.83
11042,2024-09-03 13:13:31,4071,DL,11433,13303,2,1148.02
11043,2024-01-27 01:52:22,1383,WN,13303,12478,1,238.45
11044,2025-09-03 11:12:11,1235,WN,13303,12478,4,2398.61
11045,2025-06-13 18:34:18,1866,DL,11193,12892,4,842.15
11046,2025-02-27 01:28:43,4796,DL,10397,15016,3,1356.39
11047,2025-04-30 22:20:40,3287,WN,13303,12478,2,725.0
11048,2025-07-05 22:30:35,1918,DL,15016,11433,1,547.35
11049,2024-02-28 20:56:51,2786,WN,13303,12478,2,1134.79
11050,2024-05-28 09:16:10,2000,DL,14869,12478,3,1206.29
11051,2024-12-12 03:58:19,3771,DL,11433,13303,2,1037.99
11052,2024-09-27 18:32:18,4290,DL,11193,12892,2,453.68
11053,2025-06-28 20:15:07,3291,DL,11433,13303,4,1312.83
11054,2024-08-04 16:45:02,4866,UA,10397,12892,1,352.51
11055,2025-06-20 03:59:50,3287,DL,14057,14869,1,385.69
11056,2024-08-13 23:56:22,2373,DL,14057,14869,1,465.45
11057,2024-01-27 07:03:12,4239,WN,13303,12478,3,1191.41
11058,2025-02-02 21:34:47,3987,DL,14057,14869,4,2257.68
11059,2025-06-17 22:30:15,3624,DL,15016,11433,1,287.68
11060,2025-06-03 12:34:51,2091,UA,10397,12892,1,492.1
11061,2025-03-06 00:15:34,3764,DL,14869,12478,2,556.43
11062,2024-05-31 20:12:18,4591,AA,12892,10397,2,406.45
11063,2025-09-18 10:07:45,4099,DL,14869,12478,2,1127.13
11064,2025-04-26 00:46:37,4389,DL,12266,10397,1,525.67
11065,2024-03-17 13:36:02,4652,DL,10397,15016,2,775.02
11066,2024-02-11 10:45:58,2954,AA,12892,10397,3,923.06
11067,2025-08-07 05:38:00,3646,DL,15016,11433,3,1512.99
11068,2025-09-17 11:42:27,1613,DL,14057,14869,4,1376.03
11069,2024-12-07 06:37:15,1127,WN,13303,12478,3,1503.26
11070,2024-07-28 08:44:52,3721,DL,11433,13303,2,578.89
11071,2025-02-11 21:16:11,4740,DL,14869,12478,2,420.21
11072,2025-09-23 10:39:58,4760,AA,12892,10397,3,789.91
11073,2024-04-26 13:52:26,1937,DL,14869,12478,3,1416.7
11074,2024-07-24 06:02:31,4232,DL,11193,12892,3,538.05
11075,2024-01-24 20:03:16,1840,DL,10397,15016,2,417.72
11076,2024-02-12 21:44:40,4161,DL,10397,15016,2,730.83
11077,2024-03-24 11:07:15,1134,DL,15016,11433,3,985.98
11078,2025-08-22 13:41:42,2070,DL,10397,15016,3,626.61
11079,2025-03-24 08:28:30,1171,DL,12266,10397,4,2178.05
11080,2024-05-10 18:36:21,2082,DL,11193,12892,3,1467.93
11081,2024-06-10 06:54:41,2425,DL,14057,14869,2,517.94
11082,2025-09-25 06:39:51,3210,DL,14869,12478,4,2302.13
11083,2024-12-05 16:21:31,3485,DL,11433,13303,2,1080.03
11084,2025-04-24 13:13:49,2578,WN,13303,12478,4,607.04
11085,2025-10-07 01:24:13,2248,DL,11433,13303,4,653.04
11086,2024-05-24 12:08:02,1441,DL,14057,14869,2,420.88
11087,2024-09-24 03:00:13,1606,WN,13303,12478,4,1641.55
11088,2025-09-12 16:07:35,4025,DL,14869,12478,1,203.28
11089,2025-01-19 10:00:11,2993,DL,15016,11433,3,736.22
11090,2024-10-03 08:23:41,2938,WN,13303,12478,4,1876.56
11091,2025-10-31 02:43:30,3280,DL,14869,12478,2,393.21
11092,2025-06-04 16:01:51,1668,AA,12892,10397,1,383.72
11093,2024-10-03 23:09:03,4472,DL,14057,14869,2,1165.68
11094,2025-07-27 04:58:41,2976,UA,10397,12892,3,1770.63
11095,2025-04-24 21:39:36,4154,DL,10397,15016,4,1814.58
11096,2024-09-25 18:10:08,1806,DL,10397,15016,3,950.98
11097,2024-12-24 01:50:05,4964,DL,11433,13303,1,189.47
11098,2025-03-08 04:09:36,2886,DL,10397,15016,3,1581.35
11099,2025-06-28 21:14:32,3194,UA,10397,12892,2,936.62
11100,2025-02-03 08:16:51,2334,DL,11433,13303,4,1002.77
11101,2025-06-11 18:54:58,2100,AA,12892,10397,1,577.13
11102,2024-09-13 23:30:11,4124,UA,10397,12892,2,722.19
11103,2025-04-06 22:48:34,2821,DL,12266,10397,4,871.45
11104,2024-10-14 04:03:03,4249,DL,10397,15016,3,1454.41
11105,2024-03-17 17:03:34,3869,AA,12892,10397,2,385.92
11106,2024-09-03 21:18:48,3701,DL,14057,14869,3,1068.82
11107,2024-11-10 21:15:26,3990,UA,10397,12892,4,1538.67
11108,2024-10-04 20:02:28,2069,DL,15016,11433,2,729.03
11109,2024-11-13 11:39:45,4673,DL,10397,15016,1,443.98
11110,2025-01-08 21:04:00,3036,AA,12892,10397,1,285.58
11111,2024-05-28 03:13:18,1736,WN,13303,12478,3,1333.22
11112,2025-10-26 17:38:54,3920,DL,10397,15016,2,495.73
11113,2024-09-29 06:15:13,2315,UA,10397,12892,4,601.51
11114,2025-04-03 23:12:15,1813,DL,11193,12892,4,973.85
11115,2025-03-12 14:17:00,4695,DL,14057,14869,2,1164.13
11116,2025-09-29 20:37:51,1432,WN,13303,12478,4,1173.74
11117,2024-09-06 05:30:21,2445,AA,12892,10397,4,2083.85
11118,2025-08-14 14:47:29,1428,DL,10397,15016,4,1124.92
11119,2025-07-30 05:17:10,3273,WN,13303,12478,2,1153.95
11120,2025-02-07 11:08:39,3943,DL,11433,13303,3,451.64
11121,2025-04-19 00:25:15,1960,AA,12892,10397,4,1561.07
11122,2024-12-03 13:31:09,4220,DL,12266,10397,2,368.96
11123,2024-03-08 05:51:19,4540,DL,11433,13303,3,1718.41
11124,2024-08-03 00:29:18,3417,WN,13303,12478,2,906.98
11125,2025-09-04 18:49:34,1416,DL,12266,10397,1,197.05
11126,2025-08-22 05:57:13,3394,DL,10397,15016,3,547.61
11127,2025-09-10 18:22:04,1938,DL,11433,13303,2,986.4
11128,2025-05-31 02:11:08,3525,AA,12892,10397,4,907.5
11129,2025-04-15 17:18:07,3198,DL,12266,10397,4,1707.71
11130,2024-03-07 08:48:49,3477,AA,12892,10397,2,715.8
11131,2025-04-18 07:54:49,1643,DL,14057,14869,2,343.89
11132,2024-01-06 09:30:52,3233,DL,14057,14869,3,1102.97
11133,2024-08-20 04:33:01,4497,DL,14057,14869,4,1457.34
11134,2025-05-19 13:30:37,2372,DL,14057,14869,3,483.52
11135,2024-09-20 10:01:34,2531,DL,14869,12478,3,1221.63
11136,2024-03-23 13:27:23,2017,DL,14869,12478,2,982.93
11137,2024-12-13 12:54:35,3339,DL,14869,12478,3,550.69
11138,2025-04-01 15:54:10,3673,DL,11193,12892,1,219.93
11139,2024-10-12 06:44:22,1901,DL,11193,12892,3,836.01
11140,2024-08-17 06:57:36,4750,DL,10397,15016,4,1560.46
11141,2024-06-19 03:12:57,1753,WN,13303,12478,3,735.96
11142,2024-12-10 00:13:59,3295,AA,12892,10397,2,450.76
11143,2025-04-27 22:42:00,1055,DL,15016,11433,2,886.34
11144,2025-04-21 16:51:28,4873,DL,14869,12478,4,1715.08
11145,2025-01-05 13:02:45,1614,DL,12266,10397,1,317.06
11146,2024-04-12 07:33:28,1247,AA,12892,10397,2,843.05
11147,2024-11-14 21:10:55,2689,DL,11193,12892,4,2004.37
11148,2025-06-11 10:45:09,4833,DL,14869,12478,4,1769.01
11149,2024-06-14 02:48:24,2662,WN,13303,12478,1,481.13
11150,2024-06-12 00:52:28,4995,DL,10397,15016,2,629.73
11151,2025-08-19 18:37:57,3075,AA,12892,10397,4,1765.02
11152,2025-02-23 20:42:46,4256,DL,11193,12892,2,350.67
11153,2025-04-24 09:32:45,3801,DL,10397,15016,4,1428.49
11154,2024-05-25 07:54:30,4448,UA,10397,12892,1,343.52
11155,2024-04-11 19:41:16,1424,DL,11193,12892,2,345.07
11156,2024-03-17 06:31:03,2777,DL,12266,10397,3,781.42
11157,2024-01-01 02:07:24,2847,DL,15016,11433,4,1205.85
11158,2025-05-07 22:20:42,4189,DL,11193,12892,4,2119.02
11159,2025-04-10 15:21:39,4791,DL,10397,15016,4,1569.48
11160,2025-05-25 21:43:58,3344,AA,12892,10397,2,494.58
11161,2025-01-17 14:46:50,3126,DL,10397,15016,3,1799.19
11162,2025-10-24 12:50:45,4069,DL,11193,12892,2,808.36
11163,2025-08-20 15:16:35,3792,DL,15016,11433,2,878.48
11164,2025-05-06 12:25:28,4677,DL,11193,12892,4,1575.85
11165,2024-01-15 22:42:57,1503,DL,15016,11433,4,2347.98
11166,2025-10-05 13:35:50,3153,WN,13303,12478,3,584.28
11167,2024-12-19 21:55:01,3843,DL,12266,10397,1,562.5
11168,2024-04-08 01:04:29,4866,WN,13303,12478,2,464.6
11169,2025-09-17 10:19:22,3171,DL,15016,11433,2,336.47
11170,2025-09-08 02:42:26,2740,DL,12266,10397,4,2058.19
11171,2024-10-26 22:56:08,4382,DL,14869,12478,1,578.46
11172,2024-02-25 16:51:27,1689,DL,11193,12892,4,1714.85
11173,2024-11-06 01:21:54,4971,DL,11433,13303,4,2091.43
11174,2024-04-10 17:48:05,3058,DL,11193,12892,2,811.05
11175,2025-05-17 00:22:19,3776,DL,14869,12478,3,847.23
11176,2024-04-20 13:28:50,2701,AA,12892,10397,1,204.33
11177,2024-07-21 17:52:55,3434,WN,13303,12478,4,742.5
11178,2024-02-06 17:39:28,4286,DL,15016,11433,1,161.65
11179,2024-12-13 17:56:19,3586,UA,10397,12892,3,1527.8
11180,2024-03-03 16:20:50,3896,DL,11193,12892,4,2020.68
11181,2024-07-05 02:12:10,3699,AA,12892,10397,3,1079.03
11182,2024-10-02 04:47:45,4099,DL,14057,14869,2,775.43
11183,2024-08-02 18:33:48,4931,DL,15016,11433,1,162.91
11184,2025-08-28 17:50:00,4115,DL,14057,14869,2,886.51
11185,2024-10-09 00:31:29,1320,DL,10397,15016,3,1618.2
11186,2024-01-02 14:09:53,2706,DL,15016,11433,4,1073.85
11187,2024-01-03 03:09:59,3951,WN,13303,12478,2,447.22
11188,2024-11-26 11:25:15,2591,DL,11193,12892,3,1287.93
11189,2024-02-09 22:13:34,1483,DL,11433,13303,1,536.78
11190,2024-01-11 14:40:16,2747,DL,14057,14869,3,1312.71
11191,2024-08-22 23:25:28,1813,AA,12892,10397,2,971.82
11192,2024-07-09 08:23:47,4427,AA,12892,10397,1,163.66
11193,2024-04-02 05:55:17,1064,WN,13303,12478,3,1672.08
11194,2024-03-20 20:49:51,2120,DL,11193,12892,3,1471.41
11195,2025-07-15 10:30:50,4354,UA,10397,12892,2,508.53
11196,2024-04-11 08:11:55,4105,DL,15016,11433,4,606.09
11197,2024-03-22 17:40:16,3262,DL,10397,15016,1,204.77
11198,2025-01-23 04:22:13,3540,DL,10397,15016,3,1283.06
11199,2025-09-25 16:40:21,4493,AA,12892,10397,3,597.19
11200,2024-12-23 21:16:13,3917,DL,15016,11433,2,741.8
11201,2024-12-29 22:53:12,2788,DL,11433,13303,1,504.52
11202,2024-03-21 23:49:33,3916,DL,11433,13303,1,407.32
11203,2024-04-13 23:00:13,2989,DL,14057,14869,3,1021.03
11204,2024-02-22 22:54:04,3538,DL,14057,14869,3,1238.75
11205,2024-12-13 08:19:28,3094,DL,10397,15016,4,1440.59
11206,2024-10-18 21:58:18,1929,AA,12892,10397,3,1048.85
11207,2025-08-31 17:15:43,4580,UA,10397,12892,4,617.91
11208,2024-04-29 08:56:53,2312,DL,12266,10397,1,175.63
11209,2024-01-11 01:40:57,3063,DL,10397,15016,4,942.74
11210,2024-05-12 20:07:39,4226,DL,12266,10397,3,864.23
11211,2024-03-25 15:06:05,3393,DL,14869,12478,3,1675.8
11212,2025-09-18 10:22:02,2225,DL,14057,14869,2,656.1
11213,2024-01-06 14:05:40,4770,DL,12266,10397,3,632.19
11214,2025-01-17 08:20:04,4558,AA,12892,10397,1,289.8
11215,2025-05-19 19:44:15,3067,DL,14869,12478,3,998.6
11216,2024-01-21 12:00:13,4198,DL,15016,11433,4,2014.11
11217,2025-04-13 20:49:18,2873,AA,12892,10397,1,552.92
11218,2024-11-02 11:10:41,2842,DL,14869,12478,3,1653.88
11219,2025-10-16 06:57:54,2672,DL,10397,15016,3,1014.11
11220,2025-03-17 01:03:58,2626,DL,12266,10397,4,2267.85
11221,2024-07-16 09:27:24,3851,DL,14057,14869,4,830.85
11222,2024-05-19 18:48:26,4083,DL,11433,13303,3,1775.14
11223,2024-09-05 21:44:34,4318,DL,14057,14869,3,1618.49
11224,2024-06-21 03:33:23,2017,DL,15016,11433,2,584.5
11225,2024-05-10 23:33:40,1839,DL,11433,13303,1,534.98
11226,2025-08-12 15:49:12,2376,WN,13303,12478,2,1185.75
11227,2025-01-13 18:04:30,3221,UA,10397,12892,3,1506.9
11228,2024-06-22 10:26:47,3006,DL,15016,11433,1,455.85
11229,2024-10-18 03:25:36,1902,DL,14057,14869,4,2173.27
11230,2025-10-02 04:08:27,3125,DL,11193,12892,4,1262.26
11231,2025-01-16 16:56:09,1393,DL,14057,14869,4,2307.91
11232,2024-02-06 04:48:59,2325,DL,11433,13303,2,307.83
11233,2025-05-05 04:14:12,2046,DL,12266,10397,3,1779.7
11234,2024-09-15 02:54:54,4384,DL,11433,13303,4,1373.41
11235,2024-11-20 09:24:15,3719,DL,10397,15016,2,729.52
11236,2025-07-13 09:42:52,1732,DL,14057,14869,4,825.19
11237,2024-06-06 18:09:24,2730,DL,14869,12478,4,1437.24
11238,2025-09-02 03:43:01,2346,AA,12892,10397,1,519.92
11239,2024-11-23 00:42:24,4774,DL,14869,12478,1,243.62
11240,2024-02-20 06:54:04,3083,DL,10397,15016,4,982.12
11241,2025-04-02 01:57:37,1077,DL,12266,10397,4,1260.04
11242,2024-04-02 20:54:10,2820,DL,14869,12478,3,1276.39
11243,2024-12-04 13:45:53,4425,DL,14869,12478,1,550.61
11244,2024-05-20 08:02:39,1127,DL,11433,13303,4,1671.26
11245,2025-10-08 16:52:02,2774,WN,13303,12478,1,466.39
11246,2024-09-07 00:02:46,3031,DL,14057,14869,2,634.44
11247,2024-03-20 10:16:12,3840,DL,15016,11433,3,1201.61
11248,2024-12-26 11:31:44,2085,DL,12266,10397,4,934.59
11249,2024-06-18 20:24:38,4294,DL,11193,12892,2,798.25
11250,2025-06-16 04:40:34,3054,AA,12892,10397,3,866.64
11251,2024-05-31 11:40:57,2650,DL,11193,12892,3,1079.44
11252,2025-09-09 02:56:05,2351,DL,11193,12892,1,400.96
11253,2025-01-06 17:27:07,4378,UA,10397,12892,1,157.25
11254,2025-08-17 07:03:56,3392,DL,11433,13303,1,379.91
11255,2024-07-09 17:59:08,1233,DL,15016,11433,3,1438.19
11256,2024-07-16 22:53:17,2952,DL,14057,14869,2,620.68
11257,2024-06-24 23:18:17,4583,AA,12892,10397,1,563.57
11258,2024-10-15 11:14:00,4938,AA,12892,10397,2,1089.79
11259,2024-12-18 19:15:48,3135,DL,14869,12478,4,810.37
11260,2024-02-15 21:13:59,4686,DL,14869,12478,4,1161.55
11261,2024-05-27 06:59:48,4668,DL,11433,13303,4,928.49
11262,2025-01-08 00:59:54,4964,DL,14869,12478,2,676.92
11263,2024-05-26 14:19:36,4369,DL,12266,10397,2,981.93
11264,2025-01-18 12:30:57,4312,AA,12892,10397,2,962.95
11265,2024-07-15 12:54:13,1182,DL,15016,11433,3,1775.38
11266,2025-01-17 03:26:10,4981,DL,12266,10397,3,1113.74
11267,2024-10-15 13:58:15,3399,DL,11433,13303,3,1297.79
11268,2024-10-09 01:13:44,1888,AA,12892,10397,2,1027.02
11269,2024-10-07 05:39:30,3543,AA,12892,10397,3,835.99
11270,2024-02-28 18:13:43,3351,DL,11433,13303,1,342.9
11271,2025-04-01 07:34:43,1960,DL,10397,15016,3,732.01
11272,2025-06-09 14:49:02,1188,DL,11193,12892,1,523.85
11273,2024-09-29 00:18:07,3677,DL,11193,12892,4,1818.83
11274,2024-09-03 11:40:29,1605,DL,12266,10397,1,254.86
11275,2024-05-05 05:45:45,1581,WN,13303,12478,1,378.02
11276,2025-03-20 00:58:18,1324,UA,10397,12892,1,465.4
11277,2024-01-14 04:01:36,3403,AA,12892,10397,4,859.65
11278,2024-02-28 11:07:27,4089,WN,13303,12478,1,568.13
11279,2025-01-11 20:39:10,2614,DL,14869,12478,2,769.38
11280,2024-10-02 00:30:11,1713,DL,14869,12478,2,400.28
11281,2025-06-15 17:35:30,2267,DL,11193,12892,1,372.16
11282,2025-01-04 01:56:24,3866,DL,14057,14869,3,1719.13
11283,2025-03-29 22:19:17,2853,DL,12266,10397,2,820.98
11284,2024-03-12 23:02:34,4603,DL,11193,12892,3,1023.0
11285,2025-02-26 00:48:50,4272,DL,11433,13303,3,485.68
11286,2024-11-30 04:57:36,1858,AA,12892,10397,2,1000.81
11287,2024-07-08 07:20:29,2389,DL,14869,12478,2,761.13
11288,2024-02-26 16:32:52,3188,DL,14869,12478,1,421.38
11289,2025-03-22 00:12:55,3281,DL,14057,14869,3,1752.44
11290,2024-01-06 22:44:05,2537,UA,10397,12892,2,473.15
11291,2025-09-01 19:07:01,2745,DL,11193,12892,4,1318.16
11292,2025-09-16 15:22:10,1761,WN,13303,12478,3,1494.01
11293,2025-04-19 10:33:30,4034,DL,14057,14869,1,338.24
11294,2024-10-29 04:34:09,2612,DL,11193,12892,4,1950.87
11295,2024-06-24 22:22:42,1443,DL,10397,15016,1,537.81
11296,2025-09-09 06:18:26,3608,DL,11433,13303,2,354.86
11297,2025-06-05 12:51:38,2209,WN,13303,12478,3,1258.76
11298,2025-06-12 14:47:07,2354,DL,14869,12478,4,1221.82
11299,2024-07-23 01:21:39,1436,WN,13303,12478,2,762.6
11300,2025-02-06 09:47:08,1493,DL,15016,11433,2,791.14
11301,2024-06-20 04:37:06,3202,DL,14869,12478,1,571.08
11302,2024-05-13 12:04:18,3449,DL,14057,14869,2,534.52
11303,2024-10-16 04:08:39,2436,DL,11193,12892,2,772.04
11304,2025-05-20 23:05:04,1799,DL,14869,12478,2,971.62
11305,2025-07-09 08:29:00,4018,DL,14057,14869,1,330.1
11306,2024-09-01 18:34:56,4219,AA,12892,10397,3,583.12
11307,2025-06-18 09:16:37,2492,AA,12892,10397,2,381.87
11308,2024-05-26 17:40:04,4450,DL,11433,13303,3,757.76
11309,2024-03-04 19:26:09,2328,DL,12266,10397,2,1132.71
11310,2024-05-15 00:26:01,4929,DL,12266,10397,1,402.64
11311,2025-09-01 00:07:35,1466,DL,12266,10397,4,1194.56
11312,2024-10-07 06:11:44,1538,DL,10397,15016,3,1272.13
11313,2024-08-18 02:47:57,3811,DL,11433,13303,1,483.55
11314,2024-05-05 23:55:19,1521,WN,13303,12478,3,1101.66
11315,2025-08-05 19:26:11,1271,UA,10397,12892,4,1681.69
11316,2025-02-22 17:04:57,4172,AA,12892,10397,2,789.62
11317,2024-06-23 15:06:21,2951,DL,11433,13303,3,604.7
11318,2024-06-05 05:28:40,2806,DL,14869,12478,4,767.16
11319,2024-12-31 21:33:58,1484,WN,13303,12478,2,978.29
11320,2024-08-19 08:35:47,2435,DL,14057,14869,3,1667.77
11321,2025-08-17 07:54:04,3306,DL,11193,12892,2,1033.07
11322,2025-05-09 08:08:15,2537,DL,11433,13303,2,559.72
11323,2025-01-03 03:30:10,2813,UA,10397,12892,2,358.04
11324,2024-05-05 09:31:08,1107,DL,14057,14869,2,842.4
11325,2025-10-05 05:57:06,3123,DL,14869,12478,3,700.59
11326,2024-10-13 12:01:53,1931,DL,11193,12892,1,377.39
11327,2024-01-13 00:32:25,2795,DL,15016,11433,4,1016.26
11328,2025-03-02 00:30:10,2320,UA,10397,12892,1,394.6
11329,2024-10-05 21:41:05,3748,DL,14057,14869,4,1904.21
11330,2025-09-19 02:58:52,1841,DL,14057,14869,1,485.12
11331,2024-09-02 16:58:38,3044,DL,11433,13303,1,186.85
11332,2024-01-28 19:22:31,2849,UA,10397,12892,4,2171.46
11333,2025-07-11 00:08:33,2598,DL,11193,12892,2,743.89
11334,2024-08-13 18:55:08,4292,AA,12892,10397,3,642.21
11335,2024-02-05 13:41:52,2428,AA,12892,10397,2,496.67
11336,2024-01-18 09:08:27,3420,DL,14057,14869,1,495.01
11337,2025-06-30 05:14:32,4914,DL,10397,15016,3,998.79
11338,2024-07-23 03:28:15,3789,DL,11433,13303,4,1822.15
11339,2025-06-29 14:05:43,4812,DL,11193,12892,4,1315.23
11340,2025-10-07 04:58:41,4866,DL,15016,11433,1,283.32
11341,2025-02-21 18:55:51,2081,WN,13303,12478,4,1092.54
11342,2024-03-23 18:11:16,1528,DL,14869,12478,4,1122.41
11343,2024-01-05 11:06:35,1155,DL,14869,12478,2,997.57
11344,2025-03-06 04:54:08,3625,UA,10397,12892,4,975.05
11345,2025-04-17 16:48:50,2698,UA,10397,12892,4,1118.53
11346,2024-06-25 23:48:37,2801,UA,10397,12892,2,1010.97
11347,2024-04-03 02:33:53,3018,DL,12266,10397,1,571.44
11348,2024-05-15 05:19:38,2496,AA,12892,10397,1,597.72
11349,2025-10-29 11:33:07,1466,DL,11193,12892,4,1716.71
11350,2024-03-02 04:53:13,3693,WN,13303,12478,2,957.81
11351,2025-06-01 00:18:12,1423,DL,10397,15016,3,916.55
11352,2025-03-03 13:23:10,1330,AA,12892,10397,1,273.27
11353,2024-05-03 21:21:06,2061,DL,11433,13303,2,1092.89
11354,2025-02-08 01:59:55,1930,DL,14869,12478,4,1742.52
11355,2025-03-22 17:03:00,1333,AA,12892,10397,1,237.67
11356,2024-06-09 02:45:49,1990,DL,14869,12478,3,524.65
11357,2025-08-21 05:35:58,3221,DL,11433,13303,3,1291.48
11358,2025-01-12 03:40:08,2118,DL,14057,14869,3,1434.76
11359,2024-11-17 11:24:52,4521,DL,14057,14869,3,1583.29
11360,2025-09-19 04:25:25,1011,DL,15016,11433,1,155.03
11361,2025-08-16 07:33:39,4040,AA,12892,10397,3,862.45
11362,2025-03-30 18:38:08,2204,DL,14869,12478,3,1158.45
11363,2025-10-17 19:17:29,3899,DL,15016,11433,3,1068.0
11364,2025-01-21 23:05:19,4037,DL,11433,13303,2,911.39
11365,2024-12-16 02:56:23,4032,DL,11433,13303,1,402.41
11366,2024-09-26 01:01:00,4975,DL,15016,11433,3,985.06
11367,2024-09-17 06:53:29,4959,DL,10397,15016,3,1122.69
11368,2024-12-19 22:49:07,1541,DL,15016,11433,1,154.43
11369,2024-01-03 14:00:06,2786,UA,10397,12892,3,666.02
11370,2025-03-06 13:33:15,4929,AA,12892,10397,2,337.02
11371,2025-01-20 22:39:51,4269,WN,13303,12478,3,1001.03
11372,2024-03-17 16:35:45,4475,DL,11433,13303,2,499.54
11373,2025-09-01 07:37:04,3243,DL,11433,13303,1,489.47
11374,2025-05-09 13:08:50,2440,DL,14057,14869,1,307.41
11375,2025-06-19 07:25:33,1416,DL,11433,13303,3,728.5
11376,2024-02-21 11:13:25,4577,DL,11193,12892,4,2197.26
11377,2024-02-02 11:28:00,1880,DL,14869,12478,3,723.66
11378,2024-03-24 00:54:17,1173,UA,10397,12892,3,1337.49
11379,2024-04-15 16:26:01,4745,DL,10397,15016,1,258.89
11380,2024-09-10 17:41:58,3255,DL,12266,10397,1,160.7
11381,2025-07-19 13:02:24,2971,WN,13303,12478,2,1083.4
11382,2025-09-03 22:57:43,1051,DL,14057,14869,4,1387.75
11383,2025-10-05 05:42:06,3803,DL,15016,11433,2,389.14
11384,2024-12-24 09:14:03,1708,DL,14057,14869,4,1425.22
11385,2024-09-03 14:51:23,2196,UA,10397,12892,4,1169.24
11386,2025-03-02 00:56:43,2881,UA,10397,12892,1,253.05
11387,2025-09-01 04:55:13,2389,AA,12892,10397,3,686.83
11388,2024-06-04 23:21:52,1903,DL,11433,13303,1,508.1
11389,2025-02-27 22:14:18,4206,DL,10397,15016,4,1090.86
11390,2025-05-12 07:24:14,1384,DL,15016,11433,1,459.01
11391,2024-07-27 02:25:23,4104,DL,11433,13303,3,1677.73
11392,2025-02-28 11:48:42,3592,DL,14869,12478,1,457.31
11393,2025-07-12 08:17:53,1723,DL,14057,14869,1,205.04
11394,2024-12-12 23:48:49,2667,WN,13303,12478,3,951.36
11395,2025-10-19 09:05:34,2720,WN,13303,12478,3,1110.67
11396,2024-05-19 23:15:20,1220,DL,11193,12892,1,575.83
11397,2025-04-07 20:41:43,1982,DL,10397,15016,1,202.11
11398,2025-01-30 02:55:34,4755,DL,10397,15016,4,1358.9
11399,2025-06-03 08:52:49,4946,UA,10397,12892,3,1336.69
11400,2025-06-14 08:36:20,3584,DL,11193,12892,4,1218.89
11401,2024-11-16 04:21:23,4440,WN,13303,12478,4,1854.0
11402,2024-07-23 11:56:08,3167,DL,10397,15016,2,1179.54
11403,2024-09-23 14:27:57,1599,AA,12892,10397,3,1452.1
11404,2024-03-20 18:55:42,4568,DL,11433,13303,1,317.46
11405,2025-02-25 23:28:51,3173,WN,13303,12478,2,1179.3
11406,2024-10-28 18:53:51,2712,DL,12266,10397,3,1719.3
11407,2025-03-10 09:30:55,2518,DL,10397,15016,3,1731.93
11408,2024-08-25 12:08:39,2495,WN,13303,12478,3,678.64
11409,2024-12-27 13:23:24,3841,DL,10397,15016,1,516.78
11410,2024-03-16 23:58:02,2909,DL,14869,12478,4,1090.95
11411,2025-02-27 17:46:14,1437,DL,11433,13303,1,366.64
11412,2025-03-13 06:36:42,3864,AA,12892,10397,3,871.95
11413,2025-07-09 11:36:01,1149,DL,11193,12892,2,516.03
11414,2025-03-20 14:21:14,4541,DL,11193,12892,1,405.12
11415,2024-06-12 22:23:36,1065,DL,11433,13303,2,368.08
11416,2024-09-09 04:16:26,4172,AA,12892,10397,4,1358.26
11417,2024-07-19 03:39:55,3724,DL,14057,14869,1,465.4
11418,2024-04-02 11:05:15,3882,DL,12266,10397,4,1649.68
11419,2024-09-15 23:55:30,3124,DL,14057,14869,3,1312.5
11420,2024-04-02 10:47:37,1818,DL,10397,15016,3,743.7
11421,2024-11-18 20:48:22,2204,UA,10397,12892,2,944.78
11422,2024-01-21 18:33:39,4348,AA,12892,10397,3,472.56
11423,2024-01-01 12:18:17,2410,UA,10397,12892,1,294.62
11424,2025-03-08 23:05:14,3569,DL,11193,12892,1,244.53
11425,2025-04-08 04:40:39,2188,WN,13303,12478,4,2305.89
11426,2025-04-01 15:31:21,4198,DL,11433,13303,4,1216.71
11427,2024-11-28 09:00:59,1014,DL,14869,12478,4,1256.55
11428,2025-05-01 13:12:21,2781,DL,12266,10397,3,1226.38
11429,2025-10-24 02:04:41,4529,WN,13303,12478,3,720.39
11430,2024-10-24 08:09:00,1826,DL,14057,14869,3,1194.01
11431,2024-10-03 12:31:47,4743,DL,12266,10397,4,2045.99
11432,2025-05-13 00:29:00,1495,DL,15016,11433,3,621.89
11433,2024-03-12 21:30:48,1141,DL,14057,14869,3,1383.0
11434,2024-03-18 03:08:14,4685,DL,14057,14869,2,697.96
11435,2024-09-03 03:56:49,3574,DL,11193,12892,3,1578.65
11436,2024-08-02 02:40:55,4114,UA,10397,12892,1,438.3
11437,2024-06-10 02:21:28,3811,DL,11193,12892,4,1349.38
11438,2025-05-21 04:03:12,4675,DL,15016,11433,1,594.96
11439,2024-09-20 02:10:23,1969,DL,11193,12892,1,269.23
11440,2025-09-01 01:04:26,1105,WN,13303,12478,1,389.05
11441,2024-06-28 11:17:44,2130,DL,12266,10397,1,505.11
11442,2024-02-22 02:42:18,4533,WN,13303,12478,4,796.74
11443,2024-12-24 15:59:39,4396,DL,14869,12478,1,169.33
11444,2024-05-22 12:22:00,2849,WN,13303,12478,2,1000.87
11445,2024-05-17 20:02:12,3346,DL,14057,14869,2,821.75
11446,2025-04-05 12:01:57,2911,DL,11193,12892,4,1400.3
11447,2025-01-25 17:10:54,2123,DL,12266,10397,2,1081.2
11448,2024-03-14 01:29:08,2160,DL,14869,12478,1,381.85
11449,2025-04-20 21:28:33,3874,DL,11193,12892,1,519.03
11450,2025-04-12 09:16:15,4940,DL,14057,14869,1,311.67
11451,2024-06-10 09:11:55,1155,DL,12266,10397,1,306.1
11452,2024-11-22 01:38:05,2413,DL,14057,14869,2,941.09
11453,2025-05-29 19:13:19,1162,DL,11433,13303,3,524.09
11454,2025-09-05 10:29:28,4975,DL,10397,15016,4,1143.25
11455,2024-02-01 18:53:52,4864,DL,14869,12478,4,1154.89
11456,2025-07-07 11:33:58,2357,WN,13303,12478,4,846.32
11457,2024-05-02 02:44:22,2543,DL,15016,11433,4,1819.37
11458,2025-01-30 15:34:48,1684,DL,14057,14869,3,1497.56
11459,2025-08-18 15:42:27,1043,DL,10397,15016,2,798.04
11460,2025-04-14 07:52:42,4451,DL,11433,13303,3,1406.84
11461,2024-02-15 01:53:13,3166,UA,10397,12892,4,1979.03
11462,2024-02-06 23:15:53,2798,DL,12266,10397,1,256.78
11463,2024-09-12 20:24:13,4457,DL,15016,11433,4,2089.66
11464,2025-07-15 12:35:51,4785,UA,10397,12892,2,365.88
11465,2024-07-27 00:00:05,4473,DL,14869,12478,2,1172.19
11466,2025-01-21 14:17:31,1048,WN,13303,12478,1,538.56
11467,2024-02-20 21:47:26,4691,UA,10397,12892,3,1130.59
11468,2024-11-09 03:48:56,1534,WN,13303,12478,2,1080.42
11469,2025-10-18 14:50:13,3988,DL,11433,13303,3,743.42
11470,2024-04-15 09:32:13,3157,DL,14869,12478,4,1514.79
11471,2025-09-28 23:10:38,2960,DL,11193,12892,4,2118.63
11472,2024-06-29 17:54:35,3442,DL,11193,12892,3,1213.94
11473,2025-05-14 14:21:40,4018,DL,11433,13303,4,1474.2
11474,2025-01-04 22:21:08,2126,UA,10397,12892,2,891.01
11475,2025-07-05 20:37:03,1207,DL,10397,15016,4,2296.99
11476,2025-03-11 05:11:37,2088,DL,11193,12892,4,1530.33
11477,2024-03-31 12:16:17,2698,DL,14869,12478,1,355.5
11478,2025-01-28 02:36:55,1213,DL,11193,12892,3,1519.9
11479,2025-09-08 13:44:33,2297,AA,12892,10397,1,443.33
11480,2025-10-10 15:03:51,2209,DL,11433,13303,1,244.7
11481,2024-11-27 02:22:26,1506,AA,12892,10397,4,1635.89
11482,2024-02-08 18:06:08,3889,DL,11193,12892,1,436.88
11483,2025-03-27 11:44:33,4391,DL,12266,10397,2,638.56
11484,2025-09-28 07:51:46,4883,WN,13303,12478,3,714.34
11485,2025-01-05 19:25:01,2543,DL,14057,14869,2,709.26
11486,2024-04-27 15:51:55,1189,DL,11193,12892,4,1358.48
11487,2024-12-02 12:05:51,1269,DL,10397,15016,1,583.11
11488,2025-10-31 03:16:14,3280,UA,10397,12892,3,1283.86
11489,2024-08-22 04:47:58,3633,DL,10397,15016,1,232.66
11490,2025-03-09 22:18:19,3110,DL,10397,15016,4,1648.94
11491,2024-03-31 16:50:35,3089,UA,10397,12892,3,1310.26
11492,2024-06-06 02:56:19,4248,DL,12266,10397,3,1290.42
11493,2025-02-12 07:56:01,4445,DL,14057,14869,3,1311.45
11494,2024-11-25 12:16:00,1917,DL,10397,15016,2,953.44
11495,2025-03-19 18:18:02,3280,DL,14057,14869,2,477.23
11496,2025-04-19 08:38:49,1736,AA,12892,10397,1,163.39
11497,2024-01-27 01:31:16,3938,AA,12892,10397,4,842.88
11498,2025-02-11 09:40:59,3715,WN,13303,12478,3,710.45
11499,2025-01-04 02:40:08,2945,DL,14057,14869,4,1924.24
11500,2024-07-13 05:56:47,3464,DL,12266,10397,3,888.61
11501,2024-09-02 22:13:27,4145,DL,11193,12892,2,992.02
11502,2025-05-18 15:27:33,4483,WN,13303,12478,3,810.08
11503,2024-04-08 02:29:15,2272,DL,10397,15016,3,809.63
11504,2024-09-30 02:58:30,3701,DL,10397,15016,2,895.69
11505,2024-12-05 23:08:34,1031,WN,13303,12478,2,557.1
11506,2025-07-06 17:40:00,2798,DL,11193,12892,1,517.95
11507,2024-10-22 13:10:52,3266,AA,12892,10397,2,1183.83
11508,2024-12-10 20:45:00,2975,AA,12892,10397,2,585.99
11509,2025-03-25 04:23:35,3143,DL,11193,12892,2,1144.94
11510,2024-11-02 21:56:35,2674,DL,12266,10397,4,954.4
11511,2024-01-15 21:51:54,1264,DL,11433,13303,3,654.45
11512,2025-09-22 21:52:47,4393,DL,14057,14869,2,918.08
11513,2025-03-08 07:38:30,3098,UA,10397,12892,1,444.02
11514,2024-08-28 19:36:29,3987,DL,11433,13303,1,428.07
11515,2025-02-17 10:57:32,4777,DL,11433,13303,1,343.24
11516,2024-01-29 19:05:56,4241,DL,11433,13303,3,1104.71
11517,2024-04-18 17:54:10,3310,DL,12266,10397,2,990.79
11518,2025-01-19 15:31:46,1108,DL,12266,10397,1,280.24
11519,2024-07-25 00:14:09,4465,UA,10397,12892,1,395.47
11520,2024-09-20 06:00:02,4872,AA,12892,10397,3,1113.66
11521,2024-01-12 03:35:11,4328,AA,12892,10397,2,1109.67
11522,2025-06-11 22:38:14,4628,DL,10397,15016,4,2041.15
11523,2024-08-19 13:14:21,1748,DL,10397,15016,3,1119.9
11524,2024-01-29 11:53:33,3954,DL,11433,13303,3,1045.42
11525,2025-07-05 18:31:00,2158,DL,14057,14869,4,744.94
11526,2024-06-19 06:25:33,1319,WN,13303,12478,4,2041.36
11527,2024-11-08 22:53:48,3600,UA,10397,12892,3,1036.95
11528,2025-07-27 15:00:12,1485,DL,10397,15016,2,1147.74
11529,2024-09-16 21:40:35,2494,UA,10397,12892,2,836.57
11530,2025-08-12 04:25:55,3686,DL,11193,12892,1,157.06
11531,2024-07-01 09:37:55,1170,DL,14057,14869,3,1245.06
11532,2025-05-10 19:58:22,1265,UA,10397,12892,2,1085.53
11533,2024-10-31 06:43:56,2350,DL,15016,11433,3,1208.33
11534,2025-05-23 10:47:09,2496,DL,11433,13303,4,2198.33
11535,2024-10-16 01:12:04,2992,DL,11193,12892,1,181.65
11536,2025-08-18 03:33:28,1741,DL,11193,12892,2,795.78
11537,2024-08-14 18:42:21,1845,DL,11433,13303,3,1365.29
11538,2025-09-07 06:17:11,3821,UA,10397,12892,4,1488.5
11539,2024-08-19 19:49:54,1770,DL,10397,15016,4,984.72
11540,2025-04-12 21:22:58,4280,DL,15016,11433,4,1111.26
11541,2025-10-29 22:11:20,3526,UA,10397,12892,1,551.46
11542,2024-02-19 08:14:04,2126,UA,10397,12892,2,859.96
11543,2025-05-22 10:37:52,2461,DL,11433,13303,3,880.92
11544,2024-08-26 21:30:25,3326,DL,15016,11433,4,898.39
11545,2025-02-08 21:41:48,4408,DL,15016,11433,2,351.16
11546,2025-08-11 09:46:04,1119,DL,12266,10397,2,696.26
11547,2025-02-14 07:18:53,1599,WN,13303,12478,4,2381.98
11548,2025-04-10 02:25:15,2992,DL,11433,13303,3,1090.31
11549,2025-02-17 02:42:21,3319,DL,10397,15016,1,220.78
11550,2025-10-31 08:41:12,3752,DL,12266,10397,3,1396.45
11551,2024-01-28 20:06:02,4589,UA,10397,12892,1,510.95
11552,2024-04-28 19:23:22,4692,DL,14869,12478,3,690.12
11553,2025-09-15 15:15:30,3052,DL,14869,12478,1,294.7
11554,2024-10-19 18:45:13,2326,DL,10397,15016,4,1117.36
11555,2024-08-07 18:56:25,3177,UA,10397,12892,2,677.72
11556,2024-01-16 17:05:43,2143,DL,11193,12892,4,891.32
11557,2024-03-12 14:23:50,1152,DL,15016,11433,3,1210.69
11558,2024-08-20 00:06:31,3196,DL,11433,13303,4,665.82
11559,2025-04-12 18:55:13,4298,AA,12892,10397,3,1418.09
11560,2024-12-06 04:00:20,2491,DL,12266,10397,1,234.08
11561,2025-06-21 11:24:01,2595,DL,11193,12892,1,399.59
11562,2024-12-03 15:45:55,2703,WN,13303,12478,2,901.92
11563,2024-06-02 18:48:20,1146,AA,12892,10397,1,501.44
11564,2024-11-12 21:30:03,4289,DL,10397,15016,3,1356.82
11565,2025-07-19 14:25:43,4212,DL,10397,15016,1,375.12
11566,2025-03-15 19:44:12,1485,WN,13303,12478,2,380.3
11567,2025-08-06 11:36:38,4226,DL,15016,11433,1,275.27
11568,2025-03-28 04:42:47,3990,DL,15016,11433,3,455.84
11569,2025-10-25 12:23:21,1662,DL,14057,14869,2,958.84
11570,2025-05-06 08:56:16,3853,AA,12892,10397,1,400.85
11571,2024-07-15 01:16:37,3589,DL,15016,11433,1,430.47
11572,2025-05-12 04:50:29,2489,AA,12892,10397,4,1492.94
11573,2024-02-04 17:38:02,2983,DL,14057,14869,4,2299.44
11574,2024-01-13 23:09:51,2322,DL,14869,12478,4,1311.57
11575,2024-01-22 00:39:07,1898,DL,15016,11433,1,583.58
11576,2025-08-15 03:26:53,3020,UA,10397,12892,2,776.34
11577,2025-04-26 19:34:20,2215,DL,12266,10397,3,503.32
11578,2025-09-05 00:16:13,2804,DL,14869,12478,4,1092.58
11579,2024-04-21 23:35:26,2137,DL,12266,10397,4,1592.05
11580,2025-09-13 09:12:29,4273,DL,10397,15016,4,1331.55
11581,2025-06-11 06:52:42,2967,DL,15016,11433,4,2207.25
11582,2025-10-27 05:57:37,1626,AA,12892,10397,3,1513.53
11583,2024-12-17 08:23:50,2852,DL,10397,15016,3,1006.88
11584,2025-05-24 09:04:08,1340,DL,11193,12892,1,154.03
11585,2024-12-28 12:18:10,2347,DL,11193,12892,3,587.67
11586,2025-02-01 10:56:50,2676,UA,10397,12892,1,444.67
11587,2025-08-25 06:47:35,1021,UA,10397,12892,2,752.04
11588,2025-03-21 02:35:11,3212,DL,11433,13303,4,2011.13
11589,2024-03-18 13:40:42,4409,AA,12892,10397,2,916.06
11590,2025-03-11 12:55:03,2355,AA,12892,10397,1,431.16
11591,2025-09-28 14:25:08,1804,AA,12892,10397,3,1342.58
11592,2024-06-18 18:09:03,4607,WN,13303,12478,2,558.01
11593,2024-10-26 09:55:53,2741,DL,14057,14869,4,727.59
11594,2025-07-05 10:19:22,2822,AA,12892,10397,1,228.0
11595,2024-01-26 00:26:40,1898,DL,11193,12892,2,560.21
11596,2025-08-05 19:08:28,3876,DL,11193,12892,2,444.1
11597,2025-07-16 02:18:33,2659,WN,13303,12478,3,907.12
11598,2025-05-25 05:10:38,3342,UA,10397,12892,3,1348.39
11599,2024-12-23 12:42:02,1431,DL,14057,14869,3,1550.09
11600,2024-11-13 13:46:28,3875,DL,11193,12892,3,1426.7
11601,2024-08-01 20:33:44,2009,DL,12266,10397,1,461.2
11602,2024-10-07 16:09:56,3795,DL,14869,12478,3,571.01
11603,2024-04-11 00:55:14,4325,UA,10397,12892,2,459.76
11604,2025-03-28 09:33:25,1585,DL,11433,13303,4,1395.09
11605,2024-04-06 02:04:52,3381,DL,12266,10397,2,580.13
11606,2024-02-14 20:13:14,2976,DL,11193,12892,2,605.71
11607,2024-02-05 17:40:43,1764,DL,15016,11433,2,471.56
11608,2024-07-26 05:45:09,2777,DL,11433,13303,4,838.07
11609,2024-10-24 19:46:26,4936,DL,14057,14869,3,927.37
11610,2025-09-30 20:22:29,2433,DL,10397,15016,4,834.85
11611,2025-06-20 12:26:56,3247,DL,10397,15016,4,762.8
11612,2025-08-21 21:14:30,1134,DL,15016,11433,2,494.59
11613,2024-04-25 03:56:24,1382,DL,10397,15016,2,633.66
11614,2025-07-23 08:23:13,2969,DL,14057,14869,4,1369.88
11615,2024-05-07 16:03:45,4758,UA,10397,12892,3,681.95
11616,2024-05-05 16:42:00,1950,DL,11433,13303,1,520.17
11617,2025-02-03 18:57:05,2860,DL,12266,10397,1,431.86
11618,2024-08-05 03:51:36,3258,UA,10397,12892,4,874.49
11619,2024-12-19 05:15:25,4463,UA,10397,12892,3,1584.25
11620,2025-07-22 17:12:24,3176,DL,10397,15016,3,1720.06
11621,2025-08-10 11:17:38,3402,AA,12892,10397,3,525.34
11622,2024-04-28 04:08:00,3637,DL,10397,15016,1,341.69
11623,2025-06-03 14:48:15,1697,UA,10397,12892,3,669.09
11624,2024-02-23 13:35:30,2236,UA,10397,12892,1,462.08
11625,2025-09-21 05:05:15,2180,DL,15016,11433,2,576.41
11626,2025-05-02 18:52:45,1404,DL,15016,11433,3,1592.28
11627,2025-06-09 22:22:31,4694,DL,11193,12892,2,1111.1
11628,2025-04-19 02:08:34,1910,DL,11193,12892,1,581.38
11629,2025-05-01 09:08:05,1021,WN,13303,12478,1,514.66
11630,2024-12-19 07:53:30,4187,AA,12892,10397,4,2203.05
11631,2025-08-26 12:46:01,2367,DL,11433,13303,4,1966.41
11632,2024-11-02 23:04:55,3753,AA,12892,10397,3,999.0
11633,2025-03-01 08:11:33,1260,DL,10397,15016,3,1547.82
11634,2024-11-06 23:37:42,3648,AA,12892,10397,2,1126.25
11635,2024-10-24 18:49:23,4454,AA,12892,10397,1,283.78
11636,2025-10-23 08:34:06,2792,AA,12892,10397,3,1584.49
11637,2024-04-09 03:22:08,1528,DL,12266,10397,4,2310.65
11638,2024-09-11 22:23:09,3092,DL,11433,13303,1,508.82
11639,2025-05-26 23:39:42,2746,UA,10397,12892,2,499.55
11640,2025-03-27 15:08:54,2217,DL,11433,13303,2,790.35
11641,2024-05-01 17:43:52,2389,DL,11433,13303,3,778.12
11642,2025-04-06 12:10:04,1071,UA,10397,12892,4,2130.95
11643,2025-04-25 21:00:19,1763,DL,12266,10397,1,320.88
11644,2024-09-23 19:19:22,4077,DL,11433,13303,2,821.02
11645,2025-10-08 13:04:33,1261,DL,14057,14869,4,1443.4
11646,2024-04-24 08:20:14,1338,DL,14869,12478,2,413.49
11647,2025-01-25 04:04:41,1592,DL,11193,12892,3,1053.22
11648,2025-07-11 02:08:34,3198,UA,10397,12892,3,879.73
11649,2025-02-21 01:51:32,2048,DL,11433,13303,1,223.51
11650,2024-09-30 06:06:54,2765,DL,14057,14869,4,1558.46
11651,2024-07-02 10:33:59,3290,UA,10397,12892,4,1132.38
11652,2025-10-27 08:51:28,1420,DL,14869,12478,3,684.91
11653,2024-05-07 20:17:46,2973,DL,14869,12478,2,763.23
11654,2025-08-25 14:12:23,1403,DL,11433,13303,1,457.64
11655,2024-10-22 22:47:36,1764,DL,12266,10397,1,294.38
11656,2024-07-29 17:49:45,4383,AA,12892,10397,1,554.75
11657,2024-01-30 03:40:27,2468,DL,10397,15016,3,1378.93
11658,2024-12-08 23:34:20,3727,DL,14057,14869,3,609.65
11659,2025-10-15 09:21:01,1764,DL,12266,10397,3,992.51
11660,2025-04-20 17:20:52,2530,UA,10397,12892,1,332.52
11661,2024-04-16 21:28:19,3284,DL,14057,14869,3,1715.53
11662,2025-02-12 02:55:27,4324,UA,10397,12892,1,369.02
11663,2024-07-21 15:21:45,2355,DL,15016,11433,1,346.04
11664,2024-09-03 16:26:27,3607,DL,11193,12892,2,1040.69
11665,2024-12-28 13:59:28,3477,DL,15016,11433,4,2351.34
11666,2024-04-11 05:43:10,3259,DL,15016,11433,2,862.28
11667,2024-01-08 01:33:20,3604,DL,14057,14869,4,867.4
11668,2025-01-23 13:06:35,1374,DL,11433,13303,1,321.79
11669,2025-10-22 03:00:31,3946,DL,10397,15016,3,790.09
11670,2024-06-29 20:31:27,2303,DL,12266,10397,1,204.63
11671,2025-01-02 06:40:16,4423,WN,13303,12478,3,1750.57
11672,2024-06-03 02:50:35,2571,DL,11193,12892,3,1512.09
11673,2024-01-07 16:05:26,4970,UA,10397,12892,2,1065.27
11674,2025-05-04 08:47:43,1530,UA,10397,12892,3,1664.35
11675,2025-09-11 02:11:49,4494,DL,15016,11433,2,1191.03
11676,2024-02-21 06:59:38,1486,DL,11193,12892,3,1772.8
11677,2025-08-14 18:44:57,4408,DL,11193,12892,2,663.58
11678,2025-10-18 09:31:51,3161,DL,12266,10397,1,255.43
11679,2025-08-10 21:13:56,2338,DL,12266,10397,2,1130.47
11680,2024-08-04 09:27:48,4317,DL,11193,12892,1,400.38
11681,2024-10-25 18:30:46,3171,DL,15016,11433,2,790.22
11682,2024-02-17 02:21:39,4639,UA,10397,12892,2,569.62
11683,2024-05-02 06:45:43,2256,DL,11193,12892,4,657.73
11684,2025-06-08 03:37:40,4589,WN,13303,12478,2,503.23
11685,2024-12-20 17:31:42,3861,DL,11193,12892,2,526.35
11686,2024-08-07 16:03:23,4789,DL,14057,14869,4,980.81
11687,2025-07-31 10:24:53,2079,DL,11433,13303,1,313.11
11688,2024-04-14 05:29:38,4985,DL,12266,10397,1,525.81
11689,2024-01-24 09:49:40,3167,AA,12892,10397,3,1458.89
11690,2025-07-22 01:30:02,4992,DL,15016,11433,2,1085.91
11691,2025-02-23 13:08:32,3430,DL,15016,11433,3,763.26
11692,2024-01-07 18:40:33,3961,DL,10397,15016,3,931.49
11693,2024-12-07 22:10:04,2555,DL,15016,11433,3,1050.67
11694,2025-03-16 13:12:01,2957,DL,14057,14869,2,336.86
11695,2025-03-22 05:38:08,1313,DL,12266,10397,2,535.83
11696,2024-03-18 10:14:01,2757,DL,11193,12892,2,580.09
11697,2025-05-01 12:46:22,3103,DL,15016,11433,3,787.71
11698,2024-09-06 01:28:22,2793,DL,11433,13303,3,458.87
11699,2024-07-18 19:21:05,2466,DL,14057,14869,2,589.01
11700,2024-12-07 07:23:39,3518,DL,11193,12892,2,606.75
11701,2024-03-20 15:15:51,2484,DL,14869,12478,1,207.22
11702,2025-03-29 21:51:42,1612,DL,11193,12892,1,486.23
11703,2024-01-02 19:34:17,2788,DL,14057,14869,4,1209.48
11704,2024-07-31 09:58:46,3113,AA,12892,10397,3,1442.34
11705,2025-06-15 04:53:22,3221,DL,14869,12478,2,657.41
11706,2025-02-28 07:42:10,3638,DL,10397,15016,1,475.42
11707,2025-05-24 17:07:55,1463,DL,15016,11433,2,301.53
11708,2025-04-30 07:10:29,1483,DL,10397,15016,4,2301.43
11709,2024-01-26 17:05:22,1731,AA,12892,10397,3,1010.58
11710,2025-09-07 23:01:03,2808,DL,15016,11433,3,1666.46
11711,2025-10-09 12:13:02,2985,DL,14869,12478,1,528.05
11712,2024-03-23 14:05:19,2851,DL,11193,12892,1,253.02
11713,2024-06-08 04:24:53,2140,DL,12266,10397,1,262.98
11714,2025-02-26 18:22:45,1703,DL,14057,14869,1,425.42
11715,2024-07-24 07:28:27,4234,AA,12892,10397,1,595.52
11716,2024-05-04 07:50:51,1393,DL,15016,11433,3,1488.9
11717,2024-01-31 16:42:32,1023,DL,11193,12892,2,975.16
11718,2025-02-03 10:48:54,4593,UA,10397,12892,4,1746.04
11719,2025-06-22 06:36:04,1181,DL,11433,13303,2,529.38
11720,2024-02-23 14:43:50,4022,DL,14869,12478,3,859.86
11721,2024-08-23 14:31:09,4755,WN,13303,12478,3,622.25
11722,2024-05-08 09:37:59,4371,UA,10397,12892,1,504.64
11723,2025-09-30 00:47:08,1806,DL,12266,10397,2,616.69
11724,2025-07-15 18:24:07,1779,DL,11193,12892,3,1005.88
11725,2024-01-09 13:16:10,3253,DL,14057,14869,2,1052.67
11726,2024-09-10 16:24:21,4232,DL,15016,11433,3,1524.46
11727,2024-01-27 12:46:28,3965,UA,10397,12892,2,788.11
11728,2024-01-05 12:52:37,2315,DL,15016,11433,3,1426.37
11729,2025-10-01 22:50:37,4421,DL,11193,12892,2,355.33
11730,2024-06-25 08:42:45,1599,AA,12892,10397,3,1688.48
11731,2025-04-16 13:59:11,1525,DL,12266,10397,4,1301.39
11732,2025-09-25 14:06:48,2946,DL,14869,12478,2,395.17
11733,2024-01-01 07:25:40,4654,UA,10397,12892,2,1187.52
11734,2025-05-03 02:18:00,1409,AA,12892,10397,1,382.84
11735,2024-02-21 16:35:51,2134,UA,10397,12892,2,1166.27
11736,2025-05-02 07:26:46,2200,DL,15016,11433,1,572.72
11737,2024-05-18 18:58:55,3383,DL,15016,11433,2,346.26
11738,2024-07-13 11:43:53,4180,WN,13303,12478,3,450.34
11739,2025-07-29 22:27:23,2107,DL,14869,12478,2,545.33
11740,2025-05-14 15:17:21,2592,UA,10397,12892,3,1788.46
11741,2024-06-15 21:16:55,3193,DL,15016,11433,4,896.91
11742,2024-06-08 17:19:43,3397,DL,10397,15016,3,750.12
11743,2024-03-18 03:14:10,4282,DL,10397,15016,4,647.25
11744,2025-06-02 06:30:47,4992,DL,14057,14869,2,584.57
11745,2024-12-14 12:28:27,3973,DL,14869,12478,2,572.48
11746,2024-08-22 04:43:11,2120,AA,12892,10397,2,632.59
11747,2025-02-26 02:28:58,4040,DL,11433,13303,4,1565.16
11748,2024-02-21 16:42:23,3708,AA,12892,10397,2,469.68
11749,2024-09-16 00:50:30,3538,WN,13303,12478,1,373.85
11750,2024-05-14 20:10:32,4628,DL,14057,14869,1,366.77
11751,2025-07-25 09:50:15,1121,WN,13303,12478,2,478.16
11752,2025-05-19 01:10:17,1457,DL,14869,12478,2,333.95
11753,2025-09-26 03:03:04,1531,DL,10397,15016,3,1269.07
11754,2024-04-10 02:53:03,1798,UA,10397,12892,1,473.32
11755,2024-08-12 02:21:09,3804,DL,14869,12478,2,475.15
11756,2024-05-05 00:26:33,1212,DL,12266,10397,3,589.22
11757,2025-04-09 01:40:23,1130,DL,14057,14869,1,362.97
11758,2024-01-02 16:52:43,3162,AA,12892,10397,3,1091.43
11759,2025-09-15 23:51:41,1709,DL,12266,10397,4,2311.68
11760,2025-03-03 09:44:45,1759,AA,12892,10397,4,1132.47
11761,2025-09-30 10:22:33,4260,DL,15016,11433,2,1145.21
11762,2024-06-25 17:47:56,4704,DL,14869,12478,4,2312.63
11763,2025-03-06 05:38:32,2844,DL,14869,12478,2,345.9
11764,2025-10-05 04:25:37,3686,DL,14057,14869,4,927.4
11765,2024-08-14 21:33:45,1597,DL,11193,12892,2,1024.79
11766,2024-04-23 09:25:45,3974,DL,15016,11433,2,318.22
11767,2024-10-22 06:43:59,4338,UA,10397,12892,4,627.23
11768,2025-05-15 13:44:53,1981,DL,11433,13303,3,1547.31
11769,2024-03-10 10:59:43,4618,UA,10397,12892,3,1697.75
11770,2025-03-31 09:58:48,1206,DL,12266,10397,4,2119.34
11771,2024-06-09 03:45:16,3211,DL,11433,13303,4,1958.33
11772,2024-07-18 21:50:24,3665,DL,10397,15016,3,1789.98
11773,2024-10-19 02:59:58,4912,DL,12266,10397,4,1714.75
11774,2024-07-20 23:42:27,2491,UA,10397,12892,1,150.48
11775,2024-11-21 14:09:03,4399,UA,10397,12892,4,1654.47
11776,2024-12-11 04:43:03,4713,DL,12266,10397,4,1476.18
11777,2025-01-04 01:13:40,4119,AA,12892,10397,2,382.06
11778,2025-02-28 21:12:45,1268,WN,13303,12478,1,594.2
11779,2024-07-09 13:03:40,4408,DL,11193,12892,4,2109.59
11780,2025-08-13 06:09:28,3744,DL,10397,15016,4,1347.17
11781,2024-05-03 11:34:14,2808,DL,15016,11433,1,170.72
11782,2024-08-26 01:53:31,1102,UA,10397,12892,3,872.8
11783,2024-12-21 13:25:06,1337,DL,10397,15016,2,755.55
11784,2024-10-06 22:49:57,3438,DL,11433,13303,4,743.43
11785,2024-06-12 02:39:26,4824,DL,14057,14869,2,648.21
11786,2025-01-17 14:33:16,1254,DL,11193,12892,4,1850.56
11787,2025-06-18 02:35:23,2381,WN,13303,12478,1,226.06
11788,2024-10-17 02:54:10,1090,DL,11433,13303,1,571.47
11789,2025-02-23 09:44:20,4127,DL,14057,14869,2,1185.51
11790,2024-04-02 20:59:03,3053,DL,11433,13303,3,699.64
11791,2025-07-29 17:13:48,2445,WN,13303,12478,2,687.68
11792,2025-08-30 23:53:04,2990,WN,13303,12478,2,395.69
11793,2024-07-13 05:15:48,2830,DL,15016,11433,4,2288.68
11794,2024-10-15 00:46:25,4975,DL,12266,10397,3,1010.9
11795,2024-06-14 01:11:33,2440,DL,11193,12892,3,1045.33
11796,2025-02-25 04:08:55,2074,UA,10397,12892,4,620.7
11797,2024-02-19 23:30:55,4880,DL,14057,14869,1,315.17
11798,2024-05-09 04:11:50,3006,DL,14869,12478,1,376.08
11799,2025-03-18 10:04:28,2293,WN,13303,12478,2,591.88
11800,2024-08-14 07:18:16,1762,UA,10397,12892,2,761.98
11801,2024-06-29 22:57:45,3726,DL,12266,10397,2,634.05
11802,2025-09-20 16:02:08,4139,DL,14057,14869,2,521.9
11803,2024-12-15 12:27:57,2960,DL,11193,12892,2,1046.46
11804,2025-08-13 10:26:15,3457,DL,11433,13303,1,599.0
11805,2024-03-22 14:26:25,4149,DL,10397,15016,3,1097.97
11806,2024-11-14 15:34:20,4953,WN,13303,12478,2,585.2
11807,2025-02-18 23:41:41,3827,WN,13303,12478,1,294.67
11808,2024-11-26 15:25:06,1056,AA,12892,10397,1,191.0
11809,2024-04-28 01:10:13,4285,UA,10397,12892,2,506.69
11810,2024-08-17 20:24:59,4133,DL,12266,10397,3,830.77
11811,2024-02-18 19:30:26,2411,DL,12266,10397,3,937.98
11812,2025-09-18 05:11:59,2808,AA,12892,10397,4,1352.71
11813,2025-03-11 09:41:32,3893,AA,12892,10397,4,1441.63
11814,2025-10-30 11:36:59,3442,DL,11433,13303,2,963.2
11815,2024-02-08 08:03:42,3819,AA,12892,10397,1,492.2
11816,2024-01-09 00:06:08,2425,UA,10397,12892,1,196.5
11817,2024-03-23 16:49:54,2042,WN,13303,12478,2,484.38
11818,2025-02-22 20:50:22,2409,DL,10397,15016,2,881.32
11819,2025-02-18 11:12:20,3443,DL,11433,13303,3,1362.94
11820,2024-12-09 14:06:16,1219,WN,13303,12478,1,339.38
11821,2025-04-11 10:31:52,3042,DL,15016,11433,4,1703.77
11822,2024-07-10 00:32:09,1923,UA,10397,12892,1,496.95
11823,2024-01-28 17:53:36,4292,DL,10397,15016,2,951.75
11824,2024-09-22 14:27:22,3676,DL,11433,13303,2,756.98
11825,2024-10-21 14:50:19,1279,DL,12266,10397,1,355.75
11826,2024-11-03 13:44:17,2384,DL,14869,12478,3,1657.34
11827,2025-09-14 18:34:34,3457,DL,15016,11433,1,378.79
11828,2025-02-09 05:58:20,1412,DL,11193,12892,4,1832.23
11829,2024-03-19 13:41:50,3321,DL,15016,11433,1,236.31
11830,2024-07-30 13:37:44,2483,DL,15016,11433,1,295.43
11831,2024-09-28 03:02:29,4136,DL,14057,14869,4,874.63
11832,2025-05-24 17:34:48,3921,DL,11193,12892,1,229.36
11833,2025-10-03 17:51:45,4393,DL,14057,14869,3,476.14
11834,2025-05-20 16:57:40,2616,DL,11193,12892,3,1264.05
11835,2025-01-23 05:45:23,1861,DL,15016,11433,1,541.15
11836,2024-11-10 09:30:42,2510,DL,12266,10397,2,1163.41
11837,2025-06-16 04:16:01,3193,AA,12892,10397,3,790.71
11838,2025-01-16 10:15:11,2151,DL,11433,13303,3,510.83
11839,2024-06-01 05:05:10,1382,DL,15016,11433,3,547.14
11840,2025-05-02 18:50:36,4505,DL,14869,12478,1,346.27
11841,2024-05-22 07:37:22,2516,DL,14057,14869,2,408.28
11842,2024-07-28 19:19:15,2828,DL,14869,12478,2,459.56
11843,2024-10-22 00:12:22,2477,DL,14869,12478,2,732.57
11844,2024-12-30 17:07:54,3233,DL,12266,10397,4,2041.59
11845,2024-02-13 00:05:09,2068,UA,10397,12892,3,569.3
11846,2024-12-05 06:22:53,1083,WN,13303,12478,4,758.29
11847,2025-10-11 20:01:20,3340,DL,12266,10397,3,520.36
11848,2024-10-28 03:02:08,3783,DL,10397,15016,3,1103.28
11849,2024-12-15 15:38:19,2898,DL,14869,12478,1,444.15
11850,2025-03-18 21:52:05,2202,DL,15016,11433,1,519.41
11851,2025-03-08 02:42:20,2016,DL,14869,12478,2,446.37
11852,2024-10-09 23:49:58,2213,DL,15016,11433,2,674.5
11853,2025-04-18 22:22:30,2186,DL,15016,11433,1,372.32
11854,2025-07-17 14:14:27,1645,DL,10397,15016,4,1942.92
11855,2024-10-13 22:06:15,1057,AA,12892,10397,1,555.06
11856,2024-12-11 17:17:41,1390,DL,14057,14869,1,192.61
11857,2024-02-08 06:36:55,3720,DL,15016,11433,1,287.93
11858,2024-10-20 21:47:51,3121,WN,13303,12478,4,1309.94
11859,2025-10-04 08:06:31,4199,DL,15016,11433,1,594.97
11860,2024-04-28 13:34:24,3792,DL,14057,14869,4,1792.47
11861,2025-08-22 06:17:43,3679,WN,13303,12478,3,1664.58
11862,2024-07-13 23:13:20,2205,DL,14057,14869,1,216.31
11863,2024-08-10 12:27:03,2229,DL,11193,12892,2,736.19
11864,2024-11-01 05:17:05,3698,UA,10397,12892,2,903.14
11865,2024-05-15 18:25:22,3681,DL,10397,15016,2,554.47
11866,2024-03-22 01:42:50,3491,DL,14057,14869,3,783.46
11867,2025-04-14 05:38:25,1266,DL,14057,14869,3,1740.23
11868,2024-04-09 10:11:53,1243,DL,15016,11433,2,980.89
11869,2024-05-10 21:07:43,3930,DL,14869,12478,3,1585.76
11870,2024-05-02 08:04:10,2102,DL,14057,14869,3,1603.81
11871,2025-08-16 11:05:56,1114,DL,11433,13303,2,329.09
11872,2024-06-11 23:32:44,3864,DL,14869,12478,1,482.82
11873,2025-02-28 09:55:21,2996,DL,11193,12892,2,498.39
11874,2025-02-04 18:08:45,2121,UA,10397,12892,3,612.78
11875,2024-01-07 15:26:49,1705,DL,14057,14869,3,1196.08
11876,2024-12-27 22:57:04,3721,DL,11433,13303,4,1922.72
11877,2025-05-23 14:03:52,2151,AA,12892,10397,4,1261.91
11878,2025-07-24 15:39:14,1004,DL,11193,12892,3,1511.64
11879,2025-01-01 10:00:06,3603,DL,10397,15016,3,1719.35
11880,2024-08-05 02:54:37,4241,DL,15016,11433,1,505.23
11881,2024-08-05 02:02:41,1042,DL,15016,11433,1,168.1
11882,2024-11-06 13:19:46,4767,DL,14057,14869,1,313.67
11883,2025-03-31 07:33:23,2699,DL,11193,12892,4,716.39
11884,2025-02-11 06:13:56,2754,DL,11193,12892,1,202.23
11885,2025-04-29 05:17:19,2974,DL,11193,12892,2,930.0
11886,2024-03-07 01:55:32,4482,DL,10397,15016,1,292.02
11887,2024-02-27 02:18:28,3070,DL,11433,13303,1,481.38
11888,2024-11-04 01:42:30,3458,DL,11433,13303,3,1039.79
11889,2024-12-05 12:51:59,3253,DL,15016,11433,1,271.89
11890,2025-07-24 01:34:48,1809,DL,10397,15016,3,912.44
11891,2024-04-15 08:41:04,4420,DL,12266,10397,2,1053.81
11892,2025-02-13 05:39:21,4714,UA,10397,12892,1,565.78
11893,2024-09-04 05:24:25,2232,DL,11193,12892,3,745.4
11894,2025-08-30 10:44:12,1571,DL,15016,11433,3,588.44
11895,2024-11-23 11:27:52,4333,DL,11193,12892,1,403.83
11896,2024-02-22 02:05:43,1614,DL,11193,12892,3,1720.82
11897,2024-12-14 17:21:52,1211,DL,11433,13303,1,527.24
11898,2025-09-20 10:05:21,1151,WN,13303,12478,3,1086.69
11899,2024-02-19 08:18:37,4324,AA,12892,10397,4,940.52
11900,2024-11-20 01:12:07,3357,DL,14869,12478,3,644.28
11901,2024-03-07 10:58:38,3434,DL,11433,13303,4,1195.33
11902,2024-09-04 12:37:57,1921,UA,10397,12892,2,976.44
11903,2024-10-16 03:11:54,3324,DL,15016,11433,4,1845.27
11904,2025-06-23 03:18:55,4740,DL,11193,12892,1,437.16
11905,2024-01-01 19:54:22,2177,DL,14057,14869,4,1247.94
11906,2025-05-19 15:57:29,3816,UA,10397,12892,1,234.61
11907,2024-05-08 20:19:58,1411,DL,14057,14869,2,856.07
11908,2025-07-31 06:42:06,1935,AA,12892,10397,3,980.35
11909,2025-03-05 08:18:25,4975,WN,13303,12478,3,1757.11
11910,2025-07-31 18:05:55,3739,DL,14057,14869,2,576.0
11911,2024-12-21 21:57:45,1868,DL,14057,14869,1,287.84
11912,2024-02-09 16:41:47,4362,DL,15016,11433,3,1113.11
11913,2024-07-07 14:35:23,4541,DL,11433,13303,2,1053.43
11914,2025-09-30 15:17:08,3948,AA,12892,10397,4,1994.45
11915,2024-04-14 09:23:04,2566,DL,14869,12478,2,598.51
11916,2024-05-27 22:50:09,1296,UA,10397,12892,3,606.46
11917,2024-09-27 06:47:22,4707,DL,14869,12478,4,1253.51
11918,2025-09-28 14:55:22,4665,DL,12266,10397,1,234.37
11919,2024-06-23 12:17:01,1810,DL,14869,12478,1,568.8
11920,2025-09-30 02:46:33,1079,DL,14057,14869,1,427.98
11921,2024-12-09 09:06:13,1525,DL,12266,10397,1,306.13
11922,2024-11-29 14:42:26,4220,WN,13303,12478,1,168.58
11923,2025-06-03 13:25:03,1960,WN,13303,12478,3,942.69
11924,2025-02-10 01:46:58,3112,AA,12892,10397,3,1683.24
11925,2024-11-11 16:12:57,1541,DL,14057,14869,3,1683.37
11926,2025-04-13 20:20:25,1003,DL,14057,14869,3,467.06
11927,2025-09-14 20:42:12,3361,UA,10397,12892,1,522.65
11928,2025-06-11 05:19:28,2996,WN,13303,12478,2,968.64
11929,2024-09-07 02:29:34,4800,DL,15016,11433,4,1341.76
11930,2024-10-30 06:59:44,4652,DL,15016,11433,3,1448.91
11931,2024-09-21 11:38:28,2480,DL,11433,13303,1,577.9
11932,2025-01-12 00:46:38,4527,AA,12892,10397,3,1627.64
11933,2024-01-11 09:10:43,1802,DL,11433,13303,1,443.58
11934,2025-07-10 07:06:32,3681,DL,11193,12892,3,1152.32
11935,2025-06-04 05:00:15,1315,DL,15016,11433,1,392.89
11936,2024-04-17 07:55:25,2931,DL,11193,12892,1,349.83
11937,2024-08-11 06:00:12,1010,WN,13303,12478,2,1118.33
11938,2025-03-21 12:23:14,1176,DL,14869,12478,1,265.79
11939,2024-02-11 23:53:40,2348,DL,11193,12892,4,1668.12
11940,2024-05-01 16:06:38,2537,DL,14057,14869,3,1362.45
11941,2024-11-26 15:31:00,4807,DL,12266,10397,4,1898.74
11942,2024-06-25 21:51:43,3404,DL,10397,15016,4,817.45
11943,2024-11-04 01:23:52,3099,DL,12266,10397,4,1097.55
11944,2024-06-20 00:08:57,1422,DL,11433,13303,3,1367.65
11945,2025-10-04 22:44:30,2180,DL,10397,15016,2,923.69
11946,2025-01-23 00:29:10,4430,DL,11433,13303,1,523.8
11947,2025-07-13 02:49:48,1940,DL,14869,12478,4,2148.37
11948,2024-03-16 07:38:10,3665,UA,10397,12892,2,570.57
11949,2024-01-12 07:12:28,4446,DL,12266,10397,2,467.82
11950,2024-11-20 09:23:08,4799,DL,11433,13303,2,894.12
11951,2024-07-04 14:06:25,2513,DL,12266,10397,1,382.24
11952,2025-01-24 21:08:41,2889,UA,10397,12892,2,972.96
11953,2024-01-04 19:08:26,1188,DL,14869,12478,2,331.43
11954,2024-11-03 18:47:21,1572,DL,12266,10397,2,899.12
11955,2024-09-23 21:01:05,4341,DL,12266,10397,3,1385.83
11956,2024-09-23 08:43:32,4002,DL,14869,12478,2,1032.7
11957,2024-01-12 17:41:52,4354,AA,12892,10397,3,732.16
11958,2025-02-02 09:36:52,1106,DL,14057,14869,3,810.99
11959,2024-02-07 00:19:11,1006,WN,13303,12478,1,481.39
11960,2024-07-27 00:29:51,3239,DL,11193,12892,4,1502.81
11961,2025-01-25 22:53:59,3783,AA,12892,10397,2,968.81
11962,2025-06-12 17:08:44,2222,DL,14869,12478,1,551.14
11963,2025-03-05 02:40:15,1153,DL,11433,13303,3,1668.15
11964,2024-02-29 11:06:26,1945,DL,11433,13303,4,2070.55
11965,2024-05-22 06:36:50,3878,DL,14057,14869,3,580.73
11966,2024-07-20 06:20:53,1856,DL,11433,13303,3,1569.68
11967,2025-06-08 05:53:03,4032,DL,10397,15016,4,987.91
11968,2024-02-09 23:43:46,3193,DL,12266,10397,4,1028.91
11969,2025-06-18 14:58:22,4324,DL,14869,12478,3,1213.81
11970,2024-04-18 12:48:21,2645,DL,12266,10397,2,660.43
11971,2025-07-24 00:06:11,4941,DL,11193,12892,3,815.51
11972,2025-07-31 14:13:41,3755,DL,11433,13303,4,1292.78
11973,2025-10-27 06:00:54,2485,DL,14057,14869,2,851.06
11974,2025-05-29 16:02:34,1910,DL,15016,11433,2,836.08
11975,2024-01-08 23:21:09,1078,UA,10397,12892,4,877.01
11976,2025-01-17 22:13:09,2303,DL,11193,12892,1,431.03
11977,2025-06-14 03:02:14,2703,WN,13303,12478,1,510.33
11978,2024-08-05 11:13:13,3477,DL,10397,15016,1,299.37
11979,2024-07-23 10:14:10,3324,UA,10397,12892,1,375.37
11980,2025-04-23 00:11:56,4942,UA,10397,12892,3,1133.46
11981,2025-09-04 00:42:23,4869,DL,14869,12478,4,2249.8
11982,2025-05-22 00:30:03,3377,DL,10397,15016,3,1743.32
11983,2024-04-16 02:41:09,2150,DL,14057,14869,4,610.98
11984,2024-11-23 04:07:57,2429,WN,13303,12478,2,782.74
11985,2025-02-15 17:23:26,4298,DL,14057,14869,1,160.0
11986,2025-05-31 06:07:15,1536,DL,12266,10397,1,423.7
11987,2025-09-03 13:27:10,1663,AA,12892,10397,3,1446.86
11988,2025-10-24 10:25:56,1670,DL,14057,14869,4,1590.09
11989,2024-09-03 22:24:57,3192,WN,13303,12478,2,905.13
11990,2025-01-03 15:55:56,1627,AA,12892,10397,1,296.06
11991,2024-01-05 03:04:16,4698,DL,12266,10397,1,160.76
11992,2024-06-01 01:46:53,3242,WN,13303,12478,1,371.96
11993,2025-08-08 21:06:00,2219,DL,11433,13303,1,479.17
11994,2025-06-17 20:53:16,3978,DL,10397,15016,3,722.23
11995,2024-09-09 01:23:28,3948,DL,10397,15016,3,820.45
11996,2024-08-16 13:37:51,3981,DL,12266,10397,3,1224.06
11997,2024-08-30 23:07:37,4491,DL,11433,13303,1,456.57
11998,2025-02-13 16:26:57,1905,DL,10397,15016,3,1614.4
11999,2024-05-28 04:51:41,1398,DL,11433,13303,2,987.87
12000,2024-06-02 12:05:45,1109,WN,13303,12478,3,1430.05
12001,2024-08-17 13:20:08,3887,DL,10397,15016,3,859.94
12002,2024-05-12 11:26:17,3701,UA,10397,12892,4,1522.37
12003,2025-03-02 21:21:58,2578,UA,10397,12892,4,760.83
12004,2024-12-18 21:45:53,4201,DL,15016,11433,4,1176.35
12005,2024-12-22 20:29:09,3324,DL,12266,10397,4,945.2
12006,2024-05-26 03:08:26,1765,DL,12266,10397,3,770.67
12007,2025-10-05 22:42:35,4726,DL,12266,10397,3,1733.0
12008,2025-04-14 08:29:56,2469,DL,11193,12892,1,306.94
12009,2024-05-21 13:20:37,3814,DL,14057,14869,3,1432.9
12010,2025-08-05 19:31:05,1985,DL,14869,12478,2,395.78
12011,2024-03-26 18:53:06,3285,DL,10397,15016,2,1097.24
12012,2024-01-08 02:13:40,2587,DL,15016,11433,3,1311.26
12013,2024-06-16 22:34:22,3164,DL,10397,15016,2,555.71
12014,2024-12-08 10:15:18,2356,UA,10397,12892,4,2106.23
12015,2024-11-18 22:06:40,1578,DL,14057,14869,3,1472.36
12016,2025-10-21 10:45:23,4550,DL,14869,12478,4,911.92
12017,2025-07-05 06:47:10,1076,AA,12892,10397,4,2336.71
12018,2024-06-15 12:37:39,2051,DL,14869,12478,3,685.01
12019,2025-03-10 17:44:10,3631,AA,12892,10397,3,1099.47
12020,2024-07-24 11:45:14,4356,UA,10397,12892,2,792.82
12021,2025-09-26 10:28:25,3042,DL,10397,15016,3,1621.34
12022,2025-10-04 02:19:01,1010,DL,14057,14869,2,1077.51
12023,2025-06-01 18:21:02,4356,AA,12892,10397,1,566.3
12024,2025-08-08 17:43:41,3418,DL,14869,12478,4,1950.82
12025,2025-08-02 03:24:38,3348,DL,14057,14869,1,176.98
12026,2025-01-07 22:11:45,2701,UA,10397,12892,2,763.42
12027,2024-07-21 13:19:39,2351,AA,12892,10397,2,999.21
12028,2024-12-14 00:59:58,1786,DL,12266,10397,2,895.86
12029,2024-01-24 14:29:34,3011,DL,12266,10397,3,1709.22
12030,2024-08-29 09:35:09,2260,DL,11193,12892,2,1040.42
12031,2025-05-03 00:05:55,3007,DL,10397,15016,3,1468.38
12032,2024-07-05 14:11:52,2268,WN,13303,12478,2,666.88
12033,2024-01-22 19:39:49,2013,UA,10397,12892,1,487.61
12034,2025-04-25 21:12:01,4792,AA,12892,10397,1,205.36
12035,2025-06-24 01:01:12,4045,DL,12266,10397,4,2374.41
12036,2024-04-25 13:03:56,4400,AA,12892,10397,3,1191.24
12037,2024-02-03 08:44:54,3605,UA,10397,12892,4,1404.57
12038,2024-09-13 13:20:13,2588,AA,12892,10397,4,1275.56
12039,2025-05-31 07:01:19,3761,DL,10397,15016,3,1417.38
12040,2025-10-05 11:55:35,3869,WN,13303,12478,3,610.56
12041,2024-01-07 10:25:14,1169,AA,12892,10397,4,1323.29
12042,2024-04-17 14:57:54,1006,DL,11433,13303,3,1784.52
12043,2024-06-30 23:45:13,4946,UA,10397,12892,2,781.89
12044,2025-09-27 18:28:38,2038,UA,10397,12892,2,684.91
12045,2024-11-22 00:19:28,2168,UA,10397,12892,4,1077.99
12046,2025-03-07 10:16:37,3573,WN,13303,12478,4,1108.24
12047,2024-09-30 06:54:44,3679,DL,11433,13303,4,1029.61
12048,2024-04-22 23:30:44,3974,DL,11433,13303,4,1635.59
12049,2024-03-20 01:05:55,3720,UA,10397,12892,1,184.25
12050,2025-01-05 19:44:14,1853,AA,12892,10397,4,840.58
12051,2025-07-20 04:15:32,3348,DL,11193,12892,4,1095.98
12052,2024-06-05 08:45:15,1894,DL,11433,13303,4,1881.31
12053,2024-04-11 09:09:56,3317,DL,15016,11433,2,862.44
12054,2024-10-17 22:56:50,2985,AA,12892,10397,3,578.74
12055,2024-11-16 23:16:55,2979,DL,14057,14869,3,1100.0
12056,2025-09-21 04:36:20,2300,DL,11433,13303,1,458.46
12057,2024-09-08 01:12:21,3580,DL,11433,13303,4,1374.11
12058,2024-01-20 01:58:00,3231,WN,13303,12478,3,1191.79
12059,2024-08-17 19:26:47,3222,DL,11433,13303,4,635.95
12060,2024-01-20 08:43:39,1983,AA,12892,10397,2,1086.81
12061,2024-03-28 22:32:50,4412,WN,13303,12478,4,750.77
12062,2024-07-29 13:27:33,2648,DL,15016,11433,1,242.34
12063,2024-05-22 17:41:54,4095,WN,13303,12478,4,1500.28
12064,2024-08-23 13:02:46,2101,DL,14057,14869,3,1572.68
12065,2024-01-08 15:23:05,2848,WN,13303,12478,2,1042.92
12066,2025-07-10 16:10:09,4841,DL,10397,15016,4,1767.54
12067,2025-07-08 11:58:38,3681,DL,11193,12892,4,649.47
12068,2025-03-05 20:26:33,2122,UA,10397,12892,3,1051.92
12069,2025-07-19 00:18:44,2570,DL,15016,11433,1,569.62
12070,2024-03-23 13:05:34,3504,DL,12266,10397,1,475.51
12071,2025-07-09 06:14:57,2756,DL,14057,14869,3,829.24
12072,2025-10-09 15:36:53,3047,UA,10397,12892,3,1542.96
12073,2025-07-15 07:34:33,3610,AA,12892,10397,1,199.4
12074,2024-08-04 14:21:01,3974,DL,14869,12478,2,584.29
12075,2024-02-22 10:29:49,1094,DL,14869,12478,4,1003.69
12076,2025-06-16 07:03:23,1774,DL,14057,14869,1,276.48
12077,2024-09-27 14:22:05,3042,DL,11193,12892,2,758.22
12078,2024-03-04 19:20:35,1372,DL,14057,14869,2,1042.13
12079,2024-12-13 05:47:41,2242,DL,14869,12478,1,214.2
12080,2025-05-08 07:55:47,4834,DL,11193,12892,1,557.14
12081,2025-05-02 20:18:46,3859,UA,10397,12892,2,645.8
12082,2024-03-18 15:01:24,1287,DL,14869,12478,3,567.58
12083,2024-06-06 10:36:17,2093,WN,13303,12478,4,2352.26
12084,2024-10-19 11:59:24,3470,UA,10397,12892,2,527.36
12085,2025-02-17 20:01:28,4519,AA,12892,10397,4,1437.09
12086,2025-03-31 07:52:03,3037,DL,11193,12892,3,550.26
12087,2025-05-21 22:08:56,4357,DL,11433,13303,4,845.38
12088,2025-02-07 17:16:37,2002,DL,12266,10397,3,1435.88
12089,2025-01-09 16:16:49,2791,DL,14057,14869,4,1172.12
12090,2024-11-29 17:55:26,1621,WN,13303,12478,4,1297.12
12091,2024-10-03 20:26:28,1319,DL,15016,11433,1,566.02
12092,2024-06-05 09:31:02,2593,DL,11193,12892,1,502.84
12093,2024-06-23 10:16:28,1844,UA,10397,12892,1,517.36
12094,2024-01-29 00:22:26,4786,DL,12266,10397,4,1558.16
12095,2024-06-06 07:57:48,3603,DL,11433,13303,3,1025.39
12096,2024-12-15 08:18:34,2468,DL,12266,10397,4,745.38
12097,2025-02-17 19:10:11,2899,AA,12892,10397,3,1188.66
12098,2024-04-29 08:05:07,2938,DL,14057,14869,1,253.77
12099,2025-08-06 22:47:01,2244,DL,15016,11433,2,1136.83
12100,2025-10-09 03:35:41,1021,DL,10397,15016,1,527.02
12101,2024-09-08 19:56:42,1248,DL,15016,11433,3,1289.56
12102,2025-02-28 07:13:09,3533,DL,14057,14869,3,1491.65
12103,2025-09-01 20:26:21,2019,DL,14057,14869,3,517.62
12104,2024-06-05 09:38:25,3015,DL,14869,12478,3,1022.68
12105,2025-02-24 11:59:36,3590,DL,11433,13303,1,386.23
12106,2025-05-21 12:30:51,2646,DL,14869,12478,3,590.09
12107,2025-01-09 18:34:04,4916,DL,11433,13303,1,403.93
12108,2024-01-26 21:54:33,3814,DL,11193,12892,3,482.53
12109,2025-01-26 16:03:25,4190,WN,13303,12478,4,1840.66
12110,2024-04-30 05:39:02,4431,DL,15016,11433,1,397.73
12111,2024-04-14 06:24:24,2700,DL,11433,13303,1,432.21
12112,2024-07-25 15:37:31,3942,DL,14057,14869,3,1644.89
12113,2025-01-30 01:12:12,3705,DL,11433,13303,1,458.02
12114,2024-02-25 22:29:30,3155,DL,12266,10397,2,885.03
12115,2024-09-26 05:43:20,3404,WN,13303,12478,3,1604.87
12116,2025-10-21 06:38:15,1533,AA,12892,10397,4,2178.08
12117,2025-06-11 03:53:43,2601,DL,15016,11433,4,1989.43
12118,2024-02-25 19:02:20,2516,DL,15016,11433,4,1180.2
12119,2024-07-28 20:32:56,2233,DL,11433,13303,2,905.32
12120,2025-06-26 04:22:20,3650,WN,13303,12478,4,1655.08
12121,2025-06-17 10:51:43,2509,DL,14057,14869,3,977.12
12122,2024-04-05 17:07:02,1003,DL,11433,13303,3,988.06
12123,2024-06-13 05:59:51,1693,DL,14869,12478,4,1206.03
12124,2025-02-15 08:27:54,2342,DL,10397,15016,4,1447.15
12125,2025-01-24 21:53:48,4067,DL,14869,12478,2,360.13
12126,2025-07-15 07:32:32,3463,DL,14057,14869,3,1618.94
12127,2024-10-24 23:06:31,4503,DL,14869,12478,4,2214.3
12128,2024-07-08 10:10:40,1368,DL,12266,10397,1,340.29
12129,2024-09-12 18:32:28,2100,DL,11193,12892,3,1377.26
12130,2025-04-19 12:24:35,1252,DL,11433,13303,1,375.0
12131,2024-11-10 05:22:15,1526,DL,14057,14869,2,729.17
12132,2025-06-03 10:44:51,1386,AA,12892,10397,4,805.85
12133,2025-02-19 20:45:27,3302,DL,10397,15016,2,904.11
12134,2025-06-06 19:12:55,1643,DL,11433,13303,3,1058.48
12135,2024-03-31 19:17:06,4579,DL,11433,13303,3,1084.94
12136,2024-08-12 07:57:48,3556,DL,15016,11433,2,447.11
12137,2025-07-23 11:11:46,1145,DL,12266,10397,4,2044.52
12138,2024-05-30 10:16:55,2656,DL,12266,10397,2,911.27
12139,2024-10-28 13:44:35,4604,DL,14057,14869,1,156.24
12140,2024-01-02 07:52:57,1630,AA,12892,10397,3,1333.26
12141,2025-02-14 23:45:05,2066,DL,10397,15016,3,891.52
12142,2025-01-15 17:08:16,2493,DL,14057,14869,4,628.19
12143,2024-04-24 13:32:51,3156,DL,11193,12892,2,390.46
12144,2025-05-09 13:53:02,4586,DL,14869,12478,4,2177.46
12145,2025-10-03 16:04:31,1504,DL,11193,12892,2,793.45
12146,2025-05-08 10:15:08,3956,DL,10397,15016,3,1270.84
12147,2024-11-11 22:40:45,1638,DL,12266,10397,4,641.48
12148,2024-10-21 11:05:46,4513,DL,10397,15016,2,865.25
12149,2024-03-01 01:37:34,1607,UA,10397,12892,4,945.46
12150,2024-11-18 12:00:15,3293,DL,11193,12892,4,713.15
12151,2024-09-21 10:12:12,1484,WN,13303,12478,1,510.19
12152,2025-10-10 17:26:52,2117,DL,14869,12478,2,1132.73
12153,2024-11-18 03:05:06,4026,DL,14869,12478,4,1908.79
12154,2024-12-12 13:04:28,3313,DL,12266,10397,4,1940.43
12155,2025-06-02 09:20:41,4985,DL,10397,15016,1,290.1
12156,2024-07-27 10:20:59,2843,UA,10397,12892,1,302.25
12157,2024-01-10 15:05:52,4653,DL,14869,12478,4,1693.13
12158,2025-03-18 17:28:10,2827,DL,14869,12478,1,386.5
12159,2025-05-25 23:16:37,3892,DL,12266,10397,4,1165.94
12160,2025-02-18 10:21:51,3720,AA,12892,10397,2,730.41
12161,2025-03-03 01:59:50,2093,DL,10397,15016,1,197.81
12162,2025-07-19 08:29:38,3124,DL,10397,15016,2,667.07
12163,2024-06-05 14:47:59,1112,DL,10397,15016,4,1363.85
12164,2025-03-16 23:46:04,1140,DL,11433,13303,1,264.72
12165,2025-03-14 10:31:48,4917,DL,14057,14869,2,506.37
12166,2025-07-18 06:39:30,4752,DL,11433,13303,1,507.27
12167,2025-09-19 06:03:30,2284,DL,14869,12478,1,378.97
12168,2025-08-13 22:30:31,4189,DL,14057,14869,3,1155.11
12169,2025-03-27 08:27:00,3392,DL,11433,13303,2,528.23
12170,2024-12-16 12:38:43,2174,DL,10397,15016,1,439.92
12171,2025-07-13 20:41:03,4767,DL,14057,14869,3,961.49
12172,2025-01-30 06:51:23,1638,DL,12266,10397,1,282.57
12173,2025-07-26 07:36:30,1210,DL,15016,11433,3,1783.38
12174,2025-01-14 10:21:34,3152,WN,13303,12478,2,507.66
12175,2025-01-06 17:53:20,4529,DL,12266,10397,2,341.87
12176,2025-02-22 01:50:07,4821,UA,10397,12892,3,639.6
12177,2024-02-17 15:25:54,2707,UA,10397,12892,2,987.49
12178,2025-10-17 13:26:31,4445,DL,11433,13303,3,1438.37
12179,2025-10-22 00:33:43,3237,WN,13303,12478,1,470.33
12180,2024-12-10 01:51:56,4373,DL,10397,15016,4,1422.61
12181,2025-07-21 09:59:53,3454,DL,11433,13303,3,1453.8
12182,2025-06-14 16:54:32,1059,DL,11193,12892,3,474.99
12183,2025-03-14 00:46:01,1208,DL,14869,12478,3,1759.84
12184,2025-08-20 06:22:03,4337,UA,10397,12892,3,807.43
12185,2024-11-22 19:17:35,3579,AA,12892,10397,3,908.52
12186,2024-08-10 17:40:33,2920,DL,10397,15016,4,2304.16
12187,2024-03-31 13:14:19,3228,WN,13303,12478,3,1141.51
12188,2024-10-05 20:23:57,2240,AA,12892,10397,4,1040.83
12189,2025-01-09 14:58:34,1128,DL,14057,14869,1,474.87
12190,2025-08-22 06:48:59,2575,DL,11193,12892,1,450.24
12191,2024-02-03 18:49:48,1707,DL,10397,15016,4,939.77
12192,2024-07-27 08:53:51,1582,DL,12266,10397,2,497.77
12193,2024-10-08 00:04:58,2167,DL,15016,11433,4,1844.68
12194,2024-05-26 11:02:38,1811,AA,12892,10397,4,1622.68
12195,2024-01-07 17:51:19,1072,DL,12266,10397,3,710.66
12196,2024-10-11 15:13:25,4923,DL,14869,12478,1,344.44
12197,2024-04-11 01:02:29,1814,DL,14869,12478,4,1735.78
12198,2025-03-12 18:57:53,4091,DL,14057,14869,1,201.2
12199,2025-03-28 00:43:40,3395,DL,14869,12478,4,2036.0
12200,2024-06-09 18:57:43,1059,WN,13303,12478,4,1200.98
12201,2024-12-13 14:25:21,3036,DL,12266,10397,4,1915.88
12202,2025-10-07 11:15:07,3639,DL,14869,12478,2,1107.14
12203,2025-01-26 00:34:14,2537,DL,11193,12892,3,916.79
12204,2024-09-12 22:24:43,3402,DL,14057,14869,2,476.16
12205,2025-03-23 18:59:00,4198,DL,14057,14869,2,895.48
12206,2025-01-21 01:12:31,3063,DL,14057,14869,4,1312.53
12207,2025-08-22 13:34:01,1488,DL,14057,14869,1,559.85
12208,2024-02-18 19:05:04,4247,DL,11433,13303,4,1047.3
12209,2024-05-25 07:34:57,3288,DL,14869,12478,2,1035.31
12210,2025-03-31 10:05:33,2190,DL,14057,14869,4,1747.25
12211,2024-08-06 22:05:24,3666,DL,15016,11433,3,1748.29
12212,2024-09-11 17:33:27,2622,WN,13303,12478,2,404.12
12213,2024-01-04 11:32:41,3155,AA,12892,10397,2,1147.45
12214,2024-01-24 00:17:05,1053,DL,14869,12478,4,1173.21
12215,2025-09-26 21:50:04,3164,DL,14057,14869,3,926.45
12216,2024-03-10 18:42:42,1627,DL,14057,14869,2,921.93
12217,2025-07-10 22:18:28,1653,DL,11433,13303,4,1874.36
12218,2024-11-23 16:02:20,4950,DL,11193,12892,1,235.76
12219,2025-02-08 23:59:19,3994,AA,12892,10397,3,1494.54
12220,2025-04-24 08:50:20,3426,AA,12892,10397,2,736.71
12221,2024-10-25 19:03:03,4118,DL,14869,12478,1,186.47
12222,2025-09-24 01:16:04,3110,DL,10397,15016,2,1055.87
12223,2024-05-17 10:39:48,4035,DL,11193,12892,2,713.31
12224,2025-09-14 18:55:00,2405,DL,12266,10397,1,543.35
12225,2024-12-21 16:45:19,1800,DL,11433,13303,4,2143.34
12226,2025-02-21 17:10:44,3696,DL,12266,10397,2,881.86
12227,2024-06-05 22:49:43,2971,DL,15016,11433,1,577.07
12228,2025-02-19 02:25:41,1168,UA,10397,12892,2,644.97
12229,2025-10-04 07:15:38,3516,DL,14057,14869,4,1322.6
12230,2025-04-23 04:10:34,4983,WN,13303,12478,2,991.76
12231,2024-11-25 05:10:29,3223,DL,10397,15016,1,428.82
12232,2024-09-14 23:29:57,3171,WN,13303,12478,3,957.27
12233,2024-05-26 23:45:40,3563,DL,11193,12892,4,1095.21
12234,2025-03-27 20:52:58,4706,DL,14057,14869,4,1606.17
12235,2024-04-13 13:48:40,4310,DL,14869,12478,3,1659.78
12236,2025-02-16 09:35:02,3712,DL,10397,15016,1,554.14
12237,2025-04-01 14:54:31,2416,DL,14869,12478,2,717.96
12238,2025-04-02 03:42:40,4578,DL,11433,13303,1,403.51
12239,2025-10-26 08:18:29,1173,DL,11193,12892,2,1051.87
12240,2025-09-29 08:31:48,3496,DL,15016,11433,4,2089.95
12241,2024-08-16 19:23:40,4781,AA,12892,10397,1,171.84
12242,2025-08-31 20:15:08,2309,AA,12892,10397,3,1364.61
12243,2024-05-24 11:32:44,4126,DL,14057,14869,3,1429.92
12244,2024-09-14 19:04:57,2999,AA,12892,10397,2,441.5
12245,2024-11-15 22:29:21,1150,DL,12266,10397,1,253.35
12246,2024-10-08 17:39:21,1114,WN,13303,12478,3,1048.15
12247,2025-02-16 03:06:21,1381,DL,11193,12892,4,1615.8
12248,2025-10-13 12:28:46,4938,DL,11433,13303,3,785.09
12249,2024-02-02 11:56:58,4328,DL,14869,12478,4,2154.5
12250,2025-06-04 17:09:12,1688,WN,13303,12478,3,1361.46
12251,2024-02-11 13:14:49,4833,DL,10397,15016,3,1217.45
12252,2024-09-03 10:47:34,3320,DL,15016,11433,4,1270.65
12253,2024-07-09 08:38:35,3075,DL,11193,12892,2,478.67
12254,2024-01-25 01:32:48,4120,DL,10397,15016,4,621.22
12255,2025-09-17 07:26:03,4408,DL,12266,10397,1,546.06
12256,2024-10-25 15:32:16,2732,AA,12892,10397,2,308.95
12257,2024-10-23 11:33:42,2276,DL,14057,14869,2,839.76
12258,2024-05-17 18:45:49,4983,DL,11433,13303,2,931.53
12259,2025-07-07 13:29:26,2152,AA,12892,10397,4,2187.05
12260,2025-04-08 05:16:02,2642,DL,14869,12478,2,851.9
12261,2025-07-20 05:16:10,1352,UA,10397,12892,1,352.19
12262,2025-05-15 02:53:23,3678,AA,12892,10397,1,370.58
12263,2024-08-06 14:15:25,3960,DL,10397,15016,1,391.11
12264,2025-03-11 08:49:53,2476,AA,12892,10397,1,310.41
12265,2024-01-21 05:29:46,4930,DL,15016,11433,3,515.48
12266,2024-06-03 12:22:25,3621,DL,11433,13303,4,2113.2
12267,2024-01-13 01:00:19,1386,DL,12266,10397,2,839.52
12268,2024-03-28 23:31:42,4934,DL,10397,15016,1,522.74
12269,2025-02-09 23:00:50,3565,DL,11193,12892,3,1066.77
12270,2024-12-07 22:49:06,2646,DL,11433,13303,2,499.61
12271,2024-03-18 12:05:27,4574,DL,11193,12892,2,514.01
12272,2024-03-18 01:12:01,4631,DL,12266,10397,3,1449.46
12273,2024-01-16 11:14:18,3674,DL,15016,11433,4,1422.79
12274,2025-01-10 13:01:53,4979,DL,14057,14869,3,1727.93
12275,2024-06-14 03:13:45,3675,WN,13303,12478,4,1863.47
12276,2024-12-03 12:49:06,3802,AA,12892,10397,1,197.21
12277,2024-06-15 10:17:20,2600,DL,11193,12892,2,1073.62
12278,2024-06-04 06:31:54,3650,DL,14057,14869,1,234.45
12279,2025-05-22 23:48:50,4284,DL,11193,12892,3,1246.17
12280,2024-03-27 19:26:43,3067,AA,12892,10397,4,1981.51
12281,2024-09-15 07:33:34,3826,DL,11193,12892,3,834.98
12282,2024-10-28 15:47:30,4216,DL,12266,10397,4,1446.26
12283,2025-09-29 14:33:25,4443,AA,12892,10397,3,1606.61
12284,2024-02-10 12:24:17,1572,UA,10397,12892,1,288.06
12285,2024-12-30 10:20:43,2140,DL,15016,11433,1,436.31
12286,2024-10-11 23:59:31,2651,AA,12892,10397,1,282.53
12287,2024-06-05 00:56:47,4014,DL,14057,14869,1,330.69
12288,2024-06-23 10:54:29,3543,AA,12892,10397,3,1123.45
12289,2024-03-27 12:14:21,4702,DL,15016,11433,4,2034.57
12290,2024-09-08 00:15:43,1979,DL,15016,11433,3,680.85
12291,2024-09-24 23:56:05,1565,WN,13303,12478,2,559.48
12292,2025-06-19 21:43:07,3621,UA,10397,12892,1,411.67
12293,2025-08-01 03:55:20,3472,DL,10397,15016,2,947.4
12294,2024-02-20 10:27:53,3626,UA,10397,12892,2,470.7
12295,2025-04-08 22:03:13,1184,DL,12266,10397,2,564.12
12296,2025-04-12 18:26:00,2528,UA,10397,12892,2,865.2
12297,2025-07-19 05:24:26,3189,DL,10397,15016,1,321.87
12298,2024-01-12 18:00:30,3973,DL,15016,11433,2,842.8
12299,2025-10-14 08:08:40,3014,DL,12266,10397,1,474.41
12300,2025-01-14 16:06:43,4818,AA,12892,10397,2,846.85
12301,2025-05-29 05:54:45,3024,DL,12266,10397,1,480.09
12302,2024-08-23 09:22:17,4724,DL,12266,10397,2,889.65
12303,2024-10-03 08:34:51,3226,DL,15016,11433,2,824.57
12304,2025-08-26 10:14:02,3052,AA,12892,10397,1,566.04
12305,2024-08-06 16:20:46,2307,DL,15016,11433,2,1150.38
12306,2024-02-02 11:59:30,1166,AA,12892,10397,3,1062.83
12307,2024-04-11 19:50:59,1165,DL,11433,13303,2,1038.04
12308,2025-10-16 00:20:35,4645,WN,13303,12478,1,162.58
12309,2025-05-29 16:17:52,4731,UA,10397,12892,2,591.85
12310,2025-07-02 12:10:30,1905,DL,11193,12892,3,1432.43
12311,2024-06-07 16:58:22,1486,DL,11193,12892,2,765.19
12312,2024-07-25 13:18:41,2677,DL,10397,15016,3,780.35
12313,2024-11-15 22:39:55,1887,DL,11193,12892,1,242.78
12314,2025-03-06 13:49:29,1221,AA,12892,10397,1,202.04
12315,2025-07-24 00:57:07,3898,DL,15016,11433,2,710.97
12316,2025-04-14 10:08:14,3828,DL,11193,12892,2,1082.11
12317,2025-08-18 00:07:49,3609,UA,10397,12892,3,515.21
12318,2025-03-11 10:09:04,2228,DL,11433,13303,2,447.35
12319,2025-05-03 07:28:25,3270,DL,14869,12478,4,922.37
12320,2025-03-24 15:34:18,3164,DL,10397,15016,2,649.48
12321,2024-04-23 14:12:41,1729,AA,12892,10397,1,200.47
12322,2024-10-30 22:55:10,3263,DL,12266,10397,2,517.95
12323,2025-01-23 13:43:52,2636,DL,12266,10397,1,499.14
12324,2024-05-30 13:52:54,2556,DL,11193,12892,2,328.0
12325,2024-10-03 21:55:28,3040,UA,10397,12892,3,1503.3
12326,2024-12-13 13:38:33,1902,DL,11193,12892,4,1111.28
12327,2025-09-10 17:09:47,1376,DL,11433,13303,4,1373.79
12328,2024-07-03 13:32:24,3949,WN,13303,12478,2,985.27
12329,2024-09-18 23:56:38,3903,AA,12892,10397,2,537.99
12330,2025-09-14 20:21:08,3686,AA,12892,10397,4,1833.97
12331,2025-05-25 05:40:02,4065,DL,14869,12478,3,746.61
12332,2025-09-28 08:04:45,2963,DL,11433,13303,3,1124.27
12333,2024-01-07 23:27:48,3238,DL,12266,10397,3,709.44
12334,2025-04-04 21:38:21,3410,DL,11433,13303,1,528.59
12335,2025-04-10 02:54:36,3635,DL,12266,10397,4,2369.89
12336,2025-05-14 04:57:40,1477,WN,13303,12478,3,797.81
12337,2025-03-26 16:02:44,1655,DL,11193,12892,4,1594.35
12338,2024-08-27 23:20:41,1909,AA,12892,10397,4,1298.07
12339,2025-04-01 09:37:30,1598,WN,13303,12478,4,704.83
12340,2024-12-28 09:31:37,1585,DL,12266,10397,4,1569.0
12341,2025-09-11 11:24:30,3443,AA,12892,10397,2,460.46
12342,2024-08-09 18:49:00,3428,DL,14057,14869,1,563.45
12343,2024-11-11 22:08:10,1526,DL,12266,10397,2,723.2
12344,2025-05-17 05:40:18,4223,WN,13303,12478,3,1444.1
12345,2025-03-20 01:04:22,3975,DL,10397,15016,1,296.08
12346,2024-05-03 19:52:52,1628,DL,11193,12892,1,398.82
12347,2024-08-28 05:03:43,4962,DL,11193,12892,3,1055.04
12348,2024-09-18 21:29:37,2225,AA,12892,10397,4,946.93
12349,2024-01-12 22:04:21,3551,DL,11433,13303,2,668.04
12350,2025-06-18 18:36:03,1176,AA,12892,10397,4,1571.62
12351,2025-09-17 23:01:03,2295,DL,11193,12892,4,1017.11
12352,2025-09-18 20:29:57,3243,WN,13303,12478,1,484.36
12353,2024-03-14 07:04:17,4628,WN,13303,12478,3,507.18
12354,2024-05-12 06:23:02,3464,DL,14869,12478,4,2289.51
12355,2025-02-02 13:10:33,4980,DL,14869,12478,4,1400.91
12356,2025-02-22 13:08:48,2583,DL,10397,15016,4,1279.02
12357,2024-06-16 22:10:30,3436,DL,12266,10397,2,547.71
12358,2025-03-20 15:32:16,4083,DL,11433,13303,4,2197.87
12359,2024-01-06 11:28:08,1637,DL,14869,12478,4,1727.67
12360,2024-09-08 13:52:38,1382,DL,12266,10397,4,806.24
12361,2025-01-21 22:22:50,1266,DL,15016,11433,1,195.46
12362,2024-07-07 13:40:04,2580,DL,12266,10397,3,1089.76
12363,2024-09-02 18:30:22,1877,WN,13303,12478,4,705.49
12364,2024-11-29 01:39:11,2863,WN,13303,12478,1,551.58
12365,2024-12-05 22:16:57,2533,DL,11193,12892,3,1754.42
12366,2024-04-26 01:28:05,1646,UA,10397,12892,3,1538.43
12367,2024-09-30 16:36:39,4842,DL,15016,11433,3,915.66
12368,2024-08-04 14:04:09,2446,DL,11193,12892,4,2169.3
12369,2025-08-19 20:59:31,2356,DL,11433,13303,1,483.32
12370,2025-09-26 16:36:17,1360,DL,10397,15016,1,354.89
12371,2024-06-04 11:44:30,1167,DL,10397,15016,1,164.63
12372,2025-03-26 14:20:48,3659,DL,14057,14869,1,586.99
12373,2024-07-18 20:18:38,1101,DL,11193,12892,3,1781.35
12374,2024-09-01 13:24:21,4103,DL,14057,14869,4,2142.53
12375,2024-02-25 11:23:43,2545,DL,10397,15016,3,1026.37
12376,2024-05-02 09:05:25,1747,DL,15016,11433,3,509.29
12377,2025-09-15 23:45:08,2699,DL,15016,11433,1,459.88
12378,2025-04-05 09:24:25,2648,AA,12892,10397,1,511.65
12379,2024-06-09 10:38:47,1558,DL,11433,13303,3,564.59
12380,2025-05-26 02:28:45,3967,UA,10397,12892,1,445.99
12381,2024-08-06 07:44:41,1804,DL,15016,11433,1,335.64
12382,2025-01-20 05:42:03,2994,DL,14057,14869,2,768.37
12383,2025-10-05 22:34:49,3887,DL,11193,12892,4,921.7
12384,2025-08-29 14:38:41,2865,DL,11193,12892,3,755.03
12385,2025-09-30 08:03:28,2174,DL,14869,12478,4,732.17
12386,2024-03-10 00:55:35,4908,DL,12266,10397,1,195.64
12387,2024-07-31 11:02:52,2128,DL,12266,10397,3,505.25
12388,2025-09-08 02:45:46,3835,DL,14057,14869,4,1895.98
12389,2025-02-02 15:57:06,4857,AA,12892,10397,3,826.39
12390,2025-10-13 13:48:28,2321,DL,14057,14869,1,495.85
12391,2025-08-02 01:01:46,2065,DL,11193,12892,4,1427.37
12392,2025-07-09 22:35:04,1722,DL,10397,15016,3,1421.28
12393,2024-03-09 14:07:27,3379,DL,15016,11433,3,1216.28
12394,2025-08-21 12:04:01,3816,DL,11433,13303,2,372.19
12395,2025-02-11 17:59:22,4745,DL,12266,10397,1,176.23
12396,2025-06-05 16:52:24,1933,DL,14869,12478,4,1207.94
12397,2025-09-20 11:33:05,2498,WN,13303,12478,3,1496.19
12398,2025-03-08 23:53:37,1324,UA,10397,12892,1,510.57
12399,2024-11-05 22:37:22,4011,UA,10397,12892,3,1028.05
12400,2025-05-12 06:16:17,3769,DL,11433,13303,4,605.72
12401,2024-09-07 22:01:32,1990,DL,11433,13303,4,1984.52
12402,2025-04-06 04:07:58,4116,DL,14869,12478,3,543.83
12403,2024-09-06 22:32:38,1922,AA,12892,10397,1,513.44
12404,2025-02-22 11:30:18,3607,DL,14869,12478,4,1041.32
12405,2025-08-13 17:44:54,4250,WN,13303,12478,2,748.9
12406,2025-07-19 08:03:06,2867,WN,13303,12478,1,314.58
12407,2024-10-09 08:26:37,2500,UA,10397,12892,1,539.19
12408,2024-04-07 18:57:14,1717,UA,10397,12892,1,317.08
12409,2024-05-14 16:44:51,3030,WN,13303,12478,3,1051.26
12410,2024-03-28 20:32:01,1481,DL,14869,12478,3,644.21
12411,2024-02-02 05:30:54,2674,DL,14869,12478,2,307.14
12412,2025-09-08 18:40:13,2646,AA,12892,10397,4,891.15
12413,2024-05-31 19:55:16,4619,DL,12266,10397,4,1406.06
12414,2024-07-19 15:59:14,4947,UA,10397,12892,2,476.78
12415,2024-06-08 00:11:02,2476,DL,15016,11433,3,1456.46
12416,2025-08-19 14:23:47,4569,DL,14869,12478,4,2141.95
12417,2025-05-21 03:26:23,1902,DL,10397,15016,3,1430.51
12418,2024-08-31 17:38:53,3974,DL,14869,12478,4,1566.89
12419,2024-05-21 05:50:36,4786,DL,10397,15016,1,427.94
12420,2025-05-13 13:36:23,1374,WN,13303,12478,1,533.57
12421,2024-06-24 10:08:57,3508,DL,14057,14869,4,2298.68
12422,2024-07-22 03:14:53,1823,DL,15016,11433,1,320.23
12423,2025-09-30 16:55:44,2211,UA,10397,12892,4,661.32
12424,2024-10-11 02:01:25,1990,DL,15016,11433,1,540.73
12425,2025-08-01 09:34:16,4549,DL,11433,13303,4,2076.69
12426,2025-01-01 19:56:41,3423,WN,13303,12478,4,1026.29
12427,2024-08-29 12:40:47,4510,DL,11193,12892,4,1615.1
12428,2024-10-01 08:16:28,3333,DL,11433,13303,3,705.54
12429,2025-02-21 14:00:09,1996,DL,10397,15016,2,1074.43
12430,2024-06-08 15:03:45,1050,DL,12266,10397,3,1775.88
12431,2024-07-25 00:23:53,4246,DL,15016,11433,2,858.58
12432,2024-09-14 19:10:49,4011,DL,10397,15016,3,1408.82
12433,2024-01-27 06:34:28,1010,AA,12892,10397,2,570.7
12434,2024-01-31 06:32:53,3115,DL,12266,10397,2,783.03
12435,2024-11-17 22:33:23,4150,AA,12892,10397,4,2331.82
12436,2024-10-18 11:12:16,1580,DL,14869,12478,4,1342.0
12437,2025-07-06 08:46:21,1123,WN,13303,12478,4,1574.47
12438,2024-05-23 00:19:15,2975,DL,12266,10397,3,517.46
12439,2025-01-20 17:44:16,1721,DL,15016,11433,3,772.7
12440,2025-07-23 23:44:08,1031,DL,11193,12892,1,265.37
12441,2024-04-21 19:10:42,1156,DL,14057,14869,4,1169.58
12442,2024-02-03 11:11:05,1283,DL,12266,10397,3,946.1
12443,2024-10-28 12:47:49,1637,DL,15016,11433,2,555.79
12444,2024-04-26 00:15:46,3234,DL,11433,13303,1,159.49
12445,2024-11-25 17:01:09,1126,DL,11193,12892,4,2296.62
12446,2024-04-06 19:03:30,3994,DL,11433,13303,1,518.5
12447,2025-01-21 10:36:47,4252,AA,12892,10397,1,557.88
12448,2024-05-28 01:01:46,1949,DL,11433,13303,2,589.87
12449,2025-06-06 23:56:42,1314,DL,15016,11433,1,412.08
12450,2025-10-12 06:34:47,1440,DL,14869,12478,2,301.42
12451,2024-11-03 03:13:30,2238,DL,11193,12892,4,1758.99
12452,2024-02-25 20:21:36,1920,DL,11433,13303,2,696.29
12453,2025-07-12 19:46:02,2266,AA,12892,10397,1,255.21
12454,2025-10-15 13:02:33,1488,AA,12892,10397,1,508.53
12455,2025-01-02 16:04:51,2650,AA,12892,10397,4,2039.64
12456,2024-05-07 17:30:46,3666,DL,14869,12478,4,1961.26
12457,2025-06-04 17:02:42,2680,DL,10397,15016,3,906.52
12458,2024-07-12 02:44:31,1660,DL,15016,11433,1,294.65
12459,2025-10-08 00:57:09,4394,AA,12892,10397,3,883.15
12460,2025-04-04 19:52:40,3883,DL,11433,13303,4,926.11
12461,2025-03-20 20:21:49,3810,DL,11433,13303,1,302.52
12462,2025-02-16 00:03:49,1500,DL,14869,12478,3,1596.64
12463,2024-01-28 05:36:37,1452,DL,11433,13303,3,689.41
12464,2024-10-02 03:47:20,1118,AA,12892,10397,2,331.74
12465,2025-05-30 12:03:07,3957,DL,11193,12892,1,266.95
12466,2025-03-25 12:37:26,2437,DL,15016,11433,4,989.69
12467,2024-10-21 05:48:12,2835,DL,14057,14869,3,634.31
12468,2025-06-10 20:45:33,3054,DL,11433,13303,4,1354.68
12469,2025-09-07 13:17:23,3237,DL,10397,15016,3,1671.36
12470,2025-04-18 06:18:40,1472,DL,14869,12478,3,1752.76
12471,2024-11-24 23:39:00,3655,DL,14057,14869,3,1279.53
12472,2024-07-12 13:06:25,4942,DL,15016,11433,3,1405.99
12473,2024-05-30 08:20:21,1359,DL,14869,12478,2,645.54
12474,2024-11-08 06:03:54,1296,UA,10397,12892,4,707.97
12475,2025-05-22 18:04:56,2068,DL,14057,14869,2,951.36
12476,2024-10-14 14:55:08,3536,DL,14057,14869,3,1374.93
12477,2025-02-19 22:26:17,4636,DL,11433,13303,2,334.25
12478,2025-01-04 04:52:24,1695,WN,13303,12478,3,1708.97
12479,2025-07-03 12:16:45,2182,DL,14869,12478,3,750.73
12480,2025-05-12 09:59:25,3396,DL,10397,15016,4,2204.75
12481,2024-03-24 07:05:45,3954,AA,12892,10397,4,2145.61
12482,2025-05-02 10:51:03,4680,DL,14869,12478,1,202.65
12483,2025-09-26 23:43:11,3262,AA,12892,10397,4,2026.17
12484,2024-02-23 06:13:14,3475,DL,11433,13303,2,458.34
12485,2025-07-10 15:41:26,3812,DL,14869,12478,2,549.5
12486,2025-09-13 00:20:41,3575,DL,15016,11433,4,1880.48
12487,2025-03-28 01:52:18,4107,WN,13303,12478,3,1004.92
12488,2024-08-28 07:29:44,4145,UA,10397,12892,3,1326.0
12489,2024-02-23 12:17:24,2536,DL,14869,12478,1,355.57
12490,2024-02-03 08:06:34,1965,UA,10397,12892,4,1520.94
12491,2025-06-23 17:20:10,3955,DL,11433,13303,4,835.81
12492,2024-07-16 20:10:35,2096,DL,11433,13303,3,933.79
12493,2025-10-13 21:51:21,2445,WN,13303,12478,3,905.47
12494,2024-04-26 14:53:41,2466,DL,15016,11433,4,1022.66
12495,2025-09-07 16:59:16,2938,UA,10397,12892,1,525.94
12496,2024-03-02 17:09:48,1980,WN,13303,12478,4,2093.67
12497,2024-10-04 19:03:46,4642,DL,12266,10397,1,249.66
12498,2024-12-28 09:59:12,4542,DL,14869,12478,4,1250.7
12499,2024-01-05 09:38:45,3120,WN,13303,12478,2,525.46
12500,2025-06-07 02:12:39,1096,DL,11193,12892,4,1669.08
12501,2024-12-02 23:21:30,3606,DL,14869,12478,3,1006.24
12502,2025-09-21 02:44:25,2009,DL,14057,14869,1,373.57
12503,2024-09-09 22:43:39,2353,DL,15016,11433,1,484.01
12504,2024-12-05 09:33:58,4970,DL,15016,11433,3,1066.47
12505,2024-01-28 18:37:50,4094,UA,10397,12892,4,2115.76
12506,2025-07-18 08:09:36,1023,DL,12266,10397,2,999.89
12507,2024-03-24 17:15:47,2116,UA,10397,12892,1,191.91
12508,2025-03-05 15:22:36,1628,DL,11433,13303,1,171.87
12509,2025-07-21 23:45:57,3130,DL,14869,12478,2,991.7
12510,2024-07-05 06:44:24,2061,WN,13303,12478,1,177.31
12511,2024-01-30 10:52:35,3980,AA,12892,10397,4,1523.79
12512,2024-09-14 04:51:20,2673,AA,12892,10397,3,1148.15
12513,2025-07-24 04:27:18,2011,DL,10397,15016,1,308.11
12514,2025-10-24 01:55:27,3974,DL,12266,10397,3,634.33
12515,2024-09-21 12:15:22,1999,DL,14057,14869,1,395.69
12516,2025-04-06 19:16:50,3226,DL,14057,14869,2,820.88
12517,2025-01-08 08:49:45,2954,DL,12266,10397,1,430.14
12518,2024-12-27 12:10:27,4127,DL,11433,13303,4,1616.23
12519,2025-04-16 07:33:04,4024,DL,11433,13303,4,978.89
12520,2024-10-20 02:34:20,1434,DL,14057,14869,4,2188.27
12521,2024-11-24 21:43:30,1004,DL,12266,10397,3,492.22
12522,2025-07-15 07:13:16,2264,UA,10397,12892,2,508.83
12523,2024-10-24 13:55:24,3866,DL,14869,12478,1,399.24
12524,2024-09-30 01:40:51,4031,DL,14869,12478,4,2222.38
12525,2025-01-22 07:16:56,3930,UA,10397,12892,3,476.51
12526,2025-05-06 01:46:38,2859,DL,14869,12478,2,480.24
12527,2025-10-18 20:05:44,4472,DL,10397,15016,1,209.16
12528,2025-03-26 04:24:44,3379,DL,12266,10397,1,514.89
12529,2024-02-15 17:36:53,1453,WN,13303,12478,4,1080.57
12530,2024-04-03 16:51:15,4840,UA,10397,12892,2,627.98
12531,2024-05-04 03:54:45,1680,DL,10397,15016,2,742.06
12532,2024-03-31 01:51:45,1271,DL,11193,12892,1,266.45
12533,2024-07-24 21:00:43,2065,DL,11433,13303,4,1062.01
12534,2024-07-06 08:49:52,4491,DL,10397,15016,2,1039.01
12535,2024-12-01 17:52:32,4388,DL,10397,15016,4,698.28
12536,2025-02-12 20:13:12,1452,AA,12892,10397,2,1115.17
12537,2025-08-30 01:47:37,2397,DL,14869,12478,4,997.71
12538,2025-03-07 15:03:07,4584,DL,12266,10397,4,1335.21
12539,2024-10-19 09:40:11,2504,DL,14869,12478,1,429.03
12540,2025-02-20 20:04:56,2834,AA,12892,10397,1,163.13
12541,2024-09-12 20:51:54,1326,DL,10397,15016,2,442.45
12542,2024-09-04 19:48:13,2838,DL,11433,13303,4,722.26
12543,2025-09-14 04:28:26,3446,DL,10397,15016,2,1046.29
12544,2024-08-23 08:35:18,2837,DL,11433,13303,1,436.86
12545,2024-03-04 23:48:54,2788,UA,10397,12892,2,900.19
12546,2024-03-30 01:39:24,1098,AA,12892,10397,3,1182.56
12547,2024-10-04 06:23:39,1113,DL,14869,12478,3,1692.64
12548,2024-07-15 23:59:06,4748,DL,10397,15016,4,1644.74
12549,2024-12-25 16:22:10,1505,DL,11193,12892,1,466.01
12550,2024-12-22 00:02:47,3613,WN,13303,12478,1,515.95
12551,2024-01-20 23:08:56,4159,DL,11193,12892,1,296.75
12552,2025-01-04 14:50:37,2544,DL,10397,15016,4,1275.63
12553,2025-05-12 01:46:01,4832,WN,13303,12478,4,1853.93
12554,2025-06-23 12:39:54,1768,DL,12266,10397,4,2320.19
12555,2025-01-23 05:14:16,4276,AA,12892,10397,2,629.72
12556,2025-05-13 15:29:39,3718,WN,13303,12478,3,504.41
12557,2025-04-28 13:30:42,1945,AA,12892,10397,1,305.44
12558,2025-09-20 10:01:47,3955,AA,12892,10397,1,154.75
12559,2024-07-26 04:08:05,2781,DL,11193,12892,2,515.42
12560,2024-10-28 15:25:16,1663,DL,11433,13303,3,807.37
12561,2024-03-27 06:43:08,1770,DL,12266,10397,3,1468.45
12562,2025-09-14 08:43:05,1313,UA,10397,12892,2,887.93
12563,2024-01-07 22:57:48,3959,WN,13303,12478,2,950.75
12564,2025-10-03 10:16:25,3206,DL,10397,15016,1,489.88
12565,2025-07-11 12:32:09,2011,WN,13303,12478,1,425.11
12566,2024-12-01 08:21:28,4394,DL,15016,11433,4,1152.06
12567,2024-09-12 00:04:52,2165,DL,11193,12892,2,380.46
12568,2025-10-06 05:51:21,1325,DL,10397,15016,4,812.94
12569,2025-01-11 17:21:11,4632,UA,10397,12892,1,175.33
12570,2024-02-19 23:32:42,3151,DL,14057,14869,4,2314.15
12571,2024-07-01 05:10:20,4357,DL,11193,12892,4,1117.33
12572,2024-10-16 20:13:12,1059,DL,12266,10397,1,342.15
12573,2025-04-15 14:55:39,2809,DL,14869,12478,4,954.99
12574,2024-11-13 01:07:47,3327,UA,10397,12892,2,651.91
12575,2024-09-03 22:01:45,4279,DL,14057,14869,1,445.88
12576,2024-03-12 20:32:54,2809,DL,14869,12478,2,366.33
12577,2024-04-14 16:29:51,4336,UA,10397,12892,3,584.96
12578,2025-02-19 05:37:58,2359,DL,11193,12892,3,1440.84
12579,2024-05-13 00:47:23,1608,DL,15016,11433,2,1093.73
12580,2024-08-31 08:26:27,1019,DL,10397,15016,1,241.18
12581,2024-01-28 19:03:34,2294,DL,11193,12892,4,2126.97
12582,2024-12-11 18:24:59,4036,DL,10397,15016,1,413.73
12583,2025-10-22 23:23:41,1891,DL,14869,12478,4,1173.13
12584,2024-04-13 02:10:15,4076,DL,15016,11433,4,1005.85
12585,2024-01-24 06:13:45,2254,AA,12892,10397,3,819.9
12586,2024-11-16 11:07:53,1143,DL,11433,13303,3,1144.72
12587,2024-08-16 18:42:04,1925,DL,12266,10397,4,675.89
12588,2024-01-02 13:22:00,1793,DL,11193,12892,2,493.35
12589,2025-05-27 13:33:00,3545,DL,11193,12892,3,1388.2
12590,2025-01-25 21:52:00,3623,DL,15016,11433,4,1834.22
12591,2024-09-17 07:13:11,3521,DL,14057,14869,2,575.79
12592,2024-10-06 14:44:00,2743,DL,14869,12478,3,1326.65
12593,2024-10-10 04:08:12,3299,DL,12266,10397,4,1485.68
12594,2024-12-16 13:50:17,2108,DL,11433,13303,4,857.06
12595,2025-08-31 15:49:23,4580,DL,10397,15016,4,811.09
12596,2025-09-17 19:28:19,1140,DL,15016,11433,2,761.64
12597,2024-03-07 10:47:31,3412,DL,14057,14869,4,2222.55
12598,2024-04-11 15:57:09,3011,DL,10397,15016,3,1157.7
12599,2025-01-31 17:10:03,2522,DL,11193,12892,3,797.14
12600,2025-09-11 11:34:10,1017,DL,15016,11433,2,536.43
12601,2024-06-13 08:38:59,3246,DL,12266,10397,2,969.21
12602,2024-01-19 04:29:59,3717,DL,12266,10397,3,922.24
12603,2024-01-12 06:17:19,3641,DL,15016,11433,4,680.04
12604,2024-09-05 12:56:27,3176,DL,15016,11433,1,313.94
12605,2025-01-11 07:27:59,2510,DL,14869,12478,2,968.12
12606,2024-02-09 00:23:21,1102,DL,11433,13303,2,507.03
12607,2024-01-27 00:52:05,1364,DL,15016,11433,2,856.74
12608,2025-05-21 07:49:35,2186,WN,13303,12478,3,1409.79
12609,2024-10-02 12:18:20,4551,DL,11433,13303,1,507.81
12610,2024-03-10 16:45:46,2600,UA,10397,12892,1,357.95
12611,2024-01-18 10:58:21,3425,UA,10397,12892,4,2393.11
12612,2024-08-08 11:11:52,1351,DL,12266,10397,4,993.32
12613,2024-08-11 11:12:08,4789,DL,10397,15016,1,544.07
12614,2024-06-07 08:00:28,2971,WN,13303,12478,1,532.75
12615,2025-07-20 21:27:02,1299,DL,10397,15016,1,508.84
12616,2024-09-18 20:36:12,1656,DL,14057,14869,1,170.77
12617,2024-10-27 00:32:43,3352,AA,12892,10397,4,1714.62
12618,2024-08-22 23:34:58,4023,DL,11193,12892,2,476.61
12619,2024-02-19 17:59:12,3929,DL,14869,12478,4,870.37
12620,2025-10-12 07:06:24,3714,DL,10397,15016,4,2030.49
12621,2025-05-21 09:40:43,1776,UA,10397,12892,3,1123.2
12622,2024-07-23 09:51:10,4275,WN,13303,12478,4,1205.17
12623,2025-04-11 05:24:20,2781,DL,11433,13303,2,821.71
12624,2025-04-26 03:08:14,1485,DL,10397,15016,3,465.34
12625,2024-01-30 03:20:30,4267,UA,10397,12892,1,447.78
12626,2025-07-17 17:23:13,3299,AA,12892,10397,3,1045.79
12627,2024-01-12 14:05:44,4411,AA,12892,10397,4,2377.0
12628,2025-01-07 15:39:24,1716,DL,14869,12478,3,1149.17
12629,2024-03-20 03:08:02,4091,DL,11193,12892,1,340.47
12630,2025-08-25 17:41:53,1005,DL,12266,10397,2,460.33
12631,2024-12-05 11:01:13,2326,DL,14869,12478,1,463.01
12632,2024-08-31 13:41:39,2819,DL,10397,15016,1,507.38
12633,2025-08-27 00:35:35,3084,DL,10397,15016,2,902.94
12634,2024-10-18 21:35:47,3436,DL,11433,13303,1,419.48
12635,2025-03-13 15:19:02,2863,WN,13303,12478,1,197.23
12636,2024-07-09 02:31:40,3969,DL,15016,11433,4,1453.19
12637,2024-02-20 09:41:11,4047,UA,10397,12892,2,402.12
12638,2025-06-05 11:59:01,3830,DL,14057,14869,1,368.38
12639,2024-10-02 09:36:13,1214,DL,14869,12478,4,2106.41
12640,2025-08-10 22:03:11,1571,DL,10397,15016,3,1171.15
12641,2025-05-31 21:46:05,2136,DL,12266,10397,2,546.84
12642,2024-08-15 20:17:11,1584,DL,14869,12478,1,208.47
12643,2025-08-12 11:09:35,3510,DL,12266,10397,3,610.6
12644,2024-02-06 20:07:04,1886,DL,14057,14869,2,412.8
12645,2025-04-03 03:14:38,4022,DL,15016,11433,3,470.15
12646,2025-06-15 23:44:49,2274,DL,12266,10397,4,1799.6
12647,2024-11-06 05:47:49,2875,UA,10397,12892,1,479.32
12648,2025-10-25 23:36:36,3055,WN,13303,12478,2,587.64
12649,2025-02-20 23:22:49,4412,DL,14869,12478,2,425.68
12650,2025-05-31 15:58:52,4159,DL,14869,12478,2,463.55
12651,2024-12-19 21:37:17,2793,DL,15016,11433,4,1369.6
12652,2024-07-22 19:02:08,4119,DL,11433,13303,1,593.0
12653,2024-02-05 17:49:14,4997,DL,14869,12478,1,330.21
12654,2024-11-22 01:40:15,4820,DL,10397,15016,2,1112.98
12655,2025-05-12 14:20:33,2082,DL,15016,11433,1,434.06
12656,2024-08-19 04:33:19,1521,DL,11193,12892,4,1293.28
12657,2025-05-13 21:35:34,2885,DL,10397,15016,1,340.65
12658,2025-02-16 11:13:17,1528,WN,13303,12478,2,801.33
12659,2024-12-08 10:48:33,1522,AA,12892,10397,2,1005.26
12660,2024-05-25 17:49:41,2724,AA,12892,10397,2,1130.94
12661,2024-06-15 21:47:11,3482,UA,10397,12892,3,814.59
12662,2025-01-27 00:13:35,2224,UA,10397,12892,4,1629.06
12663,2024-05-13 22:09:25,2579,AA,12892,10397,1,233.22
12664,2024-07-01 08:15:52,4971,AA,12892,10397,3,1306.9
12665,2024-03-06 06:48:19,4619,DL,14869,12478,4,1941.08
12666,2024-03-11 06:36:25,4021,DL,15016,11433,3,575.42
12667,2025-02-25 09:42:37,3085,DL,15016,11433,2,556.7
12668,2025-09-19 18:00:07,3346,DL,14869,12478,4,1773.23
12669,2024-05-01 01:14:38,3687,DL,15016,11433,1,498.37
12670,2024-11-16 14:41:52,3694,DL,10397,15016,3,1664.19
12671,2024-11-22 10:40:40,3940,DL,14057,14869,3,772.94
12672,2025-03-24 18:10:27,2536,AA,12892,10397,2,799.77
12673,2025-10-30 00:54:25,4156,DL,14057,14869,1,359.57
12674,2024-03-09 19:35:43,3010,UA,10397,12892,2,950.98
12675,2025-06-10 00:10:24,1620,DL,10397,15016,2,1101.48
12676,2025-02-10 19:28:26,2135,WN,13303,12478,4,2202.77
12677,2024-02-16 17:18:56,3781,WN,13303,12478,2,871.69
12678,2024-11-04 15:45:57,1382,DL,14869,12478,4,1176.44
12679,2025-01-29 11:37:53,4246,DL,11193,12892,4,1783.3
12680,2025-05-13 08:29:00,2525,UA,10397,12892,2,808.93
12681,2024-12-05 22:23:26,4577,DL,14057,14869,4,1311.54
12682,2025-05-13 08:35:46,4976,UA,10397,12892,2,586.43
12683,2024-12-21 11:24:46,2297,DL,11193,12892,2,446.6
12684,2024-08-01 07:05:11,4820,DL,14057,14869,2,1117.62
12685,2025-05-31 11:42:46,2211,DL,11433,13303,1,297.73
12686,2024-08-31 00:26:58,4614,DL,10397,15016,3,795.69
12687,2025-01-24 19:23:39,2311,DL,10397,15016,3,769.16
12688,2024-09-09 23:52:12,4757,WN,13303,12478,2,331.47
12689,2025-03-27 21:35:20,3557,DL,11193,12892,3,1736.57
12690,2024-11-04 08:35:44,2625,DL,14057,14869,3,881.21
12691,2025-03-26 12:46:46,2635,AA,12892,10397,1,507.69
12692,2025-07-23 08:44:43,4160,DL,11193,12892,1,178.33
12693,2024-07-31 00:45:00,1332,UA,10397,12892,3,1130.91
12694,2024-12-28 10:03:33,1768,DL,11193,12892,1,460.27
12695,2024-07-09 05:59:20,2349,WN,13303,12478,3,951.61
12696,2024-12-16 17:57:53,4241,DL,15016,11433,3,1322.56
12697,2025-07-06 23:23:33,4446,DL,15016,11433,4,844.6
12698,2025-07-20 06:55:38,3063,DL,12266,10397,1,309.79
12699,2025-10-19 11:38:44,1052,UA,10397,12892,4,834.89
12700,2025-03-04 13:29:18,4993,DL,10397,15016,2,829.91
12701,2025-10-24 05:00:55,2534,DL,12266,10397,4,2141.88
12702,2024-10-01 13:12:52,1872,DL,11433,13303,2,339.96
12703,2024-08-17 17:54:16,4506,DL,14057,14869,2,771.37
12704,2024-08-14 14:30:49,1135,DL,15016,11433,1,164.73
12705,2025-07-23 16:04:52,2638,DL,11193,12892,4,1619.21
12706,2025-07-28 03:31:37,2660,AA,12892,10397,1,367.84
12707,2025-02-22 03:42:00,2519,DL,12266,10397,4,2033.03
12708,2025-10-15 17:17:35,4021,UA,10397,12892,4,1539.58
12709,2024-08-08 16:12:36,1642,DL,14869,12478,1,355.18
12710,2024-07-06 13:11:43,3116,AA,12892,10397,1,375.73
12711,2024-10-08 04:09:50,4166,DL,14869,12478,1,438.99
12712,2024-04-09 02:50:23,3467,AA,12892,10397,2,954.41
12713,2025-02-20 05:34:43,1478,DL,11433,13303,4,2180.05
12714,2024-07-17 04:34:53,3237,AA,12892,10397,3,1462.39
12715,2025-07-03 07:03:15,2266,WN,13303,12478,4,1483.44
12716,2025-08-02 05:56:36,3086,DL,11193,12892,2,619.77
12717,2025-01-28 03:44:50,4326,DL,10397,15016,3,906.43
12718,2025-03-16 12:39:00,3903,UA,10397,12892,3,951.4
12719,2025-07-25 18:21:02,4397,DL,11433,13303,3,1138.7
12720,2025-04-23 20:49:15,3389,DL,15016,11433,3,1388.93
12721,2024-08-17 08:39:50,4415,DL,11193,12892,2,526.48
12722,2024-08-01 01:19:47,2306,DL,14057,14869,3,584.49
12723,2025-05-26 20:12:47,4248,DL,10397,15016,2,699.92
12724,2025-10-14 01:54:52,4118,WN,13303,12478,2,883.95
12725,2024-02-11 14:05:56,3571,UA,10397,12892,3,567.29
12726,2025-10-21 09:37:30,1428,AA,12892,10397,4,849.26
12727,2025-10-14 13:13:25,4820,AA,12892,10397,3,1497.05
12728,2024-09-27 07:36:36,2025,DL,12266,10397,1,485.99
12729,2025-03-05 21:10:39,3715,DL,11193,12892,1,171.44
12730,2024-06-07 14:57:34,4757,DL,11193,12892,1,306.32
12731,2025-01-22 19:32:31,4653,UA,10397,12892,1,176.34
12732,2025-07-23 10:39:12,3774,DL,11193,12892,1,234.21
12733,2025-07-26 15:27:54,2010,UA,10397,12892,1,150.53
12734,2024-04-24 19:04:01,3053,DL,15016,11433,4,1679.68
12735,2024-02-28 12:10:25,4458,DL,14869,12478,4,1887.84
12736,2025-02-08 02:27:53,4587,DL,14869,12478,2,740.84
12737,2025-10-26 18:42:07,4624,DL,15016,11433,2,603.18
12738,2025-01-21 15:26:18,2336,WN,13303,12478,3,1121.22
12739,2024-11-21 23:44:55,4221,DL,11193,12892,3,1264.54
12740,2024-11-29 19:43:25,3920,DL,10397,15016,1,231.62
12741,2025-08-07 00:59:10,4850,AA,12892,10397,3,1500.44
12742,2024-11-30 09:23:03,4231,DL,11193,12892,4,1352.3
12743,2024-12-18 15:19:42,1673,UA,10397,12892,1,586.76
12744,2025-07-26 17:00:39,3780,AA,12892,10397,3,1411.61
12745,2025-01-04 07:55:13,4617,DL,14869,12478,4,775.64
12746,2024-02-22 12:15:41,4691,DL,14869,12478,2,371.83
12747,2024-09-12 09:00:23,1037,UA,10397,12892,1,467.56
12748,2024-09-20 13:28:35,4248,DL,14057,14869,4,2181.63
12749,2025-09-17 06:48:02,2575,DL,11433,13303,4,710.95
12750,2024-10-31 17:37:29,3537,DL,11193,12892,4,1952.53
12751,2024-05-05 22:41:15,3338,DL,14869,12478,2,673.08
12752,2024-06-16 06:04:21,3154,DL,12266,10397,4,2333.65
12753,2025-04-21 05:00:21,3622,DL,10397,15016,2,347.26
12754,2024-06-17 23:02:54,4736,DL,14869,12478,4,2185.62
12755,2025-10-06 00:26:42,2476,DL,14057,14869,1,369.42
12756,2024-04-28 05:37:31,1579,DL,14869,12478,4,2212.89
12757,2025-09-11 11:47:29,4764,UA,10397,12892,2,1053.46
12758,2024-01-17 21:36:00,2776,UA,10397,12892,1,536.64
12759,2025-08-16 02:29:26,1335,DL,14869,12478,2,612.8
12760,2024-12-27 10:52:42,2205,WN,13303,12478,3,1249.78
12761,2024-03-23 09:52:00,1409,DL,14869,12478,4,2295.23
12762,2024-01-19 14:55:49,1313,DL,15016,11433,3,1159.44
12763,2024-11-11 04:10:21,2196,DL,14057,14869,4,2281.36
12764,2024-09-21 09:44:44,1120,WN,13303,12478,2,888.48
12765,2025-10-05 06:53:49,3064,DL,11433,13303,2,708.8
12766,2024-05-14 22:07:28,4622,DL,14057,14869,2,628.89
12767,2024-10-29 04:28:04,1263,DL,14057,14869,3,708.34
12768,2025-02-15 23:53:59,3033,DL,12266,10397,4,1667.4
12769,2025-10-18 06:01:31,1244,DL,14057,14869,3,604.53
12770,2024-05-17 02:58:04,3166,DL,12266,10397,4,656.72
12771,2025-06-26 22:47:28,3102,DL,15016,11433,4,2199.43
12772,2025-04-04 03:09:20,1274,WN,13303,12478,2,530.68
12773,2024-11-15 07:04:12,1194,DL,11193,12892,3,1250.19
12774,2024-11-20 13:07:03,1901,DL,15016,11433,3,688.86
12775,2025-05-31 10:09:04,3043,DL,14869,12478,3,1034.99
12776,2024-07-18 13:53:09,4322,UA,10397,12892,1,484.04
12777,2024-06-16 09:41:01,1721,DL,11193,12892,1,279.69
12778,2025-03-05 05:05:24,3691,UA,10397,12892,4,1653.67
12779,2024-03-17 09:31:45,3620,DL,10397,15016,3,1498.83
12780,2025-10-28 08:57:51,1019,UA,10397,12892,3,501.5
12781,2024-12-11 13:49:47,2846,AA,12892,10397,1,426.13
12782,2024-09-25 22:21:29,1264,DL,14057,14869,3,832.1
12783,2024-10-05 06:38:54,4390,DL,15016,11433,1,161.12
12784,2024-02-04 15:19:04,3033,DL,11193,12892,3,774.81
12785,2024-12-31 10:54:18,3260,WN,13303,12478,4,1041.11
12786,2025-10-27 09:13:34,3019,DL,11433,13303,1,589.63
12787,2024-03-16 16:53:08,2208,DL,15016,11433,3,1798.58
12788,2024-01-13 05:24:43,4469,DL,11433,13303,4,724.11
12789,2024-10-23 16:33:56,1622,DL,10397,15016,4,1122.11
12790,2024-06-11 19:37:03,2604,DL,11433,13303,4,1948.69
12791,2024-12-03 22:25:28,1554,DL,10397,15016,4,937.18
12792,2024-07-21 10:48:37,3836,WN,13303,12478,4,1051.23
12793,2025-03-31 05:27:27,3794,AA,12892,10397,3,1190.07
12794,2025-06-03 01:56:10,1881,DL,15016,11433,3,606.74
12795,2024-12-31 07:10:43,4741,DL,14869,12478,3,1528.07
12796,2025-07-29 09:15:16,2687,DL,14869,12478,1,478.51
12797,2024-07-28 04:10:24,1538,DL,14057,14869,4,990.63
12798,2025-05-19 11:31:34,4047,DL,12266,10397,4,1332.82
12799,2024-04-30 14:08:35,4678,WN,13303,12478,2,333.01
12800,2024-01-11 02:10:38,1790,DL,12266,10397,4,1198.32
12801,2025-10-08 12:45:28,4525,AA,12892,10397,4,2329.74
12802,2024-05-01 00:56:45,1221,DL,15016,11433,4,1520.7
12803,2025-04-28 20:44:34,1299,DL,14869,12478,2,947.19
12804,2024-03-26 12:01:45,1287,DL,12266,10397,3,646.23
12805,2024-04-27 10:26:02,2134,DL,12266,10397,1,326.09
12806,2024-07-20 04:58:59,3154,DL,14869,12478,3,695.53
12807,2025-06-29 19:54:58,4286,DL,15016,11433,4,764.86
12808,2024-12-13 05:18:50,1459,DL,12266,10397,2,711.2
12809,2024-11-04 06:38:19,3780,DL,14057,14869,1,459.35
12810,2024-11-17 03:01:10,4345,DL,10397,15016,3,1214.76
12811,2025-03-29 03:13:23,4362,AA,12892,10397,2,657.86
12812,2024-06-18 20:51:37,4109,WN,13303,12478,1,275.27
12813,2025-09-03 16:05:03,1331,AA,12892,10397,1,240.56
12814,2025-10-24 03:58:58,3438,DL,14057,14869,3,494.67
12815,2025-04-03 18:41:58,4498,DL,15016,11433,3,1787.39
12816,2025-08-06 08:42:57,3115,DL,11193,12892,3,1248.26
12817,2024-10-06 07:56:34,4708,DL,14057,14869,2,1082.91
12818,2025-07-11 23:14:01,4134,DL,12266,10397,2,861.83
12819,2024-08-04 11:30:07,4368,DL,10397,15016,2,687.2
12820,2024-07-17 19:50:09,1336,DL,14057,14869,4,1222.02
12821,2024-08-27 06:44:07,1468,DL,14869,12478,2,348.42
12822,2025-03-10 12:45:27,1980,AA,12892,10397,2,318.19
12823,2025-01-20 23:32:52,3727,AA,12892,10397,1,271.1
12824,2024-06-06 09:55:24,3725,AA,12892,10397,4,872.04
12825,2024-10-09 02:49:30,2462,AA,12892,10397,3,1463.78
12826,2025-06-20 01:19:21,4436,WN,13303,12478,3,1577.29
12827,2025-05-19 04:48:06,4522,UA,10397,12892,3,753.09
12828,2025-07-22 02:35:30,2412,WN,13303,12478,3,660.65
12829,2024-11-18 04:29:50,4934,UA,10397,12892,2,1163.66
12830,2024-11-19 07:52:52,4382,DL,11433,13303,2,388.58
12831,2025-03-12 23:13:47,3515,DL,15016,11433,2,1103.66
12832,2024-08-29 07:44:32,3381,DL,11433,13303,2,393.22
12833,2024-04-13 23:52:04,4519,AA,12892,10397,2,458.98
12834,2025-10-20 02:51:24,3170,UA,10397,12892,2,760.9
12835,2025-09-04 10:53:57,4642,DL,14869,12478,3,950.23
12836,2025-06-12 12:22:42,2349,WN,13303,12478,4,1638.45
12837,2024-08-22 12:35:53,3677,DL,15016,11433,4,1731.54
12838,2024-07-14 16:02:28,1502,DL,14869,12478,1,282.11
12839,2024-01-09 15:09:06,3134,WN,13303,12478,2,802.87
12840,2025-02-28 07:05:38,4808,DL,14057,14869,2,904.35
12841,2024-02-05 07:02:21,4350,DL,11433,13303,1,541.53
12842,2024-12-22 08:16:30,1286,DL,15016,11433,1,322.33
12843,2024-03-13 08:46:00,4740,AA,12892,10397,1,347.66
12844,2024-04-02 16:00:39,3086,DL,12266,10397,4,2303.82
12845,2024-02-10 05:06:19,1792,DL,11433,13303,2,747.07
12846,2024-04-18 20:59:27,2624,AA,12892,10397,3,696.83
12847,2025-01-25 04:17:41,2056,AA,12892,10397,4,1327.66
12848,2024-04-27 23:08:57,2611,DL,12266,10397,2,824.61
12849,2024-11-09 18:48:34,1752,DL,14869,12478,1,363.85
12850,2025-08-21 12:41:51,3696,DL,12266,10397,2,441.1
12851,2025-07-01 14:08:24,3892,WN,13303,12478,3,1112.11
12852,2024-02-21 21:29:51,4746,UA,10397,12892,1,434.21
12853,2024-12-28 23:17:49,1490,DL,14057,14869,3,685.67
12854,2025-10-17 06:47:17,2511,DL,14057,14869,4,2269.41
12855,2025-09-06 22:04:05,2254,DL,14057,14869,2,946.5
12856,2025-04-26 11:38:14,1365,DL,10397,15016,2,313.24
12857,2025-02-23 07:35:15,4148,DL,12266,10397,1,316.94
12858,2025-10-17 05:33:19,4391,DL,14057,14869,1,184.97
12859,2024-04-11 19:24:37,2757,DL,14057,14869,3,1094.05
12860,2024-11-03 06:13:59,3177,AA,12892,10397,4,2244.58
12861,2024-02-21 03:16:53,1359,WN,13303,12478,1,174.4
12862,2024-01-23 07:09:34,1268,DL,14057,14869,1,209.43
12863,2025-08-30 22:17:10,3984,DL,15016,11433,3,1443.59
12864,2025-06-26 17:37:04,1645,DL,14057,14869,2,953.71
12865,2024-09-10 12:17:18,1528,DL,12266,10397,1,426.99
12866,2025-03-12 17:20:45,1640,DL,11433,13303,1,477.58
12867,2024-05-23 11:19:00,2164,UA,10397,12892,3,1470.55
12868,2025-07-06 23:06:59,3813,AA,12892,10397,3,586.09
12869,2025-04-06 07:38:29,3047,DL,14057,14869,3,644.97
12870,2025-05-12 11:23:25,3529,DL,14057,14869,1,433.67
12871,2024-04-25 09:58:41,2208,DL,14869,12478,2,669.98
12872,2024-01-18 16:57:45,4654,DL,11193,12892,1,427.66
12873,2024-06-21 06:50:27,3264,DL,12266,10397,3,1271.66
12874,2025-08-26 16:28:29,4174,WN,13303,12478,1,201.34
12875,2024-08-05 05:27:02,2078,WN,13303,12478,2,800.45
12876,2025-01-31 18:31:18,4492,AA,12892,10397,4,1239.03
12877,2024-11-19 08:51:19,2327,WN,13303,12478,3,1169.64
12878,2024-01-22 22:56:12,1070,DL,10397,15016,2,706.4
12879,2025-02-14 02:04:23,3647,DL,10397,15016,1,588.71
12880,2024-12-15 12:56:41,3459,DL,12266,10397,3,1074.8
12881,2024-11-08 15:09:47,4348,DL,11433,13303,4,2077.3
12882,2024-03-18 04:51:27,1306,DL,11193,12892,4,1516.37
12883,2024-08-02 06:56:36,3502,DL,11433,13303,2,553.0
12884,2025-05-15 15:35:21,2922,DL,10397,15016,4,2177.59
12885,2024-03-01 08:27:27,4224,DL,14869,12478,3,935.33
12886,2024-12-27 23:02:07,2240,DL,11433,13303,4,997.28
12887,2024-07-03 05:44:24,2318,UA,10397,12892,3,1272.96
12888,2024-10-19 04:07:09,1281,DL,15016,11433,3,936.12
12889,2024-03-08 05:25:34,3660,DL,11433,13303,3,473.34
12890,2025-07-26 12:57:40,4208,DL,15016,11433,4,2290.77
12891,2024-11-10 20:55:02,3775,DL,11193,12892,1,153.0
12892,2024-11-15 17:40:14,4473,AA,12892,10397,2,1138.51
12893,2025-01-31 10:20:16,2391,DL,14869,12478,1,362.66
12894,2024-04-03 19:04:10,2616,WN,13303,12478,2,976.5
12895,2024-09-24 05:23:57,4787,DL,15016,11433,2,391.23
12896,2024-12-21 03:54:00,4273,WN,13303,12478,4,1755.93
12897,2025-02-06 09:30:58,3619,DL,10397,15016,4,852.88
12898,2025-05-31 04:21:41,1011,WN,13303,12478,3,1762.86
12899,2024-11-30 09:04:52,3895,DL,12266,10397,2,640.62
12900,2025-05-31 01:20:24,1836,DL,10397,15016,3,1432.72
12901,2025-02-23 07:48:14,4362,WN,13303,12478,4,1393.16
12902,2025-05-13 02:38:11,1027,DL,15016,11433,1,398.99
12903,2024-03-30 10:11:42,3357,DL,11193,12892,2,355.64
12904,2024-08-15 16:05:57,4365,WN,13303,12478,3,702.33
12905,2024-09-30 02:28:10,2589,DL,12266,10397,1,582.26
12906,2024-07-06 11:12:42,1083,DL,12266,10397,1,154.51
12907,2024-05-12 14:21:13,4708,UA,10397,12892,4,1866.43
12908,2024-08-02 21:37:55,4255,DL,11193,12892,1,484.74
12909,2025-10-08 14:24:35,1235,DL,12266,10397,1,288.92
12910,2024-08-01 03:46:56,3932,DL,11433,13303,2,591.74
12911,2025-10-07 17:31:16,2741,DL,11193,12892,4,1528.14
12912,2024-06-28 01:22:24,1595,DL,14869,12478,1,391.94
12913,2024-02-11 10:17:17,3943,WN,13303,12478,2,874.08
12914,2024-05-10 02:30:41,1574,DL,11433,13303,3,1015.95
12915,2025-01-05 16:28:46,2040,DL,10397,15016,4,755.9
12916,2024-07-11 10:10:49,3573,DL,14869,12478,2,931.0
12917,2025-01-12 12:31:38,2044,AA,12892,10397,4,641.04
12918,2024-09-08 16:42:21,1689,DL,11433,13303,3,779.98
12919,2025-03-23 19:10:59,3067,AA,12892,10397,1,482.36
12920,2025-01-05 12:10:21,1379,DL,11193,12892,3,608.14
12921,2024-11-21 16:44:57,1567,UA,10397,12892,1,566.71
12922,2025-05-16 06:47:45,1965,DL,11193,12892,3,1709.66
12923,2025-03-07 18:29:08,2461,DL,11433,13303,2,1019.06
12924,2025-08-30 14:26:40,2356,AA,12892,10397,3,618.42
12925,2025-09-17 17:43:34,1654,UA,10397,12892,1,515.27
12926,2025-10-29 20:26:49,2032,DL,11193,12892,1,498.43
12927,2024-09-14 19:26:54,1946,AA,12892,10397,4,2355.02
12928,2025-05-17 22:17:22,3859,DL,14869,12478,4,1065.51
12929,2025-05-01 20:56:15,1222,WN,13303,12478,4,2245.74
12930,2024-06-17 11:43:02,3914,DL,12266,10397,1,183.11
12931,2024-01-10 17:23:30,3337,DL,10397,15016,2,1029.11
12932,2025-04-17 18:02:09,3809,DL,14869,12478,1,541.34
12933,2024-02-17 19:51:23,2570,DL,11433,13303,2,707.48
12934,2024-11-12 20:24:38,4782,DL,15016,11433,3,669.32
12935,2025-09-24 10:55:56,4727,DL,10397,15016,4,1938.15
12936,2024-05-10 18:17:01,4602,DL,14869,12478,1,276.68
12937,2024-12-12 12:48:30,3782,UA,10397,12892,4,1051.28
12938,2024-03-12 10:51:25,4719,DL,15016,11433,4,2326.64
12939,2024-10-06 02:37:28,2920,DL,14869,12478,3,1482.7
12940,2025-10-15 01:42:57,3571,UA,10397,12892,1,569.36
12941,2024-10-17 15:00:00,3328,WN,13303,12478,3,702.97
12942,2025-02-21 07:17:21,1710,UA,10397,12892,3,516.44
12943,2025-06-14 14:27:09,1204,DL,11193,12892,4,1169.83
12944,2024-03-20 20:33:33,1639,UA,10397,12892,4,1269.93
12945,2025-07-06 09:00:01,1319,DL,11193,12892,1,368.63
12946,2024-03-22 05:11:39,3162,UA,10397,12892,4,1274.85
12947,2025-01-27 16:07:46,3074,DL,12266,10397,2,857.08
12948,2025-01-02 23:41:53,4655,DL,14057,14869,2,838.23
12949,2024-07-17 00:37:46,1231,DL,11433,13303,3,1717.09
12950,2025-08-21 01:47:12,4904,AA,12892,10397,4,1661.77
12951,2024-03-03 00:13:43,1192,WN,13303,12478,3,1149.88
12952,2024-12-01 00:13:17,4465,DL,14057,14869,1,155.91
12953,2025-05-28 22:39:47,3204,DL,12266,10397,1,370.2
12954,2024-01-09 18:13:42,2992,DL,10397,15016,3,588.27
12955,2024-08-10 22:19:30,1066,AA,12892,10397,2,878.52
12956,2025-01-26 20:17:43,1157,DL,11193,12892,3,1485.11
12957,2024-07-08 21:34:27,1096,DL,14869,12478,2,1176.83
12958,2024-01-12 13:25:14,1514,DL,10397,15016,2,1053.15
12959,2024-10-12 16:32:26,2691,DL,14057,14869,1,456.54
12960,2025-01-27 12:15:07,3448,UA,10397,12892,4,2037.38
12961,2024-01-17 17:08:07,2369,DL,14869,12478,4,1832.46
12962,2025-07-25 14:57:31,2801,DL,11193,12892,1,455.46
12963,2024-05-30 14:32:22,2384,DL,10397,15016,2,987.67
12964,2025-07-09 07:31:39,3526,DL,15016,11433,1,178.04
12965,2024-05-26 05:56:47,1858,UA,10397,12892,3,1782.47
12966,2025-10-26 20:57:46,4509,DL,10397,15016,1,494.65
12967,2025-10-24 12:54:07,3518,AA,12892,10397,1,517.89
12968,2024-03-12 01:25:41,1836,DL,10397,15016,1,428.08
12969,2025-03-01 05:34:43,4483,AA,12892,10397,2,661.2
12970,2025-02-22 19:46:11,4644,DL,11193,12892,4,1078.58
12971,2025-07-08 23:28:53,2901,DL,11433,13303,4,2046.62
12972,2024-06-29 19:01:20,1250,DL,11433,13303,4,1800.11
12973,2024-12-06 00:21:45,2298,DL,12266,10397,2,355.88
12974,2024-06-04 13:10:26,1709,DL,11193,12892,3,1385.74
12975,2025-04-25 16:27:52,3001,DL,15016,11433,1,335.96
12976,2024-08-05 23:12:36,4233,DL,14057,14869,3,1094.08
12977,2025-07-01 23:27:40,3088,DL,15016,11433,2,454.14
12978,2024-04-22 15:47:36,2678,DL,12266,10397,4,1832.21
12979,2024-11-11 21:58:13,3589,DL,14057,14869,2,807.16
12980,2024-07-01 08:27:12,2560,DL,15016,11433,1,458.39
12981,2024-10-19 16:20:35,2765,WN,13303,12478,1,469.99
12982,2024-04-08 06:40:03,2307,DL,10397,15016,2,621.14
12983,2025-06-16 03:04:17,1159,UA,10397,12892,2,431.06
12984,2025-03-12 21:25:16,3906,DL,11193,12892,1,227.85
12985,2024-09-05 07:55:37,4967,DL,11433,13303,2,408.18
12986,2024-02-25 01:07:52,1300,DL,11193,12892,3,944.32
12987,2025-10-03 03:59:39,2512,DL,11433,13303,3,898.79
12988,2024-03-23 15:49:48,1513,DL,14869,12478,3,884.08
12989,2024-12-30 06:16:31,2120,DL,10397,15016,4,1797.94
12990,2024-03-18 15:38:43,1329,DL,12266,10397,1,310.21
12991,2024-02-15 14:49:35,2600,DL,11193,12892,2,919.98
12992,2024-05-22 20:21:55,1536,DL,12266,10397,2,1139.67
12993,2024-01-18 15:07:26,4857,WN,13303,12478,4,1503.94
12994,2024-12-31 22:32:29,2502,DL,12266,10397,1,383.21
12995,2025-01-07 18:18:31,3835,DL,11193,12892,3,578.29
12996,2024-08-02 16:28:31,3248,DL,12266,10397,2,424.61
12997,2025-03-19 09:55:34,4359,DL,15016,11433,2,847.48
12998,2025-06-08 11:27:02,1394,DL,14869,12478,1,316.83
12999,2024-09-17 00:43:53,2339,WN,13303,12478,2,594.39
13000,2024-12-19 10:14:32,1990,AA,12892,10397,1,390.76
13001,2024-09-24 19:50:13,1018,DL,11193,12892,1,415.1
13002,2025-04-14 06:35:34,3435,DL,14057,14869,3,1196.12
13003,2025-05-31 09:31:47,1928,UA,10397,12892,2,980.36
13004,2025-05-30 04:11:37,1928,DL,10397,15016,4,1003.14
13005,2024-03-08 06:18:12,3775,DL,11193,12892,4,1617.86
13006,2025-09-30 07:14:04,3238,DL,10397,15016,3,1055.11
13007,2024-02-07 13:25:30,3317,WN,13303,12478,3,1119.29
13008,2025-06-05 16:15:43,2004,DL,12266,10397,1,466.15
13009,2024-10-02 04:14:58,3420,DL,14869,12478,2,658.15
13010,2024-03-02 10:05:00,2208,DL,14057,14869,1,322.82
13011,2024-03-20 06:38:53,3359,DL,15016,11433,1,277.84
13012,2024-08-29 22:00:33,2549,DL,10397,15016,4,2128.55
13013,2025-04-18 00:17:56,4236,DL,12266,10397,3,1410.73
13014,2025-02-10 01:35:41,1249,WN,13303,12478,2,1167.83
13015,2025-04-20 07:22:21,4476,WN,13303,12478,1,402.22
13016,2025-10-06 13:35:35,4276,DL,14057,14869,1,202.94
13017,2024-04-02 13:12:32,2653,DL,14057,14869,1,472.82
13018,2024-07-22 02:25:49,4788,DL,15016,11433,3,1219.32
13019,2024-04-27 09:21:13,3158,DL,12266,10397,3,892.66
13020,2025-05-24 07:14:46,2008,DL,14869,12478,1,441.68
13021,2024-04-16 17:18:44,2336,WN,13303,12478,2,352.55
13022,2024-05-29 00:25:50,3995,WN,13303,12478,1,158.51
13023,2024-07-04 22:00:57,4096,DL,12266,10397,3,1591.96
13024,2024-01-25 21:22:44,3349,DL,14057,14869,2,863.44
13025,2025-04-04 15:09:05,2537,DL,11193,12892,2,477.16
13026,2024-09-10 01:27:40,3736,DL,10397,15016,4,1190.76
13027,2024-06-03 10:33:10,3125,DL,14869,12478,1,288.28
13028,2024-05-28 08:14:41,2378,DL,11193,12892,4,1035.8
13029,2024-11-28 14:07:42,3351,AA,12892,10397,3,1382.33
13030,2025-10-10 19:11:16,3663,DL,14869,12478,2,805.99
13031,2024-02-05 10:50:30,4746,DL,11433,13303,4,1460.31
13032,2025-05-03 00:54:30,1904,DL,15016,11433,3,1547.42
13033,2024-07-09 05:05:44,4575,DL,14057,14869,4,1072.6
13034,2025-02-16 00:35:24,2389,WN,13303,12478,2,1002.57
13035,2025-07-03 15:58:47,3256,DL,11433,13303,4,1723.59
13036,2025-10-09 06:49:16,4079,UA,10397,12892,3,1727.8
13037,2024-02-04 15:19:02,2062,WN,13303,12478,4,1704.95
13038,2025-05-30 06:37:56,1565,AA,12892,10397,3,710.07
13039,2025-05-20 08:55:17,4407,DL,14057,14869,2,1023.4
13040,2025-09-14 02:09:58,4117,UA,10397,12892,3,1708.16
13041,2024-03-09 16:51:36,2088,DL,14057,14869,3,1067.5
13042,2024-11-22 02:02:16,1425,DL,12266,10397,2,917.52
13043,2024-11-02 20:17:59,2917,DL,12266,10397,2,915.7
13044,2024-11-23 17:22:06,1243,DL,12266,10397,2,1168.25
13045,2024-01-26 13:46:20,3297,DL,14057,14869,1,547.55
13046,2025-08-10 05:29:01,2182,AA,12892,10397,3,1301.58
13047,2024-04-23 15:17:06,1680,DL,11193,12892,1,243.88
13048,2025-02-04 02:14:55,1134,AA,12892,10397,3,1563.18
13049,2024-01-29 16:20:58,4543,DL,12266,10397,4,2118.26
13050,2025-09-28 13:44:39,4295,DL,14057,14869,1,402.78
13051,2024-12-17 19:10:28,4376,DL,14057,14869,1,264.51
13052,2025-05-12 04:12:45,3338,DL,14057,14869,2,386.21
13053,2024-05-17 12:01:25,4074,DL,10397,15016,4,936.58
13054,2024-10-27 17:17:58,2938,WN,13303,12478,2,952.98
13055,2025-08-12 09:59:00,3881,DL,10397,15016,1,190.87
13056,2024-10-03 12:18:51,3829,UA,10397,12892,2,418.31
13057,2025-07-24 17:01:18,3153,UA,10397,12892,3,714.41
13058,2024-01-14 01:19:07,4359,AA,12892,10397,1,268.43
13059,2024-09-06 00:35:42,4298,UA,10397,12892,3,1111.46
13060,2024-07-15 14:54:31,4529,DL,11433,13303,1,566.99
13061,2025-07-20 04:13:53,3173,DL,11193,12892,1,315.11
13062,2025-01-06 09:56:32,3334,UA,10397,12892,4,1637.32
13063,2024-06-28 13:01:01,1955,DL,14057,14869,3,532.47
13064,2024-03-15 09:32:29,3919,DL,12266,10397,1,205.37
13065,2025-04-26 22:59:59,4811,DL,14869,12478,1,464.8
13066,2024-04-23 23:32:06,1290,DL,10397,15016,4,1063.67
13067,2025-01-23 12:45:30,2419,DL,12266,10397,3,1641.81
13068,2024-05-12 04:48:14,2664,DL,14869,12478,1,163.3
13069,2024-07-16 02:20:39,4786,WN,13303,12478,4,1043.01
13070,2025-01-04 13:47:39,2838,UA,10397,12892,4,1848.15
13071,2025-03-15 05:23:45,2245,DL,11433,13303,1,490.26
13072,2025-02-16 13:50:01,3567,DL,14057,14869,4,1517.13
13073,2025-02-14 22:00:23,2777,DL,15016,11433,4,1292.03
13074,2024-05-02 21:22:40,4101,AA,12892,10397,4,620.76
13075,2024-03-17 02:35:15,2228,WN,13303,12478,4,2252.74
13076,2024-05-08 22:52:36,4625,DL,15016,11433,1,428.59
13077,2024-01-19 10:34:16,3573,WN,13303,12478,4,631.15
13078,2024-09-22 20:37:49,3436,DL,12266,10397,3,1442.32
13079,2024-02-15 20:50:22,1490,DL,14869,12478,1,253.59
13080,2024-03-18 09:30:44,3381,UA,10397,12892,1,562.74
13081,2024-06-05 10:23:32,3225,UA,10397,12892,4,1650.54
13082,2025-08-04 10:06:21,4549,DL,14869,12478,4,2349.17
13083,2025-07-16 02:24:58,3775,UA,10397,12892,2,322.13
13084,2025-01-25 12:49:18,2875,DL,11433,13303,1,420.1
13085,2025-09-12 23:29:00,2553,UA,10397,12892,4,765.82
13086,2024-05-25 17:35:55,3691,DL,12266,10397,1,391.21
13087,2024-06-14 06:04:03,4886,DL,15016,11433,3,807.72
13088,2024-08-16 05:12:22,1286,DL,11193,12892,3,980.5
13089,2024-09-05 21:49:39,4463,DL,15016,11433,1,222.57
13090,2024-04-12 12:02:30,2363,DL,10397,15016,4,879.56
13091,2025-09-22 17:04:38,4356,AA,12892,10397,2,861.33
13092,2024-01-12 15:23:25,1482,WN,13303,12478,4,2154.79
13093,2025-10-02 07:59:11,2770,AA,12892,10397,1,258.7
13094,2024-03-28 13:00:22,2849,DL,12266,10397,2,331.86
13095,2024-12-11 12:56:53,2032,DL,12266,10397,1,260.08
13096,2024-05-18 00:58:52,1077,AA,12892,10397,1,370.34
13097,2024-07-22 06:35:39,4235,UA,10397,12892,1,598.87
13098,2024-04-17 09:14:38,2867,WN,13303,12478,3,1297.24
13099,2024-02-08 04:21:23,1770,DL,14057,14869,2,327.55
13100,2025-04-04 11:23:05,1535,DL,11193,12892,2,457.48
13101,2025-01-15 16:08:17,1438,DL,12266,10397,2,715.46
13102,2025-09-05 18:16:19,2330,DL,14869,12478,2,821.64
13103,2025-01-08 13:36:43,3511,DL,15016,11433,1,314.75
13104,2024-11-20 17:12:32,1274,DL,15016,11433,4,1459.93
13105,2024-02-28 01:33:08,4190,WN,13303,12478,2,393.08
13106,2025-08-13 22:11:42,4668,DL,12266,10397,2,410.52
13107,2024-03-21 06:50:36,2435,DL,14057,14869,1,314.0
13108,2024-03-21 07:03:42,3325,DL,12266,10397,1,330.54
13109,2024-07-02 16:59:05,1524,DL,14057,14869,2,1148.24
13110,2024-07-02 16:38:42,4303,UA,10397,12892,2,770.09
13111,2024-10-03 16:19:28,2467,WN,13303,12478,2,691.8
13112,2024-01-13 01:49:49,3180,AA,12892,10397,3,754.85
13113,2024-06-11 17:39:44,2616,DL,11193,12892,4,1968.2
13114,2025-04-12 00:47:05,2383,DL,11433,13303,1,438.28
13115,2024-02-18 08:18:32,2993,DL,14869,12478,2,627.91
13116,2025-10-14 05:39:41,1529,DL,15016,11433,3,1232.33
13117,2024-08-20 07:36:24,4698,DL,15016,11433,4,1961.39
13118,2024-06-17 17:39:22,3885,DL,14869,12478,3,731.95
13119,2025-01-09 00:38:45,4606,DL,12266,10397,2,510.78
13120,2025-05-01 11:33:47,4356,DL,10397,15016,3,869.9
13121,2024-03-01 09:01:25,4372,DL,11193,12892,1,541.99
13122,2024-12-10 20:47:57,4577,UA,10397,12892,4,1154.38
13123,2025-06-06 06:34:12,4315,DL,14869,12478,3,487.52
13124,2025-08-29 03:51:35,1025,DL,11433,13303,2,826.89
13125,2025-10-13 20:39:43,3657,DL,15016,11433,4,2300.89
13126,2024-01-07 20:54:02,3407,DL,14057,14869,4,1952.4
13127,2024-08-29 01:05:09,2203,DL,15016,11433,3,744.7
13128,2024-11-19 15:33:18,3325,DL,11433,13303,4,651.8
13129,2025-08-24 02:58:37,3092,WN,13303,12478,3,564.59
13130,2025-06-16 22:05:46,1530,DL,11193,12892,3,697.21
13131,2024-02-14 05:41:28,3555,DL,11433,13303,4,1330.04
13132,2025-08-15 02:07:04,2494,AA,12892,10397,2,762.38
13133,2025-02-17 15:04:45,4665,DL,12266,10397,2,319.61
13134,2024-09-01 10:40:02,3188,DL,14869,12478,3,488.99
13135,2025-01-13 20:14:13,3882,DL,11193,12892,4,1511.75
13136,2024-04-02 21:27:59,3426,UA,10397,12892,1,351.34
13137,2024-07-10 07:53:02,4964,WN,13303,12478,4,1659.37
13138,2024-07-27 20:12:10,4649,DL,11433,13303,3,1606.82
13139,2025-04-19 12:39:53,4035,DL,12266,10397,2,760.53
13140,2024-10-18 04:13:50,2734,DL,15016,11433,1,509.51
13141,2025-05-26 04:39:51,1629,WN,13303,12478,2,771.6
13142,2024-07-23 10:17:41,2019,DL,12266,10397,4,1936.26
13143,2024-10-03 09:27:22,1764,UA,10397,12892,2,1020.76
13144,2025-02-19 05:03:12,3653,AA,12892,10397,2,567.04
13145,2024-12-30 10:48:48,2624,DL,11193,12892,3,888.31
13146,2025-02-22 09:58:26,1163,DL,15016,11433,2,1172.04
13147,2025-07-26 20:40:08,2491,DL,10397,15016,2,342.5
13148,2024-09-17 22:45:45,3192,DL,15016,11433,2,499.78
13149,2024-06-12 20:50:05,3201,AA,12892,10397,3,1466.7
13150,2024-09-22 10:21:52,3344,AA,12892,10397,3,726.84
13151,2024-04-25 07:50:34,1285,DL,15016,11433,3,1149.49
13152,2024-08-21 03:24:12,1325,WN,13303,12478,3,732.08
13153,2025-01-16 00:46:48,4204,WN,13303,12478,3,1373.16
13154,2024-07-17 21:53:22,2692,DL,14057,14869,1,416.82
13155,2025-10-14 20:28:24,3525,AA,12892,10397,3,1507.21
13156,2024-04-07 18:49:29,2206,DL,11433,13303,4,1214.65
13157,2024-02-09 02:48:43,2811,UA,10397,12892,4,1059.97
13158,2025-04-04 06:14:04,3078,WN,13303,12478,1,401.25
13159,2024-11-10 00:28:32,2559,DL,11433,13303,4,1316.75
13160,2024-09-05 20:02:15,1264,DL,11433,13303,4,2255.72
13161,2024-02-28 04:46:48,4623,UA,10397,12892,4,2152.74
13162,2024-07-24 11:10:27,3324,DL,15016,11433,2,1081.51
13163,2025-04-24 05:56:58,3094,DL,12266,10397,3,1057.7
13164,2025-08-15 13:32:20,3378,DL,10397,15016,2,568.51
13165,2025-08-03 10:02:17,1737,DL,11433,13303,2,756.23
13166,2024-10-21 08:33:45,3175,DL,14869,12478,2,1103.79
13167,2024-10-03 21:59:00,3355,DL,10397,15016,3,686.27
13168,2025-02-17 00:36:47,1971,UA,10397,12892,4,610.45
13169,2025-07-03 02:30:00,2946,DL,14869,12478,1,393.09
13170,2025-03-29 14:20:31,4318,DL,12266,10397,1,570.94
13171,2024-02-16 08:53:58,4585,DL,10397,15016,3,868.32
13172,2025-02-22 13:05:15,1810,AA,12892,10397,2,585.52
13173,2025-07-23 10:27:27,2605,WN,13303,12478,2,523.6
13174,2025-03-17 09:01:08,1303,UA,10397,12892,4,2365.78
13175,2024-09-24 20:07:29,1647,DL,14057,14869,4,1838.25
13176,2025-05-23 14:01:39,1463,DL,15016,11433,2,445.36
13177,2025-02-17 00:19:12,2610,DL,15016,11433,2,986.4
13178,2024-03-02 21:23:14,3261,DL,11433,13303,4,1863.73
13179,2024-12-21 07:27:35,1548,WN,13303,12478,3,667.14
13180,2025-01-27 15:09:08,4587,DL,11193,12892,3,1777.32
13181,2024-05-19 18:22:00,3334,AA,12892,10397,4,900.85
13182,2024-12-16 21:26:25,2853,DL,15016,11433,1,167.26
13183,2024-06-11 10:15:22,2410,DL,10397,15016,1,162.58
13184,2025-03-03 21:01:43,1834,DL,10397,15016,1,589.71
13185,2025-10-31 09:08:27,2745,DL,12266,10397,1,432.98
13186,2025-08-25 02:59:39,1140,UA,10397,12892,2,301.47
13187,2024-03-03 23:01:46,3767,DL,14869,12478,1,336.17
13188,2024-03-02 19:32:58,3674,DL,15016,11433,2,317.79
13189,2025-02-14 12:52:30,1334,DL,14869,12478,1,598.92
13190,2025-03-19 06:03:28,2622,UA,10397,12892,3,1318.86
13191,2024-11-02 20:46:54,3030,AA,12892,10397,3,1107.3
13192,2025-02-28 22:39:47,1881,DL,12266,10397,3,698.17
13193,2025-04-04 09:28:47,1277,AA,12892,10397,3,1323.77
13194,2025-08-20 03:41:37,1975,DL,14057,14869,1,252.26
13195,2024-04-21 22:53:52,4558,DL,11193,12892,1,278.4
13196,2025-10-31 13:35:20,3178,DL,10397,15016,4,1140.01
13197,2024-09-05 01:58:54,1474,DL,14869,12478,1,179.64
13198,2024-11-26 18:08:16,1785,AA,12892,10397,3,1507.22
13199,2024-07-17 23:23:32,2883,DL,15016,11433,3,468.69
13200,2025-04-17 18:24:18,4307,UA,10397,12892,2,526.29
13201,2025-08-03 20:09:07,4818,DL,15016,11433,3,1381.19
13202,2024-03-26 03:20:57,1379,DL,15016,11433,1,257.44
13203,2025-01-24 21:31:25,2745,DL,11193,12892,1,566.36
13204,2024-07-09 15:41:44,3107,DL,14869,12478,3,569.27
13205,2024-04-10 00:09:41,3581,AA,12892,10397,4,2201.64
13206,2024-10-19 01:42:44,2790,DL,14869,12478,1,450.45
13207,2024-01-06 18:50:22,4542,DL,12266,10397,2,601.0
13208,2024-04-19 10:36:23,1735,DL,11193,12892,3,989.5
13209,2024-03-23 05:42:55,3296,DL,15016,11433,2,574.49
13210,2024-02-29 14:16:45,1920,AA,12892,10397,4,1987.13
13211,2024-05-31 19:47:34,1779,DL,15016,11433,1,508.01
13212,2025-01-28 13:39:59,1850,DL,15016,11433,2,1164.68
13213,2024-01-01 00:23:53,2453,UA,10397,12892,3,1397.3
13214,2024-03-02 00:05:55,1013,DL,15016,11433,1,491.12
13215,2025-09-24 04:31:01,3145,DL,15016,11433,2,579.7
13216,2024-07-07 13:32:30,2250,DL,12266,10397,1,198.09
13217,2025-04-04 14:50:21,3423,AA,12892,10397,3,730.79
13218,2024-09-01 20:09:22,3755,DL,14869,12478,2,660.9
13219,2025-10-24 08:53:26,3769,DL,14869,12478,4,2305.27
13220,2024-09-29 01:19:48,3572,DL,14869,12478,2,675.3
13221,2025-06-09 11:17:25,1469,AA,12892,10397,4,602.06
13222,2025-02-13 00:04:22,1796,WN,13303,12478,2,398.6
13223,2025-07-12 18:52:31,2514,DL,15016,11433,3,1512.16
13224,2025-05-10 01:54:40,4388,DL,15016,11433,4,1834.67
13225,2025-05-03 08:48:45,4224,DL,12266,10397,4,1613.12
13226,2025-10-14 07:15:15,1996,DL,12266,10397,4,1863.33
13227,2025-04-10 05:52:23,1756,DL,11193,12892,1,498.38
13228,2024-07-07 07:27:08,4253,DL,11193,12892,4,743.03
13229,2025-09-15 10:25:12,4028,DL,11193,12892,2,784.97
13230,2024-03-19 17:57:28,1084,DL,14057,14869,4,759.5
13231,2025-06-08 02:01:54,3901,DL,12266,10397,4,2116.27
13232,2025-04-18 02:31:42,1177,DL,11193,12892,1,526.24
13233,2024-04-26 19:55:36,3690,DL,14869,12478,4,745.67
13234,2025-04-24 15:42:42,3373,DL,11193,12892,3,1142.39
13235,2024-12-20 06:53:30,4409,DL,14057,14869,3,1163.18
13236,2024-12-30 12:50:08,1383,AA,12892,10397,4,2081.28
13237,2025-01-26 09:06:17,4956,DL,10397,15016,2,1162.43
13238,2025-01-25 01:33:31,1205,DL,15016,11433,2,582.7
13239,2025-10-12 10:20:53,2584,DL,12266,10397,1,531.11
13240,2025-02-01 06:38:36,3175,AA,12892,10397,2,1020.94
13241,2024-01-30 07:26:20,3511,DL,12266,10397,4,985.14
13242,2024-10-05 03:33:38,1934,UA,10397,12892,4,2206.06
13243,2025-03-05 03:37:02,2797,WN,13303,12478,4,1852.87
13244,2024-05-01 18:36:52,3236,WN,13303,12478,2,940.7
13245,2024-06-18 13:21:15,1437,DL,11433,13303,2,1099.75
13246,2025-07-06 08:11:05,2786,DL,10397,15016,2,397.7
13247,2024-08-30 05:40:58,1468,DL,12266,10397,4,1350.05
13248,2025-03-14 12:45:22,3836,DL,11193,12892,4,1846.14
13249,2025-07-25 03:15:06,3794,WN,13303,12478,2,413.56
13250,2025-03-16 02:07:33,4198,DL,15016,11433,3,1101.11
13251,2025-03-17 18:19:35,3916,DL,15016,11433,2,1176.42
13252,2025-10-20 13:51:26,1914,WN,13303,12478,4,1856.9
13253,2025-08-11 20:28:20,1714,DL,15016,11433,3,1219.35
13254,2024-08-11 02:26:12,2055,DL,11433,13303,1,550.44
13255,2024-12-18 03:30:01,2024,DL,11193,12892,3,1009.59
13256,2024-01-26 20:11:49,4070,DL,12266,10397,3,570.79
13257,2024-12-18 15:45:05,4563,DL,14869,12478,4,1043.21
13258,2025-06-29 01:02:48,3541,DL,15016,11433,4,1614.95
13259,2025-01-28 22:56:51,3968,DL,11433,13303,1,161.59
13260,2025-07-14 09:49:07,1751,DL,14869,12478,2,415.61
13261,2024-02-21 20:30:21,4068,DL,11433,13303,1,303.46
13262,2024-02-11 19:59:42,1118,DL,12266,10397,4,1761.06
13263,2024-12-16 07:40:17,2852,DL,11193,12892,4,1125.19
13264,2025-03-18 10:44:42,1798,UA,10397,12892,1,509.39
13265,2025-05-16 18:24:12,1865,WN,13303,12478,2,432.51
13266,2024-12-19 02:11:44,1943,DL,11193,12892,2,465.67
13267,2025-10-21 04:37:10,1888,DL,10397,15016,4,678.9
13268,2024-09-20 03:27:52,1330,WN,13303,12478,2,408.9
13269,2024-02-12 13:09:43,1308,DL,10397,15016,4,1633.36
13270,2025-10-05 14:25:53,4269,DL,14869,12478,4,1409.79
13271,2024-02-27 17:40:31,2739,DL,10397,15016,1,526.33
13272,2024-01-08 07:30:58,1374,DL,11433,13303,1,424.33
13273,2025-02-15 03:28:55,3100,DL,14057,14869,4,2321.74
13274,2025-07-05 06:26:43,2437,DL,11193,12892,1,328.38
13275,2025-04-10 06:31:00,1128,DL,15016,11433,4,1634.32
13276,2024-05-13 02:07:31,1532,AA,12892,10397,4,1242.4
13277,2024-05-26 19:49:36,1761,UA,10397,12892,1,363.94
13278,2024-06-27 04:18:15,2143,DL,14057,14869,1,313.87
13279,2025-08-23 20:11:38,3117,UA,10397,12892,3,1694.63
13280,2024-09-15 12:31:45,2702,AA,12892,10397,2,664.62
13281,2025-01-12 12:56:29,1466,DL,11433,13303,4,869.64
13282,2025-05-15 17:10:17,1818,WN,13303,12478,2,560.96
13283,2024-10-22 04:47:20,1729,DL,14869,12478,3,1161.31
13284,2025-10-01 18:38:26,4376,DL,14057,14869,2,479.94
13285,2024-04-13 04:34:47,3976,DL,10397,15016,3,754.08
13286,2024-08-05 16:28:18,4494,DL,10397,15016,2,724.7
13287,2025-08-27 19:15:42,1742,DL,12266,10397,3,1541.77
13288,2024-09-10 01:37:48,3080,DL,12266,10397,1,262.34
13289,2024-07-30 11:34:11,4447,UA,10397,12892,1,220.52
13290,2024-05-15 16:19:53,1937,AA,12892,10397,2,473.61
13291,2024-05-05 18:13:07,2822,WN,13303,12478,3,1021.05
13292,2025-04-14 14:19:59,3404,DL,11433,13303,4,1412.61
13293,2025-09-19 01:30:10,3681,DL,15016,11433,4,2095.79
13294,2024-10-17 15:55:53,3702,DL,11433,13303,2,915.29
13295,2025-05-15 16:00:13,2206,DL,15016,11433,3,1501.69
13296,2025-07-08 08:18:37,3788,DL,14869,12478,3,1361.39
13297,2024-07-23 03:56:02,2300,DL,11433,13303,4,1592.23
13298,2024-11-26 07:33:23,3194,DL,14869,12478,3,895.86
13299,2024-12-19 07:30:52,4082,DL,12266,10397,1,241.29
13300,2024-01-01 05:40:55,4299,DL,14057,14869,1,334.47
13301,2024-08-12 08:17:32,4274,DL,11193,12892,3,1261.85
13302,2024-03-10 16:18:59,4557,UA,10397,12892,4,1869.57
13303,2025-08-31 17:09:18,2012,DL,11433,13303,4,2098.57
13304,2025-03-29 14:53:46,4668,DL,12266,10397,4,2227.71
13305,2024-10-20 04:07:15,1245,UA,10397,12892,3,1176.05
13306,2025-06-04 08:57:33,1034,DL,11433,13303,4,745.12
13307,2024-07-13 00:15:53,4669,DL,12266,10397,4,1860.81
13308,2025-04-23 07:13:38,1081,DL,11433,13303,2,960.94
13309,2025-08-03 20:39:22,4065,WN,13303,12478,3,1523.42
13310,2024-07-22 05:05:37,2963,AA,12892,10397,2,882.9
13311,2024-06-08 10:24:38,3419,DL,11433,13303,3,971.06
13312,2024-07-11 22:43:40,2386,WN,13303,12478,2,480.74
13313,2025-03-07 04:33:02,2884,DL,10397,15016,3,985.81
13314,2024-08-27 09:21:06,4756,WN,13303,12478,2,551.0
13315,2024-03-27 05:32:11,3019,DL,11193,12892,1,206.38
13316,2024-04-19 23:02:06,4800,AA,12892,10397,4,1013.21
13317,2024-04-13 05:37:01,3821,UA,10397,12892,1,545.28
13318,2025-07-15 02:27:06,3652,DL,11193,12892,2,467.79
13319,2024-01-06 20:27:59,2528,DL,15016,11433,1,250.06
13320,2024-10-13 12:23:32,1686,AA,12892,10397,3,1414.74
13321,2024-02-10 22:56:32,1102,DL,14869,12478,4,1132.32
13322,2024-07-23 02:40:31,4022,DL,12266,10397,1,469.51
13323,2024-01-22 18:41:24,3297,DL,12266,10397,3,516.84
13324,2025-04-22 22:02:23,4990,DL,10397,15016,1,501.44
13325,2024-04-23 10:30:30,4802,DL,12266,10397,2,1171.4
13326,2025-01-02 09:22:19,1507,AA,12892,10397,1,332.03
13327,2024-03-16 08:38:28,4330,DL,11433,13303,1,314.79
13328,2024-11-06 08:26:54,1901,WN,13303,12478,1,526.2
13329,2024-06-08 20:32:13,2429,DL,12266,10397,4,2028.08
13330,2025-10-22 13:36:48,1241,DL,10397,15016,2,1026.17
13331,2025-05-20 04:21:27,3907,DL,15016,11433,2,391.81
13332,2025-02-12 08:08:45,3223,AA,12892,10397,2,644.95
13333,2025-03-31 03:35:54,2919,DL,14057,14869,3,1268.03
13334,2024-01-22 11:12:03,1880,DL,10397,15016,2,1115.64
13335,2025-06-18 08:51:48,3158,DL,10397,15016,1,196.1
13336,2025-03-01 00:48:53,3245,DL,11193,12892,3,1226.33
13337,2025-01-17 21:55:12,2609,WN,13303,12478,4,1926.6
13338,2024-12-21 10:17:05,4698,DL,14057,14869,4,1092.44
13339,2025-08-22 11:20:05,3056,DL,14057,14869,3,1179.0
13340,2024-02-08 18:18:33,3009,UA,10397,12892,4,1026.92
13341,2025-02-06 07:13:36,3125,DL,11433,13303,4,1506.18
13342,2025-01-15 09:34:36,3519,WN,13303,12478,1,333.47
13343,2024-09-19 14:19:58,1561,DL,11193,12892,3,1653.57
13344,2025-10-14 12:57:37,3805,DL,14869,12478,2,458.82
13345,2024-06-17 02:51:35,2060,DL,14057,14869,1,597.52
13346,2024-08-16 22:05:17,1251,DL,15016,11433,3,1126.77
13347,2025-10-20 04:41:37,1539,WN,13303,12478,3,1153.46
13348,2025-03-12 14:34:23,3100,UA,10397,12892,1,526.01
13349,2025-08-23 14:48:41,2567,DL,12266,10397,2,804.12
13350,2025-09-29 09:59:45,3711,AA,12892,10397,3,857.25
13351,2024-05-27 16:58:28,2813,DL,14057,14869,2,343.51
13352,2024-11-11 16:02:15,1627,DL,15016,11433,4,1128.49
13353,2024-07-11 05:13:54,2219,AA,12892,10397,2,787.09
13354,2025-10-04 02:06:55,1966,DL,14869,12478,2,544.1
13355,2024-03-26 05:40:59,2929,DL,14869,12478,4,1427.05
13356,2025-10-06 19:30:13,2771,DL,12266,10397,2,746.42
13357,2024-05-06 12:17:15,1786,DL,11433,13303,2,1157.77
13358,2025-01-30 19:52:36,1693,DL,14869,12478,2,356.74
13359,2024-02-18 13:23:03,3706,DL,11433,13303,2,1103.63
13360,2025-03-20 00:25:32,3622,DL,10397,15016,4,1306.66
13361,2024-12-29 23:53:24,4767,DL,10397,15016,2,584.64
13362,2024-12-11 11:14:54,1332,DL,15016,11433,1,282.43
13363,2024-04-17 22:15:50,3349,AA,12892,10397,1,480.69
13364,2024-04-21 17:47:47,3685,AA,12892,10397,4,891.15
13365,2025-10-22 06:56:58,2975,DL,11433,13303,3,856.1
13366,2025-02-18 03:57:05,3266,DL,15016,11433,3,709.07
13367,2024-10-02 20:16:21,2527,DL,12266,10397,1,211.9
13368,2025-05-21 00:27:13,4244,DL,14869,12478,2,433.88
13369,2025-10-29 18:49:01,1402,DL,11193,12892,1,484.53
13370,2025-10-04 17:05:37,4133,UA,10397,12892,2,399.31
13371,2024-03-18 03:27:53,4039,DL,10397,15016,1,391.34
13372,2025-10-27 03:29:07,4024,DL,14057,14869,3,502.54
13373,2024-10-21 07:04:03,1569,WN,13303,12478,3,512.21
13374,2024-08-30 06:35:13,4387,DL,14869,12478,4,697.29
13375,2024-01-02 04:39:42,3592,DL,11193,12892,4,1718.17
13376,2024-11-02 22:51:02,1587,UA,10397,12892,1,307.83
13377,2025-08-01 21:00:28,2715,DL,15016,11433,4,1797.97
13378,2024-09-06 06:43:52,3818,WN,13303,12478,3,736.84
13379,2025-04-26 19:07:47,3511,DL,15016,11433,2,987.11
13380,2025-05-17 19:18:21,3004,DL,10397,15016,4,707.03
13381,2024-08-14 20:08:35,2509,DL,10397,15016,4,2069.6
13382,2025-03-28 21:33:04,2476,DL,14057,14869,3,1255.56
13383,2025-04-02 00:52:48,1939,DL,14869,12478,3,1576.33
13384,2024-02-21 03:40:56,2458,DL,10397,15016,4,1981.33
13385,2024-06-06 21:58:18,1492,DL,14057,14869,4,655.53
13386,2024-11-18 10:50:11,1141,WN,13303,12478,3,845.33
13387,2024-11-24 16:44:25,4150,DL,11193,12892,3,540.34
13388,2024-07-30 23:47:58,3792,DL,12266,10397,1,543.62
13389,2024-12-17 05:47:12,3746,AA,12892,10397,3,1490.6
13390,2025-07-28 00:07:48,1592,DL,11193,12892,1,520.63
13391,2025-07-26 22:48:54,3371,DL,11433,13303,1,448.01
13392,2025-06-28 13:06:45,3847,DL,11433,13303,1,484.97
13393,2025-08-07 11:10:19,3020,DL,14057,14869,3,1634.31
13394,2025-08-19 18:11:17,2118,AA,12892,10397,1,520.72
13395,2025-02-26 01:18:18,4525,DL,14869,12478,1,586.98
13396,2025-10-02 12:47:59,2624,DL,11193,12892,4,1535.01
13397,2025-06-06 11:15:59,1323,DL,14057,14869,3,1514.47
13398,2024-04-09 07:21:58,3735,DL,14057,14869,2,406.15
13399,2025-10-31 10:09:18,1571,DL,15016,11433,1,244.33
13400,2024-11-13 22:47:22,1744,DL,11193,12892,3,1083.06
13401,2024-12-21 20:57:26,4341,DL,10397,15016,1,420.05
13402,2024-11-27 16:53:28,4149,WN,13303,12478,1,290.0
13403,2025-10-16 11:39:35,3171,DL,12266,10397,3,1443.87
13404,2024-03-31 02:39:42,2752,DL,14869,12478,4,2150.58
13405,2024-03-24 17:10:45,4384,AA,12892,10397,2,884.11
13406,2025-07-27 16:53:07,4566,UA,10397,12892,4,1456.61
13407,2024-10-21 09:23:44,2113,DL,10397,15016,2,373.64
13408,2024-11-26 13:57:12,3748,WN,13303,12478,1,409.91
13409,2025-09-22 05:16:50,3847,WN,13303,12478,2,1161.43
13410,2025-10-12 09:35:03,1376,DL,12266,10397,2,466.98
13411,2024-05-30 07:07:13,1394,DL,11433,13303,4,1705.69
13412,2024-10-09 01:41:54,2179,DL,12266,10397,4,1478.0
13413,2024-09-10 01:37:25,1602,DL,11433,13303,3,1014.97
13414,2025-02-09 09:55:46,1436,AA,12892,10397,3,612.89
13415,2024-08-22 15:52:33,3574,DL,12266,10397,1,315.06
13416,2024-03-11 22:45:58,3666,DL,11433,13303,1,486.1
13417,2024-09-05 13:46:29,3397,UA,10397,12892,2,884.07
13418,2025-10-02 15:09:53,4555,DL,11433,13303,1,557.85
13419,2024-12-22 03:11:11,4995,DL,11433,13303,2,1108.98
13420,2024-10-24 20:56:15,4983,DL,15016,11433,2,935.55
13421,2025-08-19 05:37:45,2210,UA,10397,12892,2,930.58
13422,2025-07-11 08:31:56,2253,DL,12266,10397,3,1753.24
13423,2024-03-02 12:31:29,2425,UA,10397,12892,4,1519.29
13424,2024-12-27 12:11:11,4341,UA,10397,12892,2,566.15
13425,2025-04-09 06:15:06,2127,WN,13303,12478,2,556.96
13426,2024-11-19 01:57:42,4441,DL,11433,13303,1,514.05
13427,2025-01-08 10:15:12,4786,DL,11193,12892,4,2090.1
13428,2024-07-29 09:04:14,2357,DL,11433,13303,4,1162.86
13429,2025-04-02 20:15:05,4179,DL,11433,13303,1,517.78
13430,2024-08-21 19:42:48,2080,DL,12266,10397,3,1150.53
13431,2024-09-06 05:31:38,3593,WN,13303,12478,4,693.01
13432,2024-12-04 14:50:38,2704,DL,10397,15016,3,1279.47
13433,2024-02-18 05:15:57,1472,DL,12266,10397,1,578.75
13434,2025-06-15 02:41:16,2518,DL,12266,10397,1,166.18
13435,2025-08-14 22:04:01,3589,DL,14869,12478,3,1654.32
13436,2024-02-05 12:26:58,4475,DL,11433,13303,3,910.13
13437,2024-10-15 05:30:47,4452,DL,14869,12478,3,490.46
13438,2024-04-16 17:50:22,2413,DL,14057,14869,4,2006.12
13439,2024-04-16 03:26:48,4194,DL,14869,12478,3,506.21
13440,2024-10-30 00:24:28,3278,DL,12266,10397,2,458.68
13441,2024-09-15 01:04:44,2005,DL,14869,12478,4,1150.5
13442,2024-06-08 07:14:43,4884,DL,10397,15016,4,1489.89
13443,2025-04-12 14:56:41,3164,AA,12892,10397,2,847.18
13444,2024-10-23 04:25:22,2352,AA,12892,10397,3,460.54
13445,2025-03-24 03:22:12,1023,DL,14869,12478,4,1700.47
13446,2024-04-14 10:19:07,3889,DL,10397,15016,1,471.65
13447,2024-10-16 14:07:59,4117,DL,15016,11433,1,380.71
13448,2024-01-27 05:51:46,4989,DL,14057,14869,2,1025.08
13449,2024-11-10 02:04:36,3889,AA,12892,10397,1,345.46
13450,2024-07-05 00:59:49,3405,AA,12892,10397,3,604.78
13451,2025-08-04 18:16:14,4346,DL,11193,12892,3,799.78
13452,2025-05-14 19:53:46,4519,DL,10397,15016,1,174.07
13453,2024-07-06 14:53:27,3970,DL,15016,11433,4,1430.08
13454,2024-06-08 00:15:39,3591,DL,12266,10397,4,1385.22
13455,2025-08-02 00:00:55,2043,DL,11433,13303,2,888.24
13456,2025-01-10 22:23:01,1208,DL,14869,12478,4,1815.37
13457,2024-10-24 02:51:58,4630,UA,10397,12892,3,600.17
13458,2024-08-25 20:56:46,1858,DL,14869,12478,2,1104.61
13459,2024-06-13 01:40:01,1500,AA,12892,10397,3,1286.97
13460,2025-03-08 14:54:56,2398,DL,11433,13303,1,252.36
13461,2025-04-13 05:57:26,3864,DL,14057,14869,3,1266.22
13462,2024-03-21 12:40:52,3731,AA,12892,10397,2,1081.0
13463,2025-06-08 01:38:13,4428,AA,12892,10397,3,592.55
13464,2025-04-02 06:54:35,2523,DL,14057,14869,1,559.82
13465,2024-01-28 19:47:36,1722,DL,11193,12892,1,562.13
13466,2025-07-17 01:28:40,4678,DL,11433,13303,4,1313.83
13467,2024-03-26 12:52:05,2598,DL,12266,10397,4,1768.6
13468,2025-09-16 08:27:40,3438,DL,15016,11433,3,1361.7
13469,2025-05-15 02:42:20,4809,DL,10397,15016,4,1408.93
13470,2025-09-04 19:12:19,1665,DL,14869,12478,1,434.47
13471,2025-05-24 17:49:28,3199,DL,10397,15016,3,1498.96
13472,2024-10-31 10:29:54,3512,DL,14869,12478,1,494.89
13473,2024-08-26 15:46:40,2922,DL,11433,13303,2,972.96
13474,2024-01-17 05:10:13,1184,DL,11433,13303,1,390.11
13475,2025-10-23 10:49:54,4957,DL,14869,12478,4,1375.81
13476,2025-03-08 05:03:58,3739,WN,13303,12478,3,1752.4
13477,2024-08-12 02:54:12,3106,UA,10397,12892,4,1402.4
13478,2025-04-09 14:53:04,2650,UA,10397,12892,3,770.02
13479,2025-04-15 05:50:21,2685,WN,13303,12478,2,501.93
13480,2025-04-17 10:38:35,1496,UA,10397,12892,2,949.13
13481,2024-05-29 07:20:41,3857,DL,14057,14869,2,647.0
13482,2025-01-13 12:30:14,2548,DL,11433,13303,4,1317.36
13483,2025-10-12 16:47:15,3883,DL,10397,15016,4,1070.91
13484,2024-06-15 09:46:54,1058,DL,11193,12892,4,1848.94
13485,2025-07-11 04:58:30,1461,DL,15016,11433,3,1656.04
13486,2024-03-03 16:48:29,2318,UA,10397,12892,4,2189.13
13487,2024-01-13 20:03:23,2004,UA,10397,12892,2,734.56
13488,2025-01-08 05:32:54,2235,DL,10397,15016,2,775.82
13489,2024-04-22 18:46:44,3303,DL,14057,14869,2,741.48
13490,2025-09-16 07:19:19,1387,UA,10397,12892,2,1044.98
13491,2024-06-18 20:08:24,3231,DL,11433,13303,2,723.56
13492,2025-06-27 16:32:16,2770,DL,11433,13303,2,904.89
13493,2024-11-24 13:28:25,3572,UA,10397,12892,1,466.82
13494,2024-05-06 14:25:34,2726,DL,14869,12478,4,1026.28
13495,2025-02-11 12:55:03,2376,DL,11193,12892,4,1920.7
13496,2025-01-01 21:05:58,3394,DL,11433,13303,1,169.48
13497,2024-05-05 22:08:01,4795,DL,15016,11433,2,932.82
13498,2025-03-07 15:36:34,3980,DL,11433,13303,2,435.06
13499,2024-10-22 01:25:04,3661,AA,12892,10397,4,2139.36
13500,2024-10-10 11:16:38,3134,DL,12266,10397,4,1728.15
13501,2024-05-12 17:39:36,1115,WN,13303,12478,4,2196.04
13502,2025-06-05 15:32:04,1567,UA,10397,12892,2,1106.53
13503,2024-04-26 18:05:29,2571,DL,10397,15016,2,480.32
13504,2025-08-05 07:16:19,1945,DL,11193,12892,4,1099.98
13505,2024-04-05 19:44:35,2167,DL,12266,10397,4,2240.58
13506,2025-08-17 20:59:51,1150,UA,10397,12892,4,976.98
13507,2024-03-07 05:51:25,4669,DL,15016,11433,4,643.05
13508,2024-11-08 20:21:42,4016,AA,12892,10397,4,1132.9
13509,2025-09-25 05:46:58,3573,UA,10397,12892,4,1736.92
13510,2024-12-18 07:04:52,3975,DL,10397,15016,2,316.66
13511,2024-10-24 12:45:47,3015,DL,11193,12892,4,1898.97
13512,2024-01-06 18:30:05,1120,DL,11193,12892,3,1038.39
13513,2024-09-10 05:10:56,2122,DL,10397,15016,1,345.99
13514,2024-02-13 01:57:56,2833,WN,13303,12478,3,1205.15
13515,2025-06-10 06:24:07,4304,DL,11433,13303,2,974.05
13516,2024-12-24 00:46:54,1530,DL,15016,11433,4,2147.48
13517,2024-10-28 09:44:00,1554,DL,11433,13303,3,690.92
13518,2024-12-29 16:12:26,2261,DL,11193,12892,2,703.56
13519,2024-03-27 15:08:47,4010,DL,11193,12892,4,1678.12
13520,2025-10-09 23:23:02,3681,DL,15016,11433,3,1560.55
13521,2024-09-24 15:32:46,1251,AA,12892,10397,4,1395.94
13522,2024-06-06 16:36:43,1287,DL,12266,10397,4,1401.39
13523,2024-08-07 03:48:30,2372,DL,11433,13303,2,619.9
13524,2024-10-22 06:05:07,3874,UA,10397,12892,3,920.91
13525,2024-04-02 18:12:54,3811,DL,11433,13303,4,839.21
13526,2024-06-13 02:20:46,2060,DL,11193,12892,1,391.38
13527,2024-09-04 05:06:57,4934,DL,14869,12478,4,1897.86
13528,2024-12-28 07:59:35,3568,DL,10397,15016,4,978.85
13529,2025-01-07 19:15:19,2578,DL,10397,15016,4,1556.73
13530,2025-05-05 08:48:30,2431,WN,13303,12478,2,871.39
13531,2024-10-14 22:48:58,4317,WN,13303,12478,2,1109.13
13532,2025-08-15 17:42:50,3290,DL,10397,15016,3,1062.3
13533,2024-07-15 21:51:39,1949,DL,11433,13303,1,485.42
13534,2025-03-15 00:58:27,1236,DL,11193,12892,4,1336.6
13535,2024-03-24 00:16:03,1110,DL,11193,12892,2,661.81
13536,2024-09-25 03:57:47,4235,AA,12892,10397,4,1097.98
13537,2024-03-31 15:31:56,4023,DL,11193,12892,3,756.64
13538,2024-10-01 10:20:46,1363,DL,15016,11433,1,173.22
13539,2025-08-20 01:10:10,4185,UA,10397,12892,2,647.34
13540,2024-04-22 11:14:35,4452,UA,10397,12892,2,1135.42
13541,2025-07-30 20:36:10,3177,DL,14057,14869,4,796.08
13542,2025-05-23 11:36:10,4100,UA,10397,12892,2,364.34
13543,2024-11-19 15:30:48,3885,UA,10397,12892,1,259.18
13544,2025-07-20 02:47:57,4315,DL,10397,15016,3,1275.09
13545,2024-02-06 17:47:57,3401,DL,14869,12478,2,650.75
13546,2024-07-20 20:17:05,2064,AA,12892,10397,4,1850.25
13547,2024-12-13 01:34:57,3887,DL,12266,10397,4,2086.18
13548,2025-04-25 23:38:36,4179,DL,15016,11433,3,1365.0
13549,2024-06-27 01:10:16,1068,DL,10397,15016,4,1337.48
13550,2024-07-12 05:10:47,1307,AA,12892,10397,3,567.02
13551,2024-11-02 18:53:49,1675,DL,14869,12478,2,977.18
13552,2025-08-08 06:05:04,1337,DL,11433,13303,2,656.42
13553,2024-09-26 09:58:05,4685,AA,12892,10397,1,567.05
13554,2024-05-08 06:40:01,4871,DL,11433,13303,2,1072.62
13555,2025-03-12 22:37:21,2097,DL,15016,11433,2,1196.86
13556,2025-06-13 12:44:08,4580,UA,10397,12892,2,358.26
13557,2024-12-04 02:39:18,3252,DL,15016,11433,2,562.57
13558,2024-01-03 22:40:48,4477,DL,10397,15016,1,537.56
13559,2025-08-16 12:22:35,2911,DL,14057,14869,4,1675.64
13560,2025-10-02 12:01:24,4976,DL,11433,13303,1,151.8
13561,2025-05-23 22:26:45,3787,DL,11193,12892,4,1757.79
13562,2025-04-17 18:17:46,1606,WN,13303,12478,3,968.03
13563,2024-10-27 03:05:08,3230,UA,10397,12892,4,646.22
13564,2024-12-21 17:35:40,3611,DL,10397,15016,2,944.16
13565,2025-10-10 23:42:11,1336,DL,14869,12478,3,1039.3
13566,2025-07-29 16:52:44,2719,WN,13303,12478,1,229.93
13567,2025-09-07 17:46:37,2429,UA,10397,12892,4,2039.82
13568,2024-03-07 01:39:10,3868,AA,12892,10397,2,661.42
13569,2024-10-11 01:19:53,2913,DL,14869,12478,2,393.09
13570,2025-07-10 11:31:22,3157,DL,11193,12892,2,1122.42
13571,2024-02-09 18:49:25,2971,DL,11433,13303,4,724.87
13572,2025-07-10 06:53:42,1998,DL,14057,14869,4,1602.59
13573,2024-11-21 11:09:03,3503,DL,14057,14869,2,787.56
13574,2024-07-05 23:31:38,4579,DL,10397,15016,3,1139.19
13575,2025-08-13 10:24:01,2525,DL,14057,14869,2,497.6
13576,2025-01-25 02:43:51,1960,AA,12892,10397,3,1366.18
13577,2025-07-05 23:23:09,2815,DL,15016,11433,2,1150.21
13578,2025-04-21 11:14:44,2190,WN,13303,12478,1,172.97
13579,2025-05-18 22:03:02,3290,DL,10397,15016,1,369.49
13580,2024-07-25 18:33:20,1657,DL,14869,12478,4,1613.25
13581,2025-10-22 08:12:15,3583,DL,11433,13303,2,421.29
13582,2024-10-09 02:08:24,1046,DL,11193,12892,1,166.06
13583,2025-05-27 13:06:10,2179,DL,10397,15016,4,1229.45
13584,2024-04-21 09:30:16,2771,DL,11433,13303,2,1139.14
13585,2024-08-14 13:29:18,1298,DL,12266,10397,1,337.3
13586,2024-08-29 21:23:07,2308,DL,10397,15016,2,472.57
13587,2024-02-12 22:05:42,4218,DL,15016,11433,1,287.96
13588,2024-10-07 13:46:41,3757,AA,12892,10397,2,1188.95
13589,2025-04-01 15:03:23,4884,DL,14869,12478,4,1605.66
13590,2025-10-25 12:35:19,1758,AA,12892,10397,1,417.92
13591,2024-12-11 00:41:59,4938,DL,11433,13303,1,200.85
13592,2024-11-19 02:02:39,4740,DL,11193,12892,3,916.19
13593,2025-09-12 00:03:17,1763,DL,11433,13303,1,419.53
13594,2024-03-29 10:18:19,1997,DL,12266,10397,4,609.82
13595,2025-02-03 10:12:32,2551,DL,10397,15016,1,314.29
13596,2024-09-18 00:35:41,1547,AA,12892,10397,4,722.3
13597,2024-12-23 13:17:25,2585,DL,11193,12892,4,1702.13
13598,2024-01-10 21:20:38,4082,WN,13303,12478,3,568.56
13599,2024-01-19 18:23:28,3388,DL,15016,11433,4,774.11
13600,2024-01-01 10:21:03,3095,UA,10397,12892,2,656.19
13601,2025-02-08 15:22:28,4362,DL,11433,13303,1,465.25
13602,2024-09-12 10:41:06,3815,DL,11193,12892,3,1223.27
13603,2024-12-08 10:32:43,1739,DL,11193,12892,1,289.86
13604,2025-10-31 01:09:39,3472,DL,11433,13303,4,1864.53
13605,2024-09-07 20:58:54,3966,AA,12892,10397,3,1598.37
13606,2024-01-01 18:15:21,4150,DL,12266,10397,4,854.55
13607,2025-05-30 00:46:45,1843,UA,10397,12892,1,519.11
13608,2024-01-10 21:57:09,4378,WN,13303,12478,2,513.76
13609,2024-11-27 15:58:15,4299,DL,14869,12478,3,1066.14
13610,2024-06-24 03:21:55,2466,DL,10397,15016,2,365.35
13611,2025-01-22 01:50:54,3887,DL,15016,11433,4,1528.92
13612,2024-12-06 19:13:03,4481,DL,12266,10397,4,949.03
13613,2025-07-27 19:16:26,1658,DL,14057,14869,4,1674.41
13614,2025-09-12 14:14:20,1691,DL,11433,13303,2,628.66
13615,2024-01-23 21:28:40,4781,DL,10397,15016,2,728.29
13616,2024-02-19 10:05:35,3299,DL,14057,14869,1,511.93
13617,2024-12-12 11:22:11,1220,WN,13303,12478,2,460.74
13618,2024-01-30 04:14:08,3453,DL,14869,12478,1,223.65
13619,2024-03-25 16:53:41,3418,DL,11193,12892,3,1703.89
13620,2025-05-18 13:54:56,3163,WN,13303,12478,1,346.21
13621,2024-07-24 03:22:31,1758,AA,12892,10397,2,480.42
13622,2025-06-06 01:47:56,3228,DL,15016,11433,2,499.0
13623,2025-08-02 17:01:58,4943,DL,14057,14869,2,972.89
13624,2024-01-15 01:57:50,2116,DL,11433,13303,3,1792.72
13625,2025-05-08 04:17:58,1502,DL,15016,11433,2,339.51
13626,2025-05-08 05:53:42,4591,DL,11433,13303,1,241.23
13627,2024-03-05 02:55:08,3326,DL,11433,13303,2,1013.93
13628,2025-05-02 05:06:25,1739,UA,10397,12892,2,691.33
13629,2025-06-14 20:43:57,1230,DL,14869,12478,4,2325.88
13630,2024-09-17 03:19:34,1155,DL,14869,12478,2,496.34
13631,2024-04-14 11:21:26,1880,DL,11193,12892,1,546.83
13632,2025-01-19 12:17:56,2093,DL,11433,13303,3,1389.39
13633,2024-07-30 20:54:19,2552,WN,13303,12478,1,333.68
13634,2024-11-10 06:21:25,1163,AA,12892,10397,2,765.3
13635,2024-12-19 17:07:21,3479,DL,15016,11433,2,700.46
13636,2024-03-09 15:36:23,3931,DL,15016,11433,1,488.53
13637,2025-09-25 01:03:23,2891,UA,10397,12892,1,293.88
13638,2025-03-17 11:06:21,1875,DL,15016,11433,4,913.75
13639,2024-04-18 23:43:29,1680,DL,14057,14869,1,292.46
13640,2025-03-26 22:17:42,4634,DL,10397,15016,1,339.35
13641,2024-11-01 16:24:49,2537,DL,10397,15016,3,1435.49
13642,2025-08-11 12:46:24,1545,DL,15016,11433,1,279.22
13643,2025-07-20 09:23:07,3383,UA,10397,12892,1,213.84
13644,2025-09-03 01:56:41,3694,DL,11433,13303,2,627.47
13645,2025-05-07 01:12:15,4211,DL,12266,10397,1,578.95
13646,2024-09-22 16:51:25,3051,DL,15016,11433,1,362.33
13647,2024-11-28 14:00:34,4024,DL,12266,10397,4,730.33
13648,2024-04-05 08:17:51,1763,DL,12266,10397,3,1705.43
13649,2024-04-06 12:51:02,2229,DL,14057,14869,3,575.2
13650,2024-07-07 12:45:03,1653,DL,14869,12478,3,1442.88
13651,2025-03-13 13:44:30,3137,DL,12266,10397,2,473.28
13652,2025-06-26 22:14:06,2211,WN,13303,12478,3,1296.7
13653,2025-02-08 15:21:20,2664,DL,12266,10397,2,475.05
13654,2025-04-15 04:15:18,3656,DL,11433,13303,4,1020.93
13655,2025-02-20 16:31:46,4436,DL,12266,10397,2,959.64
13656,2024-04-27 08:52:38,3706,DL,14869,12478,1,482.16
13657,2025-03-29 23:58:18,2082,DL,14869,12478,2,469.47
13658,2024-12-24 03:46:17,4402,DL,11433,13303,2,647.84
13659,2024-06-03 12:15:12,4887,DL,10397,15016,2,352.27
13660,2025-01-01 12:52:54,4697,DL,15016,11433,1,190.32
13661,2024-06-14 09:31:04,4658,DL,11193,12892,2,1148.72
13662,2025-09-16 18:13:09,3089,DL,14057,14869,3,1312.92
13663,2025-09-19 04:46:13,3953,DL,11433,13303,2,806.38
13664,2024-08-05 14:21:10,3167,DL,12266,10397,4,1261.74
13665,2024-08-09 19:02:15,1424,AA,12892,10397,1,321.21
13666,2025-05-24 16:41:00,2315,DL,12266,10397,3,1287.33
13667,2025-04-15 07:03:06,1079,DL,11433,13303,1,577.96
13668,2024-12-28 17:45:54,3114,DL,14869,12478,3,1755.93
13669,2025-07-06 05:59:21,4475,DL,11433,13303,3,1589.55
13670,2024-08-20 04:25:39,3300,DL,15016,11433,1,450.74
13671,2024-03-28 18:22:30,1407,AA,12892,10397,2,1198.81
13672,2025-03-26 22:47:52,4765,DL,12266,10397,1,448.6
13673,2024-09-26 13:00:19,3316,DL,14869,12478,1,240.4
13674,2025-09-15 22:43:14,4975,DL,10397,15016,4,1157.71
13675,2024-12-15 09:40:54,3463,DL,10397,15016,4,1070.22
13676,2025-07-17 14:15:51,1934,WN,13303,12478,3,1561.72
13677,2024-06-06 00:16:51,2724,DL,10397,15016,1,329.12
13678,2024-05-29 11:15:18,3988,WN,13303,12478,4,887.64
13679,2025-10-29 08:47:47,1646,DL,14057,14869,4,2065.79
13680,2025-05-24 10:41:48,1580,AA,12892,10397,1,377.32
13681,2024-11-10 22:49:07,3133,DL,12266,10397,3,1198.63
13682,2024-11-12 01:12:04,1715,DL,15016,11433,2,528.02
13683,2025-04-29 19:07:46,1906,DL,10397,15016,3,1527.7
13684,2025-03-19 10:48:07,2895,WN,13303,12478,4,1199.82
13685,2025-01-05 08:26:12,4977,AA,12892,10397,2,885.69
13686,2024-06-12 13:39:16,2385,DL,12266,10397,4,1893.57
13687,2024-05-23 20:33:24,2033,DL,12266,10397,4,1001.2
13688,2024-02-14 07:27:40,4243,DL,12266,10397,4,790.31
13689,2025-05-11 08:12:32,1679,DL,11193,12892,4,1987.01
13690,2025-07-27 18:34:24,2782,DL,14869,12478,1,596.77
13691,2024-10-07 19:22:16,1805,DL,11193,12892,4,773.73
13692,2025-01-27 19:21:26,1065,UA,10397,12892,2,1065.11
13693,2024-05-07 10:31:21,1324,AA,12892,10397,2,900.91
13694,2024-12-08 03:17:42,4710,UA,10397,12892,3,588.77
13695,2024-12-03 06:48:43,3619,WN,13303,12478,1,194.75
13696,2024-10-11 17:27:45,4845,DL,11193,12892,4,2183.6
13697,2024-08-26 15:48:32,3522,WN,13303,12478,2,420.33
13698,2024-03-08 18:25:46,3896,AA,12892,10397,2,351.57
13699,2024-03-11 01:40:13,3722,DL,11433,13303,1,394.33
13700,2024-01-04 17:22:34,1831,DL,11193,12892,1,329.29
13701,2025-06-09 17:18:54,3286,DL,12266,10397,4,1028.26
13702,2024-09-15 19:42:04,2968,AA,12892,10397,2,1048.09
13703,2024-10-11 16:13:24,2271,DL,10397,15016,4,1655.16
13704,2025-05-10 15:02:28,3753,DL,11193,12892,1,297.15
13705,2024-07-07 02:27:09,2815,DL,15016,11433,3,602.86
13706,2024-06-08 05:04:08,4898,DL,10397,15016,4,885.57
13707,2024-01-05 04:38:21,1868,DL,10397,15016,4,1524.11
13708,2024-02-02 15:07:37,1028,DL,15016,11433,4,1056.36
13709,2025-06-14 08:24:55,1575,UA,10397,12892,4,1312.85
13710,2024-04-15 05:22:37,1175,DL,14869,12478,2,854.62
13711,2024-10-19 10:11:40,4592,DL,11433,13303,1,599.9
13712,2024-05-16 14:56:55,2180,DL,11433,13303,4,852.42
13713,2024-02-06 01:17:08,4619,UA,10397,12892,3,1025.76
13714,2024-02-28 05:31:02,3376,DL,15016,11433,4,1149.67
13715,2025-09-13 23:43:06,3807,DL,14869,12478,2,890.17
13716,2025-02-16 05:51:06,2513,WN,13303,12478,3,1336.29
13717,2025-02-03 00:05:57,2460,DL,11433,13303,3,1499.61
13718,2024-03-14 18:55:02,1204,DL,15016,11433,1,360.66
13719,2025-05-13 10:11:49,4887,DL,11433,13303,1,183.7
13720,2025-04-03 16:09:01,1269,DL,14869,12478,4,1531.98
13721,2025-04-20 01:18:22,2701,WN,13303,12478,2,606.31
13722,2025-07-04 08:28:08,1906,AA,12892,10397,4,2089.77
13723,2024-04-12 04:17:48,4678,DL,10397,15016,4,722.09
13724,2025-01-11 01:42:43,2091,UA,10397,12892,3,632.45
13725,2025-01-05 12:27:47,4069,WN,13303,12478,4,1308.53
13726,2024-02-06 02:40:47,3635,UA,10397,12892,3,1454.22
13727,2024-11-05 19:45:06,4246,DL,11433,13303,4,1791.12
13728,2024-05-14 06:53:22,3846,WN,13303,12478,2,407.79
13729,2025-09-01 08:22:32,3697,DL,11193,12892,3,898.26
13730,2024-06-22 04:12:08,4076,UA,10397,12892,3,1431.38
13731,2025-01-05 15:53:41,2228,DL,11193,12892,2,615.02
13732,2025-03-11 14:17:55,3420,DL,15016,11433,2,866.88
13733,2025-08-03 17:15:39,4837,DL,14057,14869,2,341.69
13734,2024-10-03 08:19:12,1062,AA,12892,10397,3,1054.22
13735,2024-07-20 00:12:05,1778,DL,12266,10397,1,444.17
13736,2025-02-28 03:24:07,2122,WN,13303,12478,2,1138.75
13737,2025-02-13 15:08:23,3204,DL,15016,11433,3,998.27
13738,2024-10-11 22:59:32,3273,DL,14057,14869,3,1310.6
13739,2025-02-07 16:27:11,4291,DL,11433,13303,2,847.1
13740,2025-09-08 00:42:07,4860,UA,10397,12892,2,366.34
13741,2024-09-04 17:30:41,3334,AA,12892,10397,1,155.24
13742,2024-09-23 13:28:14,1191,WN,13303,12478,3,578.75
13743,2024-08-30 06:08:23,2944,UA,10397,12892,2,313.93
13744,2025-01-27 07:59:58,4770,DL,10397,15016,3,473.1
13745,2024-07-12 02:40:34,3129,WN,13303,12478,4,1513.05
13746,2024-04-25 23:10:10,4294,UA,10397,12892,2,922.58
13747,2024-02-09 19:43:53,1771,DL,10397,15016,3,1421.94
13748,2025-10-17 16:11:00,4615,DL,11193,12892,3,1534.21
13749,2024-06-22 01:01:38,1560,WN,13303,12478,3,498.28
13750,2024-02-09 06:28:50,1729,DL,14057,14869,2,670.24
13751,2025-06-10 04:45:21,1363,DL,10397,15016,4,1938.22
13752,2024-07-19 11:23:35,4481,DL,12266,10397,3,1541.82
13753,2025-08-17 07:23:16,3759,DL,14869,12478,4,2254.01
13754,2024-03-05 02:04:51,2605,DL,11193,12892,3,951.49
13755,2024-01-16 05:26:04,1184,WN,13303,12478,3,918.0
13756,2024-12-12 15:25:48,4960,DL,12266,10397,3,966.9
13757,2025-01-09 09:08:12,1498,DL,12266,10397,1,222.06
13758,2024-11-02 10:51:23,2743,WN,13303,12478,2,448.42
13759,2024-07-13 07:28:38,4602,DL,11193,12892,2,327.35
13760,2025-02-21 13:58:46,3906,DL,11433,13303,4,655.54
13761,2024-08-22 05:49:23,4496,WN,13303,12478,1,382.97
13762,2024-02-01 14:04:36,1259,WN,13303,12478,2,663.46
13763,2024-09-24 21:11:49,1539,DL,11193,12892,2,489.65
13764,2024-07-11 22:58:43,1360,UA,10397,12892,4,1689.76
13765,2024-01-11 05:31:05,1655,DL,11193,12892,1,415.35
13766,2025-07-04 18:27:23,1457,DL,14057,14869,2,778.68
13767,2025-05-29 16:47:27,3930,DL,12266,10397,3,1004.92
13768,2024-09-13 10:38:52,1417,DL,11193,12892,4,1055.54
13769,2024-03-25 19:35:41,4291,UA,10397,12892,2,564.96
13770,2025-03-14 00:44:55,4082,DL,10397,15016,2,427.48
13771,2024-02-25 01:33:13,2366,DL,11193,12892,2,806.66
13772,2024-09-30 06:49:50,4811,DL,11193,12892,4,1518.95
13773,2024-01-15 18:18:30,1701,DL,12266,10397,2,325.17
13774,2025-06-12 01:58:29,4943,DL,14869,12478,1,332.31
13775,2024-02-13 07:36:47,3384,DL,14869,12478,3,1734.94
13776,2025-05-07 01:50:36,1318,DL,14869,12478,2,956.59
13777,2024-04-11 01:22:32,1224,DL,11193,12892,4,840.69
13778,2025-09-03 18:52:22,3242,DL,11193,12892,3,906.81
13779,2025-05-10 23:57:39,3747,DL,12266,10397,4,2012.18
13780,2024-04-26 13:50:01,3513,DL,15016,11433,1,360.38
13781,2025-07-13 00:21:31,1986,DL,10397,15016,2,624.68
13782,2024-05-09 18:33:25,4961,DL,11433,13303,3,1672.17
13783,2024-06-25 18:48:33,3572,DL,14057,14869,2,698.36
13784,2024-10-26 22:24:28,4190,UA,10397,12892,4,2092.12
13785,2024-08-10 03:00:09,1703,WN,13303,12478,1,579.88
13786,2024-12-11 20:05:17,2071,DL,15016,11433,3,1444.75
13787,2024-02-21 06:30:17,3933,WN,13303,12478,1,253.02
13788,2024-05-06 18:27:28,3086,AA,12892,10397,3,521.15
13789,2024-03-25 00:56:11,4734,DL,11193,12892,1,372.48
13790,2024-03-18 11:06:53,2185,WN,13303,12478,4,1722.64
13791,2024-05-31 08:31:53,4890,DL,11193,12892,2,704.08
13792,2024-10-20 12:31:04,2610,DL,14869,12478,2,827.42
13793,2025-09-07 05:14:34,3686,DL,12266,10397,1,313.94
13794,2025-08-14 07:26:11,2393,AA,12892,10397,1,581.18
13795,2024-05-25 20:47:19,2063,DL,11193,12892,1,467.93
13796,2024-08-29 09:58:37,4418,DL,11193,12892,3,1372.84
13797,2024-12-10 03:01:01,4718,DL,11433,13303,3,1265.1
13798,2025-05-16 10:03:39,1159,DL,14869,12478,2,1151.24
13799,2025-03-27 05:55:41,3894,DL,11193,12892,4,2059.72
13800,2024-01-08 00:17:18,2178,AA,12892,10397,1,400.46
13801,2025-10-11 15:08:36,4723,DL,14869,12478,3,738.49
13802,2025-10-01 23:25:23,1658,UA,10397,12892,1,316.11
13803,2024-07-14 03:12:26,3321,DL,14869,12478,4,1074.11
13804,2024-09-04 05:50:10,2768,WN,13303,12478,1,430.48
13805,2025-02-04 01:19:26,1297,DL,11193,12892,4,1131.09
13806,2025-06-13 21:54:22,3213,DL,11433,13303,4,1024.91
13807,2024-01-22 15:37:54,1528,AA,12892,10397,2,505.49
13808,2025-04-04 22:11:30,4871,WN,13303,12478,1,484.66
13809,2024-09-26 16:04:24,2621,DL,11433,13303,4,1484.07
13810,2025-07-13 02:33:26,1010,UA,10397,12892,2,928.93
13811,2025-05-27 11:21:23,4287,DL,11433,13303,1,461.76
13812,2025-07-15 04:13:42,1737,AA,12892,10397,3,1085.05
13813,2024-01-17 10:09:38,4841,DL,11193,12892,3,1432.96
13814,2024-03-23 10:03:48,4228,DL,14057,14869,3,1318.8
13815,2025-06-10 03:26:51,4010,DL,11433,13303,3,502.52
13816,2025-06-20 16:27:34,4018,AA,12892,10397,1,576.15
13817,2024-11-08 05:10:54,1265,DL,12266,10397,2,813.89
13818,2025-04-08 22:47:19,3529,DL,11433,13303,2,448.52
13819,2024-11-15 23:00:27,4852,AA,12892,10397,4,1121.31
13820,2024-09-23 02:45:32,1396,DL,14057,14869,4,1178.86
13821,2024-05-20 14:16:51,2875,DL,15016,11433,1,558.96
13822,2025-07-02 11:10:09,1776,DL,12266,10397,2,472.16
13823,2025-01-02 04:43:57,1525,DL,14869,12478,4,1980.25
13824,2024-12-24 02:05:01,1642,DL,15016,11433,2,339.22
13825,2024-03-28 18:02:35,3415,DL,12266,10397,3,698.2
13826,2025-03-08 21:08:08,1956,WN,13303,12478,3,767.72
13827,2025-06-24 18:12:50,1621,DL,14057,14869,1,184.41
13828,2025-02-28 19:52:19,4051,UA,10397,12892,1,511.64
13829,2024-06-24 08:39:45,2998,DL,14057,14869,4,998.37
13830,2024-12-12 08:56:35,4088,UA,10397,12892,4,2203.66
13831,2024-11-21 21:15:22,1006,DL,15016,11433,2,1099.06
13832,2025-04-25 02:04:03,4675,DL,14869,12478,4,2052.28
13833,2024-05-06 12:31:10,3440,DL,15016,11433,3,915.01
13834,2024-07-08 09:43:05,4080,DL,10397,15016,3,554.11
13835,2025-09-24 07:35:44,3013,DL,12266,10397,3,1663.27
13836,2024-05-28 06:59:44,2466,AA,12892,10397,2,1163.55
13837,2024-09-11 22:28:49,4176,DL,14869,12478,4,811.18
13838,2024-04-06 13:01:22,4226,DL,15016,11433,2,1025.69
13839,2024-06-14 01:37:52,4261,DL,11433,13303,3,570.44
13840,2025-03-26 23:50:29,3912,DL,14869,12478,1,300.54
13841,2024-07-05 16:17:42,4411,DL,15016,11433,2,876.58
13842,2024-03-02 20:30:59,4040,DL,11193,12892,2,562.66
13843,2025-03-26 18:45:52,3229,DL,11193,12892,2,325.88
13844,2025-08-23 15:54:54,4240,UA,10397,12892,2,983.07
13845,2025-01-18 18:53:21,1319,DL,11193,12892,2,723.8
13846,2025-08-25 11:10:52,1880,DL,11193,12892,4,1494.14
13847,2024-12-17 15:07:35,2310,DL,14057,14869,3,1353.34
13848,2025-01-31 03:17:17,1714,DL,12266,10397,4,1880.97
13849,2024-11-12 06:34:52,2412,UA,10397,12892,2,987.38
13850,2024-10-24 13:42:59,2170,DL,14869,12478,4,2307.31
13851,2025-01-26 02:04:30,1757,DL,12266,10397,4,1749.72
13852,2024-02-01 22:43:32,1526,DL,11433,13303,3,662.31
13853,2025-06-02 19:39:21,3130,DL,15016,11433,1,578.7
13854,2024-09-19 13:33:55,1494,DL,12266,10397,4,1879.81
13855,2024-10-28 04:54:06,2733,UA,10397,12892,4,908.59
13856,2024-02-12 08:32:00,4713,DL,14057,14869,2,379.75
13857,2024-07-22 00:37:27,3492,AA,12892,10397,2,672.16
13858,2024-12-29 14:21:26,1577,UA,10397,12892,1,322.22
13859,2025-03-02 06:38:28,3757,DL,11193,12892,2,743.91
13860,2025-06-23 00:27:50,4318,WN,13303,12478,3,1453.29
13861,2024-06-19 15:43:09,1325,AA,12892,10397,3,1039.75
13862,2025-09-28 10:50:07,4493,DL,10397,15016,2,860.84
13863,2024-01-16 07:54:18,4566,DL,14057,14869,1,454.1
13864,2025-08-03 20:29:08,2129,DL,14057,14869,1,576.23
13865,2024-02-05 14:22:13,1099,DL,10397,15016,2,1005.2
13866,2024-06-12 13:48:48,4055,DL,12266,10397,2,400.96
13867,2025-09-25 15:35:26,1235,DL,14869,12478,2,338.26
13868,2024-01-21 17:03:09,1540,DL,12266,10397,4,1005.25
13869,2024-07-02 08:54:39,3266,DL,10397,15016,3,683.09
13870,2025-08-23 22:12:36,2312,DL,11433,13303,1,151.71
13871,2025-09-15 13:28:58,2290,DL,14869,12478,4,2192.61
13872,2025-06-05 08:38:59,1704,DL,14869,12478,3,482.37
13873,2024-09-23 07:37:24,4184,DL,15016,11433,3,1240.93
13874,2025-01-09 02:28:28,4319,AA,12892,10397,4,2386.09
13875,2024-07-13 19:45:11,1959,DL,11433,13303,4,2059.06
13876,2025-04-30 15:09:53,1468,DL,14869,12478,2,852.87
13877,2025-01-03 18:00:25,1892,DL,14057,14869,3,506.04
13878,2024-10-10 01:55:17,1274,DL,10397,15016,2,976.51
13879,2024-02-10 05:31:20,4048,WN,13303,12478,4,1601.37
13880,2025-05-08 01:53:13,4975,DL,11433,13303,1,432.9
13881,2024-02-10 03:08:17,4224,DL,15016,11433,2,895.32
13882,2025-07-09 15:30:39,2058,UA,10397,12892,1,310.86
13883,2024-07-16 01:58:12,1782,DL,10397,15016,1,581.34
13884,2025-10-18 14:11:04,1927,WN,13303,12478,4,1232.54
13885,2024-03-17 22:14:16,4427,DL,14057,14869,1,514.66
13886,2024-02-15 03:30:11,4421,DL,14869,12478,4,1427.23
13887,2025-04-21 05:35:52,1290,UA,10397,12892,3,1601.43
13888,2024-07-26 23:06:43,2853,DL,15016,11433,1,349.3
13889,2024-08-17 09:14:38,3144,DL,15016,11433,3,562.01
13890,2025-05-06 18:14:50,1715,DL,12266,10397,4,1575.95
13891,2024-01-17 05:48:43,2718,DL,10397,15016,4,1616.03
13892,2024-09-10 13:25:52,4741,DL,11433,13303,4,1213.99
13893,2025-01-28 13:19:34,1103,DL,12266,10397,2,796.84
13894,2025-06-18 00:49:23,1942,WN,13303,12478,1,566.31
13895,2025-08-10 04:10:45,3086,DL,12266,10397,2,653.07
13896,2025-10-05 15:20:12,3561,DL,11433,13303,3,764.42
13897,2024-10-09 12:12:42,3667,DL,10397,15016,2,415.05
13898,2025-07-19 00:16:22,2397,DL,11193,12892,3,564.1
13899,2024-01-05 06:44:07,4615,DL,14057,14869,1,479.0
13900,2025-05-29 18:23:17,3789,UA,10397,12892,3,1462.39
13901,2024-03-17 02:05:24,4280,DL,12266,10397,1,488.93
13902,2024-08-29 13:18:21,4373,UA,10397,12892,4,1106.73
13903,2024-08-15 16:23:47,2430,UA,10397,12892,3,1327.75
13904,2025-04-29 20:29:06,2062,UA,10397,12892,4,1713.68
13905,2025-01-16 12:07:48,1766,DL,15016,11433,2,568.26
13906,2024-12-06 08:59:04,2063,UA,10397,12892,2,1052.98
13907,2024-12-07 09:00:15,3854,DL,11433,13303,2,768.76
13908,2024-10-22 17:47:02,3265,UA,10397,12892,4,2168.53
13909,2024-10-02 22:01:55,2957,UA,10397,12892,2,639.57
13910,2025-03-20 12:08:38,1424,DL,11193,12892,2,877.0
13911,2024-05-01 17:42:31,4358,AA,12892,10397,4,1279.55
13912,2024-08-31 17:55:35,1368,DL,11433,13303,3,1365.69
13913,2024-08-04 13:07:55,1096,DL,11193,12892,3,768.81
13914,2025-01-12 16:00:08,1796,DL,12266,10397,2,830.71
13915,2024-08-27 09:18:46,1845,DL,11193,12892,1,420.44
13916,2024-08-23 23:26:50,1295,WN,13303,12478,3,1516.32
13917,2025-05-26 21:54:38,3013,WN,13303,12478,2,575.8
13918,2024-09-10 03:55:56,4903,DL,11433,13303,2,834.54
13919,2024-11-06 21:21:41,4329,DL,10397,15016,4,834.35
13920,2025-10-13 22:12:30,4621,DL,11193,12892,2,465.53
13921,2024-10-08 07:13:55,3461,DL,12266,10397,1,539.96
13922,2024-08-09 11:37:03,1852,UA,10397,12892,4,1534.3
13923,2024-04-29 08:14:11,4847,DL,11433,13303,4,1499.04
13924,2025-01-04 18:13:01,3051,DL,11433,13303,4,905.57
13925,2024-05-22 20:01:55,2706,DL,15016,11433,3,638.56
13926,2024-08-06 01:09:13,4754,WN,13303,12478,2,468.77
13927,2024-05-08 16:38:53,4848,DL,15016,11433,1,427.4
13928,2024-10-03 15:00:36,4592,DL,14057,14869,2,1155.77
13929,2025-09-16 10:43:24,2692,AA,12892,10397,1,590.73
13930,2024-12-19 21:39:28,3728,DL,11433,13303,2,1005.84
13931,2024-03-05 22:30:05,2750,WN,13303,12478,3,1178.79
13932,2024-05-02 21:16:40,3656,DL,15016,11433,2,308.89
13933,2024-04-03 03:56:07,1711,UA,10397,12892,4,1282.47
13934,2025-04-19 04:13:46,4481,DL,14057,14869,1,530.13
13935,2024-06-29 10:36:29,2240,UA,10397,12892,3,1573.35
13936,2024-12-04 23:21:48,3602,WN,13303,12478,2,702.73
13937,2025-10-18 16:11:01,3348,DL,10397,15016,1,534.82
13938,2025-09-09 13:26:59,4705,DL,10397,15016,1,239.47
13939,2025-09-27 15:01:19,2730,DL,12266,10397,4,1367.24
13940,2024-10-21 18:12:12,2392,DL,11193,12892,3,896.67
13941,2024-11-09 19:31:45,2398,WN,13303,12478,4,1383.91
13942,2025-01-15 22:54:30,2799,DL,12266,10397,2,344.48
13943,2024-08-05 18:56:05,1310,DL,10397,15016,4,1962.66
13944,2025-03-26 07:57:36,4264,UA,10397,12892,1,310.77
13945,2025-04-22 21:00:17,3400,DL,11433,13303,2,474.4
13946,2024-02-26 19:19:44,4447,DL,11193,12892,1,474.38
13947,2024-10-27 14:18:28,3720,WN,13303,12478,4,695.15
13948,2025-01-31 16:48:28,1492,DL,10397,15016,2,1005.68
13949,2024-09-03 23:17:30,1488,AA,12892,10397,1,550.06
13950,2024-11-22 04:02:23,2971,UA,10397,12892,3,1014.0
13951,2025-10-23 22:49:10,3309,WN,13303,12478,4,2145.21
13952,2024-07-24 11:28:52,1984,DL,15016,11433,4,2297.34
13953,2024-02-19 05:04:33,1821,DL,14869,12478,2,506.15
13954,2024-10-22 01:33:15,1688,DL,15016,11433,1,311.82
13955,2024-07-27 12:17:37,4820,DL,12266,10397,4,1764.97
13956,2024-09-03 06:18:16,4945,AA,12892,10397,3,1745.16
13957,2024-08-24 17:55:40,1997,DL,10397,15016,4,704.16
13958,2025-09-02 17:32:47,4748,DL,12266,10397,1,433.4
13959,2025-08-24 06:27:20,2367,DL,11433,13303,1,192.93
13960,2025-09-28 00:07:14,2183,DL,14057,14869,2,500.17
13961,2025-05-30 23:21:17,4085,DL,12266,10397,1,469.78
13962,2025-07-29 18:58:53,1163,DL,10397,15016,3,914.08
13963,2025-03-10 18:18:15,3141,DL,12266,10397,1,459.76
13964,2024-06-03 21:50:21,3239,DL,12266,10397,4,2376.31
13965,2024-04-18 19:40:27,1726,AA,12892,10397,1,384.08
13966,2025-06-14 06:56:10,2322,DL,14869,12478,3,742.94
13967,2025-01-31 18:39:39,4544,DL,14057,14869,4,1315.89
13968,2024-01-07 03:56:28,2349,DL,15016,11433,4,1269.87
13969,2025-05-27 06:41:38,3279,DL,14869,12478,1,558.61
13970,2024-03-04 22:24:09,1354,WN,13303,12478,1,227.47
13971,2024-01-07 01:54:15,4215,UA,10397,12892,3,945.86
13972,2025-10-01 19:58:34,4144,DL,10397,15016,2,1113.42
13973,2025-06-16 00:50:11,3396,DL,14057,14869,1,168.97
13974,2025-08-16 13:30:21,3146,DL,14057,14869,4,1705.65
13975,2024-07-06 00:21:01,1107,DL,14057,14869,1,273.93
13976,2024-07-03 23:36:57,4718,DL,11193,12892,2,378.87
13977,2024-07-15 21:54:53,1197,DL,14869,12478,3,1594.08
13978,2025-03-27 19:50:34,3536,DL,14057,14869,3,517.93
13979,2024-02-03 20:59:26,4116,DL,12266,10397,2,328.14
13980,2025-04-11 17:09:35,4754,DL,14869,12478,2,936.32
13981,2025-07-20 06:35:15,3168,DL,11193,12892,3,915.64
13982,2025-05-12 02:06:11,2241,DL,11193,12892,2,328.87
13983,2025-05-22 01:41:49,1572,WN,13303,12478,1,519.25
13984,2025-09-06 07:50:32,2088,DL,14057,14869,3,650.82
13985,2025-10-21 16:24:10,2049,UA,10397,12892,3,973.09
13986,2024-12-24 02:22:56,4614,DL,12266,10397,4,2077.68
13987,2024-12-24 07:07:12,1574,DL,14057,14869,3,1317.76
13988,2024-04-06 19:48:48,4507,DL,14869,12478,2,491.92
13989,2024-05-11 13:43:27,2865,AA,12892,10397,4,1793.28
13990,2024-09-09 01:35:36,1791,UA,10397,12892,2,930.4
13991,2024-03-17 04:25:10,4888,DL,11193,12892,4,911.4
13992,2024-01-20 10:07:01,4289,DL,12266,10397,4,625.61
13993,2024-06-29 04:11:35,4842,DL,14869,12478,4,2338.34
13994,2024-11-01 06:03:33,2834,DL,11433,13303,2,869.43
13995,2025-06-29 22:07:32,4495,DL,10397,15016,1,495.22
13996,2025-07-05 01:42:44,2478,DL,11433,13303,4,992.7
13997,2024-05-14 12:30:53,3522,DL,11433,13303,3,519.12
13998,2024-06-07 09:43:29,2549,DL,14057,14869,3,1796.12
13999,2024-10-12 00:00:32,2310,DL,14057,14869,3,948.79
14000,2025-06-19 20:58:10,3144,AA,12892,10397,2,865.53
14001,2024-04-10 00:23:10,3917,DL,11193,12892,3,853.85
14002,2024-11-30 15:27:49,3107,AA,12892,10397,2,1036.38
14003,2024-04-25 08:32:25,2668,UA,10397,12892,2,1131.65
14004,2024-10-29 11:16:09,2551,DL,10397,15016,3,910.13
14005,2024-07-30 13:03:56,2246,UA,10397,12892,1,341.59
14006,2024-11-27 02:45:50,3312,DL,15016,11433,3,1670.67
14007,2025-01-02 04:15:46,1583,DL,14869,12478,4,1567.49
14008,2024-02-16 14:17:09,2092,DL,14057,14869,1,452.03
14009,2024-06-23 05:32:24,3795,DL,11433,13303,3,1248.52
14010,2025-04-24 02:33:20,2236,AA,12892,10397,1,330.64
14011,2024-07-22 18:18:11,4421,DL,10397,15016,1,216.87
14012,2024-11-23 06:52:02,1035,DL,14057,14869,1,434.55
14013,2025-10-06 21:25:24,1368,AA,12892,10397,4,1597.51
14014,2024-05-23 12:19:42,3327,DL,14869,12478,4,1977.73
14015,2025-02-27 20:43:11,4548,DL,10397,15016,2,1026.98
14016,2025-04-06 09:44:04,2170,DL,15016,11433,4,1744.87
14017,2025-06-30 03:20:18,1500,DL,12266,10397,1,541.6
14018,2025-01-10 23:41:59,4956,DL,14057,14869,1,475.0
14019,2025-02-20 13:50:59,3093,WN,13303,12478,2,1070.07
14020,2024-03-06 11:51:23,2287,DL,11193,12892,4,771.08
14021,2024-03-17 20:44:07,2940,DL,10397,15016,1,299.75
14022,2025-07-30 02:04:09,2097,DL,15016,11433,2,1192.26
14023,2024-10-14 14:32:43,1268,DL,10397,15016,2,757.12
14024,2024-12-30 07:31:20,4226,DL,11193,12892,4,1674.08
14025,2024-06-26 07:00:29,3515,DL,14057,14869,3,1525.4
14026,2024-08-08 20:06:39,1264,AA,12892,10397,2,743.42
14027,2025-03-17 20:40:02,3038,DL,10397,15016,2,548.0
14028,2024-03-18 03:33:15,1812,DL,11433,13303,2,1056.31
14029,2025-06-24 05:09:52,4262,DL,11193,12892,4,1162.29
14030,2024-01-04 02:52:17,1590,DL,12266,10397,4,993.05
14031,2024-04-14 01:44:39,4423,UA,10397,12892,1,514.14
14032,2025-02-12 19:03:01,2287,WN,13303,12478,2,1154.33
14033,2025-04-27 06:51:00,2377,AA,12892,10397,4,1013.05
14034,2025-09-08 04:31:14,2101,DL,14869,12478,2,1183.53
14035,2025-05-05 18:14:29,2023,DL,14057,14869,2,739.65
14036,2025-03-12 05:32:04,3035,DL,12266,10397,2,443.78
14037,2025-03-11 03:50:09,2101,DL,10397,15016,2,430.13
14038,2025-05-05 23:06:23,3421,AA,12892,10397,2,755.16
14039,2024-12-30 01:02:02,2546,DL,15016,11433,1,348.15
14040,2024-06-05 21:50:30,4918,DL,12266,10397,3,1697.35
14041,2024-03-20 20:14:04,2002,DL,14057,14869,1,432.99
14042,2024-11-06 02:35:54,1424,AA,12892,10397,1,205.34
14043,2025-10-17 12:51:56,1171,DL,10397,15016,3,1489.51
14044,2025-06-13 11:08:09,2698,DL,14057,14869,1,574.58
14045,2024-01-07 21:13:41,1593,DL,11433,13303,3,1575.96
14046,2024-06-01 12:51:36,1255,DL,10397,15016,4,1324.0
14047,2024-02-14 05:45:51,3589,DL,12266,10397,3,602.02
14048,2025-10-21 09:11:48,4894,DL,15016,11433,4,1395.41
14049,2025-06-20 20:46:34,4825,DL,11193,12892,4,1822.73
14050,2025-03-10 19:46:34,1558,DL,14057,14869,3,854.19
14051,2025-09-06 14:16:14,1619,UA,10397,12892,4,924.06
14052,2025-04-28 19:16:13,4590,DL,10397,15016,1,400.06
14053,2025-06-11 01:51:43,2737,DL,14057,14869,1,537.01
14054,2024-07-01 09:14:37,3627,AA,12892,10397,2,514.04
14055,2025-02-17 18:07:46,2064,DL,11433,13303,3,1102.54
14056,2025-10-23 13:09:27,4966,AA,12892,10397,3,889.05
14057,2024-01-25 08:19:03,4142,DL,14869,12478,4,675.82
14058,2024-11-10 23:26:26,3884,DL,10397,15016,4,874.78
14059,2025-05-04 22:55:20,2908,DL,11193,12892,4,2219.19
14060,2025-10-14 00:38:59,2873,AA,12892,10397,3,1225.96
14061,2025-07-07 15:41:06,4213,AA,12892,10397,3,854.91
14062,2025-04-08 21:10:13,1600,DL,11433,13303,3,1640.9
14063,2024-03-02 01:26:49,2887,UA,10397,12892,4,1957.71
14064,2024-05-25 05:50:57,3160,AA,12892,10397,1,502.23
14065,2024-11-17 04:37:37,2140,DL,14869,12478,4,2330.46
14066,2025-02-08 01:10:02,2157,DL,12266,10397,3,821.89
14067,2024-10-23 06:25:06,2253,DL,10397,15016,2,540.79
14068,2024-02-23 16:08:56,1239,WN,13303,12478,3,895.59
14069,2024-07-01 00:51:56,2335,WN,13303,12478,4,1726.48
14070,2024-07-27 21:03:57,3376,DL,11433,13303,2,889.02
14071,2025-02-07 22:23:38,4413,DL,10397,15016,4,1598.53
14072,2024-11-21 15:47:04,2571,DL,11433,13303,1,546.37
14073,2025-08-27 17:36:29,3934,DL,14057,14869,4,850.34
14074,2024-08-19 14:29:14,1796,DL,10397,15016,1,205.19
14075,2025-06-02 04:01:13,2597,WN,13303,12478,3,1741.15
14076,2025-09-20 08:43:03,3873,UA,10397,12892,2,718.73
14077,2024-04-22 01:02:03,1189,DL,12266,10397,2,966.71
14078,2024-10-28 21:36:59,4812,WN,13303,12478,3,972.3
14079,2025-06-16 21:05:03,4395,DL,14869,12478,3,703.1
14080,2025-01-18 00:17:00,2883,DL,14057,14869,3,1517.66
14081,2025-02-22 18:57:48,3696,UA,10397,12892,2,1128.37
14082,2024-11-11 06:31:37,4942,DL,11193,12892,4,1286.62
14083,2024-09-25 21:08:54,4519,DL,12266,10397,3,1292.0
14084,2024-02-11 05:39:31,4344,DL,14057,14869,4,1813.41
14085,2024-03-14 06:37:21,4768,DL,15016,11433,2,803.11
14086,2024-07-31 18:55:12,2817,UA,10397,12892,2,863.16
14087,2024-11-14 21:37:00,2335,DL,12266,10397,1,594.36
14088,2024-10-28 15:27:01,4961,DL,12266,10397,3,1630.87
14089,2024-11-30 16:56:02,4893,DL,12266,10397,1,594.67
14090,2025-10-22 18:50:31,4198,UA,10397,12892,2,1062.35
14091,2025-03-14 23:31:55,4543,DL,10397,15016,2,712.63
14092,2024-05-31 04:15:46,4383,UA,10397,12892,1,179.96
14093,2025-04-08 19:49:46,3335,DL,14057,14869,1,545.01
14094,2024-12-27 04:34:16,3445,DL,14057,14869,4,2370.0
14095,2024-04-06 03:51:39,4684,AA,12892,10397,1,334.58
14096,2024-09-28 04:40:16,4574,DL,15016,11433,4,685.1
14097,2025-08-28 02:28:29,3079,WN,13303,12478,1,455.89
14098,2024-01-06 08:53:54,4137,WN,13303,12478,3,1009.87
14099,2024-01-08 08:51:28,3607,DL,10397,15016,1,170.92
14100,2024-04-20 13:03:36,3125,DL,10397,15016,2,723.91
14101,2024-06-20 23:36:30,4573,DL,11433,13303,3,941.13
14102,2024-11-25 02:15:51,2919,DL,11193,12892,3,1231.49
14103,2025-02-17 11:27:49,4791,AA,12892,10397,1,204.6
14104,2025-02-01 02:14:24,2397,DL,10397,15016,2,591.98
14105,2025-06-21 14:08:58,2512,DL,15016,11433,3,1248.6
14106,2024-08-25 06:17:06,4828,DL,14869,12478,4,2082.0
14107,2025-01-29 09:22:55,4715,DL,15016,11433,3,1208.58
14108,2025-01-13 15:01:02,1453,DL,11433,13303,4,933.11
14109,2025-04-09 17:38:11,2074,DL,15016,11433,3,1004.19
14110,2025-07-10 16:44:19,4558,WN,13303,12478,1,557.18
14111,2024-05-29 04:39:18,2679,WN,13303,12478,2,333.57
14112,2024-01-21 03:58:47,3382,DL,11433,13303,1,578.65
14113,2025-08-18 11:11:26,4571,AA,12892,10397,3,1028.11
14114,2024-07-24 19:38:45,2550,UA,10397,12892,1,301.37
14115,2024-06-12 22:14:57,2427,DL,11433,13303,2,440.13
14116,2024-09-15 16:24:12,2799,DL,14869,12478,2,681.86
14117,2025-07-09 09:17:43,4786,DL,10397,15016,2,564.24
14118,2025-04-13 21:23:26,1390,WN,13303,12478,1,375.29
14119,2025-06-22 00:20:46,1198,UA,10397,12892,1,514.12
14120,2024-08-30 12:30:20,4649,DL,14057,14869,1,570.11
14121,2024-08-04 13:23:34,2376,UA,10397,12892,2,316.18
14122,2024-05-18 18:42:55,3120,DL,12266,10397,1,501.47
14123,2024-10-20 08:39:29,1285,DL,10397,15016,3,863.78
14124,2025-06-24 20:05:40,3144,DL,11433,13303,3,1217.21
14125,2024-07-27 19:15:48,4080,DL,14869,12478,4,1729.87
14126,2025-03-12 13:33:49,4513,DL,14869,12478,4,1603.75
14127,2024-04-25 04:05:37,2121,AA,12892,10397,1,236.36
14128,2025-04-05 16:24:16,3596,DL,11193,12892,3,1496.89
14129,2024-02-13 14:21:36,3501,DL,14869,12478,1,595.44
14130,2024-06-03 19:25:54,3439,WN,13303,12478,1,310.54
14131,2025-07-13 17:40:15,2890,DL,11193,12892,2,352.81
14132,2024-09-24 15:47:36,3079,DL,11193,12892,2,859.57
14133,2024-01-29 13:06:52,2994,WN,13303,12478,4,1427.57
14134,2024-02-08 08:42:59,3580,DL,10397,15016,4,1641.9
14135,2024-07-31 06:46:07,3029,WN,13303,12478,3,1461.06
14136,2025-01-17 19:59:47,4039,DL,10397,15016,1,535.51
14137,2024-03-22 12:15:32,3659,UA,10397,12892,1,573.69
14138,2025-07-17 15:00:44,1360,DL,10397,15016,4,1720.29
14139,2025-08-08 23:36:59,2691,DL,14057,14869,3,1548.81
14140,2024-02-09 04:22:36,2733,DL,11193,12892,1,558.25
14141,2024-06-13 06:59:46,3882,DL,15016,11433,4,1721.79
14142,2025-10-25 22:49:56,1125,DL,15016,11433,3,1605.34
14143,2024-05-13 08:09:13,3353,UA,10397,12892,3,663.83
14144,2025-10-04 01:48:42,3955,DL,10397,15016,3,1331.08
14145,2025-02-03 20:36:16,2066,DL,14869,12478,1,539.24
14146,2025-06-02 14:55:32,1713,DL,10397,15016,1,209.0
14147,2024-09-24 06:00:27,2648,DL,14869,12478,1,464.37
14148,2025-04-30 07:41:50,2321,DL,12266,10397,1,423.2
14149,2025-02-22 02:57:11,4677,WN,13303,12478,1,399.34
14150,2025-02-04 13:39:48,2863,WN,13303,12478,4,2374.26
14151,2024-12-14 12:18:32,2268,DL,15016,11433,3,1607.67
14152,2025-10-06 14:42:55,2049,DL,14869,12478,3,1399.68
14153,2024-10-31 10:41:48,3194,AA,12892,10397,1,237.78
14154,2024-01-01 17:24:20,1221,AA,12892,10397,3,482.5
14155,2024-10-30 21:00:54,2778,WN,13303,12478,3,1797.16
14156,2024-06-09 17:40:44,2211,DL,11193,12892,1,334.26
14157,2024-03-15 17:15:25,4934,UA,10397,12892,3,564.36
14158,2025-09-06 12:16:07,3101,DL,10397,15016,3,1598.54
14159,2025-10-22 05:39:17,3609,DL,15016,11433,2,807.58
14160,2025-06-14 11:58:26,3701,AA,12892,10397,3,728.8
14161,2024-06-11 02:22:30,2663,DL,10397,15016,4,1698.94
14162,2025-01-12 20:29:38,4834,DL,11433,13303,3,588.28
14163,2024-09-09 23:19:41,2235,DL,10397,15016,4,1971.4
14164,2024-09-05 21:12:26,2274,DL,12266,10397,1,317.46
14165,2025-02-18 13:30:12,3054,DL,14869,12478,4,1059.73
14166,2024-05-02 07:14:52,2702,AA,12892,10397,2,1176.68
14167,2025-06-06 05:01:50,2760,DL,14057,14869,2,749.21
14168,2024-02-10 20:25:09,4994,DL,11193,12892,2,458.39
14169,2024-08-02 08:15:44,3000,DL,15016,11433,1,597.65
14170,2024-01-06 11:20:22,4729,UA,10397,12892,3,969.37
14171,2025-08-06 03:28:04,3612,DL,15016,11433,4,1668.62
14172,2024-08-14 09:43:25,2541,DL,12266,10397,4,1817.76
14173,2025-10-17 18:31:43,1055,DL,14869,12478,3,1280.89
14174,2024-03-27 17:26:07,1159,AA,12892,10397,1,334.45
14175,2025-02-28 00:31:14,3452,DL,12266,10397,3,838.34
14176,2025-10-27 07:26:30,3601,AA,12892,10397,4,2081.26
14177,2024-05-10 16:25:41,2162,DL,12266,10397,3,1348.62
14178,2024-12-24 00:09:31,4182,DL,11433,13303,4,2337.85
14179,2024-08-26 02:01:05,3247,UA,10397,12892,2,584.59
14180,2024-05-18 17:05:30,4444,WN,13303,12478,3,1309.83
14181,2024-08-02 21:44:29,1263,DL,14057,14869,1,403.26
14182,2025-01-22 21:13:53,2118,DL,11193,12892,1,301.3
14183,2025-09-15 15:22:40,1210,DL,12266,10397,4,1087.46
14184,2024-08-06 04:58:54,4022,DL,15016,11433,3,1120.19
14185,2024-09-23 19:23:49,4512,WN,13303,12478,4,814.18
14186,2024-10-23 00:56:10,3909,AA,12892,10397,3,970.69
14187,2024-09-21 23:04:18,3654,UA,10397,12892,3,451.22
14188,2025-03-08 06:44:10,4115,UA,10397,12892,3,633.97
14189,2024-03-20 01:21:06,3124,DL,12266,10397,1,546.35
14190,2025-01-29 04:42:45,4250,DL,11193,12892,1,353.49
14191,2024-09-16 07:27:15,1281,DL,14869,12478,4,1370.81
14192,2024-12-12 14:55:31,3424,DL,10397,15016,1,591.19
14193,2024-10-01 02:24:55,4334,DL,10397,15016,1,406.73
14194,2025-08-19 19:48:37,1594,DL,11433,13303,2,960.55
14195,2025-02-14 00:17:03,1633,AA,12892,10397,2,451.57
14196,2024-02-13 19:33:11,1254,AA,12892,10397,1,167.32
14197,2025-03-09 05:15:55,3291,DL,14057,14869,3,796.39
14198,2025-02-13 23:25:25,1836,UA,10397,12892,1,394.57
14199,2024-07-19 09:45:11,3543,UA,10397,12892,1,398.56
14200,2025-05-31 05:51:55,1597,UA,10397,12892,3,1659.15
14201,2024-03-22 05:35:20,1952,AA,12892,10397,4,940.6
14202,2024-10-17 09:26:59,1679,DL,12266,10397,2,522.57
14203,2025-05-08 00:11:26,3907,DL,11193,12892,1,439.01
14204,2025-10-31 18:15:26,1012,DL,14057,14869,2,591.71
14205,2024-07-22 00:39:26,4164,DL,11433,13303,1,294.93
14206,2024-08-29 21:27:14,4524,DL,15016,11433,2,416.76
14207,2025-07-10 03:46:30,4122,DL,15016,11433,3,1152.27
14208,2025-04-19 13:08:20,3811,DL,10397,15016,4,1131.69
14209,2025-04-24 09:39:09,1672,DL,14869,12478,2,702.16
14210,2024-07-17 13:24:47,4002,DL,11193,12892,2,668.89
14211,2025-07-25 13:32:25,1945,DL,14869,12478,1,165.54
14212,2025-02-14 10:03:56,3005,DL,11433,13303,4,981.95
14213,2024-09-24 23:41:44,2590,WN,13303,12478,3,1573.5
14214,2024-04-21 04:55:35,1227,UA,10397,12892,1,517.37
14215,2024-10-11 09:26:11,4462,WN,13303,12478,4,1094.09
14216,2024-11-16 17:31:04,2178,DL,10397,15016,4,1798.61
14217,2025-08-06 17:31:21,4416,AA,12892,10397,2,465.51
14218,2024-06-24 01:52:01,3501,DL,10397,15016,2,793.24
14219,2025-02-02 19:07:13,3540,UA,10397,12892,3,837.29
14220,2025-02-13 05:47:32,2670,DL,11433,13303,3,623.29
14221,2024-03-04 06:24:28,3409,DL,11433,13303,3,1083.58
14222,2025-05-29 03:01:30,3839,WN,13303,12478,1,461.1
14223,2024-06-14 18:01:06,3533,DL,11193,12892,3,1743.97
14224,2024-03-10 06:21:38,2054,AA,12892,10397,2,487.07
14225,2025-08-24 09:40:11,3285,DL,15016,11433,1,288.59
14226,2024-03-07 11:06:32,1852,WN,13303,12478,2,691.84
14227,2024-12-23 22:15:54,1729,DL,11193,12892,3,1085.64
14228,2024-11-03 23:28:35,2973,DL,14057,14869,3,777.87
14229,2024-02-12 00:06:36,4126,DL,12266,10397,3,837.56
14230,2024-09-07 18:31:00,1426,DL,11433,13303,3,1168.11
14231,2024-12-10 00:34:09,2400,DL,12266,10397,1,275.32
14232,2025-03-19 19:25:38,3692,DL,14057,14869,3,1673.89
14233,2024-03-14 02:22:14,2353,DL,12266,10397,4,1550.26
14234,2024-11-02 16:37:46,4592,DL,10397,15016,2,323.0
14235,2024-07-07 03:23:26,2186,DL,14869,12478,2,793.12
14236,2025-07-30 05:02:54,1285,AA,12892,10397,4,804.74
14237,2025-04-22 04:55:15,4764,DL,12266,10397,1,410.31
14238,2024-12-23 02:12:24,4136,DL,14057,14869,4,2158.54
14239,2024-12-19 20:16:11,2611,DL,14057,14869,1,299.87
14240,2025-02-12 03:07:35,2968,DL,11193,12892,3,1730.18
14241,2024-01-22 09:58:37,4493,DL,11193,12892,1,568.02
14242,2024-04-15 03:23:26,1659,DL,14869,12478,2,1158.17
14243,2024-07-30 06:37:40,3152,DL,14057,14869,2,439.76
14244,2025-07-20 04:43:16,3454,AA,12892,10397,1,411.3
14245,2024-10-24 06:58:56,2115,DL,14057,14869,3,1297.91
14246,2024-01-06 02:49:32,1916,DL,14869,12478,2,1062.86
14247,2024-09-19 07:27:16,2868,DL,11433,13303,3,1408.8
14248,2025-04-03 10:19:18,4377,DL,10397,15016,2,962.01
14249,2024-06-07 12:53:49,4317,DL,11433,13303,3,736.52
14250,2024-10-17 08:46:24,4877,WN,13303,12478,3,1154.63
14251,2025-01-17 11:56:03,2146,DL,14869,12478,3,686.54
14252,2025-06-15 22:05:23,1426,DL,10397,15016,4,1074.61
14253,2025-04-29 07:25:07,4271,WN,13303,12478,4,2033.39
14254,2025-08-26 21:34:47,2806,DL,12266,10397,4,704.08
14255,2024-04-19 19:03:57,2554,UA,10397,12892,3,1773.6
14256,2024-01-28 15:05:58,2837,DL,11193,12892,2,365.35
14257,2024-02-02 16:27:36,3007,DL,11433,13303,2,715.55
14258,2024-04-23 17:29:53,3654,WN,13303,12478,4,1930.53
14259,2024-11-23 11:24:34,4191,DL,10397,15016,3,1383.99
14260,2024-11-24 23:03:07,4729,DL,15016,11433,2,872.68
14261,2024-04-18 16:32:28,3313,DL,11193,12892,2,800.03
14262,2025-10-09 08:11:58,2353,DL,12266,10397,3,1680.8
14263,2025-01-25 21:42:59,2437,UA,10397,12892,1,352.79
14264,2024-09-08 13:06:34,2431,DL,14057,14869,2,595.22
14265,2024-01-02 06:27:27,4043,UA,10397,12892,2,727.35
14266,2024-01-05 16:46:28,1654,DL,11433,13303,2,625.56
14267,2025-08-30 21:41:41,1155,DL,14057,14869,1,453.26
14268,2024-02-01 15:27:34,4534,DL,15016,11433,1,306.79
14269,2025-07-07 01:49:31,3803,UA,10397,12892,1,561.53
14270,2024-12-19 19:53:09,2998,UA,10397,12892,1,159.24
14271,2025-09-02 10:25:24,1442,DL,11193,12892,1,437.71
14272,2024-07-02 23:12:40,4971,DL,11193,12892,2,878.96
14273,2024-10-05 04:24:58,3286,DL,14869,12478,3,1624.7
14274,2024-06-07 21:49:58,3494,DL,10397,15016,3,1512.84
14275,2025-02-03 20:36:16,1341,AA,12892,10397,2,743.08
14276,2024-10-25 05:43:29,4052,UA,10397,12892,3,1134.83
14277,2024-05-06 22:43:47,1629,AA,12892,10397,2,881.82
14278,2025-10-31 08:39:09,4831,AA,12892,10397,3,603.74
14279,2025-10-14 08:49:34,3296,UA,10397,12892,1,299.65
14280,2025-06-30 02:53:47,4526,DL,14869,12478,2,1021.73
14281,2024-08-15 09:48:10,4088,DL,12266,10397,4,1952.39
14282,2025-05-12 13:26:09,2544,DL,11433,13303,4,1244.94
14283,2024-06-29 04:51:10,4025,DL,11433,13303,3,1007.16
14284,2025-06-22 23:10:44,2892,DL,14869,12478,2,788.63
14285,2025-04-01 13:57:01,4315,DL,10397,15016,4,705.92
14286,2024-05-24 18:52:00,4620,DL,11193,12892,2,604.28
14287,2025-06-26 21:01:04,1580,DL,11433,13303,2,508.71
14288,2024-05-09 14:36:30,4773,DL,11193,12892,4,2300.64
14289,2024-10-26 05:28:52,1617,DL,12266,10397,4,1354.11
14290,2024-12-31 04:32:53,2337,UA,10397,12892,2,657.92
14291,2024-06-24 08:35:42,2362,DL,11193,12892,1,454.67
14292,2024-09-10 21:12:53,3838,AA,12892,10397,3,485.66
14293,2025-09-19 04:13:57,4593,AA,12892,10397,2,1063.07
14294,2024-09-18 07:06:20,3250,DL,11433,13303,1,553.06
14295,2024-05-22 19:33:23,4149,DL,14057,14869,3,573.12
14296,2024-02-27 17:12:31,2889,WN,13303,12478,1,415.38
14297,2024-03-21 15:39:15,1768,AA,12892,10397,4,770.49
14298,2024-11-05 11:11:17,3422,DL,15016,11433,2,478.13
14299,2024-11-13 23:16:58,4288,DL,11193,12892,1,591.7
14300,2024-01-09 02:57:33,4572,DL,14869,12478,3,1525.52
14301,2024-05-27 00:07:54,4651,WN,13303,12478,4,1574.41
14302,2024-03-26 05:07:15,1183,WN,13303,12478,3,1517.33
14303,2024-10-13 21:54:40,4621,DL,10397,15016,3,911.67
14304,2024-01-12 23:00:44,3369,DL,14057,14869,4,726.27
14305,2024-09-14 20:53:31,3861,DL,14869,12478,3,1281.27
14306,2024-07-31 03:02:04,1557,DL,14057,14869,4,2187.9
14307,2024-10-26 03:09:44,4258,WN,13303,12478,4,1137.91
14308,2024-05-02 09:16:12,4365,DL,11193,12892,2,525.26
14309,2025-01-02 10:00:28,2584,DL,12266,10397,4,1551.56
14310,2024-12-22 17:02:14,4989,DL,14869,12478,1,363.62
14311,2025-01-28 02:29:31,4950,AA,12892,10397,1,433.93
14312,2025-01-22 02:05:33,4075,WN,13303,12478,4,1124.19
14313,2024-02-23 03:05:21,3800,DL,14869,12478,1,277.85
14314,2024-07-31 21:52:29,4799,AA,12892,10397,1,506.84
14315,2025-05-21 06:32:10,4900,UA,10397,12892,4,824.46
14316,2024-03-28 15:16:16,4417,WN,13303,12478,4,1556.89
14317,2024-02-29 09:45:47,4843,DL,11433,13303,4,647.11
14318,2024-02-12 22:14:22,1829,DL,15016,11433,2,715.75
14319,2025-06-26 21:15:45,3102,DL,14057,14869,3,1165.77
14320,2025-06-07 23:15:34,2122,WN,13303,12478,4,2241.7
14321,2024-05-24 13:48:20,4930,DL,11193,12892,4,1469.35
14322,2025-03-11 01:02:23,3338,WN,13303,12478,3,1175.44
14323,2024-02-08 08:26:12,4776,DL,12266,10397,4,1898.36
14324,2024-02-13 03:00:35,4457,DL,10397,15016,3,834.43
14325,2024-10-24 14:45:32,1068,UA,10397,12892,1,330.05
14326,2025-10-10 14:11:22,2992,DL,14057,14869,2,615.78
14327,2025-03-26 14:41:50,3371,DL,15016,11433,1,245.44
14328,2025-03-15 04:12:27,3427,DL,14057,14869,1,417.22
14329,2025-08-22 09:40:33,3076,DL,11433,13303,2,944.31
14330,2024-11-25 22:57:31,3986,DL,10397,15016,1,514.19
14331,2024-07-21 01:45:31,4080,DL,10397,15016,4,1144.83
14332,2025-03-11 03:18:26,3046,DL,12266,10397,4,1708.73
14333,2025-07-04 17:03:23,1728,DL,11193,12892,2,916.23
14334,2025-01-29 10:32:41,4450,DL,11193,12892,3,1160.05
14335,2025-08-04 06:59:24,4092,DL,12266,10397,2,396.41
14336,2025-06-22 08:51:56,4676,UA,10397,12892,3,1285.86
14337,2025-04-28 14:20:18,2868,DL,12266,10397,2,647.98
14338,2025-01-29 13:45:53,1601,DL,11193,12892,2,732.92
14339,2024-07-21 14:40:51,2767,DL,11433,13303,3,1737.05
14340,2025-01-07 03:14:38,3470,AA,12892,10397,2,315.59
14341,2024-02-10 10:43:54,2878,DL,11193,12892,2,1112.77
14342,2024-01-08 13:13:33,2232,WN,13303,12478,1,461.91
14343,2025-04-17 13:42:39,3184,UA,10397,12892,3,1781.37
14344,2024-09-04 13:57:19,4897,DL,14869,12478,1,532.55
14345,2024-07-29 01:45:15,2094,DL,11433,13303,3,484.25
14346,2025-01-10 17:14:35,4244,AA,12892,10397,2,540.09
14347,2025-10-11 04:20:26,4766,DL,15016,11433,1,228.2
14348,2024-01-20 23:42:50,2531,AA,12892,10397,3,1006.25
14349,2025-08-20 23:00:29,4837,UA,10397,12892,1,382.4
14350,2024-10-02 07:03:35,4948,DL,14057,14869,4,2277.06
14351,2025-08-27 12:10:44,1223,DL,12266,10397,4,1345.11
14352,2024-11-23 16:10:54,1561,DL,14869,12478,3,898.85
14353,2025-03-02 05:24:45,3365,DL,11193,12892,3,1123.42
14354,2025-02-03 09:09:36,3590,DL,11193,12892,3,1436.85
14355,2024-05-18 00:53:43,2186,AA,12892,10397,1,499.15
14356,2024-06-28 20:00:07,2558,DL,12266,10397,4,2247.44
14357,2025-05-31 14:59:29,1416,DL,14869,12478,1,352.93
14358,2024-12-28 00:02:06,3605,AA,12892,10397,2,353.92
14359,2024-08-20 01:46:31,3878,WN,13303,12478,1,267.85
14360,2024-07-10 06:34:09,2072,DL,11193,12892,4,761.97
14361,2025-10-05 00:11:57,4106,DL,15016,11433,2,1113.6
14362,2025-07-26 15:21:48,3311,DL,11193,12892,2,668.11
14363,2024-03-07 10:20:44,1352,DL,11193,12892,2,1007.25
14364,2024-02-25 08:40:52,1514,DL,14057,14869,4,991.6
14365,2025-02-10 02:20:45,2726,DL,10397,15016,2,508.96
14366,2024-10-04 06:13:50,4492,DL,14869,12478,2,1061.42
14367,2024-06-01 16:36:37,3532,AA,12892,10397,4,1852.64
14368,2025-10-02 21:37:19,2089,UA,10397,12892,3,1254.31
14369,2024-07-22 21:26:20,2138,DL,14057,14869,4,700.05
14370,2024-01-16 16:18:07,3726,WN,13303,12478,1,168.6
14371,2024-03-13 16:33:40,4052,DL,12266,10397,2,655.52
14372,2025-07-10 18:47:15,2404,DL,12266,10397,4,929.33
14373,2025-03-28 18:08:04,2854,DL,10397,15016,1,411.6
14374,2024-02-11 18:55:01,4359,DL,10397,15016,3,1270.16
14375,2025-09-23 14:14:08,3811,DL,15016,11433,3,1293.13
14376,2025-03-28 12:27:13,1112,DL,11433,13303,3,1670.21
14377,2025-04-09 10:34:17,4361,UA,10397,12892,1,224.67
14378,2025-08-09 12:04:36,4850,DL,12266,10397,4,2305.51
14379,2025-09-30 06:54:37,1797,DL,11193,12892,3,925.6
14380,2024-05-22 07:03:21,4136,DL,14057,14869,4,929.82
14381,2024-06-08 05:27:36,1057,DL,11193,12892,1,587.25
14382,2024-09-13 03:45:58,2177,WN,13303,12478,1,214.59
14383,2025-04-04 05:13:50,2599,DL,11433,13303,2,906.62
14384,2024-07-07 23:33:38,1514,DL,12266,10397,4,2203.32
14385,2024-03-25 21:44:07,3178,UA,10397,12892,2,1152.61
14386,2024-09-10 01:06:37,2638,DL,14869,12478,3,718.5
14387,2025-10-26 15:08:16,4029,DL,14057,14869,1,154.63
14388,2024-04-28 16:57:59,4190,DL,14869,12478,1,337.41
14389,2024-07-31 06:02:38,2432,AA,12892,10397,4,1315.26
14390,2024-03-25 07:09:09,3167,DL,11433,13303,3,1560.61
14391,2025-10-19 00:54:09,1110,DL,10397,15016,2,692.0
14392,2024-06-14 14:51:41,2737,WN,13303,12478,1,502.84
14393,2025-05-17 13:24:47,2219,AA,12892,10397,3,760.34
14394,2024-01-02 10:18:24,4448,DL,10397,15016,1,342.26
14395,2025-03-27 10:34:01,4593,UA,10397,12892,2,790.13
14396,2024-06-22 07:35:23,1523,DL,11433,13303,2,951.17
14397,2025-10-25 22:49:58,3543,WN,13303,12478,2,349.83
14398,2025-07-01 20:52:37,4780,DL,11193,12892,1,446.95
14399,2025-05-12 04:38:20,3067,WN,13303,12478,2,898.49
14400,2025-03-15 19:06:25,2864,DL,14869,12478,4,2182.22
14401,2024-09-24 20:34:13,3375,DL,15016,11433,2,1007.82
14402,2024-01-24 16:53:40,3947,DL,14869,12478,3,685.99
14403,2024-08-16 21:05:32,2484,DL,14869,12478,1,220.25
14404,2024-07-28 17:19:15,2968,DL,11193,12892,2,1199.57
14405,2025-08-31 04:08:44,4416,DL,10397,15016,1,445.03
14406,2024-12-02 02:50:55,4593,DL,10397,15016,4,1635.02
14407,2024-08-18 16:18:15,4602,UA,10397,12892,2,437.8
14408,2025-02-05 16:45:07,1145,UA,10397,12892,4,1574.7
14409,2025-01-20 22:08:15,3721,DL,11433,13303,1,198.24
14410,2025-05-25 02:28:21,3313,UA,10397,12892,4,2335.95
14411,2024-06-14 10:33:50,4506,DL,12266,10397,1,341.37
14412,2024-02-05 07:35:11,2742,DL,10397,15016,1,187.14
14413,2024-03-19 05:50:33,2748,DL,12266,10397,2,410.79
14414,2024-02-09 00:20:46,2134,DL,11433,13303,4,1114.65
14415,2025-06-26 19:54:36,1649,DL,15016,11433,1,296.94
14416,2025-09-04 01:08:49,1733,DL,14869,12478,4,1497.76
14417,2025-10-24 19:39:29,1997,DL,10397,15016,1,333.52
14418,2024-08-21 06:19:01,4209,DL,14869,12478,3,520.36
14419,2024-06-19 23:43:50,2190,DL,10397,15016,2,940.04
14420,2025-10-21 20:57:01,3754,UA,10397,12892,1,356.53
14421,2024-03-31 06:51:57,4978,DL,14057,14869,2,780.25
14422,2025-04-30 21:22:55,4895,UA,10397,12892,4,2228.55
14423,2025-01-21 21:14:05,2307,DL,11433,13303,4,1426.56
14424,2024-06-08 22:27:36,3294,DL,12266,10397,3,1393.69
14425,2024-04-25 23:25:35,3225,DL,14869,12478,3,760.58
14426,2025-10-25 14:37:09,3841,AA,12892,10397,4,717.57
14427,2024-10-16 11:41:27,1125,AA,12892,10397,3,1606.26
14428,2025-04-30 07:17:33,4622,DL,15016,11433,3,770.29
14429,2025-09-30 17:09:28,3685,DL,11433,13303,3,1017.32
14430,2024-03-16 23:58:32,1817,WN,13303,12478,4,2096.4
14431,2024-08-21 20:09:30,3107,UA,10397,12892,2,764.27
14432,2024-02-16 20:02:31,3756,DL,11193,12892,4,964.46
14433,2024-09-10 16:01:59,1486,DL,14057,14869,1,180.17
14434,2024-08-05 15:19:03,2945,DL,14057,14869,4,2394.72
14435,2025-09-17 16:26:47,1477,DL,10397,15016,3,1438.08
14436,2025-10-21 20:16:13,1608,AA,12892,10397,3,1438.29
14437,2025-01-08 03:19:32,1338,DL,11193,12892,3,1567.14
14438,2024-07-10 15:16:17,2762,DL,14869,12478,2,347.44
14439,2025-07-20 16:28:52,1432,DL,14057,14869,2,646.46
14440,2025-09-18 08:28:47,2231,DL,15016,11433,3,1644.95
14441,2024-10-24 11:22:52,3739,DL,11193,12892,2,667.78
14442,2024-03-17 18:28:22,4536,DL,14057,14869,2,663.0
14443,2024-08-02 12:17:28,1318,AA,12892,10397,3,564.42
14444,2025-08-18 16:51:20,2385,WN,13303,12478,1,383.66
14445,2025-10-12 01:17:12,3725,DL,11193,12892,3,1296.04
14446,2024-08-15 22:56:40,2622,DL,14057,14869,3,1215.51
14447,2024-05-18 04:05:44,1311,AA,12892,10397,1,303.98
14448,2024-01-12 08:48:03,1367,DL,14869,12478,3,922.76
14449,2024-03-18 14:44:56,3759,DL,11193,12892,1,403.48
14450,2024-04-10 05:02:20,2899,AA,12892,10397,1,179.09
14451,2025-06-13 09:27:14,1840,DL,10397,15016,3,1294.42
14452,2025-05-14 11:51:25,4026,DL,14057,14869,2,749.34
14453,2025-03-01 18:41:33,4565,WN,13303,12478,3,927.63
14454,2024-05-20 07:17:06,4381,DL,15016,11433,1,162.36
14455,2025-10-02 23:44:53,1419,DL,10397,15016,1,195.33
14456,2025-03-26 21:00:33,1593,DL,14869,12478,1,472.57
14457,2024-06-26 11:23:31,3651,DL,11193,12892,2,797.42
14458,2024-06-16 11:34:54,2493,DL,14057,14869,1,430.53
14459,2024-05-30 03:04:26,3860,DL,10397,15016,3,1405.95
14460,2024-02-23 12:02:35,3899,DL,14057,14869,2,459.99
14461,2025-10-12 13:45:01,1092,DL,14057,14869,4,1195.65
14462,2025-05-09 01:34:27,3936,UA,10397,12892,4,1568.21
14463,2025-09-02 21:02:01,3240,UA,10397,12892,4,2082.23
14464,2024-01-19 05:49:09,1372,DL,10397,15016,2,831.9
14465,2024-09-05 19:30:49,2462,DL,14057,14869,4,1894.32
14466,2024-01-12 06:34:44,4205,DL,12266,10397,1,466.22
14467,2025-01-19 03:21:12,2564,DL,10397,15016,3,1584.45
14468,2024-07-17 16:35:01,2121,DL,10397,15016,4,1784.03
14469,2025-07-09 03:59:38,3923,DL,15016,11433,2,646.72
14470,2025-05-30 11:00:43,4539,DL,12266,10397,3,788.14
14471,2025-01-19 22:29:35,4473,DL,14869,12478,1,364.42
14472,2024-10-29 14:38:22,3186,UA,10397,12892,3,1567.62
14473,2025-09-15 06:53:56,1096,AA,12892,10397,3,565.06
14474,2025-01-15 19:06:49,3722,DL,10397,15016,4,2282.19
14475,2024-08-01 07:06:40,4573,DL,14057,14869,2,752.6
14476,2024-09-21 16:09:34,3014,DL,11193,12892,1,573.6
14477,2025-06-05 01:37:09,2008,DL,14057,14869,3,548.33
14478,2024-03-05 20:48:27,3092,DL,12266,10397,1,478.74
14479,2025-10-21 03:15:04,1140,DL,11433,13303,4,2139.68
14480,2025-05-29 13:30:07,2210,UA,10397,12892,3,1295.12
14481,2025-07-07 03:56:37,2439,DL,12266,10397,2,698.03
14482,2025-07-26 20:29:20,2777,DL,11433,13303,3,454.53
14483,2024-06-24 09:03:16,1401,DL,11433,13303,2,908.48
14484,2025-07-22 19:54:56,1670,DL,11193,12892,1,536.38
14485,2024-10-13 22:08:42,1562,AA,12892,10397,1,371.9
14486,2024-03-07 20:02:35,3782,DL,11193,12892,3,1745.64
14487,2024-03-14 21:52:58,1646,WN,13303,12478,3,1063.23
14488,2024-12-03 02:41:14,1374,DL,11193,12892,3,1104.68
14489,2025-07-20 21:13:58,2676,DL,14869,12478,3,536.2
14490,2024-03-19 10:31:02,4405,DL,11193,12892,3,1378.88
14491,2025-05-27 14:49:21,3213,DL,10397,15016,2,1181.18
14492,2024-02-28 11:04:55,1694,DL,14057,14869,2,1011.76
14493,2024-01-25 21:02:04,4461,DL,14057,14869,2,818.42
14494,2024-07-11 12:51:35,4255,DL,11433,13303,2,403.77
14495,2024-05-18 13:46:15,3393,DL,14869,12478,1,271.66
14496,2024-04-09 03:19:10,1163,DL,11193,12892,4,1067.75
14497,2025-04-26 18:08:35,4739,DL,11433,13303,4,1781.01
14498,2025-07-06 19:20:46,2952,DL,14057,14869,2,738.99
14499,2024-01-09 09:23:41,2162,DL,10397,15016,4,2031.95
14500,2024-12-26 08:20:42,3955,DL,14869,12478,4,1829.42
14501,2025-09-13 13:38:31,1527,DL,11433,13303,4,1946.79
14502,2025-05-30 14:36:00,2453,WN,13303,12478,1,531.47
14503,2025-08-11 23:41:28,3983,UA,10397,12892,3,501.33
14504,2025-10-30 15:10:22,2333,AA,12892,10397,1,403.35
14505,2025-10-10 10:44:49,4895,DL,14869,12478,3,1452.91
14506,2024-12-26 13:01:48,1260,DL,14869,12478,1,157.98
14507,2024-08-21 14:52:51,1797,DL,14869,12478,2,665.7
14508,2025-09-04 15:03:15,2956,WN,13303,12478,2,922.42
14509,2024-07-24 17:26:59,3917,UA,10397,12892,4,1768.03
14510,2024-01-13 23:08:19,2083,DL,14869,12478,2,491.41
14511,2024-06-15 21:56:31,4841,DL,14869,12478,3,1444.39
14512,2025-04-30 08:19:07,1182,DL,15016,11433,2,774.62
14513,2024-09-06 00:10:12,2924,AA,12892,10397,4,1332.11
14514,2024-01-29 17:23:39,2904,DL,11433,13303,3,465.83
14515,2024-12-16 02:51:06,4130,AA,12892,10397,3,1164.58
14516,2024-03-27 07:56:54,2471,DL,10397,15016,1,402.52
14517,2024-12-07 02:28:32,4552,DL,12266,10397,4,1487.86
14518,2025-09-16 07:53:21,3078,DL,14869,12478,3,1542.72
14519,2024-01-13 02:04:40,2171,DL,15016,11433,2,711.01
14520,2024-10-02 17:59:44,1404,DL,11433,13303,1,179.8
14521,2025-03-18 09:17:23,4973,WN,13303,12478,1,178.17
14522,2025-09-07 11:47:50,1690,DL,14869,12478,4,1910.33
14523,2024-10-06 09:17:56,3532,WN,13303,12478,1,282.92
14524,2025-04-14 02:30:20,1075,DL,11193,12892,1,481.3
14525,2025-06-15 05:20:03,4801,DL,14869,12478,4,2023.24
14526,2025-08-07 08:53:38,3846,DL,11433,13303,3,1322.68
14527,2024-12-14 15:09:44,4066,DL,11193,12892,2,368.34
14528,2025-07-27 23:21:15,2096,DL,11193,12892,3,1231.69
14529,2025-06-10 22:17:33,3604,DL,10397,15016,1,292.1
14530,2025-08-18 09:07:25,2226,DL,11193,12892,1,473.44
14531,2024-04-07 10:39:44,3031,DL,14057,14869,3,696.7
14532,2024-05-21 16:37:15,3329,DL,15016,11433,3,594.39
14533,2024-01-01 22:27:41,3348,DL,10397,15016,1,326.82
14534,2025-07-07 15:14:05,3246,DL,14057,14869,1,187.76
14535,2024-02-17 08:14:06,4589,UA,10397,12892,3,1190.14
14536,2024-03-13 11:40:58,2170,DL,14057,14869,3,972.89
14537,2024-11-08 22:43:27,3637,WN,13303,12478,4,1013.51
14538,2024-01-15 02:44:57,3802,UA,10397,12892,3,515.54
14539,2024-04-10 06:59:36,1358,UA,10397,12892,3,1165.17
14540,2025-05-04 17:20:24,2136,DL,11193,12892,1,251.43
14541,2024-12-10 04:15:16,1386,DL,12266,10397,3,735.91
14542,2025-01-22 03:30:45,1764,DL,14057,14869,4,1334.09
14543,2024-05-08 07:54:22,1124,DL,12266,10397,2,970.82
14544,2025-06-22 16:33:17,2216,DL,11433,13303,4,1547.44
14545,2024-09-17 19:34:20,3002,DL,11193,12892,1,329.56
14546,2024-06-21 12:17:20,3923,DL,14869,12478,4,1778.6
14547,2024-03-21 03:49:45,2040,DL,11433,13303,2,515.4
14548,2025-05-14 18:23:54,4914,DL,11193,12892,3,1654.32
14549,2025-07-09 17:57:10,1584,AA,12892,10397,3,1503.58
14550,2025-09-06 09:42:38,2318,UA,10397,12892,2,491.07
14551,2025-01-16 04:04:26,4083,DL,11433,13303,3,1784.91
14552,2025-10-04 09:27:56,3982,DL,10397,15016,1,332.08
14553,2024-11-06 02:47:45,4320,DL,12266,10397,3,844.22
14554,2025-05-29 20:18:12,1351,DL,12266,10397,2,853.68
14555,2025-03-11 09:27:27,2455,DL,11433,13303,3,660.02
14556,2025-02-23 17:39:27,4865,DL,14869,12478,1,378.04
14557,2024-04-13 18:56:45,2544,DL,14869,12478,4,1869.22
14558,2024-06-17 20:17:09,1778,DL,10397,15016,2,818.15
14559,2024-10-11 23:38:03,4655,DL,15016,11433,4,1625.36
14560,2024-05-20 02:18:00,2197,UA,10397,12892,3,1229.72
14561,2025-06-18 23:13:29,4497,DL,15016,11433,1,249.53
14562,2024-11-12 10:24:28,4328,UA,10397,12892,2,670.48
14563,2025-04-17 08:42:37,3108,DL,11433,13303,4,819.91
14564,2024-04-09 00:09:18,1957,DL,12266,10397,1,249.56
14565,2024-08-15 05:20:21,1091,AA,12892,10397,3,1192.82
14566,2025-04-05 02:52:02,4547,DL,14869,12478,3,764.98
14567,2024-01-17 05:31:57,3207,DL,12266,10397,1,393.27
14568,2025-07-13 06:53:42,1231,DL,12266,10397,2,457.39
14569,2025-01-02 16:20:49,3559,DL,14057,14869,1,468.16
14570,2024-10-09 23:14:13,2338,DL,10397,15016,3,1131.74
14571,2025-09-12 11:07:31,2895,DL,11193,12892,1,358.7
14572,2025-09-19 02:58:30,2095,DL,11193,12892,2,794.71
14573,2025-07-17 19:01:26,4607,DL,10397,15016,1,369.93
14574,2024-01-18 05:04:49,4712,DL,14057,14869,4,674.18
14575,2025-03-05 01:26:42,2268,DL,14869,12478,4,1836.78
14576,2025-08-22 17:31:56,3763,UA,10397,12892,2,419.39
14577,2025-03-01 11:32:41,3291,DL,12266,10397,3,1615.75
14578,2024-09-26 00:31:56,3202,WN,13303,12478,2,323.55
14579,2024-08-17 13:48:32,4395,AA,12892,10397,1,501.58
14580,2025-08-03 21:20:57,3293,DL,15016,11433,4,1821.27
14581,2025-09-07 17:04:37,4320,DL,14869,12478,1,156.17
14582,2024-04-09 11:39:17,3657,WN,13303,12478,3,755.59
14583,2025-01-27 13:27:31,1316,DL,10397,15016,4,1609.18
14584,2024-04-28 03:48:10,4154,DL,11433,13303,2,728.21
14585,2025-04-28 02:05:22,2419,DL,15016,11433,4,923.66
14586,2024-03-24 06:11:39,3497,DL,12266,10397,4,1902.78
14587,2025-03-28 10:02:47,1640,DL,14869,12478,3,513.5
14588,2025-03-20 03:53:02,2384,WN,13303,12478,1,252.83
14589,2025-08-09 08:30:36,2996,DL,11193,12892,1,371.54
14590,2024-02-29 13:02:45,1962,DL,11433,13303,1,386.15
14591,2025-08-29 13:07:46,4665,AA,12892,10397,2,771.33
14592,2025-04-14 21:25:11,4319,DL,14869,12478,2,963.27
14593,2024-11-08 17:31:18,4122,DL,14057,14869,4,1736.31
14594,2024-05-09 07:17:42,1718,UA,10397,12892,3,1620.77
14595,2025-01-07 12:06:16,3814,DL,11433,13303,4,1094.1
14596,2024-04-08 17:30:05,4493,UA,10397,12892,4,717.73
14597,2024-02-29 12:57:09,3541,AA,12892,10397,4,1125.2
14598,2025-03-18 03:16:51,4317,DL,10397,15016,2,743.69
14599,2025-03-13 20:32:46,4588,DL,10397,15016,1,420.52
14600,2025-06-30 18:33:33,4464,UA,10397,12892,3,740.21
14601,2024-05-23 23:14:50,4759,WN,13303,12478,3,1121.3
14602,2024-01-08 01:10:38,4455,DL,15016,11433,1,516.32
14603,2024-01-07 03:20:13,4006,DL,10397,15016,1,575.15
14604,2025-02-14 06:23:55,3924,DL,14057,14869,4,2383.58
14605,2025-09-25 21:13:05,3162,AA,12892,10397,3,1786.33
14606,2024-05-05 20:15:36,3361,AA,12892,10397,4,646.51
14607,2025-05-23 02:24:57,4791,DL,12266,10397,4,1357.3
14608,2024-07-29 20:09:58,3142,DL,14057,14869,1,386.24
14609,2025-01-14 10:39:24,2694,UA,10397,12892,2,644.22
14610,2025-04-03 18:13:13,3656,DL,12266,10397,1,402.45
14611,2024-02-03 23:59:06,2406,AA,12892,10397,2,1079.06
14612,2024-02-17 22:46:25,4173,DL,12266,10397,1,282.95
14613,2024-12-12 01:26:02,2328,UA,10397,12892,2,535.41
14614,2025-06-06 11:08:49,2834,DL,11433,13303,3,1229.42
14615,2025-03-06 09:02:12,3729,DL,15016,11433,2,1075.69
14616,2024-05-29 02:38:17,1752,AA,12892,10397,3,770.1
14617,2024-12-07 01:43:16,2317,DL,11433,13303,2,632.59
14618,2025-07-04 08:09:04,4484,UA,10397,12892,1,245.14
14619,2024-02-05 00:39:33,4107,DL,11193,12892,4,1389.86
14620,2024-06-02 19:20:14,4154,DL,14869,12478,3,728.05
14621,2025-02-08 07:41:38,2149,WN,13303,12478,4,2135.51
14622,2025-02-16 12:34:55,4162,DL,10397,15016,3,761.98
14623,2025-07-08 18:59:12,4354,WN,13303,12478,3,1184.95
14624,2024-06-11 21:10:54,1049,DL,14869,12478,2,698.31
14625,2024-07-26 13:07:09,4606,DL,10397,15016,2,550.86
14626,2024-10-28 04:52:50,2201,WN,13303,12478,2,768.04
14627,2025-06-08 05:55:05,3998,DL,12266,10397,3,1127.64
14628,2025-02-01 06:03:48,2993,DL,11193,12892,1,209.24
14629,2024-08-28 18:15:58,4998,DL,11193,12892,4,684.32
14630,2025-09-04 02:46:29,1265,DL,14869,12478,4,1497.34
14631,2024-04-29 23:23:08,3830,DL,12266,10397,3,1038.1
14632,2025-10-09 01:58:35,2255,DL,10397,15016,4,929.56
14633,2024-01-12 01:12:14,1678,UA,10397,12892,1,313.88
14634,2024-12-17 19:52:57,1450,WN,13303,12478,3,1517.51
14635,2025-01-25 14:49:34,4420,DL,11433,13303,2,352.89
14636,2025-10-27 02:58:33,2465,DL,14057,14869,2,324.39
14637,2024-11-19 07:14:36,2174,DL,14057,14869,2,513.47
14638,2025-10-23 07:33:12,1952,DL,15016,11433,2,744.9
14639,2024-10-26 02:06:11,1051,DL,14057,14869,4,894.8
14640,2024-07-02 18:47:14,2655,DL,15016,11433,4,1979.27
14641,2024-02-13 17:56:21,1876,DL,15016,11433,1,469.33
14642,2025-10-17 15:56:57,4044,DL,14057,14869,1,571.79
14643,2025-03-21 17:50:19,1322,UA,10397,12892,1,197.8
14644,2024-08-19 06:05:49,2141,DL,11433,13303,1,363.9
14645,2024-11-25 00:54:03,4848,DL,12266,10397,2,1181.96
14646,2024-08-13 21:56:16,3920,DL,10397,15016,2,957.72
14647,2024-03-15 16:16:33,1069,DL,14869,12478,3,931.65
14648,2025-08-08 01:04:22,4724,DL,12266,10397,1,373.6
14649,2025-03-02 23:51:54,3795,DL,14869,12478,1,448.36
14650,2024-06-11 21:55:55,1408,DL,14869,12478,2,422.56
14651,2024-01-06 12:39:13,1783,DL,11433,13303,2,1062.92
14652,2024-05-28 08:34:01,4089,DL,11433,13303,1,340.09
14653,2024-11-04 18:54:26,3898,AA,12892,10397,3,1380.04
14654,2024-05-07 08:45:00,3668,WN,13303,12478,4,1512.7
14655,2025-09-25 05:38:30,4329,DL,11433,13303,4,1397.02
14656,2024-05-28 16:56:21,2268,DL,14869,12478,1,176.59
14657,2024-08-11 08:49:29,4692,DL,14869,12478,3,1588.34
14658,2024-07-15 15:13:55,4874,DL,11433,13303,2,494.23
14659,2025-04-01 03:10:29,3225,DL,11433,13303,3,1280.73
14660,2024-03-22 18:26:22,3182,DL,11193,12892,3,1388.05
14661,2024-06-17 11:39:53,1102,AA,12892,10397,4,2206.53
14662,2025-10-02 07:05:45,1348,DL,15016,11433,1,382.35
14663,2024-05-09 22:20:34,3606,DL,14869,12478,4,2158.89
14664,2024-08-16 19:43:29,3169,DL,11433,13303,3,488.08
14665,2025-04-26 20:16:20,2507,DL,11193,12892,1,319.45
14666,2025-07-17 11:30:36,3377,WN,13303,12478,1,262.27
14667,2024-12-31 17:33:55,1374,DL,15016,11433,2,726.6
14668,2025-10-25 11:46:00,4848,DL,11433,13303,1,350.82
14669,2024-10-31 02:43:08,2768,WN,13303,12478,3,546.97
14670,2025-08-07 09:46:21,2659,DL,15016,11433,3,1271.07
14671,2025-01-27 07:40:17,1570,DL,12266,10397,2,403.48
14672,2024-03-20 15:07:04,2663,DL,12266,10397,2,516.84
14673,2025-02-13 21:27:03,4864,DL,14869,12478,4,854.33
14674,2024-03-30 19:21:53,2078,DL,11433,13303,3,948.93
14675,2025-05-21 23:23:59,1455,DL,15016,11433,3,1161.28
14676,2025-02-24 21:33:45,2609,DL,10397,15016,3,614.29
14677,2024-07-07 09:08:04,4615,DL,11193,12892,1,201.48
14678,2024-10-15 06:06:52,1276,DL,11193,12892,1,314.76
14679,2024-04-03 05:07:58,1944,DL,12266,10397,4,2345.88
14680,2024-12-30 08:34:12,2857,WN,13303,12478,2,490.15
14681,2025-01-21 23:53:39,3835,WN,13303,12478,1,261.53
14682,2024-04-20 12:26:52,1564,DL,14057,14869,3,1453.85
14683,2025-01-11 20:33:28,1790,DL,11193,12892,1,390.57
14684,2024-09-02 11:51:10,3311,WN,13303,12478,1,356.02
14685,2024-08-02 12:07:42,3257,DL,15016,11433,4,608.56
14686,2025-01-24 12:16:13,1488,DL,11193,12892,2,512.74
14687,2025-03-07 18:51:18,3112,WN,13303,12478,1,413.73
14688,2024-04-06 03:11:06,4778,DL,11193,12892,1,570.9
14689,2025-04-29 15:34:40,2390,DL,11193,12892,4,1843.1
14690,2025-10-31 20:51:37,3325,DL,12266,10397,3,906.04
14691,2024-10-15 17:22:02,2700,DL,10397,15016,4,2242.16
14692,2025-01-12 14:04:49,1373,DL,15016,11433,3,1540.39
14693,2025-04-07 22:01:16,2569,WN,13303,12478,2,652.62
14694,2024-03-11 06:43:40,2678,DL,11433,13303,2,952.72
14695,2025-08-02 09:19:09,3159,DL,15016,11433,1,515.47
14696,2025-08-25 06:32:37,4193,UA,10397,12892,1,555.28
14697,2024-05-01 00:35:45,3147,DL,10397,15016,2,1078.59
14698,2025-06-30 04:27:23,2211,WN,13303,12478,2,1072.21
14699,2024-11-14 16:55:53,1689,WN,13303,12478,4,1604.18
14700,2025-10-17 20:55:04,1044,WN,13303,12478,1,596.09
14701,2024-01-08 15:42:02,4073,DL,11433,13303,2,531.5
14702,2024-07-16 23:32:33,1283,DL,12266,10397,4,812.71
14703,2024-02-03 03:14:45,2402,DL,15016,11433,2,1080.09
14704,2024-02-22 22:39:37,4772,DL,12266,10397,4,1364.5
14705,2024-10-09 09:44:09,2719,DL,14057,14869,3,951.25
14706,2024-01-08 06:13:22,2890,DL,10397,15016,1,339.78
14707,2024-05-14 19:50:06,3577,DL,14057,14869,2,437.9
14708,2025-09-05 05:58:05,3030,DL,12266,10397,3,1076.44
14709,2025-10-24 09:06:35,4654,WN,13303,12478,3,1660.21
14710,2024-09-02 06:48:30,1001,DL,10397,15016,2,342.85
14711,2024-04-13 16:38:30,2388,DL,14869,12478,1,211.22
14712,2025-05-05 11:54:16,4395,DL,14869,12478,1,445.48
14713,2024-09-02 10:41:57,4894,DL,10397,15016,3,1282.48
14714,2025-04-12 16:52:14,4503,DL,14869,12478,4,1512.24
14715,2025-01-10 10:29:57,1130,DL,11193,12892,1,157.63
14716,2025-02-20 11:58:59,1263,DL,14057,14869,2,716.29
14717,2025-05-04 01:32:21,4036,DL,10397,15016,1,186.54
14718,2024-02-22 07:12:16,4296,DL,15016,11433,2,1140.41
14719,2024-01-05 03:15:02,1578,DL,11433,13303,2,363.19
14720,2025-04-28 12:28:42,3126,DL,12266,10397,3,620.72
14721,2025-08-05 04:14:00,2049,DL,11193,12892,2,323.07
14722,2024-01-20 17:00:18,3597,DL,14869,12478,2,659.38
14723,2024-07-08 10:02:31,4235,DL,14057,14869,3,600.5
14724,2025-01-16 07:50:51,4844,DL,14869,12478,4,1514.15
14725,2025-08-16 18:47:34,2104,DL,15016,11433,2,658.38
14726,2024-12-14 05:11:57,3098,DL,11193,12892,3,860.01
14727,2025-03-31 15:31:39,2841,WN,13303,12478,4,2223.01
14728,2024-01-15 07:01:46,2325,DL,15016,11433,1,264.49
14729,2025-07-31 18:06:15,3288,WN,13303,12478,1,582.18
14730,2024-09-10 07:25:04,1674,DL,15016,11433,3,1332.4
14731,2024-03-05 18:08:45,1749,DL,11433,13303,1,352.83
14732,2024-12-20 13:59:32,2336,DL,14057,14869,2,354.09
14733,2024-07-17 19:37:37,1317,DL,15016,11433,2,1100.86
14734,2025-03-06 18:04:41,1037,UA,10397,12892,1,264.11
14735,2024-08-14 00:50:27,2721,UA,10397,12892,4,893.89
14736,2024-03-09 11:27:38,1530,DL,14057,14869,3,1003.04
14737,2025-09-24 06:58:01,1670,WN,13303,12478,2,598.89
14738,2024-07-27 06:18:34,3924,DL,10397,15016,4,1260.82
14739,2024-11-21 19:09:54,1249,DL,11433,13303,1,399.08
14740,2024-09-08 21:13:39,2957,DL,11193,12892,3,1206.64
14741,2025-04-19 07:06:33,3771,DL,15016,11433,3,700.77
14742,2025-07-26 09:43:00,4384,DL,14057,14869,3,976.23
14743,2024-09-12 03:46:42,4945,DL,14869,12478,2,633.69
14744,2025-09-06 09:13:00,2402,AA,12892,10397,2,1121.28
14745,2024-10-17 02:58:15,2184,AA,12892,10397,2,1137.42
14746,2024-08-19 07:29:59,3627,DL,11193,12892,3,1056.41
14747,2024-02-01 09:42:07,4162,WN,13303,12478,4,1847.37
14748,2024-04-20 10:29:56,3652,DL,11433,13303,3,1569.34
14749,2024-01-10 02:28:52,3809,DL,15016,11433,4,718.7
14750,2025-05-24 08:42:43,4007,DL,15016,11433,2,399.22
14751,2024-01-29 15:54:42,2774,DL,14869,12478,2,455.65
14752,2024-07-30 09:38:19,3131,UA,10397,12892,4,1701.38
14753,2024-11-16 16:53:04,1342,DL,11433,13303,4,2254.98
14754,2025-04-09 14:48:12,2360,DL,11433,13303,1,466.69
14755,2025-09-28 08:34:49,4579,DL,11193,12892,3,1267.73
14756,2025-02-23 22:46:11,2698,DL,14057,14869,1,193.81
14757,2024-05-31 01:13:58,3988,AA,12892,10397,3,1239.96
14758,2025-02-17 10:00:12,3498,DL,15016,11433,2,723.32
14759,2024-02-05 15:03:53,1354,AA,12892,10397,4,1593.57
14760,2025-08-02 12:17:06,3673,DL,15016,11433,1,347.77
14761,2024-01-13 02:21:35,1415,DL,11433,13303,1,520.42
14762,2024-12-31 08:31:52,4873,DL,11193,12892,4,1144.67
14763,2024-08-04 21:22:05,3707,DL,14869,12478,1,553.2
14764,2025-05-12 17:30:50,2625,DL,14057,14869,1,560.25
14765,2025-03-15 16:35:09,3050,DL,14057,14869,3,1408.48
14766,2024-05-14 15:09:42,1448,DL,11433,13303,3,666.42
14767,2025-03-13 14:18:05,2198,DL,11433,13303,1,302.46
14768,2025-08-17 09:28:27,1994,DL,14869,12478,4,1363.5
14769,2024-02-07 15:43:54,1262,DL,14057,14869,4,1103.91
14770,2025-04-08 08:28:40,4033,DL,11433,13303,4,1048.77
14771,2024-12-30 04:06:14,4533,DL,10397,15016,2,823.74
14772,2025-01-30 20:00:49,1442,DL,12266,10397,3,1756.1
14773,2024-03-07 07:42:03,2250,DL,15016,11433,1,394.88
14774,2025-07-27 18:28:00,2960,UA,10397,12892,1,210.36
14775,2024-05-09 17:45:26,3033,DL,14869,12478,3,1494.85
14776,2025-04-02 03:42:13,1093,DL,11433,13303,3,556.34
14777,2025-04-21 22:39:48,1236,UA,10397,12892,1,479.42
14778,2025-02-27 03:38:46,2344,DL,11193,12892,1,262.07
14779,2024-08-09 14:33:00,3770,DL,11433,13303,4,2249.53
14780,2024-08-31 04:30:17,2455,WN,13303,12478,1,591.74
14781,2025-05-19 03:44:29,2721,WN,13303,12478,4,2064.87
14782,2025-10-20 08:01:05,4490,DL,10397,15016,2,323.28
14783,2025-08-02 16:32:41,4774,DL,12266,10397,4,752.56
14784,2024-06-10 02:14:31,3391,DL,14057,14869,2,842.15
14785,2025-09-26 13:53:44,2676,UA,10397,12892,3,1458.76
14786,2024-10-04 09:36:05,4275,UA,10397,12892,3,1134.04
14787,2024-04-25 21:04:52,1329,AA,12892,10397,2,381.64
14788,2024-03-13 02:17:50,4124,AA,12892,10397,2,395.51
14789,2024-07-15 12:34:16,3774,WN,13303,12478,2,945.44
14790,2024-06-25 01:22:20,1847,DL,10397,15016,3,1532.12
14791,2024-06-07 03:22:57,4574,DL,14869,12478,2,413.15
14792,2025-05-24 14:13:14,3622,DL,15016,11433,2,648.08
14793,2024-09-08 00:56:12,1541,DL,14057,14869,3,566.27
14794,2025-02-08 15:09:17,3849,DL,15016,11433,3,956.12
14795,2024-07-15 08:35:16,3241,WN,13303,12478,2,759.88
14796,2025-09-14 23:53:56,3615,DL,11433,13303,2,1034.57
14797,2025-02-20 13:27:00,1543,WN,13303,12478,2,800.02
14798,2025-07-30 11:28:26,4555,DL,10397,15016,2,663.14
14799,2024-04-21 22:54:44,2586,WN,13303,12478,3,1688.66
14800,2024-02-13 15:40:01,1869,UA,10397,12892,3,1739.4
14801,2025-05-30 04:51:31,1583,DL,10397,15016,4,1165.8
14802,2024-04-12 00:13:52,4976,DL,11433,13303,4,960.0
14803,2025-07-23 22:18:48,1416,DL,15016,11433,2,342.1
14804,2024-06-28 05:33:13,2583,DL,15016,11433,3,467.65
14805,2024-08-07 07:20:16,4994,DL,11193,12892,1,579.36
14806,2025-10-15 13:10:43,3520,WN,13303,12478,4,659.99
14807,2024-04-04 14:44:51,4052,DL,10397,15016,1,585.89
14808,2024-12-28 08:11:07,4657,DL,11433,13303,4,1065.97
14809,2025-08-17 06:53:57,1649,WN,13303,12478,4,1486.86
14810,2024-02-21 15:22:10,2419,AA,12892,10397,3,1414.5
14811,2025-06-06 09:28:57,1414,DL,12266,10397,3,1515.45
14812,2024-07-13 18:51:03,3892,WN,13303,12478,4,2259.37
14813,2024-12-30 07:08:42,2411,UA,10397,12892,3,1149.13
14814,2024-08-28 12:49:16,3673,AA,12892,10397,4,946.67
14815,2024-04-21 00:54:43,2862,DL,11193,12892,4,1883.42
14816,2025-07-12 09:04:02,4204,DL,11193,12892,4,1442.6
14817,2024-03-01 12:14:36,3775,WN,13303,12478,1,311.99
14818,2025-04-06 14:14:40,1283,DL,12266,10397,4,1665.75
14819,2025-02-14 07:53:40,3265,DL,14057,14869,1,348.2
14820,2024-12-11 00:49:51,4572,DL,11433,13303,1,388.96
14821,2024-05-06 08:53:00,4719,UA,10397,12892,4,2344.15
14822,2025-07-29 03:30:59,2016,DL,11433,13303,2,730.84
14823,2024-06-14 22:21:37,2499,AA,12892,10397,4,1319.34
14824,2024-03-10 07:10:35,4179,UA,10397,12892,4,1533.43
14825,2024-09-24 22:25:21,4735,DL,10397,15016,1,289.15
14826,2025-09-16 00:33:50,3633,DL,10397,15016,2,1189.87
14827,2025-07-01 11:13:07,1958,DL,14869,12478,4,1567.61
14828,2025-05-25 08:09:59,4072,DL,15016,11433,3,458.49
14829,2024-04-04 01:25:50,3227,DL,11193,12892,1,191.35
14830,2025-03-14 11:27:08,4389,DL,11193,12892,2,798.4
14831,2025-09-06 14:33:45,3652,DL,14869,12478,3,813.5
14832,2025-09-26 14:01:41,3759,WN,13303,12478,4,1841.19
14833,2025-10-06 05:42:33,4030,UA,10397,12892,4,818.19
14834,2025-07-26 16:49:21,1117,DL,10397,15016,3,909.59
14835,2024-11-07 19:47:00,1019,UA,10397,12892,1,176.18
14836,2025-03-16 18:38:10,2171,DL,12266,10397,3,1299.24
14837,2024-08-13 05:53:05,2246,DL,14057,14869,4,1685.38
14838,2025-08-31 16:33:11,3388,WN,13303,12478,1,573.93
14839,2025-05-11 19:40:01,3115,UA,10397,12892,1,284.73
14840,2025-02-10 16:18:19,3905,WN,13303,12478,3,1475.37
14841,2025-07-29 19:10:08,2012,UA,10397,12892,4,2130.23
14842,2025-03-24 08:52:39,2471,DL,15016,11433,1,207.83
14843,2024-05-04 17:24:29,4323,DL,14869,12478,3,746.89
14844,2025-02-13 02:00:49,2612,DL,14057,14869,1,542.02
14845,2024-07-12 12:48:44,1815,DL,11193,12892,2,1187.31
14846,2024-03-09 15:58:03,3630,DL,15016,11433,3,802.5
14847,2024-04-02 05:10:40,2157,AA,12892,10397,1,255.71
14848,2025-06-17 05:46:22,1061,AA,12892,10397,4,2318.39
14849,2024-03-20 16:07:32,3696,WN,13303,12478,2,863.75
14850,2024-03-05 16:00:04,4539,DL,11433,13303,3,1336.82
14851,2024-09-28 06:36:01,3270,DL,10397,15016,2,775.86
14852,2024-05-27 12:19:21,2592,DL,14869,12478,4,1567.2
14853,2025-05-29 22:48:58,1141,UA,10397,12892,1,242.63
14854,2024-05-01 20:17:38,4138,DL,14057,14869,2,800.37
14855,2025-06-10 19:17:19,2214,DL,14057,14869,1,517.5
14856,2025-08-22 22:54:53,4763,DL,12266,10397,4,801.11
14857,2024-02-26 22:48:48,4150,WN,13303,12478,1,570.21
14858,2025-02-04 16:09:32,2396,UA,10397,12892,3,1355.36
14859,2025-10-19 04:09:54,3251,DL,12266,10397,1,381.92
14860,2025-01-18 12:39:41,2862,DL,14057,14869,4,1916.94
14861,2025-07-06 12:12:11,4647,AA,12892,10397,3,1509.81
14862,2024-01-15 04:21:19,4826,DL,15016,11433,4,2013.05
14863,2025-02-24 03:42:28,1424,DL,14057,14869,4,1472.77
14864,2025-03-25 23:38:08,1313,WN,13303,12478,4,1635.61
14865,2024-02-06 03:43:06,2787,DL,11193,12892,4,1259.73
14866,2025-06-20 18:03:24,1177,DL,12266,10397,1,470.14
14867,2024-03-18 03:49:28,2760,DL,11193,12892,2,603.89
14868,2024-08-11 05:23:45,1901,UA,10397,12892,3,719.31
14869,2024-10-06 05:37:25,4856,DL,10397,15016,1,430.83
14870,2024-12-10 19:07:36,1683,DL,12266,10397,3,580.3
14871,2025-04-22 13:41:35,4868,DL,15016,11433,4,1224.8
14872,2025-08-04 12:01:26,3869,DL,11433,13303,1,349.3
14873,2025-03-10 17:06:24,2939,DL,11193,12892,3,642.62
14874,2024-01-31 07:21:00,4081,UA,10397,12892,1,283.32
14875,2025-08-25 16:28:25,3913,UA,10397,12892,2,985.09
14876,2024-08-11 06:43:15,2231,WN,13303,12478,4,2108.81
14877,2024-06-28 07:08:40,1195,DL,11433,13303,3,1501.96
14878,2024-03-14 10:57:19,1093,DL,11433,13303,4,1463.56
14879,2025-09-27 05:08:00,2975,DL,11433,13303,1,508.73
14880,2024-06-20 16:46:58,3516,DL,15016,11433,1,492.39
14881,2025-04-12 04:51:35,2502,DL,11193,12892,4,1358.31
14882,2024-01-29 10:35:03,2113,DL,14057,14869,3,1227.34
14883,2025-05-12 09:57:58,2777,UA,10397,12892,1,174.64
14884,2024-01-08 10:26:06,4572,DL,10397,15016,4,1690.35
14885,2024-10-14 12:53:48,2521,DL,14057,14869,1,552.46
14886,2024-10-04 04:49:41,3146,DL,11193,12892,1,280.16
14887,2025-03-03 03:54:36,3953,DL,14869,12478,3,615.94
14888,2024-07-14 04:30:57,4815,AA,12892,10397,4,1957.63
14889,2024-07-25 01:58:56,3424,WN,13303,12478,2,539.78
14890,2024-01-06 11:57:44,2875,DL,12266,10397,3,933.72
14891,2024-01-07 18:47:27,3921,DL,11433,13303,3,1059.34
14892,2025-07-23 12:13:02,3798,DL,10397,15016,3,1016.39
14893,2024-08-14 00:02:35,4217,DL,15016,11433,1,387.48
14894,2024-12-01 12:59:54,4066,DL,11433,13303,3,1642.86
14895,2024-06-18 20:29:20,1632,DL,14057,14869,3,1462.96
14896,2025-04-04 02:33:10,3844,DL,11433,13303,3,828.86
14897,2024-01-01 20:14:31,2986,DL,14057,14869,2,1189.77
14898,2025-04-10 00:14:32,4376,AA,12892,10397,2,772.85
14899,2025-07-14 11:41:57,2053,DL,12266,10397,2,400.49
14900,2024-01-18 19:55:40,1388,DL,15016,11433,3,1382.95
14901,2024-07-15 10:42:20,1820,DL,14057,14869,1,304.73
14902,2025-06-08 01:17:21,1994,DL,14869,12478,4,2015.43
14903,2025-08-27 04:32:20,1093,DL,11433,13303,4,1394.78
14904,2024-08-03 19:14:52,4011,DL,11433,13303,3,1593.27
14905,2024-05-09 07:17:53,2280,DL,12266,10397,3,1321.77
14906,2024-09-05 03:00:37,4713,UA,10397,12892,3,1630.16
14907,2025-08-09 05:54:48,3560,AA,12892,10397,3,590.75
14908,2024-10-23 22:21:33,3398,DL,10397,15016,1,408.66
14909,2024-07-31 14:50:01,1245,UA,10397,12892,2,990.72
14910,2025-02-06 16:57:39,4813,WN,13303,12478,1,269.85
14911,2024-12-11 01:15:38,3388,DL,14869,12478,1,557.45
14912,2024-02-14 23:18:31,3811,DL,10397,15016,2,591.78
14913,2025-01-05 17:51:31,3901,DL,10397,15016,3,1623.5
14914,2025-03-04 15:53:45,4919,DL,14869,12478,3,1139.22
14915,2024-03-12 16:08:22,2959,DL,11193,12892,2,431.63
14916,2025-05-22 22:40:27,3565,DL,12266,10397,4,1887.95
14917,2024-08-06 07:32:08,3904,DL,11433,13303,1,288.54
14918,2025-09-13 20:17:24,2646,DL,11433,13303,3,1594.8
14919,2025-05-10 06:38:41,3957,WN,13303,12478,3,1373.2
14920,2025-06-18 07:15:40,1948,DL,12266,10397,1,384.87
14921,2024-11-02 14:17:17,2415,UA,10397,12892,3,1486.12
14922,2024-01-07 20:47:22,3962,DL,15016,11433,2,1171.55
14923,2024-03-12 05:14:19,3011,WN,13303,12478,2,964.24
14924,2025-05-02 07:57:51,4234,WN,13303,12478,1,195.94
14925,2025-05-08 21:04:19,3903,DL,12266,10397,2,361.9
14926,2024-05-21 06:38:10,2434,DL,12266,10397,1,189.53
14927,2025-06-03 16:37:55,4018,DL,14057,14869,3,704.49
14928,2024-11-07 05:23:03,2897,DL,14057,14869,1,262.44
14929,2025-01-09 18:12:19,3027,AA,12892,10397,4,2313.98
14930,2025-09-18 22:30:44,2563,AA,12892,10397,3,1672.47
14931,2025-06-27 02:46:09,2672,WN,13303,12478,2,1150.51
14932,2024-07-24 19:37:41,3831,AA,12892,10397,4,2380.39
14933,2024-09-04 10:54:10,3195,DL,12266,10397,4,2006.05
14934,2024-08-07 11:45:37,4797,DL,12266,10397,3,807.76
14935,2024-06-14 15:23:30,4387,DL,15016,11433,3,766.68
14936,2024-11-30 03:16:56,1200,WN,13303,12478,1,404.04
14937,2024-01-15 21:44:23,3812,WN,13303,12478,4,1636.79
14938,2025-08-03 07:06:08,4402,DL,14057,14869,2,1068.12
14939,2024-11-23 12:31:14,1183,DL,12266,10397,3,1012.46
14940,2024-07-31 03:33:45,2299,AA,12892,10397,1,184.42
14941,2025-05-08 17:10:58,2917,DL,11433,13303,3,986.84
14942,2024-12-13 10:00:51,1416,DL,14057,14869,2,310.78
14943,2024-02-13 01:39:27,2347,DL,15016,11433,1,442.51
14944,2025-03-20 19:20:08,1976,AA,12892,10397,3,1426.57
14945,2025-10-11 09:19:41,3512,DL,15016,11433,4,1274.89
14946,2024-11-16 13:39:32,3473,UA,10397,12892,3,1134.35
14947,2025-04-17 06:43:36,4621,DL,14057,14869,2,697.56
14948,2024-06-29 02:24:14,3538,UA,10397,12892,2,582.25
14949,2025-01-25 07:03:52,4427,DL,14057,14869,4,1708.4
14950,2025-07-15 18:54:48,4372,DL,14057,14869,1,580.1
14951,2025-09-02 17:47:19,1546,AA,12892,10397,2,1132.12
14952,2024-06-18 12:17:39,1983,DL,12266,10397,2,450.49
14953,2024-06-06 02:34:16,1784,DL,10397,15016,2,766.87
14954,2025-01-18 01:46:50,4119,UA,10397,12892,3,1743.8
14955,2024-06-05 06:17:58,1114,DL,11193,12892,1,186.84
14956,2025-01-30 16:48:49,3814,DL,14057,14869,2,368.49
14957,2024-10-03 15:57:53,4614,DL,12266,10397,3,1665.85
14958,2025-04-30 06:19:07,3153,DL,12266,10397,3,720.88
14959,2025-04-03 19:48:32,3831,DL,10397,15016,3,1301.4
14960,2024-03-06 19:22:02,4847,DL,14869,12478,2,646.58
14961,2024-08-18 20:24:20,3342,DL,11193,12892,2,461.01
14962,2025-03-21 04:36:37,3729,AA,12892,10397,1,208.78
14963,2025-02-16 09:21:52,3097,DL,12266,10397,3,1064.99
14964,2024-05-26 18:03:29,1600,DL,12266,10397,3,677.37
14965,2024-08-05 18:27:08,2030,DL,11433,13303,4,2089.53
14966,2025-05-15 17:52:15,2573,AA,12892,10397,1,198.41
14967,2025-10-19 19:01:20,1797,DL,11433,13303,2,343.97
14968,2024-01-08 08:52:16,1899,WN,13303,12478,3,1226.1
14969,2024-10-21 14:37:55,3979,DL,15016,11433,2,895.89
14970,2024-12-15 13:05:43,4312,UA,10397,12892,2,880.08
14971,2024-05-19 20:38:03,3137,DL,14869,12478,3,1469.5
14972,2024-08-25 14:02:41,2575,DL,14869,12478,2,863.34
14973,2024-01-31 05:54:06,3785,WN,13303,12478,1,391.6
14974,2024-10-27 20:09:10,3722,AA,12892,10397,4,1504.28
14975,2025-05-27 01:52:03,1924,DL,14057,14869,3,756.22
14976,2024-02-29 15:31:50,3134,DL,14869,12478,4,826.49
14977,2024-10-11 02:16:58,2295,UA,10397,12892,4,1690.53
14978,2025-10-24 14:37:49,4244,DL,15016,11433,4,1601.78
14979,2024-12-05 18:08:28,3409,DL,14869,12478,1,509.75
14980,2024-06-06 19:26:21,3215,DL,12266,10397,1,485.98
14981,2024-10-06 18:29:45,2730,DL,14057,14869,3,1735.14
14982,2024-07-30 09:03:34,2230,DL,11433,13303,4,879.06
14983,2024-09-13 18:43:18,1306,DL,11193,12892,4,1017.99
14984,2024-03-05 06:46:31,3962,DL,14869,12478,4,1738.77
14985,2025-10-05 08:50:31,1917,DL,14869,12478,1,191.19
14986,2024-03-26 23:13:22,2173,WN,13303,12478,4,2142.4
14987,2024-04-29 19:22:57,2984,AA,12892,10397,4,771.24
14988,2024-11-28 19:49:39,2375,DL,12266,10397,3,764.91
14989,2024-04-17 10:58:41,1695,DL,12266,10397,1,460.48
14990,2025-05-12 13:26:41,1097,AA,12892,10397,3,1208.22
14991,2024-05-31 05:35:18,4671,WN,13303,12478,1,313.69
14992,2024-09-20 07:55:21,2278,DL,12266,10397,1,479.51
14993,2025-02-28 15:31:46,3023,DL,12266,10397,1,471.18
14994,2024-01-13 02:16:38,3104,AA,12892,10397,2,353.12
14995,2024-06-06 03:16:07,2555,DL,11433,13303,4,1786.75
14996,2024-11-03 00:00:01,3005,DL,10397,15016,3,633.98
14997,2024-09-23 10:08:20,3170,DL,11193,12892,4,1723.76
14998,2024-09-23 18:06:07,2453,UA,10397,12892,3,1539.97
14999,2024-11-06 22:04:02,2703,DL,11193,12892,4,786.43
15000,2024-11-04 17:16:13,1839,DL,12266,10397,1,215.69
