review_id,review_date,carrier_code,origin_airport_id,dest_airport_id,raw_review_text
1,2025-06-24,WN,13204,11193,On-time departure and early arrival in Cincinnati with WN. Smooth flight with no issues.
2,2025-02-17,DL,11298,12478,Decent flight with DL. Clean aircraft and punctual landing.
3,2024-05-19,B6,14869,14057,Careless handling on B6 — my suitcase arrived damaged with a broken wheel.
4,2024-12-20,UA,12266,14869,The UA boarding process was chaotic and disorganized. Staff were unhelpful when asked for assistance.
5,2025-10-05,UA,11193,14869,UA delivered exactly what I expected — a reliable flight from Cincinnati to Salt Lake City.
6,2024-03-29,NK,13303,15016,Ticket prices for NK to St. Louis are way too high for basic economy with no baggage allowance.
7,2024-12-08,AA,14057,14771,AA crew went above and beyond during my flight. Exceptional hospitality from start to finish.
8,2025-03-22,F9,12478,11298,The F9 boarding process was chaotic and disorganized. Staff were unhelpful when asked for assistance.
9,2024-09-30,UA,11298,12478,Significant departure delay on UA. Spent 99 minutes stuck at the gate with no updates from staff.
10,2025-09-06,NK,11298,15016,Average service on NK. Nothing special but nothing terrible either.
11,2025-09-09,AS,13303,12478,AS crew went above and beyond during my flight. Exceptional hospitality from start to finish.
12,2024-07-02,WN,14869,11298,Landed in Dallas with WN but my checked luggage was lost. Took 2 days to recover my bags.
13,2024-10-20,NK,12266,11298,NK delivered exactly what I expected — a reliable flight from Houston to Dallas.
14,2024-01-20,NK,13204,15016,"Got a fantastic deal on NK! Smooth booking, comfortable seat, great value for money."
15,2024-01-04,AS,14057,12892,Ticket prices for AS to Los Angeles are way too high for basic economy with no baggage allowance.
16,2024-09-27,WN,14771,12892,WN delivered exactly what I expected — a reliable flight from San Francisco to Los Angeles.
17,2024-12-14,UA,15016,12478,"UA charges extra for everything. Seat selection, baggage, drinks — the base fare is misleading."
18,2025-01-09,WN,13930,11298,Bags arrived intact and on-time with WN. No issues at all with baggage handling.
19,2024-02-21,DL,11298,13204,Ticket prices for DL to Orlando are way too high for basic economy with no baggage allowance.
20,2024-11-09,NK,13303,11298,Bags arrived intact and on-time with NK. No issues at all with baggage handling.
21,2024-04-01,UA,13930,11433,Average service on UA. Nothing special but nothing terrible either.
22,2025-11-22,WN,15016,12478,"WN charges extra for everything. Seat selection, baggage, drinks — the base fare is misleading."
23,2025-03-02,AA,14771,11193,"Got a fantastic deal on AA! Smooth booking, comfortable seat, great value for money."
24,2025-09-23,F9,14869,14771,"F9 charges extra for everything. Seat selection, baggage, drinks — the base fare is misleading."
25,2025-02-12,NK,12478,13204,Flight NK from New York to Orlando on 2025-02-12 was delayed by 124 minutes. Missed my connecting flight. Very disappointing.
26,2024-05-27,DL,11298,13303,Comfortable seats and good legroom on DL. Would fly again.
27,2025-06-30,AS,13303,14771,On-time departure and early arrival in San Francisco with AS. Smooth flight with no issues.
28,2024-04-16,NK,12892,11193,Ticket prices for NK to Cincinnati are way too high for basic economy with no baggage allowance.
29,2024-04-29,AA,14107,13204,"Got a fantastic deal on AA! Smooth booking, comfortable seat, great value for money."
30,2025-02-01,NK,12478,14107,"NK charges extra for everything. Seat selection, baggage, drinks — the base fare is misleading."
31,2024-02-04,DL,10397,14771,Fair price for what you get with DL. Budget airline but reasonable comfort.
32,2024-05-11,AA,10397,13930,Poor inflight service on AA. Staff ignored cabin requests and the cabin was dirty.
33,2024-08-10,NK,12478,10397,Comfortable seats and good legroom on NK. Would fly again.
34,2025-03-01,AA,14869,14057,Flight attendants on AA were super friendly and helpful on the trip to Portland. Great experience!
35,2024-09-08,AS,13303,13930,Landed in Chicago with AS but my checked luggage was lost. Took 2 days to recover my bags.
36,2024-08-28,F9,14107,10397,Poor inflight service on F9. Staff ignored cabin requests and the cabin was dirty.
37,2025-09-03,B6,15016,14057,B6 flight delayed again — 50 minutes this time. Third delay this month. Completely unreliable.
38,2025-02-15,UA,11433,14869,Comfortable seats and good legroom on UA. Would fly again.
39,2025-09-27,AA,14057,13303,"Got a fantastic deal on AA! Smooth booking, comfortable seat, great value for money."
40,2024-04-30,AA,11298,12478,Minor 176-minute delay on AA but staff kept us informed throughout. Not ideal but acceptable.
41,2025-03-06,DL,12266,11193,"DL charges extra for everything. Seat selection, baggage, drinks — the base fare is misleading."
42,2025-07-18,F9,13204,14107,Ticket prices for F9 to Phoenix are way too high for basic economy with no baggage allowance.
43,2024-11-02,AA,14057,12478,AA delivered exactly what I expected — a reliable flight from Portland to New York.
44,2025-11-03,AA,11298,13930,"Nothing exceptional about AA but a solid, reliable flight overall."
45,2024-06-01,F9,10397,11193,Ticket prices for F9 to Cincinnati are way too high for basic economy with no baggage allowance.
46,2025-01-30,B6,11298,15016,Decent flight with B6. Clean aircraft and punctual landing.
47,2024-01-12,DL,11298,12892,DL crew went above and beyond during my flight. Exceptional hospitality from start to finish.
48,2025-04-11,WN,11193,13204,Careless handling on WN — my suitcase arrived damaged with a broken wheel.
49,2024-09-23,DL,14107,12892,DL delivered exactly what I expected — a reliable flight from Phoenix to Los Angeles.
50,2025-08-19,AS,12266,12892,AS crew went above and beyond during my flight. Exceptional hospitality from start to finish.
51,2024-12-27,AS,15016,11433,"AS charges extra for everything. Seat selection, baggage, drinks — the base fare is misleading."
52,2024-03-14,AA,11298,11193,Significant departure delay on AA. Spent 111 minutes stuck at the gate with no updates from staff.
53,2024-03-03,AS,13204,14107,Ticket prices for AS to Phoenix are way too high for basic economy with no baggage allowance.
54,2024-06-03,NK,14057,11298,Bags arrived intact and on-time with NK. No issues at all with baggage handling.
55,2024-09-14,UA,12266,11433,Bags arrived intact and on-time with UA. No issues at all with baggage handling.
56,2024-05-17,F9,14869,12478,F9 crew went above and beyond during my flight. Exceptional hospitality from start to finish.
57,2025-03-02,WN,11298,14107,The WN boarding process was chaotic and disorganized. Staff were unhelpful when asked for assistance.
58,2024-08-16,WN,12266,13204,Poor inflight service on WN. Staff ignored cabin requests and the cabin was dirty.
59,2025-06-19,UA,12892,12478,Significant departure delay on UA. Spent 75 minutes stuck at the gate with no updates from staff.
60,2025-03-28,WN,11193,14869,Average service on WN. Nothing special but nothing terrible either.
61,2025-07-31,AA,11433,13930,Ticket prices for AA to Chicago are way too high for basic economy with no baggage allowance.
62,2024-03-19,WN,14869,14107,Flight WN from Salt Lake City to Phoenix on 2024-03-19 was delayed by 163 minutes. Missed my connecting flight. Very disappointing.
63,2024-10-30,F9,12478,11193,Significant departure delay on F9. Spent 46 minutes stuck at the gate with no updates from staff.
64,2025-03-17,WN,12266,11298,On-time departure and early arrival in Dallas with WN. Smooth flight with no issues.
65,2025-07-16,AA,13303,11193,Lost baggage claim with AA was incredibly slow. Waited 90 minutes at carousel before reporting the loss.
66,2025-01-10,NK,14057,12266,NK delivered exactly what I expected — a reliable flight from Portland to Houston.
67,2024-12-04,F9,13930,13204,Minor 145-minute delay on F9 but staff kept us informed throughout. Not ideal but acceptable.
68,2024-08-20,B6,14869,11433,Comfortable seats and good legroom on B6. Would fly again.
69,2025-03-08,F9,13303,15016,"Got a fantastic deal on F9! Smooth booking, comfortable seat, great value for money."
70,2024-09-02,AA,12892,11298,Comfortable seats and good legroom on AA. Would fly again.
71,2024-11-29,F9,11433,14107,Careless handling on F9 — my suitcase arrived damaged with a broken wheel.
72,2025-04-10,WN,11433,11298,Fair price for what you get with WN. Budget airline but reasonable comfort.
73,2025-03-14,AS,13303,14869,Landed in Salt Lake City with AS but my checked luggage was lost. Took 2 days to recover my bags.
74,2024-09-06,WN,10397,12266,Flight attendants on WN were super friendly and helpful on the trip to Houston. Great experience!
75,2024-11-09,WN,13204,14869,Average service on WN. Nothing special but nothing terrible either.
76,2025-10-16,F9,14057,15016,Fair price for what you get with F9. Budget airline but reasonable comfort.
77,2024-07-09,F9,14771,11298,Ticket prices for F9 to Dallas are way too high for basic economy with no baggage allowance.
78,2025-04-15,DL,12478,11298,Ticket prices for DL to Dallas are way too high for basic economy with no baggage allowance.
79,2024-06-06,DL,13930,13303,Fair price for what you get with DL. Budget airline but reasonable comfort.
80,2024-04-13,F9,14057,13930,Minor 103-minute delay on F9 but staff kept us informed throughout. Not ideal but acceptable.
81,2024-01-04,AA,10397,15016,"AA charges extra for everything. Seat selection, baggage, drinks — the base fare is misleading."
82,2024-04-02,WN,11433,13204,Minor 47-minute delay on WN but staff kept us informed throughout. Not ideal but acceptable.
83,2025-01-26,WN,14057,10397,"WN charges extra for everything. Seat selection, baggage, drinks — the base fare is misleading."
84,2025-04-25,DL,13930,12266,DL delivered exactly what I expected — a reliable flight from Chicago to Houston.
85,2024-09-22,NK,15016,14107,Lost baggage claim with NK was incredibly slow. Waited 90 minutes at carousel before reporting the loss.
86,2025-01-22,WN,11193,12478,Lost baggage claim with WN was incredibly slow. Waited 90 minutes at carousel before reporting the loss.
87,2024-10-08,B6,14057,14771,B6 flight delayed again — 156 minutes this time. Third delay this month. Completely unreliable.
88,2024-07-19,DL,13204,11193,"DL charges extra for everything. Seat selection, baggage, drinks — the base fare is misleading."
89,2024-06-21,B6,14057,14107,Flight B6 from Portland to Phoenix on 2024-06-21 was delayed by 34 minutes. Missed my connecting flight. Very disappointing.
90,2024-04-09,WN,13303,14107,"Got a fantastic deal on WN! Smooth booking, comfortable seat, great value for money."
91,2024-12-30,AA,12892,15016,AA delivered exactly what I expected — a reliable flight from Los Angeles to St. Louis.
92,2025-01-12,F9,11433,11193,F9 flight delayed again — 102 minutes this time. Third delay this month. Completely unreliable.
93,2024-11-07,B6,13930,13303,On-time departure and early arrival in Nashville with B6. Smooth flight with no issues.
94,2024-04-12,UA,13303,12266,The UA boarding process was chaotic and disorganized. Staff were unhelpful when asked for assistance.
95,2025-04-01,AS,14771,12478,Decent flight with AS. Clean aircraft and punctual landing.
96,2024-08-22,NK,11298,12892,Careless handling on NK — my suitcase arrived damaged with a broken wheel.
97,2024-02-03,UA,14057,15016,UA crew went above and beyond during my flight. Exceptional hospitality from start to finish.
98,2025-06-02,WN,10397,15016,Significant departure delay on WN. Spent 69 minutes stuck at the gate with no updates from staff.
99,2025-04-15,B6,13930,12478,Decent flight with B6. Clean aircraft and punctual landing.
100,2024-09-29,AA,10397,11298,Average service on AA. Nothing special but nothing terrible either.
101,2025-02-19,AA,12478,13204,Bags arrived intact and on-time with AA. No issues at all with baggage handling.
102,2024-10-10,UA,10397,11193,UA delivered exactly what I expected — a reliable flight from Atlanta to Cincinnati.
103,2024-05-11,AA,11298,14771,Decent flight with AA. Clean aircraft and punctual landing.
104,2024-12-23,UA,10397,13930,Significant departure delay on UA. Spent 86 minutes stuck at the gate with no updates from staff.
105,2024-04-21,UA,12266,11298,UA flight delayed again — 106 minutes this time. Third delay this month. Completely unreliable.
106,2024-04-29,UA,12266,13204,Flight attendants on UA were super friendly and helpful on the trip to Orlando. Great experience!
107,2025-10-19,F9,10397,15016,Comfortable seats and good legroom on F9. Would fly again.
108,2025-01-26,B6,11193,10397,"B6 charges extra for everything. Seat selection, baggage, drinks — the base fare is misleading."
109,2024-05-05,F9,14869,14057,Poor inflight service on F9. Staff ignored cabin requests and the cabin was dirty.
110,2025-07-13,AS,12892,11433,Comfortable seats and good legroom on AS. Would fly again.
111,2025-06-09,B6,14107,11193,Significant departure delay on B6. Spent 138 minutes stuck at the gate with no updates from staff.
112,2025-01-18,UA,11298,12892,Comfortable seats and good legroom on UA. Would fly again.
113,2025-03-09,NK,12478,14057,Minor 53-minute delay on NK but staff kept us informed throughout. Not ideal but acceptable.
114,2024-12-18,NK,12892,15016,"NK charges extra for everything. Seat selection, baggage, drinks — the base fare is misleading."
115,2025-09-10,WN,12892,13930,Lost baggage claim with WN was incredibly slow. Waited 90 minutes at carousel before reporting the loss.
116,2024-05-01,DL,11433,12478,DL flight delayed again — 90 minutes this time. Third delay this month. Completely unreliable.
117,2025-11-16,AA,13204,10397,Careless handling on AA — my suitcase arrived damaged with a broken wheel.
118,2024-08-08,AS,14771,14107,Careless handling on AS — my suitcase arrived damaged with a broken wheel.
119,2025-06-10,AS,13930,13204,Fair price for what you get with AS. Budget airline but reasonable comfort.
120,2024-04-23,UA,12892,13930,Flight attendants on UA were super friendly and helpful on the trip to Chicago. Great experience!
121,2024-08-26,UA,12892,10397,Significant departure delay on UA. Spent 165 minutes stuck at the gate with no updates from staff.
122,2024-07-24,AA,13930,14107,Ticket prices for AA to Phoenix are way too high for basic economy with no baggage allowance.
123,2024-09-03,UA,14771,11298,On-time departure and early arrival in Dallas with UA. Smooth flight with no issues.
124,2024-09-19,DL,14057,14771,Careless handling on DL — my suitcase arrived damaged with a broken wheel.
125,2025-01-07,B6,13204,14057,Comfortable seats and good legroom on B6. Would fly again.
126,2024-12-16,UA,11433,11298,UA flight delayed again — 71 minutes this time. Third delay this month. Completely unreliable.
127,2024-07-26,B6,11193,13930,Bags arrived intact and on-time with B6. No issues at all with baggage handling.
128,2024-05-26,WN,12892,13303,"Got a fantastic deal on WN! Smooth booking, comfortable seat, great value for money."
129,2024-01-20,F9,13930,11193,Minor 167-minute delay on F9 but staff kept us informed throughout. Not ideal but acceptable.
130,2025-09-12,AA,12266,14057,AA flight delayed again — 46 minutes this time. Third delay this month. Completely unreliable.
131,2025-11-13,F9,12478,12266,Minor 106-minute delay on F9 but staff kept us informed throughout. Not ideal but acceptable.
132,2025-03-17,AA,11193,15016,Decent flight with AA. Clean aircraft and punctual landing.
133,2025-03-21,WN,14869,13930,Lost baggage claim with WN was incredibly slow. Waited 90 minutes at carousel before reporting the loss.
134,2024-12-31,AA,11433,12266,Bags arrived intact and on-time with AA. No issues at all with baggage handling.
135,2024-09-02,AS,13303,12892,AS crew went above and beyond during my flight. Exceptional hospitality from start to finish.
136,2024-05-30,AA,15016,14771,Comfortable seats and good legroom on AA. Would fly again.
137,2024-01-13,AS,13204,12892,Flight attendants on AS were super friendly and helpful on the trip to Los Angeles. Great experience!
138,2024-02-03,AS,11193,14057,"Nothing exceptional about AS but a solid, reliable flight overall."
139,2025-08-06,F9,12892,14107,Comfortable seats and good legroom on F9. Would fly again.
140,2025-02-22,WN,11193,13204,"WN charges extra for everything. Seat selection, baggage, drinks — the base fare is misleading."
141,2025-02-17,WN,11298,14057,WN flight delayed again — 147 minutes this time. Third delay this month. Completely unreliable.
142,2025-10-02,AA,14107,13930,Bags arrived intact and on-time with AA. No issues at all with baggage handling.
143,2024-05-08,F9,13303,12892,Landed in Los Angeles with F9 but my checked luggage was lost. Took 2 days to recover my bags.
144,2024-10-05,AS,12478,13204,Flight attendants on AS were super friendly and helpful on the trip to Orlando. Great experience!
145,2024-11-08,NK,12478,14869,The NK boarding process was chaotic and disorganized. Staff were unhelpful when asked for assistance.
146,2025-05-06,NK,15016,11193,Lost baggage claim with NK was incredibly slow. Waited 90 minutes at carousel before reporting the loss.
147,2024-07-06,UA,15016,13204,Flight attendants on UA were super friendly and helpful on the trip to Orlando. Great experience!
148,2025-06-30,B6,11193,15016,B6 delivered exactly what I expected — a reliable flight from Cincinnati to St. Louis.
149,2025-04-05,AS,12266,11298,Fair price for what you get with AS. Budget airline but reasonable comfort.
150,2025-03-10,AA,13303,13930,"AA charges extra for everything. Seat selection, baggage, drinks — the base fare is misleading."
151,2025-03-16,NK,15016,13930,Fair price for what you get with NK. Budget airline but reasonable comfort.
152,2025-07-07,UA,13930,12266,Decent flight with UA. Clean aircraft and punctual landing.
153,2024-01-03,WN,14869,12892,Significant departure delay on WN. Spent 56 minutes stuck at the gate with no updates from staff.
154,2024-09-02,WN,15016,12478,The WN boarding process was chaotic and disorganized. Staff were unhelpful when asked for assistance.
155,2024-02-26,NK,11298,15016,Lost baggage claim with NK was incredibly slow. Waited 90 minutes at carousel before reporting the loss.
156,2024-03-19,DL,12478,14057,Flight attendants on DL were super friendly and helpful on the trip to Portland. Great experience!
157,2024-08-03,B6,12892,13303,Flight attendants on B6 were super friendly and helpful on the trip to Nashville. Great experience!
158,2025-04-29,UA,14107,12892,Bags arrived intact and on-time with UA. No issues at all with baggage handling.
159,2024-02-03,NK,13303,15016,Poor inflight service on NK. Staff ignored cabin requests and the cabin was dirty.
160,2025-07-12,NK,11433,12478,Careless handling on NK — my suitcase arrived damaged with a broken wheel.
161,2025-04-30,DL,13930,14057,Flight DL from Chicago to Portland on 2025-04-30 was delayed by 76 minutes. Missed my connecting flight. Very disappointing.
162,2024-07-14,AA,13303,13204,AA flight delayed again — 90 minutes this time. Third delay this month. Completely unreliable.
163,2025-05-26,F9,14771,15016,Ticket prices for F9 to St. Louis are way too high for basic economy with no baggage allowance.
164,2024-12-14,DL,12478,14107,Ticket prices for DL to Phoenix are way too high for basic economy with no baggage allowance.
165,2024-08-24,NK,12478,11433,Careless handling on NK — my suitcase arrived damaged with a broken wheel.
166,2025-03-25,DL,14771,12478,Bags arrived intact and on-time with DL. No issues at all with baggage handling.
167,2024-12-02,DL,13303,14107,Ticket prices for DL to Phoenix are way too high for basic economy with no baggage allowance.
168,2024-01-06,UA,14107,10397,Average service on UA. Nothing special but nothing terrible either.
169,2024-01-19,UA,13204,12892,UA crew went above and beyond during my flight. Exceptional hospitality from start to finish.
170,2024-12-25,AA,12266,13303,Careless handling on AA — my suitcase arrived damaged with a broken wheel.
171,2025-03-30,NK,11433,12266,NK crew went above and beyond during my flight. Exceptional hospitality from start to finish.
172,2024-09-21,F9,14771,15016,Fair price for what you get with F9. Budget airline but reasonable comfort.
173,2025-01-04,DL,14771,14107,DL delivered exactly what I expected — a reliable flight from San Francisco to Phoenix.
174,2025-03-13,AA,12266,10397,On-time departure and early arrival in Atlanta with AA. Smooth flight with no issues.
175,2025-03-21,UA,11433,12892,Flight UA from Detroit to Los Angeles on 2025-03-21 was delayed by 32 minutes. Missed my connecting flight. Very disappointing.
176,2024-08-16,F9,12266,11193,"F9 charges extra for everything. Seat selection, baggage, drinks — the base fare is misleading."
177,2024-08-15,WN,13303,10397,"Got a fantastic deal on WN! Smooth booking, comfortable seat, great value for money."
178,2024-10-21,NK,14869,15016,NK delivered exactly what I expected — a reliable flight from Salt Lake City to St. Louis.
179,2025-10-31,NK,13204,14869,Flight NK from Orlando to Salt Lake City on 2025-10-31 was delayed by 147 minutes. Missed my connecting flight. Very disappointing.
180,2024-11-01,B6,11298,14057,The B6 boarding process was chaotic and disorganized. Staff were unhelpful when asked for assistance.
181,2024-03-09,WN,14869,14771,Decent flight with WN. Clean aircraft and punctual landing.
182,2025-11-18,B6,13303,13930,"Got a fantastic deal on B6! Smooth booking, comfortable seat, great value for money."
183,2024-05-17,AA,12478,13204,Average service on AA. Nothing special but nothing terrible either.
184,2025-01-10,B6,13303,13930,"Nothing exceptional about B6 but a solid, reliable flight overall."
185,2024-05-02,AA,10397,11298,"AA charges extra for everything. Seat selection, baggage, drinks — the base fare is misleading."
186,2025-05-27,WN,14771,12892,Flight attendants on WN were super friendly and helpful on the trip to Los Angeles. Great experience!
187,2025-07-27,DL,12892,14771,Significant departure delay on DL. Spent 91 minutes stuck at the gate with no updates from staff.
188,2025-04-22,WN,14107,12478,Lost baggage claim with WN was incredibly slow. Waited 90 minutes at carousel before reporting the loss.
189,2024-04-05,NK,14107,13204,Lost baggage claim with NK was incredibly slow. Waited 90 minutes at carousel before reporting the loss.
190,2025-01-07,UA,14869,12892,Flight attendants on UA were super friendly and helpful on the trip to Los Angeles. Great experience!
191,2025-07-02,AA,13303,11193,Comfortable seats and good legroom on AA. Would fly again.
192,2024-01-07,NK,11193,11298,Landed in Dallas with NK but my checked luggage was lost. Took 2 days to recover my bags.
193,2025-08-30,AS,11433,10397,Decent flight with AS. Clean aircraft and punctual landing.
194,2024-05-06,UA,11193,12892,Ticket prices for UA to Los Angeles are way too high for basic economy with no baggage allowance.
195,2024-06-21,AS,10397,13303,AS flight delayed again — 177 minutes this time. Third delay this month. Completely unreliable.
196,2025-01-19,B6,14057,13930,Significant departure delay on B6. Spent 144 minutes stuck at the gate with no updates from staff.
197,2025-05-18,F9,13930,11193,Bags arrived intact and on-time with F9. No issues at all with baggage handling.
198,2025-10-15,AA,11298,10397,Decent flight with AA. Clean aircraft and punctual landing.
199,2025-03-30,B6,13303,13204,On-time departure and early arrival in Orlando with B6. Smooth flight with no issues.
200,2025-09-12,NK,13303,11433,Average service on NK. Nothing special but nothing terrible either.
201,2024-12-10,NK,13930,12892,Flight attendants on NK were super friendly and helpful on the trip to Los Angeles. Great experience!
202,2025-10-21,UA,15016,13930,UA flight delayed again — 31 minutes this time. Third delay this month. Completely unreliable.
203,2025-07-21,DL,11298,13930,Poor inflight service on DL. Staff ignored cabin requests and the cabin was dirty.
204,2024-07-11,WN,13204,13930,Decent flight with WN. Clean aircraft and punctual landing.
205,2024-04-04,DL,13204,14057,Ticket prices for DL to Portland are way too high for basic economy with no baggage allowance.
206,2024-12-28,AA,15016,12266,Poor inflight service on AA. Staff ignored cabin requests and the cabin was dirty.
207,2025-04-13,F9,11433,13303,Comfortable seats and good legroom on F9. Would fly again.
208,2025-11-26,NK,12478,13204,Flight NK from New York to Orlando on 2025-11-26 was delayed by 145 minutes. Missed my connecting flight. Very disappointing.
209,2025-01-06,F9,11193,13303,Decent flight with F9. Clean aircraft and punctual landing.
210,2025-07-14,WN,10397,14057,Lost baggage claim with WN was incredibly slow. Waited 90 minutes at carousel before reporting the loss.
211,2024-06-25,B6,12478,11298,Decent flight with B6. Clean aircraft and punctual landing.
212,2024-07-03,UA,14771,14057,Decent flight with UA. Clean aircraft and punctual landing.
213,2024-03-08,AA,10397,14869,Significant departure delay on AA. Spent 118 minutes stuck at the gate with no updates from staff.
214,2024-04-21,DL,11433,14107,"Got a fantastic deal on DL! Smooth booking, comfortable seat, great value for money."
215,2024-06-08,DL,14869,12478,Landed in New York with DL but my checked luggage was lost. Took 2 days to recover my bags.
216,2025-09-20,AS,10397,15016,Comfortable seats and good legroom on AS. Would fly again.
217,2024-10-16,F9,14057,13204,Landed in Orlando with F9 but my checked luggage was lost. Took 2 days to recover my bags.
218,2024-11-01,WN,11193,13204,Careless handling on WN — my suitcase arrived damaged with a broken wheel.
219,2024-05-16,NK,14771,13303,Fair price for what you get with NK. Budget airline but reasonable comfort.
220,2025-08-29,DL,11433,11298,Fair price for what you get with DL. Budget airline but reasonable comfort.
221,2024-06-01,NK,15016,10397,Landed in Atlanta with NK but my checked luggage was lost. Took 2 days to recover my bags.
222,2025-04-22,UA,12892,14057,UA crew went above and beyond during my flight. Exceptional hospitality from start to finish.
223,2025-07-08,DL,10397,11193,"DL charges extra for everything. Seat selection, baggage, drinks — the base fare is misleading."
224,2025-03-26,UA,13930,12478,Flight UA from Chicago to New York on 2025-03-26 was delayed by 66 minutes. Missed my connecting flight. Very disappointing.
225,2025-01-25,NK,13303,14869,The NK boarding process was chaotic and disorganized. Staff were unhelpful when asked for assistance.
226,2024-06-01,UA,13303,15016,The UA boarding process was chaotic and disorganized. Staff were unhelpful when asked for assistance.
227,2024-01-14,F9,14107,13303,Flight attendants on F9 were super friendly and helpful on the trip to Nashville. Great experience!
228,2025-05-23,B6,12478,14771,"B6 charges extra for everything. Seat selection, baggage, drinks — the base fare is misleading."
229,2025-08-21,AS,14771,12478,AS delivered exactly what I expected — a reliable flight from San Francisco to New York.
230,2024-04-26,B6,14771,12266,Flight B6 from San Francisco to Houston on 2024-04-26 was delayed by 118 minutes. Missed my connecting flight. Very disappointing.
231,2024-07-13,UA,14869,14057,Landed in Portland with UA but my checked luggage was lost. Took 2 days to recover my bags.
232,2025-11-17,NK,13303,13204,Lost baggage claim with NK was incredibly slow. Waited 90 minutes at carousel before reporting the loss.
233,2025-05-22,B6,14869,13930,On-time departure and early arrival in Chicago with B6. Smooth flight with no issues.
234,2025-04-01,NK,14057,12892,Fair price for what you get with NK. Budget airline but reasonable comfort.
235,2025-01-15,UA,14107,11298,Careless handling on UA — my suitcase arrived damaged with a broken wheel.
236,2024-12-06,DL,15016,12892,Average service on DL. Nothing special but nothing terrible either.
237,2024-03-27,B6,14771,14869,Average service on B6. Nothing special but nothing terrible either.
238,2024-03-22,AS,12892,12266,"Got a fantastic deal on AS! Smooth booking, comfortable seat, great value for money."
239,2025-07-11,B6,13204,12892,Decent flight with B6. Clean aircraft and punctual landing.
240,2025-04-16,DL,14771,13303,Flight DL from San Francisco to Nashville on 2025-04-16 was delayed by 131 minutes. Missed my connecting flight. Very disappointing.
241,2025-02-14,UA,11298,14107,The UA boarding process was chaotic and disorganized. Staff were unhelpful when asked for assistance.
242,2024-06-22,WN,13303,12478,Minor 123-minute delay on WN but staff kept us informed throughout. Not ideal but acceptable.
243,2025-02-09,B6,12478,13930,Minor 94-minute delay on B6 but staff kept us informed throughout. Not ideal but acceptable.
244,2025-09-01,F9,13303,12266,Decent flight with F9. Clean aircraft and punctual landing.
245,2024-04-02,AS,14869,12266,Minor 159-minute delay on AS but staff kept us informed throughout. Not ideal but acceptable.
246,2025-02-22,UA,11193,13204,The UA boarding process was chaotic and disorganized. Staff were unhelpful when asked for assistance.
247,2025-02-13,AS,11433,14057,Bags arrived intact and on-time with AS. No issues at all with baggage handling.
248,2025-05-27,F9,13303,14057,F9 delivered exactly what I expected — a reliable flight from Nashville to Portland.
249,2025-06-06,B6,10397,12478,Fair price for what you get with B6. Budget airline but reasonable comfort.
250,2025-06-25,UA,12266,13930,Ticket prices for UA to Chicago are way too high for basic economy with no baggage allowance.
251,2025-04-06,AA,12478,13303,"Got a fantastic deal on AA! Smooth booking, comfortable seat, great value for money."
252,2024-10-17,F9,11193,14771,Minor 135-minute delay on F9 but staff kept us informed throughout. Not ideal but acceptable.
253,2024-02-08,WN,14869,12478,Decent flight with WN. Clean aircraft and punctual landing.
254,2024-04-28,AS,12892,11298,Decent flight with AS. Clean aircraft and punctual landing.
255,2025-04-12,AA,11298,10397,Fair price for what you get with AA. Budget airline but reasonable comfort.
256,2025-11-13,NK,14771,10397,"NK charges extra for everything. Seat selection, baggage, drinks — the base fare is misleading."
257,2025-08-31,F9,11433,14107,Flight F9 from Detroit to Phoenix on 2025-08-31 was delayed by 112 minutes. Missed my connecting flight. Very disappointing.
258,2025-08-17,F9,11193,14057,Minor 176-minute delay on F9 but staff kept us informed throughout. Not ideal but acceptable.
259,2025-11-27,WN,10397,14107,WN flight delayed again — 60 minutes this time. Third delay this month. Completely unreliable.
260,2025-02-10,B6,12478,13204,Decent flight with B6. Clean aircraft and punctual landing.
261,2024-05-04,AA,13930,14107,Landed in Phoenix with AA but my checked luggage was lost. Took 2 days to recover my bags.
262,2025-10-13,AS,13930,13303,The AS boarding process was chaotic and disorganized. Staff were unhelpful when asked for assistance.
263,2025-08-06,AA,14869,13930,Fair price for what you get with AA. Budget airline but reasonable comfort.
264,2024-08-14,DL,14771,13204,Bags arrived intact and on-time with DL. No issues at all with baggage handling.
265,2024-08-16,UA,12478,14107,Careless handling on UA — my suitcase arrived damaged with a broken wheel.
266,2024-08-30,WN,12478,11193,Flight WN from New York to Cincinnati on 2024-08-30 was delayed by 126 minutes. Missed my connecting flight. Very disappointing.
267,2024-06-18,B6,14869,10397,Ticket prices for B6 to Atlanta are way too high for basic economy with no baggage allowance.
268,2024-10-31,F9,14057,11298,Fair price for what you get with F9. Budget airline but reasonable comfort.
269,2024-05-21,AA,13303,13204,The AA boarding process was chaotic and disorganized. Staff were unhelpful when asked for assistance.
270,2024-09-20,AS,13303,14869,AS delivered exactly what I expected — a reliable flight from Nashville to Salt Lake City.
271,2024-11-16,DL,15016,11298,Decent flight with DL. Clean aircraft and punctual landing.
272,2025-02-18,NK,13930,14771,Ticket prices for NK to San Francisco are way too high for basic economy with no baggage allowance.
273,2025-11-20,DL,11298,12478,Significant departure delay on DL. Spent 171 minutes stuck at the gate with no updates from staff.
274,2024-08-05,F9,12892,10397,"Got a fantastic deal on F9! Smooth booking, comfortable seat, great value for money."
275,2024-08-06,B6,14057,14771,Bags arrived intact and on-time with B6. No issues at all with baggage handling.
276,2025-11-13,WN,12266,14771,Landed in San Francisco with WN but my checked luggage was lost. Took 2 days to recover my bags.
277,2025-11-06,DL,15016,13930,Lost baggage claim with DL was incredibly slow. Waited 90 minutes at carousel before reporting the loss.
278,2024-10-08,WN,12892,11298,Comfortable seats and good legroom on WN. Would fly again.
279,2024-05-26,DL,13303,13930,DL crew went above and beyond during my flight. Exceptional hospitality from start to finish.
280,2024-01-27,AS,12478,14107,"Got a fantastic deal on AS! Smooth booking, comfortable seat, great value for money."
281,2025-02-12,UA,11298,14107,Significant departure delay on UA. Spent 124 minutes stuck at the gate with no updates from staff.
282,2025-08-06,AS,14771,11298,Landed in Dallas with AS but my checked luggage was lost. Took 2 days to recover my bags.
283,2024-10-21,NK,14869,12478,Careless handling on NK — my suitcase arrived damaged with a broken wheel.
284,2024-04-26,DL,12478,11193,Significant departure delay on DL. Spent 64 minutes stuck at the gate with no updates from staff.
285,2025-06-12,UA,12892,14771,Comfortable seats and good legroom on UA. Would fly again.
286,2025-04-07,AA,12478,15016,Lost baggage claim with AA was incredibly slow. Waited 90 minutes at carousel before reporting the loss.
287,2024-12-28,WN,12892,14057,Fair price for what you get with WN. Budget airline but reasonable comfort.
288,2025-08-15,DL,14057,14869,DL crew went above and beyond during my flight. Exceptional hospitality from start to finish.
289,2024-02-11,AA,14869,12892,Ticket prices for AA to Los Angeles are way too high for basic economy with no baggage allowance.
290,2025-05-09,WN,12478,11193,WN delivered exactly what I expected — a reliable flight from New York to Cincinnati.
291,2024-12-27,NK,11193,10397,Flight attendants on NK were super friendly and helpful on the trip to Atlanta. Great experience!
292,2024-06-18,AA,11433,15016,Comfortable seats and good legroom on AA. Would fly again.
293,2024-10-30,F9,11193,10397,Fair price for what you get with F9. Budget airline but reasonable comfort.
294,2024-05-12,AS,12892,11193,Average service on AS. Nothing special but nothing terrible either.
295,2024-06-23,F9,12266,15016,Landed in St. Louis with F9 but my checked luggage was lost. Took 2 days to recover my bags.
296,2025-04-09,WN,12478,11433,Decent flight with WN. Clean aircraft and punctual landing.
297,2025-01-03,B6,11298,10397,Comfortable seats and good legroom on B6. Would fly again.
298,2024-09-13,AS,14107,11193,Poor inflight service on AS. Staff ignored cabin requests and the cabin was dirty.
299,2024-10-28,AA,12266,14107,AA crew went above and beyond during my flight. Exceptional hospitality from start to finish.
300,2024-09-13,UA,12478,14771,Landed in San Francisco with UA but my checked luggage was lost. Took 2 days to recover my bags.
301,2025-06-04,NK,14771,10397,Flight NK from San Francisco to Atlanta on 2025-06-04 was delayed by 32 minutes. Missed my connecting flight. Very disappointing.
302,2024-03-22,NK,11193,13303,NK delivered exactly what I expected — a reliable flight from Cincinnati to Nashville.
303,2024-07-13,AA,12266,14771,Minor 151-minute delay on AA but staff kept us informed throughout. Not ideal but acceptable.
304,2024-10-04,WN,14107,13204,Fair price for what you get with WN. Budget airline but reasonable comfort.
305,2024-10-22,F9,10397,12266,F9 flight delayed again — 99 minutes this time. Third delay this month. Completely unreliable.
306,2024-02-02,B6,14107,14057,The B6 boarding process was chaotic and disorganized. Staff were unhelpful when asked for assistance.
307,2024-07-28,NK,14107,11433,Comfortable seats and good legroom on NK. Would fly again.
308,2025-10-18,B6,13303,14057,The B6 boarding process was chaotic and disorganized. Staff were unhelpful when asked for assistance.
309,2025-03-13,WN,13930,14057,Poor inflight service on WN. Staff ignored cabin requests and the cabin was dirty.
310,2025-06-24,DL,14869,11298,Flight DL from Salt Lake City to Dallas on 2025-06-24 was delayed by 151 minutes. Missed my connecting flight. Very disappointing.
311,2024-06-28,WN,14771,13930,Flight attendants on WN were super friendly and helpful on the trip to Chicago. Great experience!
312,2025-03-11,NK,12892,14057,Fair price for what you get with NK. Budget airline but reasonable comfort.
313,2024-01-09,F9,11193,14869,"Got a fantastic deal on F9! Smooth booking, comfortable seat, great value for money."
314,2025-06-09,WN,13930,11298,Lost baggage claim with WN was incredibly slow. Waited 90 minutes at carousel before reporting the loss.
315,2024-08-27,UA,14057,13204,Flight UA from Portland to Orlando on 2024-08-27 was delayed by 175 minutes. Missed my connecting flight. Very disappointing.
316,2025-03-24,NK,14869,12478,Bags arrived intact and on-time with NK. No issues at all with baggage handling.
317,2024-05-07,WN,14107,13204,Significant departure delay on WN. Spent 132 minutes stuck at the gate with no updates from staff.
318,2025-07-14,WN,11433,13204,Poor inflight service on WN. Staff ignored cabin requests and the cabin was dirty.
319,2024-02-04,NK,15016,12892,Average service on NK. Nothing special but nothing terrible either.
320,2024-09-04,WN,13303,12892,"WN charges extra for everything. Seat selection, baggage, drinks — the base fare is misleading."
321,2025-06-12,AS,11193,14771,Comfortable seats and good legroom on AS. Would fly again.
322,2024-06-05,AA,14771,13204,Poor inflight service on AA. Staff ignored cabin requests and the cabin was dirty.
323,2024-10-01,NK,12266,14771,Ticket prices for NK to San Francisco are way too high for basic economy with no baggage allowance.
324,2025-08-16,DL,11193,11433,DL crew went above and beyond during my flight. Exceptional hospitality from start to finish.
325,2025-04-24,UA,14771,14107,Significant departure delay on UA. Spent 178 minutes stuck at the gate with no updates from staff.
326,2024-11-15,WN,14771,13303,Landed in Nashville with WN but my checked luggage was lost. Took 2 days to recover my bags.
327,2024-08-18,DL,11433,13204,Poor inflight service on DL. Staff ignored cabin requests and the cabin was dirty.
328,2024-01-23,AA,14771,11193,"Nothing exceptional about AA but a solid, reliable flight overall."
329,2025-09-07,F9,13303,13930,Comfortable seats and good legroom on F9. Would fly again.
330,2025-11-13,DL,13204,11298,Careless handling on DL — my suitcase arrived damaged with a broken wheel.
331,2024-11-10,WN,12478,11298,WN delivered exactly what I expected — a reliable flight from New York to Dallas.
332,2024-01-03,DL,12892,10397,Fair price for what you get with DL. Budget airline but reasonable comfort.
333,2024-01-22,AS,14869,14057,"Nothing exceptional about AS but a solid, reliable flight overall."
334,2025-05-13,AS,11193,14107,Ticket prices for AS to Phoenix are way too high for basic economy with no baggage allowance.
335,2024-12-09,WN,14869,14057,"WN charges extra for everything. Seat selection, baggage, drinks — the base fare is misleading."
336,2025-06-09,WN,13204,14057,Lost baggage claim with WN was incredibly slow. Waited 90 minutes at carousel before reporting the loss.
337,2025-09-28,UA,11193,12478,Flight attendants on UA were super friendly and helpful on the trip to New York. Great experience!
338,2024-03-17,WN,13204,14057,Fair price for what you get with WN. Budget airline but reasonable comfort.
339,2024-10-27,B6,15016,11193,"B6 charges extra for everything. Seat selection, baggage, drinks — the base fare is misleading."
340,2024-10-26,AA,14107,14057,Decent flight with AA. Clean aircraft and punctual landing.
341,2024-04-04,WN,14057,15016,"Nothing exceptional about WN but a solid, reliable flight overall."
342,2025-11-30,WN,11298,13204,Fair price for what you get with WN. Budget airline but reasonable comfort.
343,2024-01-22,NK,11433,13303,Poor inflight service on NK. Staff ignored cabin requests and the cabin was dirty.
344,2024-08-02,AA,11433,14107,Careless handling on AA — my suitcase arrived damaged with a broken wheel.
345,2025-01-02,AS,12478,12266,Average service on AS. Nothing special but nothing terrible either.
346,2025-01-29,NK,15016,13930,Bags arrived intact and on-time with NK. No issues at all with baggage handling.
347,2024-05-13,UA,13204,12892,UA crew went above and beyond during my flight. Exceptional hospitality from start to finish.
348,2025-02-04,B6,10397,11193,Careless handling on B6 — my suitcase arrived damaged with a broken wheel.
349,2025-10-08,NK,11298,11193,Fair price for what you get with NK. Budget airline but reasonable comfort.
350,2025-01-28,AS,12478,15016,AS delivered exactly what I expected — a reliable flight from New York to St. Louis.
351,2024-10-06,AA,13930,13303,Minor 51-minute delay on AA but staff kept us informed throughout. Not ideal but acceptable.
352,2024-09-07,AA,11298,12478,Lost baggage claim with AA was incredibly slow. Waited 90 minutes at carousel before reporting the loss.
353,2025-03-23,AA,14107,11433,AA crew went above and beyond during my flight. Exceptional hospitality from start to finish.
354,2025-01-11,DL,13303,10397,"Nothing exceptional about DL but a solid, reliable flight overall."
355,2024-09-19,WN,13204,13303,Bags arrived intact and on-time with WN. No issues at all with baggage handling.
356,2024-10-12,DL,15016,12266,Careless handling on DL — my suitcase arrived damaged with a broken wheel.
357,2024-01-28,AS,11433,15016,AS flight delayed again — 74 minutes this time. Third delay this month. Completely unreliable.
358,2025-11-29,F9,14869,12266,"Got a fantastic deal on F9! Smooth booking, comfortable seat, great value for money."
359,2025-11-12,B6,11298,15016,Minor 164-minute delay on B6 but staff kept us informed throughout. Not ideal but acceptable.
360,2024-06-20,F9,12478,12892,Landed in Los Angeles with F9 but my checked luggage was lost. Took 2 days to recover my bags.
361,2025-03-01,DL,11433,15016,Poor inflight service on DL. Staff ignored cabin requests and the cabin was dirty.
362,2025-11-09,F9,13303,15016,Flight F9 from Nashville to St. Louis on 2025-11-09 was delayed by 165 minutes. Missed my connecting flight. Very disappointing.
363,2025-04-27,DL,10397,14057,Decent flight with DL. Clean aircraft and punctual landing.
364,2024-07-11,F9,12266,11193,"F9 charges extra for everything. Seat selection, baggage, drinks — the base fare is misleading."
365,2024-12-17,AS,13930,11193,Comfortable seats and good legroom on AS. Would fly again.
366,2024-07-04,AA,14771,11298,Flight AA from San Francisco to Dallas on 2024-07-04 was delayed by 89 minutes. Missed my connecting flight. Very disappointing.
367,2025-10-05,B6,11193,14107,Minor 71-minute delay on B6 but staff kept us informed throughout. Not ideal but acceptable.
368,2024-02-11,AA,13303,12478,Flight AA from Nashville to New York on 2024-02-11 was delayed by 109 minutes. Missed my connecting flight. Very disappointing.
369,2024-04-28,DL,11298,14771,DL delivered exactly what I expected — a reliable flight from Dallas to San Francisco.
370,2025-10-04,AA,11193,13930,AA crew went above and beyond during my flight. Exceptional hospitality from start to finish.
371,2025-06-27,B6,13303,12478,Minor 156-minute delay on B6 but staff kept us informed throughout. Not ideal but acceptable.
372,2024-04-15,UA,14057,11433,"UA charges extra for everything. Seat selection, baggage, drinks — the base fare is misleading."
373,2024-01-15,WN,13303,15016,Landed in St. Louis with WN but my checked luggage was lost. Took 2 days to recover my bags.
374,2024-06-22,B6,13204,11433,Significant departure delay on B6. Spent 122 minutes stuck at the gate with no updates from staff.
375,2025-04-11,AA,14057,15016,Flight attendants on AA were super friendly and helpful on the trip to St. Louis. Great experience!
376,2024-04-14,AA,11298,13930,Lost baggage claim with AA was incredibly slow. Waited 90 minutes at carousel before reporting the loss.
377,2024-01-26,B6,11298,14869,Minor 161-minute delay on B6 but staff kept us informed throughout. Not ideal but acceptable.
378,2025-03-13,WN,14057,12892,WN flight delayed again — 175 minutes this time. Third delay this month. Completely unreliable.
379,2025-08-17,AS,10397,14057,Flight AS from Atlanta to Portland on 2025-08-17 was delayed by 151 minutes. Missed my connecting flight. Very disappointing.
380,2024-04-30,UA,14869,12892,Flight attendants on UA were super friendly and helpful on the trip to Los Angeles. Great experience!
381,2024-07-11,AS,14771,11193,Decent flight with AS. Clean aircraft and punctual landing.
382,2025-07-17,AA,13303,14869,Fair price for what you get with AA. Budget airline but reasonable comfort.
383,2025-08-04,NK,13204,11298,Flight NK from Orlando to Dallas on 2025-08-04 was delayed by 42 minutes. Missed my connecting flight. Very disappointing.
384,2025-03-21,AS,13204,12892,Average service on AS. Nothing special but nothing terrible either.
385,2024-07-17,NK,12892,14869,NK delivered exactly what I expected — a reliable flight from Los Angeles to Salt Lake City.
386,2025-08-07,DL,13930,13303,Average service on DL. Nothing special but nothing terrible either.
387,2025-06-14,AA,15016,11298,AA flight delayed again — 164 minutes this time. Third delay this month. Completely unreliable.
388,2025-03-15,UA,11433,12266,"UA charges extra for everything. Seat selection, baggage, drinks — the base fare is misleading."
389,2025-11-18,WN,12892,15016,Careless handling on WN — my suitcase arrived damaged with a broken wheel.
390,2025-01-05,F9,14869,12892,On-time departure and early arrival in Los Angeles with F9. Smooth flight with no issues.
391,2025-08-16,B6,13204,13303,Minor 152-minute delay on B6 but staff kept us informed throughout. Not ideal but acceptable.
392,2025-06-16,DL,10397,13303,DL delivered exactly what I expected — a reliable flight from Atlanta to Nashville.
393,2024-12-15,F9,12892,14869,On-time departure and early arrival in Salt Lake City with F9. Smooth flight with no issues.
394,2025-07-20,F9,14107,13303,Flight F9 from Phoenix to Nashville on 2025-07-20 was delayed by 100 minutes. Missed my connecting flight. Very disappointing.
395,2024-01-12,DL,12266,14869,Average service on DL. Nothing special but nothing terrible either.
396,2025-09-16,AA,15016,11433,The AA boarding process was chaotic and disorganized. Staff were unhelpful when asked for assistance.
397,2024-01-29,UA,11193,13930,Careless handling on UA — my suitcase arrived damaged with a broken wheel.
398,2024-12-31,AA,14057,11298,Careless handling on AA — my suitcase arrived damaged with a broken wheel.
399,2024-11-27,UA,14771,13930,Significant departure delay on UA. Spent 40 minutes stuck at the gate with no updates from staff.
400,2024-08-17,AS,10397,14057,Significant departure delay on AS. Spent 35 minutes stuck at the gate with no updates from staff.
401,2024-09-24,F9,14107,13204,F9 flight delayed again — 90 minutes this time. Third delay this month. Completely unreliable.
402,2024-10-23,B6,13303,14107,Average service on B6. Nothing special but nothing terrible either.
403,2025-01-14,F9,12892,14057,F9 delivered exactly what I expected — a reliable flight from Los Angeles to Portland.
404,2024-02-11,B6,14771,14107,On-time departure and early arrival in Phoenix with B6. Smooth flight with no issues.
405,2025-04-13,B6,12478,10397,Bags arrived intact and on-time with B6. No issues at all with baggage handling.
406,2024-03-06,F9,14869,14107,Lost baggage claim with F9 was incredibly slow. Waited 90 minutes at carousel before reporting the loss.
407,2025-04-09,AS,14057,11298,"AS charges extra for everything. Seat selection, baggage, drinks — the base fare is misleading."
408,2024-02-17,WN,15016,13204,Flight attendants on WN were super friendly and helpful on the trip to Orlando. Great experience!
409,2024-02-28,F9,10397,11298,Comfortable seats and good legroom on F9. Would fly again.
410,2024-12-04,NK,13303,14057,NK flight delayed again — 95 minutes this time. Third delay this month. Completely unreliable.
411,2024-05-30,NK,14107,11298,NK crew went above and beyond during my flight. Exceptional hospitality from start to finish.
412,2025-03-22,AS,10397,12478,"AS charges extra for everything. Seat selection, baggage, drinks — the base fare is misleading."
413,2024-11-21,UA,12266,12892,Decent flight with UA. Clean aircraft and punctual landing.
414,2025-11-13,AA,11433,13204,Comfortable seats and good legroom on AA. Would fly again.
415,2024-12-18,WN,13204,11193,Landed in Cincinnati with WN but my checked luggage was lost. Took 2 days to recover my bags.
416,2024-11-28,WN,13303,13930,Bags arrived intact and on-time with WN. No issues at all with baggage handling.
417,2024-09-22,AS,12266,14107,Lost baggage claim with AS was incredibly slow. Waited 90 minutes at carousel before reporting the loss.
418,2025-03-17,AS,14057,11433,"AS charges extra for everything. Seat selection, baggage, drinks — the base fare is misleading."
419,2024-10-03,NK,12478,13303,Significant departure delay on NK. Spent 105 minutes stuck at the gate with no updates from staff.
420,2025-06-18,F9,11298,13204,Significant departure delay on F9. Spent 98 minutes stuck at the gate with no updates from staff.
421,2025-08-08,DL,13930,12266,DL delivered exactly what I expected — a reliable flight from Chicago to Houston.
422,2024-07-07,B6,13204,14107,Ticket prices for B6 to Phoenix are way too high for basic economy with no baggage allowance.
423,2025-01-29,WN,10397,13303,Ticket prices for WN to Nashville are way too high for basic economy with no baggage allowance.
424,2024-02-29,NK,12478,14057,NK flight delayed again — 80 minutes this time. Third delay this month. Completely unreliable.
425,2025-10-16,F9,11433,12266,F9 delivered exactly what I expected — a reliable flight from Detroit to Houston.
426,2025-03-12,WN,14057,11433,Decent flight with WN. Clean aircraft and punctual landing.
427,2024-12-21,WN,11433,15016,"WN charges extra for everything. Seat selection, baggage, drinks — the base fare is misleading."
428,2024-03-06,UA,11433,11298,"Got a fantastic deal on UA! Smooth booking, comfortable seat, great value for money."
429,2024-03-15,B6,10397,13930,Landed in Chicago with B6 but my checked luggage was lost. Took 2 days to recover my bags.
430,2025-02-17,AS,12892,12478,"Nothing exceptional about AS but a solid, reliable flight overall."
431,2024-03-05,UA,10397,12892,Significant departure delay on UA. Spent 103 minutes stuck at the gate with no updates from staff.
432,2025-08-23,WN,11193,12478,Poor inflight service on WN. Staff ignored cabin requests and the cabin was dirty.
433,2024-04-29,AA,12266,10397,Careless handling on AA — my suitcase arrived damaged with a broken wheel.
434,2025-01-22,NK,15016,11298,Minor 85-minute delay on NK but staff kept us informed throughout. Not ideal but acceptable.
435,2025-05-02,UA,14107,11193,Average service on UA. Nothing special but nothing terrible either.
436,2024-04-14,NK,13204,12478,"Nothing exceptional about NK but a solid, reliable flight overall."
437,2024-06-01,B6,14107,14771,"Nothing exceptional about B6 but a solid, reliable flight overall."
438,2024-03-07,B6,13303,14107,Fair price for what you get with B6. Budget airline but reasonable comfort.
439,2025-08-08,WN,13930,13303,Comfortable seats and good legroom on WN. Would fly again.
440,2025-08-18,DL,13303,12892,Minor 89-minute delay on DL but staff kept us informed throughout. Not ideal but acceptable.
441,2024-01-18,DL,14771,12478,Ticket prices for DL to New York are way too high for basic economy with no baggage allowance.
442,2025-07-08,DL,13204,14869,Landed in Salt Lake City with DL but my checked luggage was lost. Took 2 days to recover my bags.
443,2025-08-01,WN,13204,14107,Fair price for what you get with WN. Budget airline but reasonable comfort.
444,2025-08-17,AA,13930,15016,Comfortable seats and good legroom on AA. Would fly again.
445,2025-01-09,NK,13204,11298,The NK boarding process was chaotic and disorganized. Staff were unhelpful when asked for assistance.
446,2025-07-19,NK,14107,13930,Landed in Chicago with NK but my checked luggage was lost. Took 2 days to recover my bags.
447,2025-11-16,UA,11433,12266,Average service on UA. Nothing special but nothing terrible either.
448,2024-07-28,F9,12266,12478,Average service on F9. Nothing special but nothing terrible either.
449,2025-03-27,WN,14771,12478,Lost baggage claim with WN was incredibly slow. Waited 90 minutes at carousel before reporting the loss.
450,2024-03-28,B6,13303,11298,"Nothing exceptional about B6 but a solid, reliable flight overall."
451,2024-01-07,NK,12478,15016,Ticket prices for NK to St. Louis are way too high for basic economy with no baggage allowance.
452,2024-04-27,B6,14057,14869,Significant departure delay on B6. Spent 68 minutes stuck at the gate with no updates from staff.
453,2024-04-02,WN,14107,11298,WN delivered exactly what I expected — a reliable flight from Phoenix to Dallas.
454,2024-11-09,UA,12478,13930,Flight attendants on UA were super friendly and helpful on the trip to Chicago. Great experience!
455,2025-06-04,AA,11433,13204,Bags arrived intact and on-time with AA. No issues at all with baggage handling.
456,2024-05-17,UA,13204,12478,Significant departure delay on UA. Spent 117 minutes stuck at the gate with no updates from staff.
457,2025-04-22,UA,14869,14771,Fair price for what you get with UA. Budget airline but reasonable comfort.
458,2025-05-22,F9,13930,11433,Landed in Detroit with F9 but my checked luggage was lost. Took 2 days to recover my bags.
459,2024-09-27,AS,12266,14771,AS delivered exactly what I expected — a reliable flight from Houston to San Francisco.
460,2024-11-26,AS,10397,14869,Ticket prices for AS to Salt Lake City are way too high for basic economy with no baggage allowance.
461,2024-09-27,UA,14771,14869,UA crew went above and beyond during my flight. Exceptional hospitality from start to finish.
462,2024-02-22,AS,14771,14057,Significant departure delay on AS. Spent 45 minutes stuck at the gate with no updates from staff.
463,2025-05-08,AA,11298,14057,Flight attendants on AA were super friendly and helpful on the trip to Portland. Great experience!
464,2024-01-21,UA,15016,10397,Flight UA from St. Louis to Atlanta on 2024-01-21 was delayed by 141 minutes. Missed my connecting flight. Very disappointing.
465,2024-01-13,AS,13930,13204,Ticket prices for AS to Orlando are way too high for basic economy with no baggage allowance.
466,2025-06-20,UA,13930,14771,Flight attendants on UA were super friendly and helpful on the trip to San Francisco. Great experience!
467,2025-02-11,F9,13930,12266,Minor 142-minute delay on F9 but staff kept us informed throughout. Not ideal but acceptable.
468,2024-10-26,F9,12478,14869,Average service on F9. Nothing special but nothing terrible either.
469,2024-11-06,AA,11193,14869,Decent flight with AA. Clean aircraft and punctual landing.
470,2024-11-15,AS,11433,12478,Comfortable seats and good legroom on AS. Would fly again.
471,2024-01-16,NK,14771,12266,Minor 143-minute delay on NK but staff kept us informed throughout. Not ideal but acceptable.
472,2025-01-24,B6,12478,15016,B6 flight delayed again — 96 minutes this time. Third delay this month. Completely unreliable.
473,2024-05-06,DL,14869,14057,The DL boarding process was chaotic and disorganized. Staff were unhelpful when asked for assistance.
474,2025-01-21,DL,14771,13303,Flight attendants on DL were super friendly and helpful on the trip to Nashville. Great experience!
475,2025-08-16,B6,13930,12892,Poor inflight service on B6. Staff ignored cabin requests and the cabin was dirty.
476,2024-01-02,AS,14107,11298,Comfortable seats and good legroom on AS. Would fly again.
477,2024-05-06,AS,13204,14771,"AS charges extra for everything. Seat selection, baggage, drinks — the base fare is misleading."
478,2024-04-17,DL,14869,13930,Careless handling on DL — my suitcase arrived damaged with a broken wheel.
479,2024-12-28,UA,13303,11298,Fair price for what you get with UA. Budget airline but reasonable comfort.
480,2025-11-07,B6,12266,13204,Decent flight with B6. Clean aircraft and punctual landing.
481,2025-03-22,DL,13303,11298,Bags arrived intact and on-time with DL. No issues at all with baggage handling.
482,2025-08-25,AA,13303,14771,Comfortable seats and good legroom on AA. Would fly again.
483,2025-07-05,AS,14057,14869,"Nothing exceptional about AS but a solid, reliable flight overall."
484,2025-09-11,DL,13303,12266,Minor 75-minute delay on DL but staff kept us informed throughout. Not ideal but acceptable.
485,2025-11-01,UA,10397,14869,Comfortable seats and good legroom on UA. Would fly again.
486,2025-09-06,UA,14869,12266,Decent flight with UA. Clean aircraft and punctual landing.
487,2025-07-04,WN,10397,14057,On-time departure and early arrival in Portland with WN. Smooth flight with no issues.
488,2024-12-20,DL,15016,12892,Flight attendants on DL were super friendly and helpful on the trip to Los Angeles. Great experience!
489,2025-07-30,AA,14057,15016,Flight AA from Portland to St. Louis on 2025-07-30 was delayed by 102 minutes. Missed my connecting flight. Very disappointing.
490,2025-10-27,AA,11193,14057,AA flight delayed again — 75 minutes this time. Third delay this month. Completely unreliable.
491,2024-03-04,AS,11298,13204,Average service on AS. Nothing special but nothing terrible either.
492,2024-04-11,NK,12478,14771,"Nothing exceptional about NK but a solid, reliable flight overall."
493,2024-02-22,UA,10397,11193,The UA boarding process was chaotic and disorganized. Staff were unhelpful when asked for assistance.
494,2024-12-31,F9,13303,11298,Comfortable seats and good legroom on F9. Would fly again.
495,2025-06-22,F9,14107,14771,Bags arrived intact and on-time with F9. No issues at all with baggage handling.
496,2024-09-22,NK,11433,12892,"Nothing exceptional about NK but a solid, reliable flight overall."
497,2024-12-24,UA,11298,11193,Significant departure delay on UA. Spent 162 minutes stuck at the gate with no updates from staff.
498,2025-02-27,UA,12892,12266,Lost baggage claim with UA was incredibly slow. Waited 90 minutes at carousel before reporting the loss.
499,2024-08-18,AA,13930,11298,"Nothing exceptional about AA but a solid, reliable flight overall."
500,2024-01-12,AA,13303,11433,Flight attendants on AA were super friendly and helpful on the trip to Detroit. Great experience!
501,2025-08-10,AS,13930,11433,Flight AS from Chicago to Detroit on 2025-08-10 was delayed by 169 minutes. Missed my connecting flight. Very disappointing.
502,2025-01-10,UA,10397,14869,Comfortable seats and good legroom on UA. Would fly again.
503,2024-08-31,AA,13204,14107,Careless handling on AA — my suitcase arrived damaged with a broken wheel.
504,2024-12-14,DL,11298,13204,On-time departure and early arrival in Orlando with DL. Smooth flight with no issues.
505,2024-10-15,AA,12892,14107,AA flight delayed again — 167 minutes this time. Third delay this month. Completely unreliable.
506,2024-04-22,WN,14771,13930,"WN charges extra for everything. Seat selection, baggage, drinks — the base fare is misleading."
507,2025-09-22,NK,13204,14869,Flight attendants on NK were super friendly and helpful on the trip to Salt Lake City. Great experience!
508,2024-04-15,UA,11298,12266,Bags arrived intact and on-time with UA. No issues at all with baggage handling.
509,2024-07-19,DL,12266,13930,DL delivered exactly what I expected — a reliable flight from Houston to Chicago.
510,2024-02-18,NK,14057,14869,Poor inflight service on NK. Staff ignored cabin requests and the cabin was dirty.
511,2024-08-11,AS,12266,11298,Poor inflight service on AS. Staff ignored cabin requests and the cabin was dirty.
512,2024-04-06,AS,13204,14107,Fair price for what you get with AS. Budget airline but reasonable comfort.
513,2024-08-13,AA,12478,13303,AA flight delayed again — 103 minutes this time. Third delay this month. Completely unreliable.
514,2024-02-19,UA,11433,14771,Flight UA from Detroit to San Francisco on 2024-02-19 was delayed by 79 minutes. Missed my connecting flight. Very disappointing.
515,2025-01-06,B6,15016,11193,"B6 charges extra for everything. Seat selection, baggage, drinks — the base fare is misleading."
516,2025-10-12,AS,13303,14107,"Nothing exceptional about AS but a solid, reliable flight overall."
517,2024-03-08,UA,14057,13303,"Got a fantastic deal on UA! Smooth booking, comfortable seat, great value for money."
518,2025-07-09,AA,12266,13930,Flight attendants on AA were super friendly and helpful on the trip to Chicago. Great experience!
519,2025-11-24,WN,13303,14771,Significant departure delay on WN. Spent 60 minutes stuck at the gate with no updates from staff.
520,2024-03-11,AS,11193,13303,Flight AS from Cincinnati to Nashville on 2024-03-11 was delayed by 169 minutes. Missed my connecting flight. Very disappointing.
521,2024-09-06,DL,13930,14057,Landed in Portland with DL but my checked luggage was lost. Took 2 days to recover my bags.
522,2025-03-18,WN,11433,13303,WN delivered exactly what I expected — a reliable flight from Detroit to Nashville.
523,2024-09-26,NK,15016,13303,The NK boarding process was chaotic and disorganized. Staff were unhelpful when asked for assistance.
524,2024-05-13,AA,13204,12478,Minor 84-minute delay on AA but staff kept us informed throughout. Not ideal but acceptable.
525,2024-10-02,WN,11433,11298,WN flight delayed again — 135 minutes this time. Third delay this month. Completely unreliable.
526,2025-02-17,AS,15016,10397,On-time departure and early arrival in Atlanta with AS. Smooth flight with no issues.
527,2025-10-11,AS,13303,14771,"Nothing exceptional about AS but a solid, reliable flight overall."
528,2025-04-08,AA,11193,10397,Decent flight with AA. Clean aircraft and punctual landing.
529,2025-07-09,AA,11298,14771,Poor inflight service on AA. Staff ignored cabin requests and the cabin was dirty.
530,2024-02-07,F9,12892,15016,Decent flight with F9. Clean aircraft and punctual landing.
531,2024-10-30,UA,13204,12892,Ticket prices for UA to Los Angeles are way too high for basic economy with no baggage allowance.
532,2024-02-06,DL,13204,14057,Ticket prices for DL to Portland are way too high for basic economy with no baggage allowance.
533,2024-06-07,B6,12266,13930,Careless handling on B6 — my suitcase arrived damaged with a broken wheel.
534,2024-12-20,WN,14107,11433,Landed in Detroit with WN but my checked luggage was lost. Took 2 days to recover my bags.
535,2024-05-10,B6,11433,14107,Minor 158-minute delay on B6 but staff kept us informed throughout. Not ideal but acceptable.
536,2025-10-04,DL,11298,12478,Lost baggage claim with DL was incredibly slow. Waited 90 minutes at carousel before reporting the loss.
537,2025-04-08,F9,11298,14771,Minor 67-minute delay on F9 but staff kept us informed throughout. Not ideal but acceptable.
538,2024-12-11,F9,15016,11193,Poor inflight service on F9. Staff ignored cabin requests and the cabin was dirty.
539,2024-03-03,DL,14869,12478,"Got a fantastic deal on DL! Smooth booking, comfortable seat, great value for money."
540,2024-07-24,F9,11298,10397,F9 delivered exactly what I expected — a reliable flight from Dallas to Atlanta.
541,2024-02-02,DL,13204,11193,Lost baggage claim with DL was incredibly slow. Waited 90 minutes at carousel before reporting the loss.
542,2025-03-26,F9,12478,11193,Careless handling on F9 — my suitcase arrived damaged with a broken wheel.
543,2024-06-28,WN,14057,11298,Flight WN from Portland to Dallas on 2024-06-28 was delayed by 104 minutes. Missed my connecting flight. Very disappointing.
544,2024-09-28,WN,11433,12478,On-time departure and early arrival in New York with WN. Smooth flight with no issues.
545,2024-11-28,F9,15016,11193,Flight F9 from St. Louis to Cincinnati on 2024-11-28 was delayed by 172 minutes. Missed my connecting flight. Very disappointing.
546,2024-03-09,B6,14057,15016,Flight B6 from Portland to St. Louis on 2024-03-09 was delayed by 83 minutes. Missed my connecting flight. Very disappointing.
547,2024-01-24,UA,14869,15016,Flight UA from Salt Lake City to St. Louis on 2024-01-24 was delayed by 148 minutes. Missed my connecting flight. Very disappointing.
548,2025-09-19,AS,11298,15016,Ticket prices for AS to St. Louis are way too high for basic economy with no baggage allowance.
549,2024-10-02,UA,12478,12892,On-time departure and early arrival in Los Angeles with UA. Smooth flight with no issues.
550,2025-07-30,UA,11193,14057,UA crew went above and beyond during my flight. Exceptional hospitality from start to finish.
551,2025-07-04,AA,14771,12478,Flight attendants on AA were super friendly and helpful on the trip to New York. Great experience!
552,2025-04-27,DL,14057,13303,Comfortable seats and good legroom on DL. Would fly again.
553,2024-06-13,AA,14771,14057,Bags arrived intact and on-time with AA. No issues at all with baggage handling.
554,2025-03-03,WN,13930,12892,Careless handling on WN — my suitcase arrived damaged with a broken wheel.
555,2024-08-27,DL,13204,14057,Bags arrived intact and on-time with DL. No issues at all with baggage handling.
556,2024-02-21,DL,15016,14771,Average service on DL. Nothing special but nothing terrible either.
557,2024-09-26,B6,13303,13204,Landed in Orlando with B6 but my checked luggage was lost. Took 2 days to recover my bags.
558,2025-11-08,AS,15016,11298,Flight attendants on AS were super friendly and helpful on the trip to Dallas. Great experience!
559,2024-04-22,DL,14107,10397,"Nothing exceptional about DL but a solid, reliable flight overall."
560,2025-05-16,F9,13930,14057,Flight F9 from Chicago to Portland on 2025-05-16 was delayed by 75 minutes. Missed my connecting flight. Very disappointing.
561,2025-01-07,B6,13303,14771,Bags arrived intact and on-time with B6. No issues at all with baggage handling.
562,2025-11-26,AA,14771,13204,Flight attendants on AA were super friendly and helpful on the trip to Orlando. Great experience!
563,2024-09-01,F9,10397,12892,"Got a fantastic deal on F9! Smooth booking, comfortable seat, great value for money."
564,2024-05-07,WN,14869,12892,WN crew went above and beyond during my flight. Exceptional hospitality from start to finish.
565,2024-12-16,DL,11298,13930,Ticket prices for DL to Chicago are way too high for basic economy with no baggage allowance.
566,2024-03-29,DL,14107,13204,Significant departure delay on DL. Spent 138 minutes stuck at the gate with no updates from staff.
567,2025-11-04,AA,13930,12892,Fair price for what you get with AA. Budget airline but reasonable comfort.
568,2025-10-29,F9,11433,13204,Minor 109-minute delay on F9 but staff kept us informed throughout. Not ideal but acceptable.
569,2025-02-03,NK,12266,13204,Bags arrived intact and on-time with NK. No issues at all with baggage handling.
570,2025-06-12,DL,14107,15016,Comfortable seats and good legroom on DL. Would fly again.
571,2024-08-24,AA,12266,13303,On-time departure and early arrival in Nashville with AA. Smooth flight with no issues.
572,2024-02-23,DL,14771,13204,DL flight delayed again — 156 minutes this time. Third delay this month. Completely unreliable.
573,2025-01-12,WN,12478,14057,Landed in Portland with WN but my checked luggage was lost. Took 2 days to recover my bags.
574,2024-06-26,NK,14107,12892,Decent flight with NK. Clean aircraft and punctual landing.
575,2024-01-03,NK,13303,11298,Landed in Dallas with NK but my checked luggage was lost. Took 2 days to recover my bags.
576,2025-02-03,AA,14771,12892,Significant departure delay on AA. Spent 36 minutes stuck at the gate with no updates from staff.
577,2024-11-19,AA,11193,11433,AA flight delayed again — 66 minutes this time. Third delay this month. Completely unreliable.
578,2025-01-09,DL,15016,13204,Comfortable seats and good legroom on DL. Would fly again.
579,2025-11-18,UA,14771,14869,UA delivered exactly what I expected — a reliable flight from San Francisco to Salt Lake City.
580,2024-08-17,B6,14057,12478,On-time departure and early arrival in New York with B6. Smooth flight with no issues.
581,2024-11-02,AA,13204,14869,AA crew went above and beyond during my flight. Exceptional hospitality from start to finish.
582,2025-06-13,NK,14771,14869,Flight NK from San Francisco to Salt Lake City on 2025-06-13 was delayed by 179 minutes. Missed my connecting flight. Very disappointing.
583,2025-11-01,DL,11298,11433,Significant departure delay on DL. Spent 141 minutes stuck at the gate with no updates from staff.
584,2025-06-08,WN,11193,11433,Significant departure delay on WN. Spent 140 minutes stuck at the gate with no updates from staff.
585,2025-07-29,NK,12478,14107,Ticket prices for NK to Phoenix are way too high for basic economy with no baggage allowance.
586,2025-08-23,WN,14107,13930,Comfortable seats and good legroom on WN. Would fly again.
587,2024-09-30,WN,12892,14107,Flight WN from Los Angeles to Phoenix on 2024-09-30 was delayed by 151 minutes. Missed my connecting flight. Very disappointing.
588,2025-06-28,AS,11298,14107,Bags arrived intact and on-time with AS. No issues at all with baggage handling.
589,2024-04-04,DL,13204,14107,Bags arrived intact and on-time with DL. No issues at all with baggage handling.
590,2025-06-14,WN,12266,14869,On-time departure and early arrival in Salt Lake City with WN. Smooth flight with no issues.
591,2024-06-16,AA,14057,14107,Careless handling on AA — my suitcase arrived damaged with a broken wheel.
592,2025-04-24,F9,10397,13930,On-time departure and early arrival in Chicago with F9. Smooth flight with no issues.
593,2024-03-20,AA,14107,11433,Ticket prices for AA to Detroit are way too high for basic economy with no baggage allowance.
594,2024-07-25,AS,13930,10397,Flight attendants on AS were super friendly and helpful on the trip to Atlanta. Great experience!
595,2024-09-29,DL,11298,13930,DL crew went above and beyond during my flight. Exceptional hospitality from start to finish.
596,2025-06-25,NK,11298,15016,Comfortable seats and good legroom on NK. Would fly again.
597,2025-01-02,F9,13303,12266,Fair price for what you get with F9. Budget airline but reasonable comfort.
598,2024-05-26,B6,12478,12266,B6 delivered exactly what I expected — a reliable flight from New York to Houston.
599,2024-12-05,WN,14107,13930,Significant departure delay on WN. Spent 32 minutes stuck at the gate with no updates from staff.
600,2024-12-16,WN,11433,11193,Ticket prices for WN to Cincinnati are way too high for basic economy with no baggage allowance.
601,2024-10-25,NK,13303,13930,Decent flight with NK. Clean aircraft and punctual landing.
602,2025-04-15,AA,15016,10397,On-time departure and early arrival in Atlanta with AA. Smooth flight with no issues.
603,2024-05-10,NK,13930,14107,On-time departure and early arrival in Phoenix with NK. Smooth flight with no issues.
604,2025-09-27,UA,14771,13930,Decent flight with UA. Clean aircraft and punctual landing.
605,2024-11-24,WN,12478,14771,Fair price for what you get with WN. Budget airline but reasonable comfort.
606,2025-04-30,AA,14869,11193,Lost baggage claim with AA was incredibly slow. Waited 90 minutes at carousel before reporting the loss.
607,2025-07-14,B6,14057,11433,Landed in Detroit with B6 but my checked luggage was lost. Took 2 days to recover my bags.
608,2024-06-29,AA,11298,12266,"AA charges extra for everything. Seat selection, baggage, drinks — the base fare is misleading."
609,2024-06-23,NK,11193,14771,Ticket prices for NK to San Francisco are way too high for basic economy with no baggage allowance.
610,2024-10-31,AS,13204,11193,"Got a fantastic deal on AS! Smooth booking, comfortable seat, great value for money."
611,2024-08-21,DL,14057,13204,On-time departure and early arrival in Orlando with DL. Smooth flight with no issues.
612,2024-08-01,AS,10397,14107,"Got a fantastic deal on AS! Smooth booking, comfortable seat, great value for money."
613,2024-05-31,F9,15016,11433,"Got a fantastic deal on F9! Smooth booking, comfortable seat, great value for money."
614,2024-05-04,F9,13930,12266,Flight attendants on F9 were super friendly and helpful on the trip to Houston. Great experience!
615,2024-01-10,UA,13204,15016,Lost baggage claim with UA was incredibly slow. Waited 90 minutes at carousel before reporting the loss.
616,2024-03-19,WN,14771,14107,Flight WN from San Francisco to Phoenix on 2024-03-19 was delayed by 67 minutes. Missed my connecting flight. Very disappointing.
617,2025-09-14,UA,11193,13204,"Nothing exceptional about UA but a solid, reliable flight overall."
618,2024-05-04,DL,14057,11193,"Got a fantastic deal on DL! Smooth booking, comfortable seat, great value for money."
619,2025-08-22,AS,14869,12892,Average service on AS. Nothing special but nothing terrible either.
620,2024-05-19,NK,10397,14107,The NK boarding process was chaotic and disorganized. Staff were unhelpful when asked for assistance.
621,2025-06-14,F9,13930,14771,"Got a fantastic deal on F9! Smooth booking, comfortable seat, great value for money."
622,2025-07-03,AS,10397,11433,On-time departure and early arrival in Detroit with AS. Smooth flight with no issues.
623,2024-08-08,F9,14869,11433,"Got a fantastic deal on F9! Smooth booking, comfortable seat, great value for money."
624,2024-01-10,F9,11433,12478,Decent flight with F9. Clean aircraft and punctual landing.
625,2024-04-03,DL,13204,13930,Significant departure delay on DL. Spent 154 minutes stuck at the gate with no updates from staff.
626,2024-02-21,NK,11298,13930,Minor 134-minute delay on NK but staff kept us informed throughout. Not ideal but acceptable.
627,2025-07-19,F9,14057,14869,Comfortable seats and good legroom on F9. Would fly again.
628,2025-09-02,AA,11298,14869,Average service on AA. Nothing special but nothing terrible either.
629,2024-06-01,UA,12478,13303,UA delivered exactly what I expected — a reliable flight from New York to Nashville.
630,2025-09-24,DL,10397,13204,Significant departure delay on DL. Spent 116 minutes stuck at the gate with no updates from staff.
631,2025-04-12,WN,14771,13204,Flight WN from San Francisco to Orlando on 2025-04-12 was delayed by 42 minutes. Missed my connecting flight. Very disappointing.
632,2025-07-15,AA,10397,12892,Average service on AA. Nothing special but nothing terrible either.
633,2025-10-19,B6,12266,10397,Flight attendants on B6 were super friendly and helpful on the trip to Atlanta. Great experience!
634,2025-11-15,B6,11433,12892,"B6 charges extra for everything. Seat selection, baggage, drinks — the base fare is misleading."
635,2025-09-18,B6,11433,15016,Average service on B6. Nothing special but nothing terrible either.
636,2024-12-13,UA,13930,13204,Fair price for what you get with UA. Budget airline but reasonable comfort.
637,2025-07-06,WN,15016,12478,Poor inflight service on WN. Staff ignored cabin requests and the cabin was dirty.
638,2024-04-13,DL,14107,11298,Comfortable seats and good legroom on DL. Would fly again.
639,2025-06-27,NK,14057,14107,Poor inflight service on NK. Staff ignored cabin requests and the cabin was dirty.
640,2025-05-03,DL,10397,11298,Fair price for what you get with DL. Budget airline but reasonable comfort.
641,2024-08-15,B6,11298,12266,"Got a fantastic deal on B6! Smooth booking, comfortable seat, great value for money."
642,2025-06-20,NK,11433,12892,Minor 94-minute delay on NK but staff kept us informed throughout. Not ideal but acceptable.
643,2024-11-14,B6,14869,14771,Decent flight with B6. Clean aircraft and punctual landing.
644,2024-04-11,AA,14057,11298,"Nothing exceptional about AA but a solid, reliable flight overall."
645,2025-03-13,AA,14107,14869,Minor 103-minute delay on AA but staff kept us informed throughout. Not ideal but acceptable.
646,2024-03-23,WN,10397,11193,"Nothing exceptional about WN but a solid, reliable flight overall."
647,2025-10-26,AS,12266,14107,Bags arrived intact and on-time with AS. No issues at all with baggage handling.
648,2024-11-13,AS,14771,14869,Fair price for what you get with AS. Budget airline but reasonable comfort.
649,2025-10-10,WN,14869,11433,The WN boarding process was chaotic and disorganized. Staff were unhelpful when asked for assistance.
650,2024-02-11,AS,14107,12892,AS crew went above and beyond during my flight. Exceptional hospitality from start to finish.
651,2025-06-24,AS,11193,12478,Flight AS from Cincinnati to New York on 2025-06-24 was delayed by 138 minutes. Missed my connecting flight. Very disappointing.
652,2024-08-08,AA,14869,10397,AA flight delayed again — 153 minutes this time. Third delay this month. Completely unreliable.
653,2024-09-16,WN,12266,12478,Poor inflight service on WN. Staff ignored cabin requests and the cabin was dirty.
654,2024-10-31,AA,13204,14771,Significant departure delay on AA. Spent 111 minutes stuck at the gate with no updates from staff.
655,2024-09-18,UA,10397,12478,UA delivered exactly what I expected — a reliable flight from Atlanta to New York.
656,2024-08-11,WN,15016,11193,"Nothing exceptional about WN but a solid, reliable flight overall."
657,2025-07-11,DL,12266,14869,Comfortable seats and good legroom on DL. Would fly again.
658,2024-10-22,WN,11298,13930,Significant departure delay on WN. Spent 151 minutes stuck at the gate with no updates from staff.
659,2025-10-10,WN,14869,14107,"Got a fantastic deal on WN! Smooth booking, comfortable seat, great value for money."
660,2024-01-10,AA,14869,13930,On-time departure and early arrival in Chicago with AA. Smooth flight with no issues.
661,2025-07-09,AA,12266,14869,Careless handling on AA — my suitcase arrived damaged with a broken wheel.
662,2025-04-24,F9,14869,10397,Landed in Atlanta with F9 but my checked luggage was lost. Took 2 days to recover my bags.
663,2024-08-08,F9,14771,14107,Bags arrived intact and on-time with F9. No issues at all with baggage handling.
664,2024-01-01,WN,15016,14771,Significant departure delay on WN. Spent 70 minutes stuck at the gate with no updates from staff.
665,2024-12-03,DL,14107,12266,Landed in Houston with DL but my checked luggage was lost. Took 2 days to recover my bags.
666,2024-10-05,DL,14107,14057,"Got a fantastic deal on DL! Smooth booking, comfortable seat, great value for money."
667,2025-11-04,DL,11433,13930,Average service on DL. Nothing special but nothing terrible either.
668,2024-01-08,AS,11298,12478,"Got a fantastic deal on AS! Smooth booking, comfortable seat, great value for money."
669,2025-08-14,B6,11433,12478,Minor 74-minute delay on B6 but staff kept us informed throughout. Not ideal but acceptable.
670,2024-12-16,AS,11193,12892,AS delivered exactly what I expected — a reliable flight from Cincinnati to Los Angeles.
671,2024-06-22,AS,13303,14107,Ticket prices for AS to Phoenix are way too high for basic economy with no baggage allowance.
672,2024-11-11,AA,14107,11298,The AA boarding process was chaotic and disorganized. Staff were unhelpful when asked for assistance.
673,2024-12-13,AS,13204,12892,AS flight delayed again — 179 minutes this time. Third delay this month. Completely unreliable.
674,2024-04-05,AS,14869,11298,AS delivered exactly what I expected — a reliable flight from Salt Lake City to Dallas.
675,2024-01-19,AA,11298,12266,Lost baggage claim with AA was incredibly slow. Waited 90 minutes at carousel before reporting the loss.
676,2024-11-29,AS,14057,13303,Landed in Nashville with AS but my checked luggage was lost. Took 2 days to recover my bags.
677,2025-04-19,WN,14869,14057,"Got a fantastic deal on WN! Smooth booking, comfortable seat, great value for money."
678,2024-03-29,AS,14869,12266,Fair price for what you get with AS. Budget airline but reasonable comfort.
679,2025-02-25,B6,12478,13204,"Got a fantastic deal on B6! Smooth booking, comfortable seat, great value for money."
680,2024-07-16,B6,13930,14869,Landed in Salt Lake City with B6 but my checked luggage was lost. Took 2 days to recover my bags.
681,2024-12-01,NK,11193,12892,NK flight delayed again — 106 minutes this time. Third delay this month. Completely unreliable.
682,2025-06-02,B6,14057,14771,"Nothing exceptional about B6 but a solid, reliable flight overall."
683,2024-01-26,DL,12266,12478,"DL charges extra for everything. Seat selection, baggage, drinks — the base fare is misleading."
684,2024-01-11,AS,14869,11193,AS flight delayed again — 166 minutes this time. Third delay this month. Completely unreliable.
685,2025-07-24,B6,13930,13204,Landed in Orlando with B6 but my checked luggage was lost. Took 2 days to recover my bags.
686,2025-07-22,AS,14869,15016,Bags arrived intact and on-time with AS. No issues at all with baggage handling.
687,2025-02-21,B6,11298,14869,Flight attendants on B6 were super friendly and helpful on the trip to Salt Lake City. Great experience!
688,2025-05-01,F9,12478,10397,The F9 boarding process was chaotic and disorganized. Staff were unhelpful when asked for assistance.
689,2024-05-10,AA,12892,10397,Flight attendants on AA were super friendly and helpful on the trip to Atlanta. Great experience!
690,2025-06-11,AA,13303,14869,Poor inflight service on AA. Staff ignored cabin requests and the cabin was dirty.
691,2024-07-03,NK,12478,14869,Ticket prices for NK to Salt Lake City are way too high for basic economy with no baggage allowance.
692,2024-11-07,NK,14107,13303,Flight NK from Phoenix to Nashville on 2024-11-07 was delayed by 137 minutes. Missed my connecting flight. Very disappointing.
693,2025-10-28,NK,14869,13303,Decent flight with NK. Clean aircraft and punctual landing.
694,2024-02-02,WN,13204,13303,Significant departure delay on WN. Spent 179 minutes stuck at the gate with no updates from staff.
695,2024-03-10,DL,12478,14869,Decent flight with DL. Clean aircraft and punctual landing.
696,2024-05-18,AS,10397,13930,Decent flight with AS. Clean aircraft and punctual landing.
697,2025-10-08,UA,13930,13204,"Nothing exceptional about UA but a solid, reliable flight overall."
698,2024-10-29,UA,14869,12478,Poor inflight service on UA. Staff ignored cabin requests and the cabin was dirty.
699,2024-01-16,AS,14771,13930,Ticket prices for AS to Chicago are way too high for basic economy with no baggage allowance.
700,2025-09-24,WN,11298,15016,Decent flight with WN. Clean aircraft and punctual landing.
701,2024-04-29,B6,12266,13303,Flight B6 from Houston to Nashville on 2024-04-29 was delayed by 64 minutes. Missed my connecting flight. Very disappointing.
702,2025-04-21,AS,12266,13930,The AS boarding process was chaotic and disorganized. Staff were unhelpful when asked for assistance.
703,2024-08-11,DL,11433,14107,Ticket prices for DL to Phoenix are way too high for basic economy with no baggage allowance.
704,2024-04-16,AS,14107,15016,Minor 109-minute delay on AS but staff kept us informed throughout. Not ideal but acceptable.
705,2025-01-10,WN,12892,12478,Average service on WN. Nothing special but nothing terrible either.
706,2025-01-10,UA,13930,15016,Significant departure delay on UA. Spent 121 minutes stuck at the gate with no updates from staff.
707,2025-10-17,AS,15016,12892,Average service on AS. Nothing special but nothing terrible either.
708,2024-07-22,F9,13930,12478,Bags arrived intact and on-time with F9. No issues at all with baggage handling.
709,2025-10-29,UA,12478,11193,Poor inflight service on UA. Staff ignored cabin requests and the cabin was dirty.
710,2024-04-09,UA,12478,11298,UA flight delayed again — 38 minutes this time. Third delay this month. Completely unreliable.
711,2025-11-24,WN,13303,14107,Poor inflight service on WN. Staff ignored cabin requests and the cabin was dirty.
712,2025-06-18,NK,11298,15016,Fair price for what you get with NK. Budget airline but reasonable comfort.
713,2024-12-09,AA,10397,13930,"AA charges extra for everything. Seat selection, baggage, drinks — the base fare is misleading."
714,2024-10-01,UA,13303,11433,Flight attendants on UA were super friendly and helpful on the trip to Detroit. Great experience!
715,2025-08-25,AS,12892,13204,Comfortable seats and good legroom on AS. Would fly again.
716,2025-09-20,B6,12892,10397,Flight B6 from Los Angeles to Atlanta on 2025-09-20 was delayed by 160 minutes. Missed my connecting flight. Very disappointing.
717,2024-07-17,UA,14107,10397,Bags arrived intact and on-time with UA. No issues at all with baggage handling.
718,2024-09-19,AS,14869,15016,AS delivered exactly what I expected — a reliable flight from Salt Lake City to St. Louis.
719,2025-10-17,NK,11433,10397,Careless handling on NK — my suitcase arrived damaged with a broken wheel.
720,2025-07-09,F9,13930,14057,Careless handling on F9 — my suitcase arrived damaged with a broken wheel.
721,2025-03-04,AS,13930,14771,Landed in San Francisco with AS but my checked luggage was lost. Took 2 days to recover my bags.
722,2024-06-15,UA,14107,11193,Bags arrived intact and on-time with UA. No issues at all with baggage handling.
723,2024-05-09,DL,11298,14771,On-time departure and early arrival in San Francisco with DL. Smooth flight with no issues.
724,2025-11-22,UA,11193,12266,Minor 85-minute delay on UA but staff kept us informed throughout. Not ideal but acceptable.
725,2025-11-16,UA,14771,14869,Poor inflight service on UA. Staff ignored cabin requests and the cabin was dirty.
726,2025-07-25,WN,12478,10397,Landed in Atlanta with WN but my checked luggage was lost. Took 2 days to recover my bags.
727,2024-01-09,F9,14869,11193,"Got a fantastic deal on F9! Smooth booking, comfortable seat, great value for money."
728,2025-03-06,F9,12892,12266,The F9 boarding process was chaotic and disorganized. Staff were unhelpful when asked for assistance.
729,2025-08-01,F9,14057,11193,"F9 charges extra for everything. Seat selection, baggage, drinks — the base fare is misleading."
730,2025-02-27,WN,14771,11298,WN crew went above and beyond during my flight. Exceptional hospitality from start to finish.
731,2025-06-10,F9,11193,12478,Bags arrived intact and on-time with F9. No issues at all with baggage handling.
732,2025-09-23,NK,13204,11193,The NK boarding process was chaotic and disorganized. Staff were unhelpful when asked for assistance.
733,2024-12-21,UA,12892,15016,Careless handling on UA — my suitcase arrived damaged with a broken wheel.
734,2024-05-20,F9,11193,12478,F9 crew went above and beyond during my flight. Exceptional hospitality from start to finish.
735,2024-10-22,UA,10397,14771,Decent flight with UA. Clean aircraft and punctual landing.
736,2025-10-18,WN,11298,10397,"WN charges extra for everything. Seat selection, baggage, drinks — the base fare is misleading."
737,2025-04-18,AA,13930,10397,"Nothing exceptional about AA but a solid, reliable flight overall."
738,2024-02-22,UA,15016,13930,Ticket prices for UA to Chicago are way too high for basic economy with no baggage allowance.
739,2025-05-28,B6,12266,15016,Significant departure delay on B6. Spent 85 minutes stuck at the gate with no updates from staff.
740,2024-06-28,F9,14771,12478,F9 delivered exactly what I expected — a reliable flight from San Francisco to New York.
741,2025-11-04,UA,11298,12266,Bags arrived intact and on-time with UA. No issues at all with baggage handling.
742,2025-03-31,B6,13303,12892,B6 flight delayed again — 55 minutes this time. Third delay this month. Completely unreliable.
743,2024-04-03,NK,11193,11298,Landed in Dallas with NK but my checked luggage was lost. Took 2 days to recover my bags.
744,2025-09-20,AS,10397,13204,Comfortable seats and good legroom on AS. Would fly again.
745,2025-07-31,F9,13204,12478,Poor inflight service on F9. Staff ignored cabin requests and the cabin was dirty.
746,2025-08-05,F9,13303,12478,Poor inflight service on F9. Staff ignored cabin requests and the cabin was dirty.
747,2025-06-13,F9,15016,14107,Fair price for what you get with F9. Budget airline but reasonable comfort.
748,2025-01-23,B6,13930,12478,Landed in New York with B6 but my checked luggage was lost. Took 2 days to recover my bags.
749,2024-05-05,NK,12266,14107,Fair price for what you get with NK. Budget airline but reasonable comfort.
750,2025-03-11,AS,14057,12478,Average service on AS. Nothing special but nothing terrible either.
751,2025-05-02,DL,12478,10397,The DL boarding process was chaotic and disorganized. Staff were unhelpful when asked for assistance.
752,2025-02-26,DL,11193,10397,Ticket prices for DL to Atlanta are way too high for basic economy with no baggage allowance.
753,2024-12-03,B6,14771,11193,Decent flight with B6. Clean aircraft and punctual landing.
754,2025-06-22,UA,13930,10397,UA delivered exactly what I expected — a reliable flight from Chicago to Atlanta.
755,2025-03-11,WN,14771,10397,On-time departure and early arrival in Atlanta with WN. Smooth flight with no issues.
756,2025-03-20,UA,12892,14869,Significant departure delay on UA. Spent 141 minutes stuck at the gate with no updates from staff.
757,2024-09-20,NK,12478,13204,Flight attendants on NK were super friendly and helpful on the trip to Orlando. Great experience!
758,2024-11-26,AA,12478,11433,On-time departure and early arrival in Detroit with AA. Smooth flight with no issues.
759,2025-11-27,NK,12478,14771,Careless handling on NK — my suitcase arrived damaged with a broken wheel.
760,2024-10-13,AA,13930,14057,Flight attendants on AA were super friendly and helpful on the trip to Portland. Great experience!
761,2024-10-03,AS,14771,14107,Minor 58-minute delay on AS but staff kept us informed throughout. Not ideal but acceptable.
762,2024-02-23,NK,11433,12266,"Nothing exceptional about NK but a solid, reliable flight overall."
763,2024-12-13,F9,13303,11433,Careless handling on F9 — my suitcase arrived damaged with a broken wheel.
764,2024-12-13,AA,11433,13204,Comfortable seats and good legroom on AA. Would fly again.
765,2025-07-10,WN,12892,14869,Lost baggage claim with WN was incredibly slow. Waited 90 minutes at carousel before reporting the loss.
766,2024-10-05,AA,13303,13204,Flight attendants on AA were super friendly and helpful on the trip to Orlando. Great experience!
767,2025-04-01,AA,13204,12266,AA crew went above and beyond during my flight. Exceptional hospitality from start to finish.
768,2025-07-01,DL,13930,15016,Flight DL from Chicago to St. Louis on 2025-07-01 was delayed by 83 minutes. Missed my connecting flight. Very disappointing.
769,2025-09-30,F9,13303,12892,F9 crew went above and beyond during my flight. Exceptional hospitality from start to finish.
770,2025-06-26,B6,13930,14771,Landed in San Francisco with B6 but my checked luggage was lost. Took 2 days to recover my bags.
771,2025-04-14,UA,13303,12478,UA flight delayed again — 64 minutes this time. Third delay this month. Completely unreliable.
772,2025-09-15,DL,12478,11193,DL crew went above and beyond during my flight. Exceptional hospitality from start to finish.
773,2025-12-01,DL,14771,11433,Lost baggage claim with DL was incredibly slow. Waited 90 minutes at carousel before reporting the loss.
774,2024-06-17,F9,11193,14107,Careless handling on F9 — my suitcase arrived damaged with a broken wheel.
775,2024-06-12,AA,14057,14771,The AA boarding process was chaotic and disorganized. Staff were unhelpful when asked for assistance.
776,2025-09-25,F9,15016,14771,Ticket prices for F9 to San Francisco are way too high for basic economy with no baggage allowance.
777,2024-10-31,AS,14869,13930,Careless handling on AS — my suitcase arrived damaged with a broken wheel.
778,2025-03-19,UA,14771,12266,"UA charges extra for everything. Seat selection, baggage, drinks — the base fare is misleading."
779,2025-11-25,F9,12478,11193,Minor 31-minute delay on F9 but staff kept us informed throughout. Not ideal but acceptable.
780,2025-10-02,WN,14057,11433,"WN charges extra for everything. Seat selection, baggage, drinks — the base fare is misleading."
781,2025-11-13,B6,15016,14869,"Got a fantastic deal on B6! Smooth booking, comfortable seat, great value for money."
782,2025-04-26,UA,14057,11433,Minor 152-minute delay on UA but staff kept us informed throughout. Not ideal but acceptable.
783,2024-05-13,NK,14057,13204,Poor inflight service on NK. Staff ignored cabin requests and the cabin was dirty.
784,2024-01-05,F9,14869,12266,"F9 charges extra for everything. Seat selection, baggage, drinks — the base fare is misleading."
785,2025-11-02,F9,13930,13204,Significant departure delay on F9. Spent 122 minutes stuck at the gate with no updates from staff.
786,2024-02-06,AS,14771,11433,AS flight delayed again — 57 minutes this time. Third delay this month. Completely unreliable.
787,2025-05-05,WN,12266,13204,Minor 73-minute delay on WN but staff kept us informed throughout. Not ideal but acceptable.
788,2024-06-03,DL,12478,15016,DL crew went above and beyond during my flight. Exceptional hospitality from start to finish.
789,2024-11-20,B6,14057,14771,Average service on B6. Nothing special but nothing terrible either.
790,2025-09-26,UA,11193,14057,"Nothing exceptional about UA but a solid, reliable flight overall."
791,2025-02-19,F9,14869,14057,Lost baggage claim with F9 was incredibly slow. Waited 90 minutes at carousel before reporting the loss.
792,2024-07-07,AS,14869,12892,AS flight delayed again — 91 minutes this time. Third delay this month. Completely unreliable.
793,2024-04-15,AS,13204,13930,Bags arrived intact and on-time with AS. No issues at all with baggage handling.
794,2024-05-26,NK,10397,14107,NK flight delayed again — 35 minutes this time. Third delay this month. Completely unreliable.
795,2024-07-16,F9,11298,14057,Minor 155-minute delay on F9 but staff kept us informed throughout. Not ideal but acceptable.
796,2024-08-13,AA,14107,14057,Fair price for what you get with AA. Budget airline but reasonable comfort.
797,2024-06-23,WN,14771,14107,Poor inflight service on WN. Staff ignored cabin requests and the cabin was dirty.
798,2025-06-30,WN,12478,12892,Comfortable seats and good legroom on WN. Would fly again.
799,2025-11-17,NK,11193,14771,The NK boarding process was chaotic and disorganized. Staff were unhelpful when asked for assistance.
800,2024-06-16,AS,11193,13303,Average service on AS. Nothing special but nothing terrible either.
801,2025-07-12,NK,11193,10397,NK crew went above and beyond during my flight. Exceptional hospitality from start to finish.
802,2024-08-02,NK,12266,13204,Flight NK from Houston to Orlando on 2024-08-02 was delayed by 149 minutes. Missed my connecting flight. Very disappointing.
803,2024-01-12,UA,11193,10397,UA crew went above and beyond during my flight. Exceptional hospitality from start to finish.
804,2024-04-09,AA,11193,14107,On-time departure and early arrival in Phoenix with AA. Smooth flight with no issues.
805,2024-05-12,UA,11433,13204,Decent flight with UA. Clean aircraft and punctual landing.
806,2025-06-27,NK,13204,12892,Fair price for what you get with NK. Budget airline but reasonable comfort.
807,2025-09-08,NK,14057,11433,"NK charges extra for everything. Seat selection, baggage, drinks — the base fare is misleading."
808,2025-01-03,AA,13303,12478,Flight attendants on AA were super friendly and helpful on the trip to New York. Great experience!
809,2024-08-21,F9,13930,14771,F9 flight delayed again — 179 minutes this time. Third delay this month. Completely unreliable.
810,2025-09-23,AS,13303,12892,Bags arrived intact and on-time with AS. No issues at all with baggage handling.
811,2024-09-26,NK,13204,14869,Flight NK from Orlando to Salt Lake City on 2024-09-26 was delayed by 60 minutes. Missed my connecting flight. Very disappointing.
812,2025-08-13,WN,14869,11193,"WN charges extra for everything. Seat selection, baggage, drinks — the base fare is misleading."
813,2025-08-03,DL,14057,13204,Significant departure delay on DL. Spent 148 minutes stuck at the gate with no updates from staff.
814,2024-01-25,UA,14107,12478,On-time departure and early arrival in New York with UA. Smooth flight with no issues.
815,2024-05-07,B6,11193,14869,Fair price for what you get with B6. Budget airline but reasonable comfort.
816,2025-07-22,B6,10397,12478,On-time departure and early arrival in New York with B6. Smooth flight with no issues.
817,2024-09-23,B6,14057,12892,Comfortable seats and good legroom on B6. Would fly again.
818,2025-02-20,DL,15016,14869,DL flight delayed again — 57 minutes this time. Third delay this month. Completely unreliable.
819,2025-01-31,B6,14107,12892,On-time departure and early arrival in Los Angeles with B6. Smooth flight with no issues.
820,2025-04-07,F9,13303,15016,Bags arrived intact and on-time with F9. No issues at all with baggage handling.
821,2025-10-24,DL,11298,14869,On-time departure and early arrival in Salt Lake City with DL. Smooth flight with no issues.
822,2025-07-15,B6,14771,11193,Flight attendants on B6 were super friendly and helpful on the trip to Cincinnati. Great experience!
823,2024-09-18,NK,13204,14771,Ticket prices for NK to San Francisco are way too high for basic economy with no baggage allowance.
824,2025-10-09,F9,14107,11433,Comfortable seats and good legroom on F9. Would fly again.
825,2024-07-20,AA,11298,14771,Flight AA from Dallas to San Francisco on 2024-07-20 was delayed by 44 minutes. Missed my connecting flight. Very disappointing.
826,2025-10-13,AA,14869,14107,Bags arrived intact and on-time with AA. No issues at all with baggage handling.
827,2025-07-31,B6,11193,14771,On-time departure and early arrival in San Francisco with B6. Smooth flight with no issues.
828,2025-05-09,WN,15016,10397,Average service on WN. Nothing special but nothing terrible either.
829,2024-03-31,UA,11433,14057,Landed in Portland with UA but my checked luggage was lost. Took 2 days to recover my bags.
830,2024-07-22,NK,13930,14107,Poor inflight service on NK. Staff ignored cabin requests and the cabin was dirty.
831,2024-01-31,AS,14107,13204,AS crew went above and beyond during my flight. Exceptional hospitality from start to finish.
832,2025-09-21,UA,13204,14771,Ticket prices for UA to San Francisco are way too high for basic economy with no baggage allowance.
833,2024-07-20,F9,11298,13204,Bags arrived intact and on-time with F9. No issues at all with baggage handling.
834,2025-01-08,WN,11433,14057,Flight WN from Detroit to Portland on 2025-01-08 was delayed by 137 minutes. Missed my connecting flight. Very disappointing.
835,2025-02-27,UA,11193,14869,Ticket prices for UA to Salt Lake City are way too high for basic economy with no baggage allowance.
836,2024-03-21,AS,14057,15016,Flight AS from Portland to St. Louis on 2024-03-21 was delayed by 66 minutes. Missed my connecting flight. Very disappointing.
837,2024-04-26,AS,15016,14107,AS crew went above and beyond during my flight. Exceptional hospitality from start to finish.
838,2025-06-02,UA,13204,14057,UA delivered exactly what I expected — a reliable flight from Orlando to Portland.
839,2024-06-03,AA,11298,14057,Bags arrived intact and on-time with AA. No issues at all with baggage handling.
840,2025-04-21,NK,12892,11193,Minor 106-minute delay on NK but staff kept us informed throughout. Not ideal but acceptable.
841,2024-09-12,F9,13204,12892,"Nothing exceptional about F9 but a solid, reliable flight overall."
842,2024-09-29,AS,13303,12266,Significant departure delay on AS. Spent 159 minutes stuck at the gate with no updates from staff.
843,2024-01-04,AS,14771,15016,"Got a fantastic deal on AS! Smooth booking, comfortable seat, great value for money."
844,2025-09-09,DL,14771,14107,Landed in Phoenix with DL but my checked luggage was lost. Took 2 days to recover my bags.
845,2024-01-30,AS,15016,13930,Landed in Chicago with AS but my checked luggage was lost. Took 2 days to recover my bags.
846,2025-09-01,UA,11193,14057,UA crew went above and beyond during my flight. Exceptional hospitality from start to finish.
847,2024-02-24,AS,11193,12266,Significant departure delay on AS. Spent 95 minutes stuck at the gate with no updates from staff.
848,2024-10-22,DL,12266,14057,DL flight delayed again — 113 minutes this time. Third delay this month. Completely unreliable.
849,2025-08-18,NK,11433,10397,NK crew went above and beyond during my flight. Exceptional hospitality from start to finish.
850,2025-03-07,NK,14869,15016,"Nothing exceptional about NK but a solid, reliable flight overall."
851,2025-09-16,DL,13303,13204,Fair price for what you get with DL. Budget airline but reasonable comfort.
852,2025-10-21,AA,12266,13204,Careless handling on AA — my suitcase arrived damaged with a broken wheel.
853,2024-07-15,NK,12892,12266,"NK charges extra for everything. Seat selection, baggage, drinks — the base fare is misleading."
854,2024-11-10,F9,14869,11193,Flight attendants on F9 were super friendly and helpful on the trip to Cincinnati. Great experience!
855,2025-06-24,NK,15016,11298,The NK boarding process was chaotic and disorganized. Staff were unhelpful when asked for assistance.
856,2025-07-30,DL,13303,11193,"Nothing exceptional about DL but a solid, reliable flight overall."
857,2025-04-14,NK,13303,14771,Decent flight with NK. Clean aircraft and punctual landing.
858,2024-10-04,DL,14057,14771,Lost baggage claim with DL was incredibly slow. Waited 90 minutes at carousel before reporting the loss.
859,2024-01-13,WN,15016,10397,"Nothing exceptional about WN but a solid, reliable flight overall."
860,2024-09-15,AA,13303,11193,Ticket prices for AA to Cincinnati are way too high for basic economy with no baggage allowance.
861,2025-07-02,AA,10397,14107,Flight AA from Atlanta to Phoenix on 2025-07-02 was delayed by 92 minutes. Missed my connecting flight. Very disappointing.
862,2025-06-23,NK,13204,15016,On-time departure and early arrival in St. Louis with NK. Smooth flight with no issues.
863,2024-10-19,F9,11433,12266,F9 crew went above and beyond during my flight. Exceptional hospitality from start to finish.
864,2025-05-21,F9,13303,10397,Average service on F9. Nothing special but nothing terrible either.
865,2024-12-06,B6,12478,13303,B6 crew went above and beyond during my flight. Exceptional hospitality from start to finish.
866,2024-03-23,DL,11193,12478,Careless handling on DL — my suitcase arrived damaged with a broken wheel.
867,2025-08-03,AS,12478,14771,Average service on AS. Nothing special but nothing terrible either.
868,2025-06-28,UA,11433,11193,Bags arrived intact and on-time with UA. No issues at all with baggage handling.
869,2025-06-26,F9,15016,14107,The F9 boarding process was chaotic and disorganized. Staff were unhelpful when asked for assistance.
870,2025-09-08,UA,15016,13204,Landed in Orlando with UA but my checked luggage was lost. Took 2 days to recover my bags.
871,2024-03-28,B6,11298,11193,On-time departure and early arrival in Cincinnati with B6. Smooth flight with no issues.
872,2024-10-05,DL,14869,12892,Landed in Los Angeles with DL but my checked luggage was lost. Took 2 days to recover my bags.
873,2024-08-14,DL,14057,13204,DL crew went above and beyond during my flight. Exceptional hospitality from start to finish.
874,2024-08-09,DL,14771,13930,"DL charges extra for everything. Seat selection, baggage, drinks — the base fare is misleading."
875,2025-04-25,NK,14771,12266,Lost baggage claim with NK was incredibly slow. Waited 90 minutes at carousel before reporting the loss.
876,2024-11-07,B6,12892,11193,On-time departure and early arrival in Cincinnati with B6. Smooth flight with no issues.
877,2024-12-15,DL,11298,13303,"Got a fantastic deal on DL! Smooth booking, comfortable seat, great value for money."
878,2024-02-26,WN,14869,13303,Decent flight with WN. Clean aircraft and punctual landing.
879,2024-12-25,AA,12478,11433,Lost baggage claim with AA was incredibly slow. Waited 90 minutes at carousel before reporting the loss.
880,2025-09-03,AS,13303,12478,Ticket prices for AS to New York are way too high for basic economy with no baggage allowance.
881,2025-11-29,UA,12266,13930,Landed in Chicago with UA but my checked luggage was lost. Took 2 days to recover my bags.
882,2025-08-14,UA,11193,13930,Bags arrived intact and on-time with UA. No issues at all with baggage handling.
883,2024-06-12,NK,11193,11433,Average service on NK. Nothing special but nothing terrible either.
884,2024-07-08,NK,14771,13204,"Nothing exceptional about NK but a solid, reliable flight overall."
885,2025-03-08,UA,14869,14057,Comfortable seats and good legroom on UA. Would fly again.
886,2025-07-10,NK,13204,12266,Landed in Houston with NK but my checked luggage was lost. Took 2 days to recover my bags.
887,2025-07-10,UA,14057,14107,Ticket prices for UA to Phoenix are way too high for basic economy with no baggage allowance.
888,2024-05-18,DL,14107,14869,The DL boarding process was chaotic and disorganized. Staff were unhelpful when asked for assistance.
889,2025-02-19,B6,13204,10397,Careless handling on B6 — my suitcase arrived damaged with a broken wheel.
890,2024-04-25,NK,10397,14771,On-time departure and early arrival in San Francisco with NK. Smooth flight with no issues.
891,2024-07-01,UA,11193,11298,The UA boarding process was chaotic and disorganized. Staff were unhelpful when asked for assistance.
892,2024-05-16,WN,14869,15016,WN delivered exactly what I expected — a reliable flight from Salt Lake City to St. Louis.
893,2025-10-31,UA,13930,15016,Minor 161-minute delay on UA but staff kept us informed throughout. Not ideal but acceptable.
894,2024-09-04,NK,12892,13930,Flight attendants on NK were super friendly and helpful on the trip to Chicago. Great experience!
895,2024-09-17,B6,13204,11193,On-time departure and early arrival in Cincinnati with B6. Smooth flight with no issues.
896,2024-03-03,AS,15016,12478,On-time departure and early arrival in New York with AS. Smooth flight with no issues.
897,2024-12-21,F9,10397,12266,Minor 59-minute delay on F9 but staff kept us informed throughout. Not ideal but acceptable.
898,2025-11-24,NK,14057,11193,"NK charges extra for everything. Seat selection, baggage, drinks — the base fare is misleading."
899,2025-01-15,AA,12892,10397,Ticket prices for AA to Atlanta are way too high for basic economy with no baggage allowance.
900,2024-05-21,UA,12478,13204,UA crew went above and beyond during my flight. Exceptional hospitality from start to finish.
901,2024-10-14,F9,14869,10397,Significant departure delay on F9. Spent 86 minutes stuck at the gate with no updates from staff.
902,2024-10-11,NK,11193,11433,NK flight delayed again — 151 minutes this time. Third delay this month. Completely unreliable.
903,2025-09-06,NK,14107,15016,Average service on NK. Nothing special but nothing terrible either.
904,2025-04-18,UA,13303,11298,Landed in Dallas with UA but my checked luggage was lost. Took 2 days to recover my bags.
905,2025-05-28,B6,13930,14771,"Got a fantastic deal on B6! Smooth booking, comfortable seat, great value for money."
906,2024-05-21,B6,14107,15016,Landed in St. Louis with B6 but my checked luggage was lost. Took 2 days to recover my bags.
907,2025-07-15,F9,12266,13303,Flight attendants on F9 were super friendly and helpful on the trip to Nashville. Great experience!
908,2025-03-11,AA,12478,14057,Fair price for what you get with AA. Budget airline but reasonable comfort.
909,2025-06-17,AS,12266,14107,Ticket prices for AS to Phoenix are way too high for basic economy with no baggage allowance.
910,2024-04-23,AA,15016,11433,Comfortable seats and good legroom on AA. Would fly again.
911,2025-07-15,NK,14869,10397,Decent flight with NK. Clean aircraft and punctual landing.
912,2025-03-05,F9,14057,10397,F9 crew went above and beyond during my flight. Exceptional hospitality from start to finish.
913,2024-07-24,B6,10397,11298,"B6 charges extra for everything. Seat selection, baggage, drinks — the base fare is misleading."
914,2025-02-19,AS,12892,11298,Significant departure delay on AS. Spent 159 minutes stuck at the gate with no updates from staff.
915,2024-02-29,DL,12478,11433,Careless handling on DL — my suitcase arrived damaged with a broken wheel.
916,2025-07-20,NK,11193,14869,Bags arrived intact and on-time with NK. No issues at all with baggage handling.
917,2025-05-28,AA,11193,14869,On-time departure and early arrival in Salt Lake City with AA. Smooth flight with no issues.
918,2024-12-04,AA,10397,14869,Bags arrived intact and on-time with AA. No issues at all with baggage handling.
919,2024-03-02,NK,14107,15016,Comfortable seats and good legroom on NK. Would fly again.
920,2024-05-17,DL,12478,11433,Flight DL from New York to Detroit on 2024-05-17 was delayed by 111 minutes. Missed my connecting flight. Very disappointing.
921,2025-05-05,F9,11298,12266,The F9 boarding process was chaotic and disorganized. Staff were unhelpful when asked for assistance.
922,2025-01-29,NK,13303,14771,"Got a fantastic deal on NK! Smooth booking, comfortable seat, great value for money."
923,2024-07-22,WN,13204,11193,"Got a fantastic deal on WN! Smooth booking, comfortable seat, great value for money."
924,2024-10-14,DL,12266,15016,Average service on DL. Nothing special but nothing terrible either.
925,2025-05-22,AA,12892,11433,Landed in Detroit with AA but my checked luggage was lost. Took 2 days to recover my bags.
926,2024-06-13,AS,13930,14107,AS delivered exactly what I expected — a reliable flight from Chicago to Phoenix.
927,2025-09-01,WN,12892,12478,WN crew went above and beyond during my flight. Exceptional hospitality from start to finish.
928,2025-01-26,B6,11193,14057,Lost baggage claim with B6 was incredibly slow. Waited 90 minutes at carousel before reporting the loss.
929,2024-11-04,UA,10397,12892,Fair price for what you get with UA. Budget airline but reasonable comfort.
930,2024-11-30,AA,12892,13930,Poor inflight service on AA. Staff ignored cabin requests and the cabin was dirty.
931,2024-01-08,AS,14771,14869,Careless handling on AS — my suitcase arrived damaged with a broken wheel.
932,2024-12-29,WN,14771,13204,Fair price for what you get with WN. Budget airline but reasonable comfort.
933,2024-12-24,B6,14057,11298,Fair price for what you get with B6. Budget airline but reasonable comfort.
934,2024-01-27,AS,12478,14771,On-time departure and early arrival in San Francisco with AS. Smooth flight with no issues.
935,2025-04-30,F9,14107,12478,Flight F9 from Phoenix to New York on 2025-04-30 was delayed by 102 minutes. Missed my connecting flight. Very disappointing.
936,2025-05-31,AS,14869,11298,AS delivered exactly what I expected — a reliable flight from Salt Lake City to Dallas.
937,2024-10-12,WN,15016,14107,Comfortable seats and good legroom on WN. Would fly again.
938,2024-01-09,DL,15016,11298,Comfortable seats and good legroom on DL. Would fly again.
939,2025-09-06,DL,10397,15016,Fair price for what you get with DL. Budget airline but reasonable comfort.
940,2025-11-10,AS,11298,13303,AS flight delayed again — 39 minutes this time. Third delay this month. Completely unreliable.
941,2025-09-21,UA,11433,14107,Landed in Phoenix with UA but my checked luggage was lost. Took 2 days to recover my bags.
942,2024-03-27,AA,12478,11433,"Got a fantastic deal on AA! Smooth booking, comfortable seat, great value for money."
943,2025-01-07,F9,11193,13930,Decent flight with F9. Clean aircraft and punctual landing.
944,2024-08-01,WN,11298,14869,The WN boarding process was chaotic and disorganized. Staff were unhelpful when asked for assistance.
945,2024-02-07,NK,13930,12266,The NK boarding process was chaotic and disorganized. Staff were unhelpful when asked for assistance.
946,2025-02-18,B6,13930,15016,Landed in St. Louis with B6 but my checked luggage was lost. Took 2 days to recover my bags.
947,2024-12-21,WN,14771,14869,Average service on WN. Nothing special but nothing terrible either.
948,2025-05-30,UA,11298,14771,Ticket prices for UA to San Francisco are way too high for basic economy with no baggage allowance.
949,2025-11-12,AA,14869,13930,AA flight delayed again — 93 minutes this time. Third delay this month. Completely unreliable.
950,2024-03-14,F9,12266,10397,"F9 charges extra for everything. Seat selection, baggage, drinks — the base fare is misleading."
951,2025-04-08,WN,11433,12892,Ticket prices for WN to Los Angeles are way too high for basic economy with no baggage allowance.
952,2024-10-18,AS,14869,12478,The AS boarding process was chaotic and disorganized. Staff were unhelpful when asked for assistance.
953,2025-04-26,F9,11433,14869,Lost baggage claim with F9 was incredibly slow. Waited 90 minutes at carousel before reporting the loss.
954,2024-02-29,B6,13303,12266,Decent flight with B6. Clean aircraft and punctual landing.
955,2024-03-05,AA,13204,14057,Flight attendants on AA were super friendly and helpful on the trip to Portland. Great experience!
956,2024-12-16,B6,14771,14057,Average service on B6. Nothing special but nothing terrible either.
957,2024-08-09,F9,10397,13303,F9 flight delayed again — 49 minutes this time. Third delay this month. Completely unreliable.
958,2024-03-18,WN,11193,13303,Ticket prices for WN to Nashville are way too high for basic economy with no baggage allowance.
959,2025-05-04,DL,13303,13204,"Nothing exceptional about DL but a solid, reliable flight overall."
960,2024-04-03,AS,14107,10397,"Nothing exceptional about AS but a solid, reliable flight overall."
961,2024-10-24,NK,12478,14057,Ticket prices for NK to Portland are way too high for basic economy with no baggage allowance.
962,2024-06-17,AA,13204,15016,Landed in St. Louis with AA but my checked luggage was lost. Took 2 days to recover my bags.
963,2024-08-03,F9,14869,11193,Bags arrived intact and on-time with F9. No issues at all with baggage handling.
964,2024-10-24,AA,14107,13930,Minor 61-minute delay on AA but staff kept us informed throughout. Not ideal but acceptable.
965,2025-02-05,UA,12266,15016,Fair price for what you get with UA. Budget airline but reasonable comfort.
966,2025-07-12,DL,14057,13303,"DL charges extra for everything. Seat selection, baggage, drinks — the base fare is misleading."
967,2024-09-05,UA,14057,12478,"Got a fantastic deal on UA! Smooth booking, comfortable seat, great value for money."
968,2025-09-15,DL,11433,13930,Comfortable seats and good legroom on DL. Would fly again.
969,2024-12-13,WN,12478,15016,On-time departure and early arrival in St. Louis with WN. Smooth flight with no issues.
970,2024-09-27,AS,13930,10397,Fair price for what you get with AS. Budget airline but reasonable comfort.
971,2025-11-23,NK,14107,14057,Significant departure delay on NK. Spent 146 minutes stuck at the gate with no updates from staff.
972,2025-01-28,NK,14107,13204,NK crew went above and beyond during my flight. Exceptional hospitality from start to finish.
973,2025-10-19,AA,14057,14107,Bags arrived intact and on-time with AA. No issues at all with baggage handling.
974,2025-08-25,DL,14869,13303,DL delivered exactly what I expected — a reliable flight from Salt Lake City to Nashville.
975,2025-10-15,B6,13303,12478,"Nothing exceptional about B6 but a solid, reliable flight overall."
976,2024-05-22,AS,12892,15016,Ticket prices for AS to St. Louis are way too high for basic economy with no baggage allowance.
977,2025-05-04,UA,10397,13303,Flight UA from Atlanta to Nashville on 2025-05-04 was delayed by 158 minutes. Missed my connecting flight. Very disappointing.
978,2025-04-18,WN,14869,12478,Bags arrived intact and on-time with WN. No issues at all with baggage handling.
979,2024-02-25,AA,11193,12892,Average service on AA. Nothing special but nothing terrible either.
980,2025-05-04,AS,15016,11433,Significant departure delay on AS. Spent 112 minutes stuck at the gate with no updates from staff.
981,2025-06-07,WN,14057,12892,Flight WN from Portland to Los Angeles on 2025-06-07 was delayed by 177 minutes. Missed my connecting flight. Very disappointing.
982,2024-12-19,NK,12478,14869,NK flight delayed again — 143 minutes this time. Third delay this month. Completely unreliable.
983,2024-02-22,F9,14107,14057,"Nothing exceptional about F9 but a solid, reliable flight overall."
984,2025-03-28,B6,15016,14771,Landed in San Francisco with B6 but my checked luggage was lost. Took 2 days to recover my bags.
985,2024-08-03,UA,14107,12266,Careless handling on UA — my suitcase arrived damaged with a broken wheel.
986,2025-04-02,F9,11433,12478,Poor inflight service on F9. Staff ignored cabin requests and the cabin was dirty.
987,2024-11-20,WN,12892,14869,Ticket prices for WN to Salt Lake City are way too high for basic economy with no baggage allowance.
988,2025-08-25,AA,14107,15016,Significant departure delay on AA. Spent 79 minutes stuck at the gate with no updates from staff.
989,2024-04-05,UA,12892,12478,Ticket prices for UA to New York are way too high for basic economy with no baggage allowance.
990,2025-05-28,WN,12892,13303,Careless handling on WN — my suitcase arrived damaged with a broken wheel.
991,2024-07-17,AA,12478,11298,AA delivered exactly what I expected — a reliable flight from New York to Dallas.
992,2025-02-24,F9,11193,14869,Minor 169-minute delay on F9 but staff kept us informed throughout. Not ideal but acceptable.
993,2024-03-08,NK,11298,10397,Decent flight with NK. Clean aircraft and punctual landing.
994,2024-12-11,WN,11433,13930,Decent flight with WN. Clean aircraft and punctual landing.
995,2024-03-27,F9,13930,10397,F9 delivered exactly what I expected — a reliable flight from Chicago to Atlanta.
996,2025-06-18,WN,12892,14771,WN flight delayed again — 117 minutes this time. Third delay this month. Completely unreliable.
997,2025-09-09,WN,15016,12892,"Got a fantastic deal on WN! Smooth booking, comfortable seat, great value for money."
998,2024-02-20,DL,11193,13204,Fair price for what you get with DL. Budget airline but reasonable comfort.
999,2024-01-06,AA,14771,13204,Significant departure delay on AA. Spent 43 minutes stuck at the gate with no updates from staff.
1000,2024-11-20,WN,13204,10397,Decent flight with WN. Clean aircraft and punctual landing.
1001,2025-09-23,NK,11298,13303,Fair price for what you get with NK. Budget airline but reasonable comfort.
1002,2025-07-08,AS,13204,14771,"Nothing exceptional about AS but a solid, reliable flight overall."
1003,2024-11-06,AA,12892,13930,Landed in Chicago with AA but my checked luggage was lost. Took 2 days to recover my bags.
1004,2024-03-27,UA,14107,13930,On-time departure and early arrival in Chicago with UA. Smooth flight with no issues.
1005,2024-08-25,UA,14771,12478,Decent flight with UA. Clean aircraft and punctual landing.
1006,2024-03-27,F9,13204,12266,Landed in Houston with F9 but my checked luggage was lost. Took 2 days to recover my bags.
1007,2025-07-01,WN,12266,14869,Bags arrived intact and on-time with WN. No issues at all with baggage handling.
1008,2024-03-15,DL,15016,13930,"Nothing exceptional about DL but a solid, reliable flight overall."
1009,2024-10-11,B6,14869,10397,Lost baggage claim with B6 was incredibly slow. Waited 90 minutes at carousel before reporting the loss.
1010,2024-03-21,DL,14869,13204,The DL boarding process was chaotic and disorganized. Staff were unhelpful when asked for assistance.
1011,2025-11-09,AA,13930,11298,Careless handling on AA — my suitcase arrived damaged with a broken wheel.
1012,2025-07-28,F9,11298,14107,Average service on F9. Nothing special but nothing terrible either.
1013,2025-04-09,NK,12892,12478,Decent flight with NK. Clean aircraft and punctual landing.
1014,2025-02-11,NK,15016,11433,Bags arrived intact and on-time with NK. No issues at all with baggage handling.
1015,2025-08-25,F9,13930,11298,Fair price for what you get with F9. Budget airline but reasonable comfort.
1016,2024-01-15,DL,12892,12266,Decent flight with DL. Clean aircraft and punctual landing.
1017,2024-11-18,F9,11433,15016,F9 crew went above and beyond during my flight. Exceptional hospitality from start to finish.
1018,2024-01-02,WN,14771,11193,Careless handling on WN — my suitcase arrived damaged with a broken wheel.
1019,2025-07-29,F9,11433,11193,The F9 boarding process was chaotic and disorganized. Staff were unhelpful when asked for assistance.
1020,2025-11-17,DL,13204,15016,Poor inflight service on DL. Staff ignored cabin requests and the cabin was dirty.
1021,2025-11-06,AA,11433,13204,"AA charges extra for everything. Seat selection, baggage, drinks — the base fare is misleading."
1022,2025-09-27,NK,10397,11193,Decent flight with NK. Clean aircraft and punctual landing.
1023,2024-10-23,WN,14107,11433,Average service on WN. Nothing special but nothing terrible either.
1024,2025-03-27,DL,14869,14057,DL flight delayed again — 140 minutes this time. Third delay this month. Completely unreliable.
1025,2024-02-02,UA,12478,13930,Average service on UA. Nothing special but nothing terrible either.
1026,2024-10-25,DL,14869,14107,Ticket prices for DL to Phoenix are way too high for basic economy with no baggage allowance.
1027,2024-05-11,B6,14107,11298,On-time departure and early arrival in Dallas with B6. Smooth flight with no issues.
1028,2025-04-04,AS,13930,14107,Lost baggage claim with AS was incredibly slow. Waited 90 minutes at carousel before reporting the loss.
1029,2024-08-02,AS,14057,12266,Significant departure delay on AS. Spent 140 minutes stuck at the gate with no updates from staff.
1030,2024-09-03,AS,13303,13204,Bags arrived intact and on-time with AS. No issues at all with baggage handling.
1031,2024-09-08,AA,14869,11193,Landed in Cincinnati with AA but my checked luggage was lost. Took 2 days to recover my bags.
1032,2024-01-27,DL,10397,14057,Average service on DL. Nothing special but nothing terrible either.
1033,2024-02-08,UA,11193,14107,UA delivered exactly what I expected — a reliable flight from Cincinnati to Phoenix.
1034,2024-04-23,B6,14869,14771,B6 flight delayed again — 49 minutes this time. Third delay this month. Completely unreliable.
1035,2025-04-01,NK,11298,13204,Flight attendants on NK were super friendly and helpful on the trip to Orlando. Great experience!
1036,2024-10-13,WN,10397,11193,Flight WN from Atlanta to Cincinnati on 2024-10-13 was delayed by 111 minutes. Missed my connecting flight. Very disappointing.
1037,2024-12-08,AA,13303,11433,Careless handling on AA — my suitcase arrived damaged with a broken wheel.
1038,2024-05-28,WN,14057,15016,Fair price for what you get with WN. Budget airline but reasonable comfort.
1039,2024-07-20,WN,11433,10397,On-time departure and early arrival in Atlanta with WN. Smooth flight with no issues.
1040,2024-05-08,WN,12892,12478,Minor 109-minute delay on WN but staff kept us informed throughout. Not ideal but acceptable.
1041,2025-06-28,F9,14057,14771,On-time departure and early arrival in San Francisco with F9. Smooth flight with no issues.
1042,2025-07-11,NK,14107,14869,Minor 113-minute delay on NK but staff kept us informed throughout. Not ideal but acceptable.
1043,2024-01-11,WN,14771,11193,Flight attendants on WN were super friendly and helpful on the trip to Cincinnati. Great experience!
1044,2025-06-02,F9,12478,10397,Average service on F9. Nothing special but nothing terrible either.
1045,2025-11-16,NK,12892,13930,NK crew went above and beyond during my flight. Exceptional hospitality from start to finish.
1046,2025-08-16,NK,11298,14107,On-time departure and early arrival in Phoenix with NK. Smooth flight with no issues.
1047,2024-07-03,AA,13930,10397,"AA charges extra for everything. Seat selection, baggage, drinks — the base fare is misleading."
1048,2024-01-15,F9,12478,13303,"F9 charges extra for everything. Seat selection, baggage, drinks — the base fare is misleading."
1049,2024-07-13,AS,12478,13204,Flight attendants on AS were super friendly and helpful on the trip to Orlando. Great experience!
1050,2024-01-07,B6,12478,14771,B6 delivered exactly what I expected — a reliable flight from New York to San Francisco.
1051,2025-02-12,NK,11298,12266,NK delivered exactly what I expected — a reliable flight from Dallas to Houston.
1052,2025-06-04,NK,11298,13303,The NK boarding process was chaotic and disorganized. Staff were unhelpful when asked for assistance.
1053,2025-08-08,B6,13303,10397,"Got a fantastic deal on B6! Smooth booking, comfortable seat, great value for money."
1054,2025-01-14,DL,13930,14057,Flight DL from Chicago to Portland on 2025-01-14 was delayed by 170 minutes. Missed my connecting flight. Very disappointing.
1055,2025-11-07,UA,13303,14107,Decent flight with UA. Clean aircraft and punctual landing.
1056,2025-07-11,F9,11298,15016,Flight F9 from Dallas to St. Louis on 2025-07-11 was delayed by 116 minutes. Missed my connecting flight. Very disappointing.
1057,2024-12-29,DL,14869,13303,Poor inflight service on DL. Staff ignored cabin requests and the cabin was dirty.
1058,2025-04-03,F9,11193,12892,Careless handling on F9 — my suitcase arrived damaged with a broken wheel.
1059,2024-03-02,B6,15016,11298,B6 delivered exactly what I expected — a reliable flight from St. Louis to Dallas.
1060,2024-09-12,UA,11193,12478,Average service on UA. Nothing special but nothing terrible either.
1061,2025-07-08,F9,12266,11298,Flight F9 from Houston to Dallas on 2025-07-08 was delayed by 51 minutes. Missed my connecting flight. Very disappointing.
1062,2024-07-16,WN,14771,14057,Significant departure delay on WN. Spent 168 minutes stuck at the gate with no updates from staff.
1063,2024-11-02,UA,11433,13303,Careless handling on UA — my suitcase arrived damaged with a broken wheel.
1064,2025-04-15,NK,11193,10397,Comfortable seats and good legroom on NK. Would fly again.
1065,2024-07-16,UA,10397,12478,Average service on UA. Nothing special but nothing terrible either.
1066,2024-06-30,AS,14057,13204,Careless handling on AS — my suitcase arrived damaged with a broken wheel.
1067,2024-05-06,B6,13930,12266,Decent flight with B6. Clean aircraft and punctual landing.
1068,2024-12-31,B6,12266,13303,Careless handling on B6 — my suitcase arrived damaged with a broken wheel.
1069,2024-05-11,WN,12892,14057,Average service on WN. Nothing special but nothing terrible either.
1070,2024-12-05,WN,15016,14107,WN crew went above and beyond during my flight. Exceptional hospitality from start to finish.
1071,2024-06-05,B6,11193,13930,On-time departure and early arrival in Chicago with B6. Smooth flight with no issues.
1072,2025-10-03,WN,11298,12478,Average service on WN. Nothing special but nothing terrible either.
1073,2025-06-14,DL,14869,14057,DL delivered exactly what I expected — a reliable flight from Salt Lake City to Portland.
1074,2025-08-02,B6,14869,13204,Flight B6 from Salt Lake City to Orlando on 2025-08-02 was delayed by 179 minutes. Missed my connecting flight. Very disappointing.
1075,2025-03-31,WN,14057,13930,Minor 98-minute delay on WN but staff kept us informed throughout. Not ideal but acceptable.
1076,2024-09-14,B6,12478,12266,Lost baggage claim with B6 was incredibly slow. Waited 90 minutes at carousel before reporting the loss.
1077,2024-02-21,DL,13930,14771,Average service on DL. Nothing special but nothing terrible either.
1078,2025-03-17,AS,15016,14869,Landed in Salt Lake City with AS but my checked luggage was lost. Took 2 days to recover my bags.
1079,2025-01-27,UA,11298,12478,UA crew went above and beyond during my flight. Exceptional hospitality from start to finish.
1080,2025-09-27,WN,13303,13204,Careless handling on WN — my suitcase arrived damaged with a broken wheel.
1081,2025-01-15,B6,11298,10397,Average service on B6. Nothing special but nothing terrible either.
1082,2024-03-18,B6,12478,14869,Ticket prices for B6 to Salt Lake City are way too high for basic economy with no baggage allowance.
1083,2025-05-04,F9,15016,12892,Flight attendants on F9 were super friendly and helpful on the trip to Los Angeles. Great experience!
1084,2025-01-29,AA,12266,14057,Flight attendants on AA were super friendly and helpful on the trip to Portland. Great experience!
1085,2024-08-24,B6,15016,12478,B6 flight delayed again — 74 minutes this time. Third delay this month. Completely unreliable.
1086,2024-07-28,WN,12266,10397,Bags arrived intact and on-time with WN. No issues at all with baggage handling.
1087,2025-11-04,WN,14869,14771,"WN charges extra for everything. Seat selection, baggage, drinks — the base fare is misleading."
1088,2024-02-15,NK,13204,15016,Ticket prices for NK to St. Louis are way too high for basic economy with no baggage allowance.
1089,2024-07-12,F9,14057,11298,Comfortable seats and good legroom on F9. Would fly again.
1090,2024-01-08,WN,15016,11433,Bags arrived intact and on-time with WN. No issues at all with baggage handling.
1091,2025-08-24,DL,12892,12266,"Nothing exceptional about DL but a solid, reliable flight overall."
1092,2025-01-26,AA,11298,12266,Careless handling on AA — my suitcase arrived damaged with a broken wheel.
1093,2024-08-18,UA,14869,11298,Fair price for what you get with UA. Budget airline but reasonable comfort.
1094,2025-09-18,AS,11193,15016,Bags arrived intact and on-time with AS. No issues at all with baggage handling.
1095,2025-04-06,DL,10397,11193,Bags arrived intact and on-time with DL. No issues at all with baggage handling.
1096,2024-02-23,AA,12266,13303,Careless handling on AA — my suitcase arrived damaged with a broken wheel.
1097,2025-01-13,B6,11298,15016,Minor 67-minute delay on B6 but staff kept us informed throughout. Not ideal but acceptable.
1098,2025-03-13,AA,12892,13204,Lost baggage claim with AA was incredibly slow. Waited 90 minutes at carousel before reporting the loss.
1099,2024-03-26,NK,14107,14869,NK crew went above and beyond during my flight. Exceptional hospitality from start to finish.
1100,2025-05-25,WN,10397,11298,"WN charges extra for everything. Seat selection, baggage, drinks — the base fare is misleading."
1101,2024-03-19,AS,13930,13204,"AS charges extra for everything. Seat selection, baggage, drinks — the base fare is misleading."
1102,2024-06-03,AA,14107,10397,AA delivered exactly what I expected — a reliable flight from Phoenix to Atlanta.
1103,2025-10-16,NK,12892,12266,Significant departure delay on NK. Spent 60 minutes stuck at the gate with no updates from staff.
1104,2024-07-06,AS,13303,10397,Bags arrived intact and on-time with AS. No issues at all with baggage handling.
1105,2024-12-21,WN,11433,14869,Fair price for what you get with WN. Budget airline but reasonable comfort.
1106,2025-02-17,UA,11433,11193,Careless handling on UA — my suitcase arrived damaged with a broken wheel.
1107,2025-08-05,UA,12266,15016,Fair price for what you get with UA. Budget airline but reasonable comfort.
1108,2024-07-24,F9,11433,11193,"Got a fantastic deal on F9! Smooth booking, comfortable seat, great value for money."
1109,2024-05-28,AA,14869,11298,The AA boarding process was chaotic and disorganized. Staff were unhelpful when asked for assistance.
1110,2025-04-07,F9,11298,14869,Minor 103-minute delay on F9 but staff kept us informed throughout. Not ideal but acceptable.
1111,2025-08-15,NK,14869,14057,"Got a fantastic deal on NK! Smooth booking, comfortable seat, great value for money."
1112,2024-06-30,F9,14107,11298,Fair price for what you get with F9. Budget airline but reasonable comfort.
1113,2025-10-01,F9,13930,11433,"Nothing exceptional about F9 but a solid, reliable flight overall."
1114,2025-02-05,AA,12478,14869,Flight attendants on AA were super friendly and helpful on the trip to Salt Lake City. Great experience!
1115,2024-03-30,AS,12266,13204,Poor inflight service on AS. Staff ignored cabin requests and the cabin was dirty.
1116,2024-02-16,B6,12478,12266,"Got a fantastic deal on B6! Smooth booking, comfortable seat, great value for money."
1117,2025-01-24,UA,10397,13204,On-time departure and early arrival in Orlando with UA. Smooth flight with no issues.
1118,2025-11-22,AS,14869,13303,AS delivered exactly what I expected — a reliable flight from Salt Lake City to Nashville.
1119,2025-03-13,WN,13930,12892,WN flight delayed again — 149 minutes this time. Third delay this month. Completely unreliable.
1120,2024-09-16,AS,11433,11193,Significant departure delay on AS. Spent 86 minutes stuck at the gate with no updates from staff.
1121,2025-04-19,AA,11193,13204,Fair price for what you get with AA. Budget airline but reasonable comfort.
1122,2024-12-06,DL,12478,14869,DL flight delayed again — 166 minutes this time. Third delay this month. Completely unreliable.
1123,2025-05-23,DL,10397,14107,"Nothing exceptional about DL but a solid, reliable flight overall."
1124,2025-09-24,B6,12892,11193,B6 delivered exactly what I expected — a reliable flight from Los Angeles to Cincinnati.
1125,2024-04-02,AA,13930,11298,Landed in Dallas with AA but my checked luggage was lost. Took 2 days to recover my bags.
1126,2024-09-04,B6,13303,14869,Decent flight with B6. Clean aircraft and punctual landing.
1127,2024-11-07,UA,15016,14057,"Nothing exceptional about UA but a solid, reliable flight overall."
1128,2024-11-03,B6,12478,12892,"B6 charges extra for everything. Seat selection, baggage, drinks — the base fare is misleading."
1129,2025-03-28,WN,13930,14057,"Got a fantastic deal on WN! Smooth booking, comfortable seat, great value for money."
1130,2024-03-13,DL,10397,14869,Flight attendants on DL were super friendly and helpful on the trip to Salt Lake City. Great experience!
1131,2025-09-18,NK,14869,13303,Ticket prices for NK to Nashville are way too high for basic economy with no baggage allowance.
1132,2025-11-27,B6,11193,14057,"Nothing exceptional about B6 but a solid, reliable flight overall."
1133,2025-05-10,NK,13204,12266,Average service on NK. Nothing special but nothing terrible either.
1134,2024-02-13,WN,14771,10397,Ticket prices for WN to Atlanta are way too high for basic economy with no baggage allowance.
1135,2024-03-17,DL,14107,12478,Lost baggage claim with DL was incredibly slow. Waited 90 minutes at carousel before reporting the loss.
1136,2025-02-28,WN,13303,15016,Decent flight with WN. Clean aircraft and punctual landing.
1137,2025-02-07,AS,13204,11298,Careless handling on AS — my suitcase arrived damaged with a broken wheel.
1138,2024-03-31,WN,12266,13930,WN flight delayed again — 178 minutes this time. Third delay this month. Completely unreliable.
1139,2025-04-14,NK,14107,14869,Ticket prices for NK to Salt Lake City are way too high for basic economy with no baggage allowance.
1140,2024-05-16,AA,14869,14107,Careless handling on AA — my suitcase arrived damaged with a broken wheel.
1141,2024-04-14,F9,14771,13204,Lost baggage claim with F9 was incredibly slow. Waited 90 minutes at carousel before reporting the loss.
1142,2025-03-17,B6,15016,11433,The B6 boarding process was chaotic and disorganized. Staff were unhelpful when asked for assistance.
1143,2024-02-25,WN,14057,11193,Bags arrived intact and on-time with WN. No issues at all with baggage handling.
1144,2025-08-30,DL,13204,12892,On-time departure and early arrival in Los Angeles with DL. Smooth flight with no issues.
1145,2025-09-13,UA,14869,14107,Poor inflight service on UA. Staff ignored cabin requests and the cabin was dirty.
1146,2024-12-22,AA,13204,13930,Minor 131-minute delay on AA but staff kept us informed throughout. Not ideal but acceptable.
1147,2025-11-24,B6,12266,14107,Bags arrived intact and on-time with B6. No issues at all with baggage handling.
1148,2025-01-29,F9,13303,14057,F9 flight delayed again — 167 minutes this time. Third delay this month. Completely unreliable.
1149,2025-07-30,AA,11298,13930,On-time departure and early arrival in Chicago with AA. Smooth flight with no issues.
1150,2024-09-19,F9,14869,14107,Decent flight with F9. Clean aircraft and punctual landing.
1151,2025-10-12,AS,14771,13204,Fair price for what you get with AS. Budget airline but reasonable comfort.
1152,2025-10-06,AA,11193,14107,Careless handling on AA — my suitcase arrived damaged with a broken wheel.
1153,2024-11-17,B6,14771,13204,Ticket prices for B6 to Orlando are way too high for basic economy with no baggage allowance.
1154,2024-01-13,F9,11433,12478,Fair price for what you get with F9. Budget airline but reasonable comfort.
1155,2024-03-22,WN,14771,11193,On-time departure and early arrival in Cincinnati with WN. Smooth flight with no issues.
1156,2024-05-08,B6,14869,14771,Minor 84-minute delay on B6 but staff kept us informed throughout. Not ideal but acceptable.
1157,2025-05-11,F9,14771,11193,Lost baggage claim with F9 was incredibly slow. Waited 90 minutes at carousel before reporting the loss.
1158,2024-03-11,AS,11433,13303,Significant departure delay on AS. Spent 99 minutes stuck at the gate with no updates from staff.
1159,2024-02-09,AA,13303,12478,"Nothing exceptional about AA but a solid, reliable flight overall."
1160,2024-05-03,AA,11193,12892,Ticket prices for AA to Los Angeles are way too high for basic economy with no baggage allowance.
1161,2025-05-15,DL,12892,14107,"Got a fantastic deal on DL! Smooth booking, comfortable seat, great value for money."
1162,2024-05-24,B6,14771,11193,Bags arrived intact and on-time with B6. No issues at all with baggage handling.
1163,2025-11-29,AA,10397,12892,Careless handling on AA — my suitcase arrived damaged with a broken wheel.
1164,2024-11-29,AS,12266,14771,Significant departure delay on AS. Spent 95 minutes stuck at the gate with no updates from staff.
1165,2024-07-31,UA,11193,13303,Bags arrived intact and on-time with UA. No issues at all with baggage handling.
1166,2025-09-08,WN,11298,12266,The WN boarding process was chaotic and disorganized. Staff were unhelpful when asked for assistance.
1167,2024-12-12,B6,12266,14107,Bags arrived intact and on-time with B6. No issues at all with baggage handling.
1168,2024-05-03,DL,13204,10397,Ticket prices for DL to Atlanta are way too high for basic economy with no baggage allowance.
1169,2024-03-10,DL,13204,14771,Careless handling on DL — my suitcase arrived damaged with a broken wheel.
1170,2024-08-14,AA,13303,12892,"Nothing exceptional about AA but a solid, reliable flight overall."
1171,2025-06-13,UA,15016,12266,Comfortable seats and good legroom on UA. Would fly again.
1172,2025-10-20,B6,13204,13930,Landed in Chicago with B6 but my checked luggage was lost. Took 2 days to recover my bags.
1173,2025-04-20,AA,12892,14057,Average service on AA. Nothing special but nothing terrible either.
1174,2024-08-04,UA,11193,12892,Decent flight with UA. Clean aircraft and punctual landing.
1175,2024-04-11,B6,12478,10397,Decent flight with B6. Clean aircraft and punctual landing.
1176,2024-11-15,B6,10397,13303,Decent flight with B6. Clean aircraft and punctual landing.
1177,2024-11-10,UA,12478,12266,Ticket prices for UA to Houston are way too high for basic economy with no baggage allowance.
1178,2025-07-16,F9,14771,11193,"F9 charges extra for everything. Seat selection, baggage, drinks — the base fare is misleading."
1179,2024-10-10,DL,14057,13930,Bags arrived intact and on-time with DL. No issues at all with baggage handling.
1180,2025-09-08,UA,12266,12478,Flight attendants on UA were super friendly and helpful on the trip to New York. Great experience!
1181,2024-08-26,AS,10397,13204,Minor 39-minute delay on AS but staff kept us informed throughout. Not ideal but acceptable.
1182,2024-09-08,F9,14057,13303,Lost baggage claim with F9 was incredibly slow. Waited 90 minutes at carousel before reporting the loss.
1183,2025-08-15,F9,10397,14771,"Nothing exceptional about F9 but a solid, reliable flight overall."
1184,2024-08-22,WN,11193,13303,Landed in Nashville with WN but my checked luggage was lost. Took 2 days to recover my bags.
1185,2025-11-18,WN,11433,14869,Flight attendants on WN were super friendly and helpful on the trip to Salt Lake City. Great experience!
1186,2025-03-06,F9,13303,12478,Comfortable seats and good legroom on F9. Would fly again.
1187,2024-08-03,NK,14869,12478,Poor inflight service on NK. Staff ignored cabin requests and the cabin was dirty.
1188,2024-08-18,F9,10397,15016,Flight F9 from Atlanta to St. Louis on 2024-08-18 was delayed by 104 minutes. Missed my connecting flight. Very disappointing.
1189,2024-09-26,AA,12266,15016,AA delivered exactly what I expected — a reliable flight from Houston to St. Louis.
1190,2025-04-03,AS,14107,11433,Average service on AS. Nothing special but nothing terrible either.
1191,2024-12-05,AS,14771,15016,Significant departure delay on AS. Spent 166 minutes stuck at the gate with no updates from staff.
1192,2025-03-21,AA,12266,12478,Landed in New York with AA but my checked luggage was lost. Took 2 days to recover my bags.
1193,2025-04-25,UA,11433,12478,Decent flight with UA. Clean aircraft and punctual landing.
1194,2025-06-18,B6,12892,14869,Decent flight with B6. Clean aircraft and punctual landing.
1195,2025-05-08,F9,12892,13303,F9 flight delayed again — 90 minutes this time. Third delay this month. Completely unreliable.
1196,2024-09-22,B6,10397,13303,Comfortable seats and good legroom on B6. Would fly again.
1197,2025-11-07,B6,14869,13303,Fair price for what you get with B6. Budget airline but reasonable comfort.
1198,2025-10-08,AS,13930,11433,Landed in Detroit with AS but my checked luggage was lost. Took 2 days to recover my bags.
1199,2024-06-07,WN,12478,14107,Flight WN from New York to Phoenix on 2024-06-07 was delayed by 169 minutes. Missed my connecting flight. Very disappointing.
1200,2025-05-10,UA,13930,13204,"Nothing exceptional about UA but a solid, reliable flight overall."
1201,2025-03-05,NK,14057,10397,On-time departure and early arrival in Atlanta with NK. Smooth flight with no issues.
1202,2024-05-24,DL,10397,11298,Decent flight with DL. Clean aircraft and punctual landing.
1203,2025-10-06,F9,12892,14057,Bags arrived intact and on-time with F9. No issues at all with baggage handling.
1204,2025-02-22,AA,10397,11298,AA crew went above and beyond during my flight. Exceptional hospitality from start to finish.
1205,2025-03-20,WN,11193,15016,"WN charges extra for everything. Seat selection, baggage, drinks — the base fare is misleading."
1206,2024-05-12,UA,13204,11298,Significant departure delay on UA. Spent 104 minutes stuck at the gate with no updates from staff.
1207,2025-11-19,AS,11433,10397,On-time departure and early arrival in Atlanta with AS. Smooth flight with no issues.
1208,2024-08-18,F9,14057,10397,Significant departure delay on F9. Spent 169 minutes stuck at the gate with no updates from staff.
1209,2024-12-11,AA,11433,15016,Fair price for what you get with AA. Budget airline but reasonable comfort.
1210,2025-08-21,AA,14057,12478,AA crew went above and beyond during my flight. Exceptional hospitality from start to finish.
1211,2024-07-22,AA,14057,14771,Lost baggage claim with AA was incredibly slow. Waited 90 minutes at carousel before reporting the loss.
1212,2024-09-23,B6,13303,14057,Careless handling on B6 — my suitcase arrived damaged with a broken wheel.
1213,2024-07-21,AS,10397,11298,"AS charges extra for everything. Seat selection, baggage, drinks — the base fare is misleading."
1214,2024-11-01,AA,11193,10397,"Got a fantastic deal on AA! Smooth booking, comfortable seat, great value for money."
1215,2024-07-27,NK,12892,13930,On-time departure and early arrival in Chicago with NK. Smooth flight with no issues.
1216,2024-03-23,AA,11433,13204,The AA boarding process was chaotic and disorganized. Staff were unhelpful when asked for assistance.
1217,2025-02-26,NK,13204,14869,"Got a fantastic deal on NK! Smooth booking, comfortable seat, great value for money."
1218,2024-06-29,AA,12266,13204,Ticket prices for AA to Orlando are way too high for basic economy with no baggage allowance.
1219,2024-07-15,NK,14771,11193,Flight attendants on NK were super friendly and helpful on the trip to Cincinnati. Great experience!
1220,2025-02-12,AA,14057,14771,Ticket prices for AA to San Francisco are way too high for basic economy with no baggage allowance.
1221,2024-05-30,UA,13303,12478,"UA charges extra for everything. Seat selection, baggage, drinks — the base fare is misleading."
1222,2024-09-16,B6,12892,12266,"Nothing exceptional about B6 but a solid, reliable flight overall."
1223,2025-03-21,F9,14107,15016,Careless handling on F9 — my suitcase arrived damaged with a broken wheel.
1224,2025-01-13,B6,14057,14869,B6 crew went above and beyond during my flight. Exceptional hospitality from start to finish.
1225,2025-06-07,WN,10397,11193,"WN charges extra for everything. Seat selection, baggage, drinks — the base fare is misleading."
1226,2025-09-10,WN,14771,13303,Ticket prices for WN to Nashville are way too high for basic economy with no baggage allowance.
1227,2024-04-11,AS,11298,10397,Flight attendants on AS were super friendly and helpful on the trip to Atlanta. Great experience!
1228,2025-02-02,F9,15016,13204,Flight attendants on F9 were super friendly and helpful on the trip to Orlando. Great experience!
1229,2025-01-21,NK,10397,13303,"Got a fantastic deal on NK! Smooth booking, comfortable seat, great value for money."
1230,2024-08-11,AA,12478,12892,"Got a fantastic deal on AA! Smooth booking, comfortable seat, great value for money."
1231,2025-07-21,NK,14869,11433,"Nothing exceptional about NK but a solid, reliable flight overall."
1232,2025-07-04,UA,13930,12266,Flight UA from Chicago to Houston on 2025-07-04 was delayed by 96 minutes. Missed my connecting flight. Very disappointing.
1233,2024-10-12,DL,11298,12892,Comfortable seats and good legroom on DL. Would fly again.
1234,2024-11-01,B6,14057,12478,Minor 117-minute delay on B6 but staff kept us informed throughout. Not ideal but acceptable.
1235,2024-06-26,DL,14869,11433,Comfortable seats and good legroom on DL. Would fly again.
1236,2025-10-01,AS,14869,12266,Minor 142-minute delay on AS but staff kept us informed throughout. Not ideal but acceptable.
1237,2025-01-13,AA,14057,12892,Ticket prices for AA to Los Angeles are way too high for basic economy with no baggage allowance.
1238,2024-04-18,AA,12478,13303,Careless handling on AA — my suitcase arrived damaged with a broken wheel.
1239,2024-07-20,B6,14869,14057,"B6 charges extra for everything. Seat selection, baggage, drinks — the base fare is misleading."
1240,2024-09-18,DL,13303,13930,"DL charges extra for everything. Seat selection, baggage, drinks — the base fare is misleading."
1241,2024-06-19,DL,15016,13930,Careless handling on DL — my suitcase arrived damaged with a broken wheel.
1242,2024-12-06,WN,12892,11298,"Got a fantastic deal on WN! Smooth booking, comfortable seat, great value for money."
1243,2024-09-26,WN,15016,14107,Comfortable seats and good legroom on WN. Would fly again.
1244,2024-01-11,AS,11193,11433,Lost baggage claim with AS was incredibly slow. Waited 90 minutes at carousel before reporting the loss.
1245,2024-03-20,NK,14107,14869,Average service on NK. Nothing special but nothing terrible either.
1246,2024-12-16,UA,10397,12478,Poor inflight service on UA. Staff ignored cabin requests and the cabin was dirty.
1247,2024-06-15,B6,14057,14869,"Nothing exceptional about B6 but a solid, reliable flight overall."
1248,2024-08-22,F9,14107,12478,Landed in New York with F9 but my checked luggage was lost. Took 2 days to recover my bags.
1249,2024-03-04,WN,13303,11298,Bags arrived intact and on-time with WN. No issues at all with baggage handling.
1250,2024-09-21,F9,14869,15016,Lost baggage claim with F9 was incredibly slow. Waited 90 minutes at carousel before reporting the loss.
1251,2024-01-27,B6,13930,15016,Bags arrived intact and on-time with B6. No issues at all with baggage handling.
1252,2025-09-17,AS,14057,14869,"Nothing exceptional about AS but a solid, reliable flight overall."
1253,2025-10-09,WN,14057,14107,On-time departure and early arrival in Phoenix with WN. Smooth flight with no issues.
1254,2024-09-27,AA,12266,13204,Poor inflight service on AA. Staff ignored cabin requests and the cabin was dirty.
1255,2025-10-07,NK,10397,15016,Lost baggage claim with NK was incredibly slow. Waited 90 minutes at carousel before reporting the loss.
1256,2024-07-26,AS,12892,11193,Fair price for what you get with AS. Budget airline but reasonable comfort.
1257,2025-06-20,DL,10397,13303,The DL boarding process was chaotic and disorganized. Staff were unhelpful when asked for assistance.
1258,2024-11-13,AS,11433,10397,Flight attendants on AS were super friendly and helpful on the trip to Atlanta. Great experience!
1259,2025-09-21,AS,13930,14869,Flight attendants on AS were super friendly and helpful on the trip to Salt Lake City. Great experience!
1260,2024-03-12,AS,14107,13303,Comfortable seats and good legroom on AS. Would fly again.
1261,2024-04-26,AS,14107,12266,Minor 169-minute delay on AS but staff kept us informed throughout. Not ideal but acceptable.
1262,2025-09-16,B6,12478,13303,B6 flight delayed again — 155 minutes this time. Third delay this month. Completely unreliable.
1263,2024-12-16,NK,15016,12892,Careless handling on NK — my suitcase arrived damaged with a broken wheel.
1264,2025-09-16,B6,13930,14057,Average service on B6. Nothing special but nothing terrible either.
1265,2024-11-03,DL,13204,13303,Careless handling on DL — my suitcase arrived damaged with a broken wheel.
1266,2024-05-20,UA,12478,12266,Significant departure delay on UA. Spent 62 minutes stuck at the gate with no updates from staff.
1267,2024-09-20,WN,14057,14869,Landed in Salt Lake City with WN but my checked luggage was lost. Took 2 days to recover my bags.
1268,2024-01-05,AS,12266,14771,Bags arrived intact and on-time with AS. No issues at all with baggage handling.
1269,2024-07-02,WN,11298,14107,Careless handling on WN — my suitcase arrived damaged with a broken wheel.
1270,2024-02-05,WN,13204,13930,Ticket prices for WN to Chicago are way too high for basic economy with no baggage allowance.
1271,2025-09-16,UA,12266,14869,Ticket prices for UA to Salt Lake City are way too high for basic economy with no baggage allowance.
1272,2024-12-15,NK,14771,14107,On-time departure and early arrival in Phoenix with NK. Smooth flight with no issues.
1273,2024-03-15,DL,14057,14869,"Got a fantastic deal on DL! Smooth booking, comfortable seat, great value for money."
1274,2025-11-24,DL,13204,14107,Flight attendants on DL were super friendly and helpful on the trip to Phoenix. Great experience!
1275,2024-05-27,B6,14771,14107,Bags arrived intact and on-time with B6. No issues at all with baggage handling.
1276,2024-05-07,B6,14057,13930,Landed in Chicago with B6 but my checked luggage was lost. Took 2 days to recover my bags.
1277,2024-10-30,F9,12266,13303,The F9 boarding process was chaotic and disorganized. Staff were unhelpful when asked for assistance.
1278,2024-09-13,WN,12892,14869,"WN charges extra for everything. Seat selection, baggage, drinks — the base fare is misleading."
1279,2024-04-12,AS,14107,12266,Landed in Houston with AS but my checked luggage was lost. Took 2 days to recover my bags.
1280,2025-09-28,B6,15016,14771,"Nothing exceptional about B6 but a solid, reliable flight overall."
1281,2025-05-16,AS,14771,14869,Landed in Salt Lake City with AS but my checked luggage was lost. Took 2 days to recover my bags.
1282,2024-12-21,AA,14057,11433,The AA boarding process was chaotic and disorganized. Staff were unhelpful when asked for assistance.
1283,2025-06-11,AA,13930,12266,AA crew went above and beyond during my flight. Exceptional hospitality from start to finish.
1284,2025-04-19,F9,14869,11193,On-time departure and early arrival in Cincinnati with F9. Smooth flight with no issues.
1285,2025-08-17,AA,10397,12266,Careless handling on AA — my suitcase arrived damaged with a broken wheel.
1286,2025-10-10,F9,14771,14057,Average service on F9. Nothing special but nothing terrible either.
1287,2024-06-05,B6,11193,14107,"Nothing exceptional about B6 but a solid, reliable flight overall."
1288,2025-08-09,AA,11433,12892,"Got a fantastic deal on AA! Smooth booking, comfortable seat, great value for money."
1289,2024-09-28,B6,12266,13930,B6 delivered exactly what I expected — a reliable flight from Houston to Chicago.
1290,2025-02-06,F9,14057,12478,Significant departure delay on F9. Spent 56 minutes stuck at the gate with no updates from staff.
1291,2025-06-16,B6,13204,11298,Poor inflight service on B6. Staff ignored cabin requests and the cabin was dirty.
1292,2025-06-20,AA,14771,11298,On-time departure and early arrival in Dallas with AA. Smooth flight with no issues.
1293,2024-12-17,AA,14771,14057,Minor 50-minute delay on AA but staff kept us informed throughout. Not ideal but acceptable.
1294,2025-02-23,AA,15016,12478,Significant departure delay on AA. Spent 38 minutes stuck at the gate with no updates from staff.
1295,2024-02-19,B6,12478,11433,B6 flight delayed again — 165 minutes this time. Third delay this month. Completely unreliable.
1296,2025-09-21,AS,11433,14107,AS delivered exactly what I expected — a reliable flight from Detroit to Phoenix.
1297,2024-03-21,B6,14771,11298,Careless handling on B6 — my suitcase arrived damaged with a broken wheel.
1298,2024-07-29,DL,15016,13303,Decent flight with DL. Clean aircraft and punctual landing.
1299,2024-03-03,B6,12892,11433,On-time departure and early arrival in Detroit with B6. Smooth flight with no issues.
1300,2025-02-13,NK,14057,13930,Ticket prices for NK to Chicago are way too high for basic economy with no baggage allowance.
1301,2024-07-17,B6,13204,14057,Decent flight with B6. Clean aircraft and punctual landing.
1302,2025-08-08,DL,11298,12266,Comfortable seats and good legroom on DL. Would fly again.
1303,2025-05-03,NK,12478,10397,Careless handling on NK — my suitcase arrived damaged with a broken wheel.
1304,2025-02-13,WN,11298,13930,Flight WN from Dallas to Chicago on 2025-02-13 was delayed by 100 minutes. Missed my connecting flight. Very disappointing.
1305,2025-08-11,NK,10397,11193,Significant departure delay on NK. Spent 160 minutes stuck at the gate with no updates from staff.
1306,2024-12-18,B6,14869,11433,Ticket prices for B6 to Detroit are way too high for basic economy with no baggage allowance.
1307,2024-04-25,AA,13204,12478,Ticket prices for AA to New York are way too high for basic economy with no baggage allowance.
1308,2025-09-19,NK,11298,12266,Minor 107-minute delay on NK but staff kept us informed throughout. Not ideal but acceptable.
1309,2025-04-28,F9,12266,11298,"F9 charges extra for everything. Seat selection, baggage, drinks — the base fare is misleading."
1310,2024-07-12,UA,13204,14057,Poor inflight service on UA. Staff ignored cabin requests and the cabin was dirty.
1311,2024-11-08,F9,11193,13303,Decent flight with F9. Clean aircraft and punctual landing.
1312,2025-01-03,WN,11298,14107,The WN boarding process was chaotic and disorganized. Staff were unhelpful when asked for assistance.
1313,2025-05-21,AS,13204,14057,AS crew went above and beyond during my flight. Exceptional hospitality from start to finish.
1314,2024-11-21,NK,11433,10397,Fair price for what you get with NK. Budget airline but reasonable comfort.
1315,2024-03-15,WN,14771,12478,Flight WN from San Francisco to New York on 2024-03-15 was delayed by 59 minutes. Missed my connecting flight. Very disappointing.
1316,2025-02-10,AA,14771,14869,Flight AA from San Francisco to Salt Lake City on 2025-02-10 was delayed by 179 minutes. Missed my connecting flight. Very disappointing.
1317,2025-01-18,AS,11193,12266,Bags arrived intact and on-time with AS. No issues at all with baggage handling.
1318,2024-01-18,AA,13303,10397,Ticket prices for AA to Atlanta are way too high for basic economy with no baggage allowance.
1319,2024-05-13,WN,13930,15016,"Got a fantastic deal on WN! Smooth booking, comfortable seat, great value for money."
1320,2024-11-04,AA,14771,12892,"AA charges extra for everything. Seat selection, baggage, drinks — the base fare is misleading."
1321,2025-09-16,AS,14107,13204,"AS charges extra for everything. Seat selection, baggage, drinks — the base fare is misleading."
1322,2024-06-07,UA,11298,12266,UA delivered exactly what I expected — a reliable flight from Dallas to Houston.
1323,2025-09-07,NK,13930,15016,On-time departure and early arrival in St. Louis with NK. Smooth flight with no issues.
1324,2024-07-20,B6,11193,12892,Poor inflight service on B6. Staff ignored cabin requests and the cabin was dirty.
1325,2025-07-10,WN,11298,13303,Ticket prices for WN to Nashville are way too high for basic economy with no baggage allowance.
1326,2025-01-01,WN,14057,13303,The WN boarding process was chaotic and disorganized. Staff were unhelpful when asked for assistance.
1327,2025-02-01,NK,12478,13204,Bags arrived intact and on-time with NK. No issues at all with baggage handling.
1328,2024-07-06,AA,11298,13303,Poor inflight service on AA. Staff ignored cabin requests and the cabin was dirty.
1329,2025-05-28,AS,15016,12478,Landed in New York with AS but my checked luggage was lost. Took 2 days to recover my bags.
1330,2025-02-02,NK,11193,13303,Poor inflight service on NK. Staff ignored cabin requests and the cabin was dirty.
1331,2025-01-02,AA,12266,10397,Minor 36-minute delay on AA but staff kept us informed throughout. Not ideal but acceptable.
1332,2025-05-26,AA,12478,15016,Lost baggage claim with AA was incredibly slow. Waited 90 minutes at carousel before reporting the loss.
1333,2024-01-02,NK,14057,15016,NK crew went above and beyond during my flight. Exceptional hospitality from start to finish.
1334,2025-10-06,NK,13303,11298,Fair price for what you get with NK. Budget airline but reasonable comfort.
1335,2025-08-15,WN,13930,11298,On-time departure and early arrival in Dallas with WN. Smooth flight with no issues.
1336,2025-06-12,UA,14869,14107,Lost baggage claim with UA was incredibly slow. Waited 90 minutes at carousel before reporting the loss.
1337,2025-06-17,AA,13303,13930,Average service on AA. Nothing special but nothing terrible either.
1338,2025-05-05,UA,14771,14057,Decent flight with UA. Clean aircraft and punctual landing.
1339,2025-02-28,B6,12266,14869,Bags arrived intact and on-time with B6. No issues at all with baggage handling.
1340,2024-06-07,NK,11433,12892,Fair price for what you get with NK. Budget airline but reasonable comfort.
1341,2024-04-11,DL,12266,13930,Landed in Chicago with DL but my checked luggage was lost. Took 2 days to recover my bags.
1342,2025-01-30,WN,12478,11193,"Nothing exceptional about WN but a solid, reliable flight overall."
1343,2025-03-19,F9,13204,12266,"Nothing exceptional about F9 but a solid, reliable flight overall."
1344,2024-03-11,NK,11298,14771,On-time departure and early arrival in San Francisco with NK. Smooth flight with no issues.
1345,2024-12-18,WN,13204,11193,Lost baggage claim with WN was incredibly slow. Waited 90 minutes at carousel before reporting the loss.
1346,2024-10-27,AA,14771,12478,Average service on AA. Nothing special but nothing terrible either.
1347,2024-08-04,UA,14869,13930,UA flight delayed again — 82 minutes this time. Third delay this month. Completely unreliable.
1348,2024-08-04,AA,11193,15016,"Nothing exceptional about AA but a solid, reliable flight overall."
1349,2025-07-02,WN,10397,14057,Flight WN from Atlanta to Portland on 2025-07-02 was delayed by 138 minutes. Missed my connecting flight. Very disappointing.
1350,2025-07-13,WN,11193,13930,Average service on WN. Nothing special but nothing terrible either.
1351,2025-03-08,DL,11193,11298,DL delivered exactly what I expected — a reliable flight from Cincinnati to Dallas.
1352,2024-04-07,NK,12478,14869,"Got a fantastic deal on NK! Smooth booking, comfortable seat, great value for money."
1353,2025-04-11,NK,14057,14869,NK crew went above and beyond during my flight. Exceptional hospitality from start to finish.
1354,2024-01-16,WN,11193,13930,Landed in Chicago with WN but my checked luggage was lost. Took 2 days to recover my bags.
1355,2024-11-12,DL,13204,10397,Bags arrived intact and on-time with DL. No issues at all with baggage handling.
1356,2025-06-18,F9,14869,12266,Flight attendants on F9 were super friendly and helpful on the trip to Houston. Great experience!
1357,2025-08-30,B6,13930,14107,Bags arrived intact and on-time with B6. No issues at all with baggage handling.
1358,2025-08-20,UA,15016,11298,Careless handling on UA — my suitcase arrived damaged with a broken wheel.
1359,2024-04-13,UA,13303,14869,Careless handling on UA — my suitcase arrived damaged with a broken wheel.
1360,2025-04-02,AA,10397,12478,Flight AA from Atlanta to New York on 2025-04-02 was delayed by 146 minutes. Missed my connecting flight. Very disappointing.
1361,2025-04-21,F9,11193,11298,Poor inflight service on F9. Staff ignored cabin requests and the cabin was dirty.
1362,2025-02-02,DL,14771,12478,Bags arrived intact and on-time with DL. No issues at all with baggage handling.
1363,2024-11-28,UA,10397,12266,Average service on UA. Nothing special but nothing terrible either.
1364,2024-05-14,NK,11433,13930,Careless handling on NK — my suitcase arrived damaged with a broken wheel.
1365,2024-06-13,UA,13303,15016,"Nothing exceptional about UA but a solid, reliable flight overall."
1366,2025-09-23,AS,11298,11433,On-time departure and early arrival in Detroit with AS. Smooth flight with no issues.
1367,2024-08-05,WN,14057,14771,Significant departure delay on WN. Spent 63 minutes stuck at the gate with no updates from staff.
1368,2024-11-22,NK,13303,13930,Ticket prices for NK to Chicago are way too high for basic economy with no baggage allowance.
1369,2025-06-05,WN,12892,14771,Landed in San Francisco with WN but my checked luggage was lost. Took 2 days to recover my bags.
1370,2025-05-25,B6,12266,13204,Minor 31-minute delay on B6 but staff kept us informed throughout. Not ideal but acceptable.
1371,2024-05-31,DL,12266,14107,Poor inflight service on DL. Staff ignored cabin requests and the cabin was dirty.
1372,2024-08-23,NK,13303,14057,NK flight delayed again — 134 minutes this time. Third delay this month. Completely unreliable.
1373,2024-05-06,AA,14057,11193,Average service on AA. Nothing special but nothing terrible either.
1374,2024-11-11,UA,11193,15016,Ticket prices for UA to St. Louis are way too high for basic economy with no baggage allowance.
1375,2024-11-09,AS,14057,11433,Fair price for what you get with AS. Budget airline but reasonable comfort.
1376,2024-01-18,DL,12478,15016,"Got a fantastic deal on DL! Smooth booking, comfortable seat, great value for money."
1377,2024-05-04,DL,14057,14869,Minor 46-minute delay on DL but staff kept us informed throughout. Not ideal but acceptable.
1378,2025-10-19,NK,13303,15016,Bags arrived intact and on-time with NK. No issues at all with baggage handling.
1379,2025-09-24,NK,12892,13930,Flight NK from Los Angeles to Chicago on 2025-09-24 was delayed by 61 minutes. Missed my connecting flight. Very disappointing.
1380,2024-05-20,B6,13204,14057,Fair price for what you get with B6. Budget airline but reasonable comfort.
1381,2025-10-21,F9,13204,15016,Decent flight with F9. Clean aircraft and punctual landing.
1382,2025-08-23,DL,14057,14771,Poor inflight service on DL. Staff ignored cabin requests and the cabin was dirty.
1383,2024-08-23,WN,12478,14057,Minor 122-minute delay on WN but staff kept us informed throughout. Not ideal but acceptable.
1384,2024-01-04,AS,14107,13204,Flight attendants on AS were super friendly and helpful on the trip to Orlando. Great experience!
1385,2024-01-23,DL,11193,13303,Flight DL from Cincinnati to Nashville on 2024-01-23 was delayed by 97 minutes. Missed my connecting flight. Very disappointing.
1386,2025-07-04,UA,13303,11193,Poor inflight service on UA. Staff ignored cabin requests and the cabin was dirty.
1387,2025-11-26,NK,13303,14869,"Got a fantastic deal on NK! Smooth booking, comfortable seat, great value for money."
1388,2025-09-19,DL,13303,13930,Minor 173-minute delay on DL but staff kept us informed throughout. Not ideal but acceptable.
1389,2024-09-22,WN,13204,12478,Fair price for what you get with WN. Budget airline but reasonable comfort.
1390,2024-08-20,F9,14869,13930,F9 delivered exactly what I expected — a reliable flight from Salt Lake City to Chicago.
1391,2025-09-25,AA,13204,14057,Comfortable seats and good legroom on AA. Would fly again.
1392,2024-07-21,F9,13930,12478,Average service on F9. Nothing special but nothing terrible either.
1393,2024-04-15,F9,13303,12478,Lost baggage claim with F9 was incredibly slow. Waited 90 minutes at carousel before reporting the loss.
1394,2025-04-13,DL,11193,15016,Decent flight with DL. Clean aircraft and punctual landing.
1395,2025-07-04,AS,14771,13930,"AS charges extra for everything. Seat selection, baggage, drinks — the base fare is misleading."
1396,2024-04-23,NK,10397,12266,On-time departure and early arrival in Houston with NK. Smooth flight with no issues.
1397,2025-09-28,NK,12266,15016,Landed in St. Louis with NK but my checked luggage was lost. Took 2 days to recover my bags.
1398,2024-09-09,UA,14057,15016,Lost baggage claim with UA was incredibly slow. Waited 90 minutes at carousel before reporting the loss.
1399,2025-05-13,AS,13930,10397,Comfortable seats and good legroom on AS. Would fly again.
1400,2025-11-22,AA,14869,12892,Lost baggage claim with AA was incredibly slow. Waited 90 minutes at carousel before reporting the loss.
1401,2024-05-15,AA,14869,15016,Significant departure delay on AA. Spent 63 minutes stuck at the gate with no updates from staff.
1402,2024-01-20,B6,14107,11193,B6 crew went above and beyond during my flight. Exceptional hospitality from start to finish.
1403,2025-11-30,NK,11193,14057,Careless handling on NK — my suitcase arrived damaged with a broken wheel.
1404,2025-09-08,F9,10397,12266,Lost baggage claim with F9 was incredibly slow. Waited 90 minutes at carousel before reporting the loss.
1405,2025-10-09,AA,14771,11298,Bags arrived intact and on-time with AA. No issues at all with baggage handling.
1406,2025-03-17,AA,12266,10397,Average service on AA. Nothing special but nothing terrible either.
1407,2025-09-09,AA,14771,14107,Flight AA from San Francisco to Phoenix on 2025-09-09 was delayed by 127 minutes. Missed my connecting flight. Very disappointing.
1408,2025-07-15,NK,11298,11193,"Got a fantastic deal on NK! Smooth booking, comfortable seat, great value for money."
1409,2025-09-11,NK,13204,11298,Significant departure delay on NK. Spent 42 minutes stuck at the gate with no updates from staff.
1410,2025-10-17,AS,12892,11193,"AS charges extra for everything. Seat selection, baggage, drinks — the base fare is misleading."
1411,2024-04-27,F9,12266,12478,Flight attendants on F9 were super friendly and helpful on the trip to New York. Great experience!
1412,2024-05-25,NK,14869,11193,Lost baggage claim with NK was incredibly slow. Waited 90 minutes at carousel before reporting the loss.
1413,2024-10-11,UA,10397,13930,Comfortable seats and good legroom on UA. Would fly again.
1414,2025-01-20,NK,14057,11298,Average service on NK. Nothing special but nothing terrible either.
1415,2025-03-02,B6,11193,11298,Ticket prices for B6 to Dallas are way too high for basic economy with no baggage allowance.
1416,2024-02-26,UA,13303,14771,Flight attendants on UA were super friendly and helpful on the trip to San Francisco. Great experience!
1417,2024-12-25,DL,14057,12892,Flight DL from Portland to Los Angeles on 2024-12-25 was delayed by 104 minutes. Missed my connecting flight. Very disappointing.
1418,2025-10-31,F9,15016,13930,Flight F9 from St. Louis to Chicago on 2025-10-31 was delayed by 79 minutes. Missed my connecting flight. Very disappointing.
1419,2025-04-13,WN,12478,13303,Comfortable seats and good legroom on WN. Would fly again.
1420,2024-07-01,F9,11433,13303,F9 flight delayed again — 171 minutes this time. Third delay this month. Completely unreliable.
1421,2025-03-15,NK,13204,12478,Significant departure delay on NK. Spent 100 minutes stuck at the gate with no updates from staff.
1422,2025-04-25,UA,10397,11433,Fair price for what you get with UA. Budget airline but reasonable comfort.
1423,2025-06-06,B6,11193,13930,Comfortable seats and good legroom on B6. Would fly again.
1424,2024-04-01,AS,15016,14869,Ticket prices for AS to Salt Lake City are way too high for basic economy with no baggage allowance.
1425,2025-01-29,AS,13204,13303,Decent flight with AS. Clean aircraft and punctual landing.
1426,2025-01-30,B6,14057,13930,Careless handling on B6 — my suitcase arrived damaged with a broken wheel.
1427,2025-10-04,WN,12478,11193,"WN charges extra for everything. Seat selection, baggage, drinks — the base fare is misleading."
1428,2024-11-28,DL,14869,11433,DL flight delayed again — 84 minutes this time. Third delay this month. Completely unreliable.
1429,2024-10-01,WN,14869,12266,Minor 170-minute delay on WN but staff kept us informed throughout. Not ideal but acceptable.
1430,2024-03-01,DL,14869,12266,Careless handling on DL — my suitcase arrived damaged with a broken wheel.
1431,2025-04-17,B6,13204,13303,"B6 charges extra for everything. Seat selection, baggage, drinks — the base fare is misleading."
1432,2025-09-26,AS,13204,12266,Landed in Houston with AS but my checked luggage was lost. Took 2 days to recover my bags.
1433,2025-01-05,WN,12478,14107,Average service on WN. Nothing special but nothing terrible either.
1434,2025-05-07,NK,12266,12892,NK crew went above and beyond during my flight. Exceptional hospitality from start to finish.
1435,2025-10-30,AS,14057,14869,Flight attendants on AS were super friendly and helpful on the trip to Salt Lake City. Great experience!
1436,2025-11-17,F9,12266,14057,Ticket prices for F9 to Portland are way too high for basic economy with no baggage allowance.
1437,2024-12-10,DL,11298,13303,DL flight delayed again — 39 minutes this time. Third delay this month. Completely unreliable.
1438,2024-10-22,DL,13303,12266,Careless handling on DL — my suitcase arrived damaged with a broken wheel.
1439,2024-12-22,UA,14107,11193,Lost baggage claim with UA was incredibly slow. Waited 90 minutes at carousel before reporting the loss.
1440,2025-11-19,DL,11298,13303,"Got a fantastic deal on DL! Smooth booking, comfortable seat, great value for money."
1441,2024-09-18,NK,14057,11298,Average service on NK. Nothing special but nothing terrible either.
1442,2025-09-16,DL,12478,14057,Fair price for what you get with DL. Budget airline but reasonable comfort.
1443,2025-04-14,UA,14771,12478,Poor inflight service on UA. Staff ignored cabin requests and the cabin was dirty.
1444,2025-01-10,WN,12266,11298,Landed in Dallas with WN but my checked luggage was lost. Took 2 days to recover my bags.
1445,2024-08-19,NK,14057,11193,Fair price for what you get with NK. Budget airline but reasonable comfort.
1446,2025-02-12,F9,14869,12478,F9 flight delayed again — 151 minutes this time. Third delay this month. Completely unreliable.
1447,2024-02-09,UA,11433,12892,UA delivered exactly what I expected — a reliable flight from Detroit to Los Angeles.
1448,2024-07-09,AS,14057,12892,On-time departure and early arrival in Los Angeles with AS. Smooth flight with no issues.
1449,2024-03-04,F9,13204,14771,"F9 charges extra for everything. Seat selection, baggage, drinks — the base fare is misleading."
1450,2024-05-10,F9,14869,11433,Flight F9 from Salt Lake City to Detroit on 2024-05-10 was delayed by 47 minutes. Missed my connecting flight. Very disappointing.
1451,2025-03-22,F9,11193,15016,Landed in St. Louis with F9 but my checked luggage was lost. Took 2 days to recover my bags.
1452,2024-04-21,F9,11193,13204,Poor inflight service on F9. Staff ignored cabin requests and the cabin was dirty.
1453,2024-03-26,NK,14771,12266,NK flight delayed again — 70 minutes this time. Third delay this month. Completely unreliable.
1454,2025-08-21,F9,12266,14869,Lost baggage claim with F9 was incredibly slow. Waited 90 minutes at carousel before reporting the loss.
1455,2025-09-15,NK,11298,14107,NK delivered exactly what I expected — a reliable flight from Dallas to Phoenix.
1456,2024-03-25,DL,12266,15016,Decent flight with DL. Clean aircraft and punctual landing.
1457,2025-03-01,WN,13204,13303,Lost baggage claim with WN was incredibly slow. Waited 90 minutes at carousel before reporting the loss.
1458,2025-03-05,AA,13303,11298,The AA boarding process was chaotic and disorganized. Staff were unhelpful when asked for assistance.
1459,2024-09-29,WN,12266,14057,Average service on WN. Nothing special but nothing terrible either.
1460,2025-11-01,B6,11193,13930,Flight B6 from Cincinnati to Chicago on 2025-11-01 was delayed by 102 minutes. Missed my connecting flight. Very disappointing.
1461,2024-06-19,AA,14771,12892,AA crew went above and beyond during my flight. Exceptional hospitality from start to finish.
1462,2025-11-04,B6,14107,15016,"Nothing exceptional about B6 but a solid, reliable flight overall."
1463,2024-11-12,AS,14869,13204,Bags arrived intact and on-time with AS. No issues at all with baggage handling.
1464,2025-10-25,WN,12478,10397,"WN charges extra for everything. Seat selection, baggage, drinks — the base fare is misleading."
1465,2024-09-27,NK,12892,11193,Lost baggage claim with NK was incredibly slow. Waited 90 minutes at carousel before reporting the loss.
1466,2025-01-13,F9,10397,11298,Minor 110-minute delay on F9 but staff kept us informed throughout. Not ideal but acceptable.
1467,2024-01-17,F9,12478,14771,Significant departure delay on F9. Spent 132 minutes stuck at the gate with no updates from staff.
1468,2024-08-12,WN,10397,14107,Landed in Phoenix with WN but my checked luggage was lost. Took 2 days to recover my bags.
1469,2024-01-10,AA,14869,11298,Bags arrived intact and on-time with AA. No issues at all with baggage handling.
1470,2024-10-03,AA,13303,12478,Landed in New York with AA but my checked luggage was lost. Took 2 days to recover my bags.
1471,2024-02-25,B6,14057,13930,"Nothing exceptional about B6 but a solid, reliable flight overall."
1472,2024-07-12,AS,14107,14869,"Nothing exceptional about AS but a solid, reliable flight overall."
1473,2024-02-19,WN,12266,14107,Decent flight with WN. Clean aircraft and punctual landing.
1474,2025-11-08,WN,14869,11193,Careless handling on WN — my suitcase arrived damaged with a broken wheel.
1475,2024-01-10,F9,11193,11298,Comfortable seats and good legroom on F9. Would fly again.
1476,2024-06-15,UA,14107,13303,Landed in Nashville with UA but my checked luggage was lost. Took 2 days to recover my bags.
1477,2025-10-22,UA,11433,14869,Landed in Salt Lake City with UA but my checked luggage was lost. Took 2 days to recover my bags.
1478,2024-09-27,F9,14869,15016,Ticket prices for F9 to St. Louis are way too high for basic economy with no baggage allowance.
1479,2024-11-03,DL,12892,12478,Minor 122-minute delay on DL but staff kept us informed throughout. Not ideal but acceptable.
1480,2025-07-27,UA,10397,11193,"Nothing exceptional about UA but a solid, reliable flight overall."
1481,2024-12-15,B6,12478,14107,Careless handling on B6 — my suitcase arrived damaged with a broken wheel.
1482,2024-07-31,WN,14869,15016,Flight attendants on WN were super friendly and helpful on the trip to St. Louis. Great experience!
1483,2025-03-19,WN,14107,14771,Poor inflight service on WN. Staff ignored cabin requests and the cabin was dirty.
1484,2025-06-21,AS,14107,14057,Minor 111-minute delay on AS but staff kept us informed throughout. Not ideal but acceptable.
1485,2025-08-29,B6,12478,14771,Fair price for what you get with B6. Budget airline but reasonable comfort.
1486,2025-04-07,AS,13303,14771,Comfortable seats and good legroom on AS. Would fly again.
1487,2025-02-04,B6,12892,11193,The B6 boarding process was chaotic and disorganized. Staff were unhelpful when asked for assistance.
1488,2025-12-01,DL,14057,13303,Average service on DL. Nothing special but nothing terrible either.
1489,2024-09-07,NK,13204,14771,Minor 96-minute delay on NK but staff kept us informed throughout. Not ideal but acceptable.
1490,2024-10-02,UA,15016,14869,Bags arrived intact and on-time with UA. No issues at all with baggage handling.
1491,2025-04-16,AA,14107,14869,Comfortable seats and good legroom on AA. Would fly again.
1492,2025-07-01,UA,12266,14057,Flight UA from Houston to Portland on 2025-07-01 was delayed by 97 minutes. Missed my connecting flight. Very disappointing.
1493,2024-12-17,NK,14771,13303,Ticket prices for NK to Nashville are way too high for basic economy with no baggage allowance.
1494,2025-01-22,B6,11193,14107,"B6 charges extra for everything. Seat selection, baggage, drinks — the base fare is misleading."
1495,2025-03-05,WN,14107,13930,Landed in Chicago with WN but my checked luggage was lost. Took 2 days to recover my bags.
1496,2024-07-15,NK,14771,12892,NK delivered exactly what I expected — a reliable flight from San Francisco to Los Angeles.
1497,2025-09-16,WN,15016,14057,Minor 167-minute delay on WN but staff kept us informed throughout. Not ideal but acceptable.
1498,2024-02-20,WN,12478,13303,Landed in Nashville with WN but my checked luggage was lost. Took 2 days to recover my bags.
1499,2024-02-21,UA,13930,11298,"Got a fantastic deal on UA! Smooth booking, comfortable seat, great value for money."
1500,2025-10-10,UA,14107,11433,"UA charges extra for everything. Seat selection, baggage, drinks — the base fare is misleading."
1501,2024-08-29,B6,11433,12892,Significant departure delay on B6. Spent 155 minutes stuck at the gate with no updates from staff.
1502,2024-03-09,UA,12266,11298,"Nothing exceptional about UA but a solid, reliable flight overall."
1503,2024-09-02,DL,11433,13303,On-time departure and early arrival in Nashville with DL. Smooth flight with no issues.
1504,2024-02-20,AS,15016,12892,Decent flight with AS. Clean aircraft and punctual landing.
1505,2024-06-23,WN,11433,10397,The WN boarding process was chaotic and disorganized. Staff were unhelpful when asked for assistance.
1506,2025-08-12,WN,14771,13204,The WN boarding process was chaotic and disorganized. Staff were unhelpful when asked for assistance.
1507,2024-11-25,NK,14057,15016,Minor 148-minute delay on NK but staff kept us informed throughout. Not ideal but acceptable.
1508,2025-08-05,B6,13303,13204,Flight B6 from Nashville to Orlando on 2025-08-05 was delayed by 155 minutes. Missed my connecting flight. Very disappointing.
1509,2024-07-29,WN,14057,13303,Decent flight with WN. Clean aircraft and punctual landing.
1510,2024-05-17,DL,12266,11298,Decent flight with DL. Clean aircraft and punctual landing.
1511,2025-02-12,F9,12266,13204,The F9 boarding process was chaotic and disorganized. Staff were unhelpful when asked for assistance.
1512,2025-05-30,F9,10397,13204,"F9 charges extra for everything. Seat selection, baggage, drinks — the base fare is misleading."
1513,2025-07-25,AA,13930,14771,AA delivered exactly what I expected — a reliable flight from Chicago to San Francisco.
1514,2024-10-20,AS,10397,15016,Flight attendants on AS were super friendly and helpful on the trip to St. Louis. Great experience!
1515,2025-07-23,DL,14771,14107,On-time departure and early arrival in Phoenix with DL. Smooth flight with no issues.
1516,2025-01-05,B6,10397,15016,On-time departure and early arrival in St. Louis with B6. Smooth flight with no issues.
1517,2025-10-02,F9,13930,14869,Minor 66-minute delay on F9 but staff kept us informed throughout. Not ideal but acceptable.
1518,2024-11-27,B6,14107,11433,Landed in Detroit with B6 but my checked luggage was lost. Took 2 days to recover my bags.
1519,2025-11-01,F9,13303,14107,Flight F9 from Nashville to Phoenix on 2025-11-01 was delayed by 79 minutes. Missed my connecting flight. Very disappointing.
1520,2025-09-12,F9,14771,12478,Careless handling on F9 — my suitcase arrived damaged with a broken wheel.
1521,2025-04-10,F9,14107,13930,Bags arrived intact and on-time with F9. No issues at all with baggage handling.
1522,2024-07-03,WN,11298,14869,"Nothing exceptional about WN but a solid, reliable flight overall."
1523,2025-11-24,AA,10397,14107,Significant departure delay on AA. Spent 127 minutes stuck at the gate with no updates from staff.
1524,2025-10-27,WN,12478,12892,Lost baggage claim with WN was incredibly slow. Waited 90 minutes at carousel before reporting the loss.
1525,2025-03-02,AA,11193,10397,AA flight delayed again — 40 minutes this time. Third delay this month. Completely unreliable.
1526,2025-06-17,AA,12892,13930,Comfortable seats and good legroom on AA. Would fly again.
1527,2025-01-23,F9,14107,13930,"Nothing exceptional about F9 but a solid, reliable flight overall."
1528,2024-08-05,B6,11193,11298,Flight attendants on B6 were super friendly and helpful on the trip to Dallas. Great experience!
1529,2025-02-01,F9,14057,14107,Flight attendants on F9 were super friendly and helpful on the trip to Phoenix. Great experience!
1530,2025-07-12,AA,12892,14869,Significant departure delay on AA. Spent 83 minutes stuck at the gate with no updates from staff.
1531,2025-04-13,NK,14107,12266,NK crew went above and beyond during my flight. Exceptional hospitality from start to finish.
1532,2025-02-07,UA,11193,11298,On-time departure and early arrival in Dallas with UA. Smooth flight with no issues.
1533,2025-03-06,AS,13930,14057,Bags arrived intact and on-time with AS. No issues at all with baggage handling.
1534,2024-10-26,WN,14057,11298,Flight WN from Portland to Dallas on 2024-10-26 was delayed by 101 minutes. Missed my connecting flight. Very disappointing.
1535,2025-07-07,UA,10397,14869,"Got a fantastic deal on UA! Smooth booking, comfortable seat, great value for money."
1536,2024-01-15,NK,12266,11193,NK crew went above and beyond during my flight. Exceptional hospitality from start to finish.
1537,2025-11-20,DL,13303,11193,DL crew went above and beyond during my flight. Exceptional hospitality from start to finish.
1538,2025-05-27,B6,12266,13204,Fair price for what you get with B6. Budget airline but reasonable comfort.
1539,2024-05-23,NK,11193,13303,Ticket prices for NK to Nashville are way too high for basic economy with no baggage allowance.
1540,2024-03-28,AA,13303,12266,On-time departure and early arrival in Houston with AA. Smooth flight with no issues.
1541,2024-04-14,B6,13303,11298,Lost baggage claim with B6 was incredibly slow. Waited 90 minutes at carousel before reporting the loss.
1542,2024-12-02,F9,12478,11433,Decent flight with F9. Clean aircraft and punctual landing.
1543,2025-08-18,WN,14869,13303,Flight attendants on WN were super friendly and helpful on the trip to Nashville. Great experience!
1544,2025-03-12,AA,13303,13930,Ticket prices for AA to Chicago are way too high for basic economy with no baggage allowance.
1545,2024-03-12,F9,12892,14771,"Nothing exceptional about F9 but a solid, reliable flight overall."
1546,2025-04-23,F9,11298,13204,Minor 59-minute delay on F9 but staff kept us informed throughout. Not ideal but acceptable.
1547,2024-12-15,F9,15016,14771,Significant departure delay on F9. Spent 56 minutes stuck at the gate with no updates from staff.
1548,2024-04-26,WN,12478,14771,Landed in San Francisco with WN but my checked luggage was lost. Took 2 days to recover my bags.
1549,2024-02-09,F9,13930,13303,Flight F9 from Chicago to Nashville on 2024-02-09 was delayed by 132 minutes. Missed my connecting flight. Very disappointing.
1550,2024-10-18,B6,13204,12478,Bags arrived intact and on-time with B6. No issues at all with baggage handling.
1551,2024-10-15,NK,10397,11298,"Nothing exceptional about NK but a solid, reliable flight overall."
1552,2025-10-17,F9,12478,11193,"F9 charges extra for everything. Seat selection, baggage, drinks — the base fare is misleading."
1553,2025-07-24,NK,14107,12266,Poor inflight service on NK. Staff ignored cabin requests and the cabin was dirty.
1554,2024-01-04,DL,12266,10397,Ticket prices for DL to Atlanta are way too high for basic economy with no baggage allowance.
1555,2025-01-06,WN,13303,14057,Landed in Portland with WN but my checked luggage was lost. Took 2 days to recover my bags.
1556,2024-07-29,B6,12266,10397,Poor inflight service on B6. Staff ignored cabin requests and the cabin was dirty.
1557,2025-11-12,UA,12892,10397,Minor 68-minute delay on UA but staff kept us informed throughout. Not ideal but acceptable.
1558,2024-08-29,UA,10397,14107,Significant departure delay on UA. Spent 169 minutes stuck at the gate with no updates from staff.
1559,2025-01-04,AA,15016,13303,AA flight delayed again — 141 minutes this time. Third delay this month. Completely unreliable.
1560,2025-09-13,WN,13930,15016,"WN charges extra for everything. Seat selection, baggage, drinks — the base fare is misleading."
1561,2024-07-13,AA,12892,14869,Comfortable seats and good legroom on AA. Would fly again.
1562,2024-10-07,AA,11193,13303,AA crew went above and beyond during my flight. Exceptional hospitality from start to finish.
1563,2024-11-02,DL,11298,10397,Flight DL from Dallas to Atlanta on 2024-11-02 was delayed by 110 minutes. Missed my connecting flight. Very disappointing.
1564,2024-07-10,DL,12892,11193,Minor 112-minute delay on DL but staff kept us informed throughout. Not ideal but acceptable.
1565,2025-07-30,DL,12478,14107,Fair price for what you get with DL. Budget airline but reasonable comfort.
1566,2024-08-29,UA,11193,14869,Bags arrived intact and on-time with UA. No issues at all with baggage handling.
1567,2025-01-03,AS,14771,13303,Flight attendants on AS were super friendly and helpful on the trip to Nashville. Great experience!
1568,2024-10-22,B6,13303,15016,Average service on B6. Nothing special but nothing terrible either.
1569,2024-03-22,AA,14107,13204,AA flight delayed again — 79 minutes this time. Third delay this month. Completely unreliable.
1570,2025-09-30,UA,12478,13303,Fair price for what you get with UA. Budget airline but reasonable comfort.
1571,2024-11-30,UA,14771,11433,UA flight delayed again — 34 minutes this time. Third delay this month. Completely unreliable.
1572,2024-11-12,AS,11193,14107,Landed in Phoenix with AS but my checked luggage was lost. Took 2 days to recover my bags.
1573,2024-08-18,B6,11433,14869,Lost baggage claim with B6 was incredibly slow. Waited 90 minutes at carousel before reporting the loss.
1574,2024-08-07,F9,14107,11298,Poor inflight service on F9. Staff ignored cabin requests and the cabin was dirty.
1575,2024-02-20,B6,14869,14057,The B6 boarding process was chaotic and disorganized. Staff were unhelpful when asked for assistance.
1576,2024-12-11,NK,14869,14107,"Got a fantastic deal on NK! Smooth booking, comfortable seat, great value for money."
1577,2024-04-14,B6,14771,12478,"Nothing exceptional about B6 but a solid, reliable flight overall."
1578,2025-05-13,AA,15016,11193,The AA boarding process was chaotic and disorganized. Staff were unhelpful when asked for assistance.
1579,2024-04-22,DL,14107,13303,DL flight delayed again — 68 minutes this time. Third delay this month. Completely unreliable.
1580,2024-10-07,UA,12478,13303,Decent flight with UA. Clean aircraft and punctual landing.
1581,2025-02-02,F9,14057,15016,Comfortable seats and good legroom on F9. Would fly again.
1582,2024-03-31,AA,11433,13930,Careless handling on AA — my suitcase arrived damaged with a broken wheel.
1583,2024-07-01,AS,13930,10397,AS crew went above and beyond during my flight. Exceptional hospitality from start to finish.
1584,2024-12-28,AA,14771,12892,"Got a fantastic deal on AA! Smooth booking, comfortable seat, great value for money."
1585,2024-06-24,WN,11193,13930,Ticket prices for WN to Chicago are way too high for basic economy with no baggage allowance.
1586,2025-11-26,F9,14771,14107,Poor inflight service on F9. Staff ignored cabin requests and the cabin was dirty.
1587,2025-09-27,UA,13204,14869,Comfortable seats and good legroom on UA. Would fly again.
1588,2024-01-25,UA,14771,12478,"Nothing exceptional about UA but a solid, reliable flight overall."
1589,2024-01-31,DL,11298,13303,Minor 37-minute delay on DL but staff kept us informed throughout. Not ideal but acceptable.
1590,2024-04-22,AS,15016,11433,AS crew went above and beyond during my flight. Exceptional hospitality from start to finish.
1591,2024-12-30,B6,11193,14869,The B6 boarding process was chaotic and disorganized. Staff were unhelpful when asked for assistance.
1592,2024-06-18,NK,14057,11433,Decent flight with NK. Clean aircraft and punctual landing.
1593,2025-07-07,AS,13204,14057,Comfortable seats and good legroom on AS. Would fly again.
1594,2024-07-10,DL,11433,12478,Landed in New York with DL but my checked luggage was lost. Took 2 days to recover my bags.
1595,2024-09-27,AA,14107,13930,"Nothing exceptional about AA but a solid, reliable flight overall."
1596,2025-01-30,AA,11433,13930,AA delivered exactly what I expected — a reliable flight from Detroit to Chicago.
1597,2024-04-17,UA,14107,12266,"Got a fantastic deal on UA! Smooth booking, comfortable seat, great value for money."
1598,2025-04-02,DL,15016,13303,Flight DL from St. Louis to Nashville on 2025-04-02 was delayed by 154 minutes. Missed my connecting flight. Very disappointing.
1599,2025-09-01,AA,14869,12478,Careless handling on AA — my suitcase arrived damaged with a broken wheel.
1600,2024-11-16,WN,12478,12892,Comfortable seats and good legroom on WN. Would fly again.
1601,2024-06-13,B6,14107,13930,B6 delivered exactly what I expected — a reliable flight from Phoenix to Chicago.
1602,2025-02-08,UA,14869,14107,Flight attendants on UA were super friendly and helpful on the trip to Phoenix. Great experience!
1603,2024-11-09,UA,14771,14869,The UA boarding process was chaotic and disorganized. Staff were unhelpful when asked for assistance.
1604,2025-11-07,AA,13303,11193,Careless handling on AA — my suitcase arrived damaged with a broken wheel.
1605,2024-05-25,AA,13204,12892,The AA boarding process was chaotic and disorganized. Staff were unhelpful when asked for assistance.
1606,2024-01-16,UA,15016,13204,Lost baggage claim with UA was incredibly slow. Waited 90 minutes at carousel before reporting the loss.
1607,2025-09-22,NK,12478,15016,Flight NK from New York to St. Louis on 2025-09-22 was delayed by 113 minutes. Missed my connecting flight. Very disappointing.
1608,2025-10-29,AA,15016,14869,Decent flight with AA. Clean aircraft and punctual landing.
1609,2025-01-07,B6,14107,11433,Landed in Detroit with B6 but my checked luggage was lost. Took 2 days to recover my bags.
1610,2025-10-04,UA,11298,11193,Minor 47-minute delay on UA but staff kept us informed throughout. Not ideal but acceptable.
1611,2025-01-19,AS,14057,14771,"Nothing exceptional about AS but a solid, reliable flight overall."
1612,2025-07-26,F9,13204,14869,Bags arrived intact and on-time with F9. No issues at all with baggage handling.
1613,2025-11-03,B6,12892,11193,The B6 boarding process was chaotic and disorganized. Staff were unhelpful when asked for assistance.
1614,2025-08-04,NK,14771,14057,Comfortable seats and good legroom on NK. Would fly again.
1615,2024-12-03,WN,12892,12266,Ticket prices for WN to Houston are way too high for basic economy with no baggage allowance.
1616,2025-05-31,AA,10397,14869,Average service on AA. Nothing special but nothing terrible either.
1617,2024-06-30,DL,14771,13303,Average service on DL. Nothing special but nothing terrible either.
1618,2025-03-06,AA,12478,14107,Bags arrived intact and on-time with AA. No issues at all with baggage handling.
1619,2024-04-05,WN,11298,12478,"WN charges extra for everything. Seat selection, baggage, drinks — the base fare is misleading."
1620,2025-08-26,AS,14107,12892,The AS boarding process was chaotic and disorganized. Staff were unhelpful when asked for assistance.
1621,2024-08-09,UA,13930,14869,UA crew went above and beyond during my flight. Exceptional hospitality from start to finish.
1622,2025-04-15,WN,11298,13303,The WN boarding process was chaotic and disorganized. Staff were unhelpful when asked for assistance.
1623,2024-05-09,AA,14057,13303,"Got a fantastic deal on AA! Smooth booking, comfortable seat, great value for money."
1624,2025-03-25,UA,14107,13204,"Got a fantastic deal on UA! Smooth booking, comfortable seat, great value for money."
1625,2024-02-16,DL,14057,14107,Fair price for what you get with DL. Budget airline but reasonable comfort.
1626,2024-04-30,AA,14869,14057,Minor 175-minute delay on AA but staff kept us informed throughout. Not ideal but acceptable.
1627,2024-02-25,DL,14771,12892,Comfortable seats and good legroom on DL. Would fly again.
1628,2025-08-28,AA,14869,11298,Poor inflight service on AA. Staff ignored cabin requests and the cabin was dirty.
1629,2025-07-02,NK,13204,14771,Landed in San Francisco with NK but my checked luggage was lost. Took 2 days to recover my bags.
1630,2025-05-18,NK,12892,11193,The NK boarding process was chaotic and disorganized. Staff were unhelpful when asked for assistance.
1631,2024-05-19,NK,12478,11193,The NK boarding process was chaotic and disorganized. Staff were unhelpful when asked for assistance.
1632,2025-11-07,NK,11298,15016,On-time departure and early arrival in St. Louis with NK. Smooth flight with no issues.
1633,2025-09-03,DL,14057,14107,Average service on DL. Nothing special but nothing terrible either.
1634,2025-01-27,B6,14057,12478,Fair price for what you get with B6. Budget airline but reasonable comfort.
1635,2024-06-16,UA,14771,14869,The UA boarding process was chaotic and disorganized. Staff were unhelpful when asked for assistance.
1636,2025-10-16,UA,11298,13930,Lost baggage claim with UA was incredibly slow. Waited 90 minutes at carousel before reporting the loss.
1637,2024-03-22,AS,14771,10397,Comfortable seats and good legroom on AS. Would fly again.
1638,2025-07-10,NK,11298,15016,Bags arrived intact and on-time with NK. No issues at all with baggage handling.
1639,2024-04-25,NK,14869,11433,Lost baggage claim with NK was incredibly slow. Waited 90 minutes at carousel before reporting the loss.
1640,2025-01-18,F9,13204,11298,"F9 charges extra for everything. Seat selection, baggage, drinks — the base fare is misleading."
1641,2024-09-04,B6,14107,15016,"B6 charges extra for everything. Seat selection, baggage, drinks — the base fare is misleading."
1642,2024-05-28,AA,12478,15016,Ticket prices for AA to St. Louis are way too high for basic economy with no baggage allowance.
1643,2024-06-04,NK,13930,11193,Flight attendants on NK were super friendly and helpful on the trip to Cincinnati. Great experience!
1644,2025-07-27,NK,14057,12266,"Got a fantastic deal on NK! Smooth booking, comfortable seat, great value for money."
1645,2025-04-25,WN,12266,11193,WN flight delayed again — 129 minutes this time. Third delay this month. Completely unreliable.
1646,2024-01-24,AS,10397,12892,On-time departure and early arrival in Los Angeles with AS. Smooth flight with no issues.
1647,2025-03-19,DL,12266,12478,Flight DL from Houston to New York on 2025-03-19 was delayed by 100 minutes. Missed my connecting flight. Very disappointing.
1648,2025-01-05,AS,15016,14869,Flight attendants on AS were super friendly and helpful on the trip to Salt Lake City. Great experience!
1649,2025-03-25,UA,13303,12892,UA crew went above and beyond during my flight. Exceptional hospitality from start to finish.
1650,2024-09-15,UA,10397,11298,Significant departure delay on UA. Spent 67 minutes stuck at the gate with no updates from staff.
1651,2024-02-02,AS,13303,15016,Decent flight with AS. Clean aircraft and punctual landing.
1652,2025-10-10,B6,13204,13930,Ticket prices for B6 to Chicago are way too high for basic economy with no baggage allowance.
1653,2025-07-22,B6,11193,14771,Landed in San Francisco with B6 but my checked luggage was lost. Took 2 days to recover my bags.
1654,2024-08-06,DL,14057,10397,Comfortable seats and good legroom on DL. Would fly again.
1655,2025-03-15,B6,11298,14107,"Got a fantastic deal on B6! Smooth booking, comfortable seat, great value for money."
1656,2024-01-22,NK,15016,12892,NK flight delayed again — 175 minutes this time. Third delay this month. Completely unreliable.
1657,2025-05-28,AA,11298,12266,Fair price for what you get with AA. Budget airline but reasonable comfort.
1658,2025-05-20,AA,13303,12892,Fair price for what you get with AA. Budget airline but reasonable comfort.
1659,2025-01-22,F9,14771,11298,Poor inflight service on F9. Staff ignored cabin requests and the cabin was dirty.
1660,2024-11-19,B6,12892,13303,Average service on B6. Nothing special but nothing terrible either.
1661,2025-07-10,UA,12478,15016,Flight UA from New York to St. Louis on 2025-07-10 was delayed by 142 minutes. Missed my connecting flight. Very disappointing.
1662,2025-01-19,UA,12478,11193,Comfortable seats and good legroom on UA. Would fly again.
1663,2025-06-23,DL,14771,11433,Significant departure delay on DL. Spent 36 minutes stuck at the gate with no updates from staff.
1664,2024-02-18,AA,12892,11433,Average service on AA. Nothing special but nothing terrible either.
1665,2024-04-15,DL,12892,11433,Lost baggage claim with DL was incredibly slow. Waited 90 minutes at carousel before reporting the loss.
1666,2025-04-16,WN,13303,14107,Fair price for what you get with WN. Budget airline but reasonable comfort.
1667,2025-11-17,AS,13303,14771,Bags arrived intact and on-time with AS. No issues at all with baggage handling.
1668,2024-09-21,B6,11433,15016,"Got a fantastic deal on B6! Smooth booking, comfortable seat, great value for money."
1669,2024-10-02,F9,13930,12892,Ticket prices for F9 to Los Angeles are way too high for basic economy with no baggage allowance.
1670,2024-06-29,AA,14057,14869,AA crew went above and beyond during my flight. Exceptional hospitality from start to finish.
1671,2024-06-08,DL,13204,10397,Average service on DL. Nothing special but nothing terrible either.
1672,2024-04-15,AA,12478,14869,Bags arrived intact and on-time with AA. No issues at all with baggage handling.
1673,2025-11-07,AS,14107,14869,"Got a fantastic deal on AS! Smooth booking, comfortable seat, great value for money."
1674,2024-12-07,B6,11433,14869,The B6 boarding process was chaotic and disorganized. Staff were unhelpful when asked for assistance.
1675,2024-02-16,B6,14057,11433,Careless handling on B6 — my suitcase arrived damaged with a broken wheel.
1676,2024-10-06,UA,14057,12266,Landed in Houston with UA but my checked luggage was lost. Took 2 days to recover my bags.
1677,2025-09-17,AS,13930,13204,AS delivered exactly what I expected — a reliable flight from Chicago to Orlando.
1678,2025-08-20,AS,14107,14057,Lost baggage claim with AS was incredibly slow. Waited 90 minutes at carousel before reporting the loss.
1679,2024-08-29,AA,11433,14057,Flight attendants on AA were super friendly and helpful on the trip to Portland. Great experience!
1680,2025-11-27,UA,14057,11298,Landed in Dallas with UA but my checked luggage was lost. Took 2 days to recover my bags.
1681,2025-09-17,NK,11298,12478,"Got a fantastic deal on NK! Smooth booking, comfortable seat, great value for money."
1682,2024-09-08,UA,14057,11298,Flight attendants on UA were super friendly and helpful on the trip to Dallas. Great experience!
1683,2024-04-10,DL,10397,11298,DL crew went above and beyond during my flight. Exceptional hospitality from start to finish.
1684,2025-11-03,AS,14869,14771,Significant departure delay on AS. Spent 40 minutes stuck at the gate with no updates from staff.
1685,2025-01-29,WN,13930,10397,Average service on WN. Nothing special but nothing terrible either.
1686,2025-03-09,NK,11193,14107,Flight attendants on NK were super friendly and helpful on the trip to Phoenix. Great experience!
1687,2024-09-11,NK,13204,11193,Minor 81-minute delay on NK but staff kept us informed throughout. Not ideal but acceptable.
1688,2024-08-04,B6,13303,15016,Comfortable seats and good legroom on B6. Would fly again.
1689,2025-05-23,AS,13303,14869,"AS charges extra for everything. Seat selection, baggage, drinks — the base fare is misleading."
1690,2024-03-07,AS,11193,15016,Decent flight with AS. Clean aircraft and punctual landing.
1691,2025-06-05,AA,12478,14869,Poor inflight service on AA. Staff ignored cabin requests and the cabin was dirty.
1692,2025-11-01,DL,10397,11193,Landed in Cincinnati with DL but my checked luggage was lost. Took 2 days to recover my bags.
1693,2025-03-25,UA,15016,13303,Decent flight with UA. Clean aircraft and punctual landing.
1694,2025-01-01,WN,10397,14869,"Nothing exceptional about WN but a solid, reliable flight overall."
1695,2025-01-11,AA,13930,12266,"AA charges extra for everything. Seat selection, baggage, drinks — the base fare is misleading."
1696,2024-01-08,NK,14771,12892,Flight attendants on NK were super friendly and helpful on the trip to Los Angeles. Great experience!
1697,2024-10-31,WN,14107,11193,Fair price for what you get with WN. Budget airline but reasonable comfort.
1698,2024-03-16,AA,14107,15016,Fair price for what you get with AA. Budget airline but reasonable comfort.
1699,2024-01-23,F9,13204,11298,On-time departure and early arrival in Dallas with F9. Smooth flight with no issues.
1700,2025-03-29,WN,11298,13930,Poor inflight service on WN. Staff ignored cabin requests and the cabin was dirty.
1701,2024-11-05,UA,14771,14057,Decent flight with UA. Clean aircraft and punctual landing.
1702,2025-03-14,AA,12266,13930,Landed in Chicago with AA but my checked luggage was lost. Took 2 days to recover my bags.
1703,2024-11-10,UA,12892,14057,Lost baggage claim with UA was incredibly slow. Waited 90 minutes at carousel before reporting the loss.
1704,2024-03-09,WN,11193,12478,WN delivered exactly what I expected — a reliable flight from Cincinnati to New York.
1705,2024-06-06,AA,11298,14771,Poor inflight service on AA. Staff ignored cabin requests and the cabin was dirty.
1706,2024-04-20,UA,11298,14057,UA crew went above and beyond during my flight. Exceptional hospitality from start to finish.
1707,2024-05-07,NK,12892,12478,NK crew went above and beyond during my flight. Exceptional hospitality from start to finish.
1708,2024-12-20,AA,12266,10397,Minor 54-minute delay on AA but staff kept us informed throughout. Not ideal but acceptable.
1709,2024-10-21,DL,11433,13204,DL crew went above and beyond during my flight. Exceptional hospitality from start to finish.
1710,2024-03-06,UA,11433,14107,"Got a fantastic deal on UA! Smooth booking, comfortable seat, great value for money."
1711,2025-04-16,B6,10397,14869,"Got a fantastic deal on B6! Smooth booking, comfortable seat, great value for money."
1712,2025-01-12,DL,10397,14057,On-time departure and early arrival in Portland with DL. Smooth flight with no issues.
1713,2025-08-05,F9,14771,13204,On-time departure and early arrival in Orlando with F9. Smooth flight with no issues.
1714,2025-09-21,NK,13930,14869,"Got a fantastic deal on NK! Smooth booking, comfortable seat, great value for money."
1715,2024-04-08,AA,12478,13303,"AA charges extra for everything. Seat selection, baggage, drinks — the base fare is misleading."
1716,2025-08-17,NK,13204,11193,NK crew went above and beyond during my flight. Exceptional hospitality from start to finish.
1717,2024-10-04,DL,14771,13204,"Got a fantastic deal on DL! Smooth booking, comfortable seat, great value for money."
1718,2025-04-24,DL,14869,11433,The DL boarding process was chaotic and disorganized. Staff were unhelpful when asked for assistance.
1719,2024-03-28,NK,11433,15016,Ticket prices for NK to St. Louis are way too high for basic economy with no baggage allowance.
1720,2025-11-02,F9,11433,11193,"Nothing exceptional about F9 but a solid, reliable flight overall."
1721,2025-07-02,UA,13204,15016,Average service on UA. Nothing special but nothing terrible either.
1722,2024-05-01,NK,13303,12478,"Got a fantastic deal on NK! Smooth booking, comfortable seat, great value for money."
1723,2024-05-13,DL,10397,12266,Significant departure delay on DL. Spent 127 minutes stuck at the gate with no updates from staff.
1724,2024-06-04,AS,13930,11433,Bags arrived intact and on-time with AS. No issues at all with baggage handling.
1725,2024-06-09,NK,12266,13930,On-time departure and early arrival in Chicago with NK. Smooth flight with no issues.
1726,2024-02-12,WN,11298,13303,Decent flight with WN. Clean aircraft and punctual landing.
1727,2024-04-07,AS,11298,12478,Decent flight with AS. Clean aircraft and punctual landing.
1728,2025-08-04,DL,12478,14771,The DL boarding process was chaotic and disorganized. Staff were unhelpful when asked for assistance.
1729,2025-06-28,DL,14057,13303,DL delivered exactly what I expected — a reliable flight from Portland to Nashville.
1730,2024-03-13,DL,14107,12892,Poor inflight service on DL. Staff ignored cabin requests and the cabin was dirty.
1731,2025-03-05,NK,12892,13303,Fair price for what you get with NK. Budget airline but reasonable comfort.
1732,2024-07-30,DL,14771,13930,Decent flight with DL. Clean aircraft and punctual landing.
1733,2025-03-04,AS,14869,13204,Poor inflight service on AS. Staff ignored cabin requests and the cabin was dirty.
1734,2024-09-16,B6,12892,13930,Average service on B6. Nothing special but nothing terrible either.
1735,2024-12-16,AS,13930,14869,Average service on AS. Nothing special but nothing terrible either.
1736,2025-05-30,DL,13204,12892,DL crew went above and beyond during my flight. Exceptional hospitality from start to finish.
1737,2025-04-12,DL,12478,13303,"Nothing exceptional about DL but a solid, reliable flight overall."
1738,2024-01-26,AS,12266,11193,Comfortable seats and good legroom on AS. Would fly again.
1739,2024-12-02,F9,14869,14107,Landed in Phoenix with F9 but my checked luggage was lost. Took 2 days to recover my bags.
1740,2025-08-24,WN,12478,13204,Flight attendants on WN were super friendly and helpful on the trip to Orlando. Great experience!
1741,2024-01-20,AS,14869,11298,Flight attendants on AS were super friendly and helpful on the trip to Dallas. Great experience!
1742,2024-09-11,AS,10397,13204,On-time departure and early arrival in Orlando with AS. Smooth flight with no issues.
1743,2024-07-13,F9,12478,14107,The F9 boarding process was chaotic and disorganized. Staff were unhelpful when asked for assistance.
1744,2025-11-26,DL,12892,11433,Comfortable seats and good legroom on DL. Would fly again.
1745,2024-05-02,WN,12892,13930,WN flight delayed again — 53 minutes this time. Third delay this month. Completely unreliable.
1746,2024-01-02,WN,11433,15016,"WN charges extra for everything. Seat selection, baggage, drinks — the base fare is misleading."
1747,2025-05-24,F9,14057,11298,The F9 boarding process was chaotic and disorganized. Staff were unhelpful when asked for assistance.
1748,2025-10-20,B6,13930,12478,On-time departure and early arrival in New York with B6. Smooth flight with no issues.
1749,2024-02-14,UA,11433,10397,Poor inflight service on UA. Staff ignored cabin requests and the cabin was dirty.
1750,2024-10-28,DL,12478,14057,Comfortable seats and good legroom on DL. Would fly again.
1751,2024-09-03,UA,14869,12478,UA delivered exactly what I expected — a reliable flight from Salt Lake City to New York.
1752,2025-08-08,AA,14771,12892,AA flight delayed again — 166 minutes this time. Third delay this month. Completely unreliable.
1753,2025-05-21,WN,12892,11298,The WN boarding process was chaotic and disorganized. Staff were unhelpful when asked for assistance.
1754,2025-08-30,WN,11433,13204,Bags arrived intact and on-time with WN. No issues at all with baggage handling.
1755,2024-02-01,WN,13930,12478,Bags arrived intact and on-time with WN. No issues at all with baggage handling.
1756,2024-10-21,AA,11298,12478,AA crew went above and beyond during my flight. Exceptional hospitality from start to finish.
1757,2024-12-07,UA,11193,14057,The UA boarding process was chaotic and disorganized. Staff were unhelpful when asked for assistance.
1758,2025-09-17,DL,13303,10397,The DL boarding process was chaotic and disorganized. Staff were unhelpful when asked for assistance.
1759,2024-12-11,NK,11193,11298,NK crew went above and beyond during my flight. Exceptional hospitality from start to finish.
1760,2025-10-21,AS,12478,15016,Average service on AS. Nothing special but nothing terrible either.
1761,2024-04-10,WN,12478,11433,Careless handling on WN — my suitcase arrived damaged with a broken wheel.
1762,2024-02-11,NK,14869,12892,NK delivered exactly what I expected — a reliable flight from Salt Lake City to Los Angeles.
1763,2025-10-23,B6,13930,11298,"B6 charges extra for everything. Seat selection, baggage, drinks — the base fare is misleading."
1764,2024-05-18,AA,14057,13303,AA delivered exactly what I expected — a reliable flight from Portland to Nashville.
1765,2024-11-09,DL,11193,11298,DL flight delayed again — 31 minutes this time. Third delay this month. Completely unreliable.
1766,2025-11-18,DL,14869,11298,Fair price for what you get with DL. Budget airline but reasonable comfort.
1767,2024-12-15,B6,11193,13930,Flight B6 from Cincinnati to Chicago on 2024-12-15 was delayed by 85 minutes. Missed my connecting flight. Very disappointing.
1768,2024-11-27,F9,15016,14107,Average service on F9. Nothing special but nothing terrible either.
1769,2025-09-21,AS,13303,14057,Minor 42-minute delay on AS but staff kept us informed throughout. Not ideal but acceptable.
1770,2024-12-06,B6,13204,11433,Significant departure delay on B6. Spent 160 minutes stuck at the gate with no updates from staff.
1771,2024-04-08,AS,14107,12892,Decent flight with AS. Clean aircraft and punctual landing.
1772,2024-04-12,DL,13930,12478,DL flight delayed again — 165 minutes this time. Third delay this month. Completely unreliable.
1773,2025-09-30,DL,10397,12266,"DL charges extra for everything. Seat selection, baggage, drinks — the base fare is misleading."
1774,2024-05-06,AS,11193,10397,Lost baggage claim with AS was incredibly slow. Waited 90 minutes at carousel before reporting the loss.
1775,2024-05-14,B6,11298,12478,Careless handling on B6 — my suitcase arrived damaged with a broken wheel.
1776,2025-03-12,NK,13303,11193,On-time departure and early arrival in Cincinnati with NK. Smooth flight with no issues.
1777,2024-06-23,WN,11193,14771,WN crew went above and beyond during my flight. Exceptional hospitality from start to finish.
1778,2025-11-05,WN,11193,11433,"Nothing exceptional about WN but a solid, reliable flight overall."
1779,2025-08-31,WN,14057,12266,Flight attendants on WN were super friendly and helpful on the trip to Houston. Great experience!
1780,2024-08-02,B6,13204,12478,"Nothing exceptional about B6 but a solid, reliable flight overall."
1781,2024-12-13,AS,11298,13303,Lost baggage claim with AS was incredibly slow. Waited 90 minutes at carousel before reporting the loss.
1782,2024-06-22,DL,12478,13930,Minor 93-minute delay on DL but staff kept us informed throughout. Not ideal but acceptable.
1783,2025-03-27,WN,14107,13930,Landed in Chicago with WN but my checked luggage was lost. Took 2 days to recover my bags.
1784,2024-12-31,WN,11298,13204,Significant departure delay on WN. Spent 138 minutes stuck at the gate with no updates from staff.
1785,2025-08-12,F9,11193,12892,Fair price for what you get with F9. Budget airline but reasonable comfort.
1786,2025-02-04,NK,11433,15016,NK crew went above and beyond during my flight. Exceptional hospitality from start to finish.
1787,2025-05-16,B6,11193,13204,Bags arrived intact and on-time with B6. No issues at all with baggage handling.
1788,2024-08-02,UA,11298,14869,UA flight delayed again — 131 minutes this time. Third delay this month. Completely unreliable.
1789,2025-11-28,F9,14107,11433,On-time departure and early arrival in Detroit with F9. Smooth flight with no issues.
1790,2025-07-05,AA,13204,14771,Fair price for what you get with AA. Budget airline but reasonable comfort.
1791,2025-02-24,AA,14869,10397,Decent flight with AA. Clean aircraft and punctual landing.
1792,2025-07-05,AA,13204,11298,"Nothing exceptional about AA but a solid, reliable flight overall."
1793,2024-11-08,AS,13930,15016,Flight attendants on AS were super friendly and helpful on the trip to St. Louis. Great experience!
1794,2024-05-04,AS,11433,11298,AS delivered exactly what I expected — a reliable flight from Detroit to Dallas.
1795,2024-12-04,AS,13303,11433,The AS boarding process was chaotic and disorganized. Staff were unhelpful when asked for assistance.
1796,2025-04-16,NK,12892,14869,NK delivered exactly what I expected — a reliable flight from Los Angeles to Salt Lake City.
1797,2024-10-19,B6,14869,12478,Average service on B6. Nothing special but nothing terrible either.
1798,2024-05-26,DL,12266,14869,"Nothing exceptional about DL but a solid, reliable flight overall."
1799,2025-05-18,NK,15016,12892,Lost baggage claim with NK was incredibly slow. Waited 90 minutes at carousel before reporting the loss.
1800,2025-10-03,B6,14869,15016,The B6 boarding process was chaotic and disorganized. Staff were unhelpful when asked for assistance.
1801,2024-10-09,UA,14771,12478,Flight attendants on UA were super friendly and helpful on the trip to New York. Great experience!
1802,2024-08-01,WN,10397,13930,Average service on WN. Nothing special but nothing terrible either.
1803,2025-07-02,DL,14869,12478,"DL charges extra for everything. Seat selection, baggage, drinks — the base fare is misleading."
1804,2024-07-06,F9,14771,13303,Fair price for what you get with F9. Budget airline but reasonable comfort.
1805,2024-06-06,B6,13930,10397,B6 flight delayed again — 167 minutes this time. Third delay this month. Completely unreliable.
1806,2024-04-14,NK,14057,12478,NK crew went above and beyond during my flight. Exceptional hospitality from start to finish.
1807,2024-04-29,AA,13930,13204,Significant departure delay on AA. Spent 164 minutes stuck at the gate with no updates from staff.
1808,2025-08-19,WN,12892,13930,"Got a fantastic deal on WN! Smooth booking, comfortable seat, great value for money."
1809,2024-02-08,UA,15016,14057,Careless handling on UA — my suitcase arrived damaged with a broken wheel.
1810,2024-09-14,B6,13204,12266,Decent flight with B6. Clean aircraft and punctual landing.
1811,2025-09-30,F9,13930,10397,Flight F9 from Chicago to Atlanta on 2025-09-30 was delayed by 31 minutes. Missed my connecting flight. Very disappointing.
1812,2025-02-04,DL,14771,14057,Landed in Portland with DL but my checked luggage was lost. Took 2 days to recover my bags.
1813,2024-12-09,NK,12892,11433,The NK boarding process was chaotic and disorganized. Staff were unhelpful when asked for assistance.
1814,2024-10-06,F9,14771,13303,F9 crew went above and beyond during my flight. Exceptional hospitality from start to finish.
1815,2025-09-09,UA,14771,11433,Flight attendants on UA were super friendly and helpful on the trip to Detroit. Great experience!
1816,2025-09-27,B6,14771,12266,On-time departure and early arrival in Houston with B6. Smooth flight with no issues.
1817,2025-11-26,DL,14869,13204,"Got a fantastic deal on DL! Smooth booking, comfortable seat, great value for money."
1818,2024-07-15,DL,14107,10397,"DL charges extra for everything. Seat selection, baggage, drinks — the base fare is misleading."
1819,2025-04-04,NK,12892,12478,Landed in New York with NK but my checked luggage was lost. Took 2 days to recover my bags.
1820,2024-03-25,F9,11433,12478,Poor inflight service on F9. Staff ignored cabin requests and the cabin was dirty.
1821,2024-06-14,B6,13303,11193,Fair price for what you get with B6. Budget airline but reasonable comfort.
1822,2025-07-16,AS,11193,13303,Fair price for what you get with AS. Budget airline but reasonable comfort.
1823,2025-04-03,WN,14107,15016,Comfortable seats and good legroom on WN. Would fly again.
1824,2024-10-16,UA,11298,12478,Lost baggage claim with UA was incredibly slow. Waited 90 minutes at carousel before reporting the loss.
1825,2024-10-30,NK,11433,13204,The NK boarding process was chaotic and disorganized. Staff were unhelpful when asked for assistance.
1826,2025-08-21,NK,14771,12266,Flight attendants on NK were super friendly and helpful on the trip to Houston. Great experience!
1827,2025-02-07,UA,10397,11433,On-time departure and early arrival in Detroit with UA. Smooth flight with no issues.
1828,2024-12-23,NK,14771,12266,Ticket prices for NK to Houston are way too high for basic economy with no baggage allowance.
1829,2025-03-08,B6,11193,14869,Minor 66-minute delay on B6 but staff kept us informed throughout. Not ideal but acceptable.
1830,2025-03-16,B6,14057,13204,"B6 charges extra for everything. Seat selection, baggage, drinks — the base fare is misleading."
1831,2025-09-09,UA,12266,10397,"Got a fantastic deal on UA! Smooth booking, comfortable seat, great value for money."
1832,2024-12-01,B6,11433,13204,B6 delivered exactly what I expected — a reliable flight from Detroit to Orlando.
1833,2024-09-24,AA,11298,12266,AA delivered exactly what I expected — a reliable flight from Dallas to Houston.
1834,2025-06-21,DL,15016,10397,Fair price for what you get with DL. Budget airline but reasonable comfort.
1835,2024-01-25,WN,14771,14107,Lost baggage claim with WN was incredibly slow. Waited 90 minutes at carousel before reporting the loss.
1836,2024-06-08,AA,13303,11193,AA crew went above and beyond during my flight. Exceptional hospitality from start to finish.
1837,2024-02-08,AS,13303,13204,Lost baggage claim with AS was incredibly slow. Waited 90 minutes at carousel before reporting the loss.
1838,2024-08-30,AA,12266,13303,On-time departure and early arrival in Nashville with AA. Smooth flight with no issues.
1839,2024-04-23,UA,14869,11298,Careless handling on UA — my suitcase arrived damaged with a broken wheel.
1840,2024-06-16,UA,11193,12266,Flight UA from Cincinnati to Houston on 2024-06-16 was delayed by 150 minutes. Missed my connecting flight. Very disappointing.
1841,2024-09-02,AS,13303,12892,"AS charges extra for everything. Seat selection, baggage, drinks — the base fare is misleading."
1842,2024-06-13,DL,15016,13930,"DL charges extra for everything. Seat selection, baggage, drinks — the base fare is misleading."
1843,2025-08-21,AS,13204,13930,Average service on AS. Nothing special but nothing terrible either.
1844,2024-04-14,DL,12478,12266,DL flight delayed again — 157 minutes this time. Third delay this month. Completely unreliable.
1845,2025-08-03,WN,12892,13930,Ticket prices for WN to Chicago are way too high for basic economy with no baggage allowance.
1846,2024-08-12,NK,14771,15016,"Nothing exceptional about NK but a solid, reliable flight overall."
1847,2025-02-04,B6,13303,12892,Flight B6 from Nashville to Los Angeles on 2025-02-04 was delayed by 82 minutes. Missed my connecting flight. Very disappointing.
1848,2024-06-08,UA,11433,13930,Bags arrived intact and on-time with UA. No issues at all with baggage handling.
1849,2024-01-28,UA,11433,13303,"UA charges extra for everything. Seat selection, baggage, drinks — the base fare is misleading."
1850,2024-04-13,NK,11433,13204,Poor inflight service on NK. Staff ignored cabin requests and the cabin was dirty.
1851,2025-05-20,UA,10397,14107,Ticket prices for UA to Phoenix are way too high for basic economy with no baggage allowance.
1852,2025-06-05,WN,14869,11298,Significant departure delay on WN. Spent 162 minutes stuck at the gate with no updates from staff.
1853,2025-02-25,AA,12892,14869,Decent flight with AA. Clean aircraft and punctual landing.
1854,2025-04-13,AA,11193,14771,Ticket prices for AA to San Francisco are way too high for basic economy with no baggage allowance.
1855,2025-10-22,WN,14869,14057,Careless handling on WN — my suitcase arrived damaged with a broken wheel.
1856,2025-05-28,DL,14107,12266,Minor 148-minute delay on DL but staff kept us informed throughout. Not ideal but acceptable.
1857,2024-05-06,NK,13930,13204,Flight NK from Chicago to Orlando on 2024-05-06 was delayed by 166 minutes. Missed my connecting flight. Very disappointing.
1858,2024-09-15,AA,12892,11193,Bags arrived intact and on-time with AA. No issues at all with baggage handling.
1859,2025-08-25,NK,13303,10397,Flight NK from Nashville to Atlanta on 2025-08-25 was delayed by 108 minutes. Missed my connecting flight. Very disappointing.
1860,2025-01-13,UA,15016,13303,The UA boarding process was chaotic and disorganized. Staff were unhelpful when asked for assistance.
1861,2025-10-01,UA,12266,10397,Decent flight with UA. Clean aircraft and punctual landing.
1862,2024-10-11,NK,12478,11298,Lost baggage claim with NK was incredibly slow. Waited 90 minutes at carousel before reporting the loss.
1863,2025-03-14,B6,13303,14869,Comfortable seats and good legroom on B6. Would fly again.
1864,2024-05-03,AA,11298,12478,AA crew went above and beyond during my flight. Exceptional hospitality from start to finish.
1865,2024-05-20,F9,11433,14057,Minor 36-minute delay on F9 but staff kept us informed throughout. Not ideal but acceptable.
1866,2025-04-04,DL,11433,14107,Average service on DL. Nothing special but nothing terrible either.
1867,2024-02-01,F9,14057,11433,On-time departure and early arrival in Detroit with F9. Smooth flight with no issues.
1868,2025-01-16,DL,14107,12266,Flight attendants on DL were super friendly and helpful on the trip to Houston. Great experience!
1869,2024-05-04,B6,12266,13930,B6 delivered exactly what I expected — a reliable flight from Houston to Chicago.
1870,2024-05-05,F9,12478,14771,F9 delivered exactly what I expected — a reliable flight from New York to San Francisco.
1871,2024-06-25,F9,11193,14107,Average service on F9. Nothing special but nothing terrible either.
1872,2024-04-17,DL,12892,14107,DL delivered exactly what I expected — a reliable flight from Los Angeles to Phoenix.
1873,2024-01-30,F9,13303,13204,Comfortable seats and good legroom on F9. Would fly again.
1874,2024-12-18,AA,11193,13204,AA crew went above and beyond during my flight. Exceptional hospitality from start to finish.
1875,2024-08-14,DL,10397,14869,DL delivered exactly what I expected — a reliable flight from Atlanta to Salt Lake City.
1876,2025-07-15,NK,14107,11433,"Nothing exceptional about NK but a solid, reliable flight overall."
1877,2025-05-12,B6,14771,14057,Ticket prices for B6 to Portland are way too high for basic economy with no baggage allowance.
1878,2025-02-13,F9,13303,14771,"Got a fantastic deal on F9! Smooth booking, comfortable seat, great value for money."
1879,2024-05-23,AS,11433,10397,"Got a fantastic deal on AS! Smooth booking, comfortable seat, great value for money."
1880,2024-04-12,DL,11298,11193,The DL boarding process was chaotic and disorganized. Staff were unhelpful when asked for assistance.
1881,2025-03-28,AS,13930,12266,Comfortable seats and good legroom on AS. Would fly again.
1882,2025-05-03,B6,13204,11298,Lost baggage claim with B6 was incredibly slow. Waited 90 minutes at carousel before reporting the loss.
1883,2025-02-13,AA,10397,12478,Minor 36-minute delay on AA but staff kept us informed throughout. Not ideal but acceptable.
1884,2024-09-25,AA,14057,11193,"AA charges extra for everything. Seat selection, baggage, drinks — the base fare is misleading."
1885,2024-11-26,B6,13303,12892,Bags arrived intact and on-time with B6. No issues at all with baggage handling.
1886,2025-07-29,B6,12478,14107,"Got a fantastic deal on B6! Smooth booking, comfortable seat, great value for money."
1887,2025-11-15,AA,14107,15016,On-time departure and early arrival in St. Louis with AA. Smooth flight with no issues.
1888,2024-01-28,UA,11193,14107,Minor 71-minute delay on UA but staff kept us informed throughout. Not ideal but acceptable.
1889,2025-06-25,AS,11433,11298,Average service on AS. Nothing special but nothing terrible either.
1890,2025-07-20,UA,13204,12266,"Got a fantastic deal on UA! Smooth booking, comfortable seat, great value for money."
1891,2025-03-20,DL,13930,14771,"Got a fantastic deal on DL! Smooth booking, comfortable seat, great value for money."
1892,2025-09-05,NK,14107,15016,Lost baggage claim with NK was incredibly slow. Waited 90 minutes at carousel before reporting the loss.
1893,2024-01-29,NK,14057,11193,Decent flight with NK. Clean aircraft and punctual landing.
1894,2024-02-08,AS,12478,11433,Bags arrived intact and on-time with AS. No issues at all with baggage handling.
1895,2024-10-31,AA,12266,12892,Minor 166-minute delay on AA but staff kept us informed throughout. Not ideal but acceptable.
1896,2025-03-02,AA,14107,13204,Lost baggage claim with AA was incredibly slow. Waited 90 minutes at carousel before reporting the loss.
1897,2024-08-01,UA,11193,14869,Bags arrived intact and on-time with UA. No issues at all with baggage handling.
1898,2024-09-30,UA,14771,11433,"Got a fantastic deal on UA! Smooth booking, comfortable seat, great value for money."
1899,2025-07-11,F9,12266,14057,Poor inflight service on F9. Staff ignored cabin requests and the cabin was dirty.
1900,2024-08-22,F9,10397,14771,Decent flight with F9. Clean aircraft and punctual landing.
1901,2025-11-17,DL,15016,11193,Fair price for what you get with DL. Budget airline but reasonable comfort.
1902,2025-06-10,AA,12892,13930,"Nothing exceptional about AA but a solid, reliable flight overall."
1903,2025-10-11,DL,11298,14057,DL flight delayed again — 137 minutes this time. Third delay this month. Completely unreliable.
1904,2025-02-27,B6,13930,13303,Fair price for what you get with B6. Budget airline but reasonable comfort.
1905,2024-11-27,UA,12478,15016,"UA charges extra for everything. Seat selection, baggage, drinks — the base fare is misleading."
1906,2024-12-21,WN,13303,12892,Fair price for what you get with WN. Budget airline but reasonable comfort.
1907,2025-07-17,B6,14107,14057,B6 crew went above and beyond during my flight. Exceptional hospitality from start to finish.
1908,2024-04-30,NK,11298,12892,"Got a fantastic deal on NK! Smooth booking, comfortable seat, great value for money."
1909,2024-07-24,NK,14869,12892,"NK charges extra for everything. Seat selection, baggage, drinks — the base fare is misleading."
1910,2025-06-05,AS,14869,13930,Average service on AS. Nothing special but nothing terrible either.
1911,2024-10-10,UA,13204,13303,Comfortable seats and good legroom on UA. Would fly again.
1912,2025-08-16,AS,11298,14107,Landed in Phoenix with AS but my checked luggage was lost. Took 2 days to recover my bags.
1913,2025-10-10,DL,11433,13303,Significant departure delay on DL. Spent 78 minutes stuck at the gate with no updates from staff.
1914,2025-07-26,AA,11193,12266,Flight AA from Cincinnati to Houston on 2025-07-26 was delayed by 177 minutes. Missed my connecting flight. Very disappointing.
1915,2024-10-19,AA,14057,12892,Significant departure delay on AA. Spent 106 minutes stuck at the gate with no updates from staff.
1916,2025-03-06,DL,14869,11433,DL delivered exactly what I expected — a reliable flight from Salt Lake City to Detroit.
1917,2025-08-18,AA,14107,13204,"Nothing exceptional about AA but a solid, reliable flight overall."
1918,2025-07-23,F9,12266,10397,Decent flight with F9. Clean aircraft and punctual landing.
1919,2024-09-28,AS,13204,14057,AS flight delayed again — 34 minutes this time. Third delay this month. Completely unreliable.
1920,2024-02-16,DL,11298,11193,Landed in Cincinnati with DL but my checked luggage was lost. Took 2 days to recover my bags.
1921,2024-03-16,WN,13303,15016,Flight WN from Nashville to St. Louis on 2024-03-16 was delayed by 92 minutes. Missed my connecting flight. Very disappointing.
1922,2024-09-03,WN,12478,14771,Comfortable seats and good legroom on WN. Would fly again.
1923,2024-11-17,F9,14771,14869,"Nothing exceptional about F9 but a solid, reliable flight overall."
1924,2025-04-27,AS,11193,13204,Poor inflight service on AS. Staff ignored cabin requests and the cabin was dirty.
1925,2024-01-10,DL,10397,11433,DL delivered exactly what I expected — a reliable flight from Atlanta to Detroit.
1926,2025-08-19,UA,13303,13204,"Nothing exceptional about UA but a solid, reliable flight overall."
1927,2025-10-05,AA,13204,14869,Decent flight with AA. Clean aircraft and punctual landing.
1928,2025-02-06,B6,14869,11433,Careless handling on B6 — my suitcase arrived damaged with a broken wheel.
1929,2025-01-24,NK,14869,13303,"NK charges extra for everything. Seat selection, baggage, drinks — the base fare is misleading."
1930,2024-10-04,AS,11298,14869,Decent flight with AS. Clean aircraft and punctual landing.
1931,2025-06-25,WN,14107,12892,Bags arrived intact and on-time with WN. No issues at all with baggage handling.
1932,2024-08-09,F9,11193,15016,On-time departure and early arrival in St. Louis with F9. Smooth flight with no issues.
1933,2024-12-13,DL,13204,11193,Poor inflight service on DL. Staff ignored cabin requests and the cabin was dirty.
1934,2024-10-09,AA,14107,12892,Comfortable seats and good legroom on AA. Would fly again.
1935,2024-12-24,NK,14057,14107,"NK charges extra for everything. Seat selection, baggage, drinks — the base fare is misleading."
1936,2025-07-14,F9,14869,14057,Decent flight with F9. Clean aircraft and punctual landing.
1937,2024-05-11,UA,11298,15016,Significant departure delay on UA. Spent 74 minutes stuck at the gate with no updates from staff.
1938,2025-03-13,AS,10397,14057,Landed in Portland with AS but my checked luggage was lost. Took 2 days to recover my bags.
1939,2024-07-23,AS,14869,13303,Poor inflight service on AS. Staff ignored cabin requests and the cabin was dirty.
1940,2024-10-19,AS,14771,12478,Poor inflight service on AS. Staff ignored cabin requests and the cabin was dirty.
1941,2025-07-22,NK,12892,11298,Poor inflight service on NK. Staff ignored cabin requests and the cabin was dirty.
1942,2025-05-16,F9,11193,12478,Ticket prices for F9 to New York are way too high for basic economy with no baggage allowance.
1943,2024-08-02,UA,11298,14057,Minor 42-minute delay on UA but staff kept us informed throughout. Not ideal but acceptable.
1944,2024-06-10,UA,11433,14771,Poor inflight service on UA. Staff ignored cabin requests and the cabin was dirty.
1945,2024-01-09,WN,10397,13204,WN crew went above and beyond during my flight. Exceptional hospitality from start to finish.
1946,2024-11-24,B6,10397,13930,Poor inflight service on B6. Staff ignored cabin requests and the cabin was dirty.
1947,2024-05-29,AS,14771,11193,Flight AS from San Francisco to Cincinnati on 2024-05-29 was delayed by 44 minutes. Missed my connecting flight. Very disappointing.
1948,2025-10-05,B6,13930,11298,B6 flight delayed again — 54 minutes this time. Third delay this month. Completely unreliable.
1949,2024-03-29,NK,13930,11433,Flight attendants on NK were super friendly and helpful on the trip to Detroit. Great experience!
1950,2025-09-27,UA,14107,11298,Flight UA from Phoenix to Dallas on 2025-09-27 was delayed by 56 minutes. Missed my connecting flight. Very disappointing.
1951,2024-05-16,NK,14107,11298,The NK boarding process was chaotic and disorganized. Staff were unhelpful when asked for assistance.
1952,2025-05-15,B6,14869,15016,Comfortable seats and good legroom on B6. Would fly again.
1953,2024-01-02,WN,14869,12266,"Got a fantastic deal on WN! Smooth booking, comfortable seat, great value for money."
1954,2024-04-02,NK,14771,13930,Fair price for what you get with NK. Budget airline but reasonable comfort.
1955,2025-07-05,WN,11193,11433,Poor inflight service on WN. Staff ignored cabin requests and the cabin was dirty.
1956,2024-06-05,WN,12478,13204,Landed in Orlando with WN but my checked luggage was lost. Took 2 days to recover my bags.
1957,2025-03-14,NK,15016,14107,Careless handling on NK — my suitcase arrived damaged with a broken wheel.
1958,2025-01-21,AA,12266,11298,Landed in Dallas with AA but my checked luggage was lost. Took 2 days to recover my bags.
1959,2024-11-06,DL,13303,10397,The DL boarding process was chaotic and disorganized. Staff were unhelpful when asked for assistance.
1960,2025-02-20,NK,15016,14107,Fair price for what you get with NK. Budget airline but reasonable comfort.
1961,2025-06-03,DL,10397,14771,On-time departure and early arrival in San Francisco with DL. Smooth flight with no issues.
1962,2025-11-01,WN,11298,13204,"WN charges extra for everything. Seat selection, baggage, drinks — the base fare is misleading."
1963,2025-10-02,B6,14869,13204,Decent flight with B6. Clean aircraft and punctual landing.
1964,2025-07-08,WN,11433,12892,Flight attendants on WN were super friendly and helpful on the trip to Los Angeles. Great experience!
1965,2024-07-26,AS,12892,14771,The AS boarding process was chaotic and disorganized. Staff were unhelpful when asked for assistance.
1966,2024-04-07,WN,11193,11433,Comfortable seats and good legroom on WN. Would fly again.
1967,2024-01-19,WN,11193,15016,WN delivered exactly what I expected — a reliable flight from Cincinnati to St. Louis.
1968,2025-02-17,AS,14771,11298,Bags arrived intact and on-time with AS. No issues at all with baggage handling.
1969,2024-07-12,F9,14057,14869,Flight F9 from Portland to Salt Lake City on 2024-07-12 was delayed by 147 minutes. Missed my connecting flight. Very disappointing.
1970,2024-04-19,WN,14771,13204,"Nothing exceptional about WN but a solid, reliable flight overall."
1971,2025-09-07,DL,14869,15016,DL delivered exactly what I expected — a reliable flight from Salt Lake City to St. Louis.
1972,2024-06-09,AS,14057,13930,"Got a fantastic deal on AS! Smooth booking, comfortable seat, great value for money."
1973,2025-09-21,AA,14107,14869,Ticket prices for AA to Salt Lake City are way too high for basic economy with no baggage allowance.
1974,2025-08-06,AA,13204,12266,AA flight delayed again — 127 minutes this time. Third delay this month. Completely unreliable.
1975,2024-09-03,AA,14869,10397,AA crew went above and beyond during my flight. Exceptional hospitality from start to finish.
1976,2025-09-09,F9,12892,11433,F9 delivered exactly what I expected — a reliable flight from Los Angeles to Detroit.
1977,2025-07-03,AA,12892,11298,Significant departure delay on AA. Spent 95 minutes stuck at the gate with no updates from staff.
1978,2024-07-21,UA,12892,10397,Average service on UA. Nothing special but nothing terrible either.
1979,2024-11-23,WN,10397,12478,Flight attendants on WN were super friendly and helpful on the trip to New York. Great experience!
1980,2024-12-02,WN,13303,13930,Flight WN from Nashville to Chicago on 2024-12-02 was delayed by 100 minutes. Missed my connecting flight. Very disappointing.
1981,2024-11-15,B6,14107,12892,B6 crew went above and beyond during my flight. Exceptional hospitality from start to finish.
1982,2024-06-15,B6,14869,14771,Flight B6 from Salt Lake City to San Francisco on 2024-06-15 was delayed by 128 minutes. Missed my connecting flight. Very disappointing.
1983,2025-03-17,F9,10397,13303,Ticket prices for F9 to Nashville are way too high for basic economy with no baggage allowance.
1984,2024-01-06,AA,15016,13204,AA delivered exactly what I expected — a reliable flight from St. Louis to Orlando.
1985,2024-07-22,AS,13930,15016,"Got a fantastic deal on AS! Smooth booking, comfortable seat, great value for money."
1986,2024-08-14,F9,13204,14107,"F9 charges extra for everything. Seat selection, baggage, drinks — the base fare is misleading."
1987,2024-08-29,UA,12266,14771,Significant departure delay on UA. Spent 123 minutes stuck at the gate with no updates from staff.
1988,2024-05-22,B6,11433,13204,The B6 boarding process was chaotic and disorganized. Staff were unhelpful when asked for assistance.
1989,2024-06-29,NK,14057,13930,Significant departure delay on NK. Spent 140 minutes stuck at the gate with no updates from staff.
1990,2024-01-18,NK,12266,14771,NK delivered exactly what I expected — a reliable flight from Houston to San Francisco.
1991,2025-03-27,F9,10397,12478,Comfortable seats and good legroom on F9. Would fly again.
1992,2025-07-10,UA,14057,14771,Landed in San Francisco with UA but my checked luggage was lost. Took 2 days to recover my bags.
1993,2025-05-23,AS,14107,13204,"Nothing exceptional about AS but a solid, reliable flight overall."
1994,2025-10-23,WN,14107,12892,Significant departure delay on WN. Spent 76 minutes stuck at the gate with no updates from staff.
1995,2024-01-17,AS,11433,10397,Average service on AS. Nothing special but nothing terrible either.
1996,2025-07-27,B6,12478,11193,"Got a fantastic deal on B6! Smooth booking, comfortable seat, great value for money."
1997,2024-09-17,B6,13204,14107,Fair price for what you get with B6. Budget airline but reasonable comfort.
1998,2025-06-20,NK,14869,12478,Bags arrived intact and on-time with NK. No issues at all with baggage handling.
1999,2025-01-05,NK,11298,12478,NK crew went above and beyond during my flight. Exceptional hospitality from start to finish.
2000,2024-07-16,NK,10397,12478,Lost baggage claim with NK was incredibly slow. Waited 90 minutes at carousel before reporting the loss.
