FlightDate,Carrier,OriginAirportID,DestAirportID,DepDelay,ArrDelay,Distance,Cancelled
2024-10-25,F9,13303,12478,120,132,2915,0
2025-05-12,AA,14869,12892,97,104,678,0
2024-11-11,UA,11433,11193,34,47,2952,0
2024-09-02,UA,15016,14869,4,15,2804,0
2024-11-14,WN,12478,11298,60,65,369,0
2024-03-24,NK,11193,13204,62,80,1348,0
2025-03-12,WN,14771,11433,64,58,898,0
2025-03-23,NK,12892,14771,2,15,2829,0
2025-07-18,UA,11193,12892,46,59,1103,0
2025-01-01,F9,12892,14771,46,60,2896,0
2024-04-22,AA,14771,12266,110,100,2591,0
2024-06-10,DL,13303,11298,120,131,1132,0
2025-09-19,B6,15016,13930,15,22,2362,0
2025-08-28,WN,10397,12892,61,53,1564,0
2025-09-26,AA,10397,14057,70,78,514,0
2024-02-28,AA,11193,11298,10,2,1978,0
2024-04-01,WN,15016,14057,-6,-7,1838,0
2024-05-30,AA,11433,14107,-14,-12,2531,0
2024-03-12,NK,12266,11298,24,15,1016,0
2025-10-08,AA,12266,10397,85,97,1495,0
2024-04-24,B6,13204,12478,89,82,379,0
2025-08-31,AA,12892,14107,109,99,1635,0
2025-02-02,B6,10397,11298,48,50,2092,0
2025-04-06,NK,13303,12478,-11,-5,1685,0
2025-04-15,NK,12892,15016,31,50,1268,0
2024-03-30,AS,12478,14057,117,121,228,0
2025-01-21,F9,11433,11193,38,36,406,0
2025-03-11,B6,12892,11298,74,77,2896,0
2025-08-01,WN,14107,14869,44,56,432,0
2024-03-09,UA,11193,14057,4,5,1174,0
2025-06-05,AS,14771,12266,79,75,471,0
2024-01-01,AA,12266,11193,-13,-9,2930,0
2024-09-20,AS,10397,12478,37,27,2715,0
2024-01-27,AA,13303,12478,42,50,1699,0
2025-05-31,B6,13204,14057,45,51,679,0
2024-09-07,NK,11298,11433,119,112,631,0
2024-10-30,AS,15016,10397,42,38,2166,0
2025-05-01,DL,14869,14771,-7,7,232,0
2025-04-17,AA,14107,13303,38,42,789,0
2025-04-22,NK,10397,12266,92,94,2585,0
2025-09-08,WN,14869,11433,22,35,1068,0
2024-11-03,UA,10397,11433,100,91,2128,0
2025-05-15,F9,15016,11193,31,26,2503,0
2024-01-12,DL,12266,14869,54,52,1318,1
2024-11-12,AA,15016,14057,102,119,1661,0
2025-03-20,DL,14869,11433,-7,-5,2177,0
2024-09-07,AS,12478,12892,84,80,348,0
2025-09-28,UA,10397,12266,-4,4,263,0
2025-10-30,UA,12478,12266,49,40,651,0
2024-12-25,WN,12892,14107,33,40,2130,0
2025-06-06,AA,15016,12266,2,0,1847,0
2024-06-03,AS,14107,13303,14,21,1649,0
2025-02-23,AA,12478,11433,71,76,2707,0
2025-11-29,F9,12478,14107,99,114,1267,0
2024-10-04,AA,13930,14107,71,85,2951,0
2024-12-17,B6,13204,13303,105,104,2449,0
2025-10-05,NK,12892,12478,-13,-18,1121,0
2024-09-24,F9,12478,15016,52,58,520,0
2024-02-26,NK,15016,14107,28,21,1486,0
2025-02-06,B6,14869,15016,0,-4,1147,0
2024-04-25,NK,13204,10397,95,92,2488,0
2024-10-20,WN,11433,12892,33,35,1735,0
2024-08-18,AA,11298,13204,61,73,2078,0
2025-05-04,NK,12892,11193,77,70,1077,0
2024-07-08,AA,12478,14057,-13,3,324,0
2025-04-23,B6,14107,12266,36,49,1664,0
2025-09-27,UA,13204,11298,-7,-3,2473,0
2024-04-22,F9,13303,12892,31,22,2731,0
2025-02-13,WN,12478,14771,-8,-15,662,0
2024-05-26,B6,14869,12478,94,99,2078,0
2025-04-05,B6,12266,15016,56,71,379,0
2025-03-03,DL,12266,14057,7,23,1732,0
2024-04-25,WN,14057,14107,104,112,1616,0
2024-02-22,F9,11193,13930,47,63,522,0
2024-08-09,UA,11298,14107,5,21,754,0
2025-06-06,F9,11433,15016,-8,4,1149,0
2024-03-03,AS,10397,15016,37,35,902,0
2025-03-02,UA,11193,11298,64,65,431,0
2025-07-13,NK,11433,13930,104,112,1856,0
2025-06-01,WN,13930,11298,3,-4,884,0
2024-04-27,UA,12892,11193,94,88,1262,0
2024-06-22,F9,11193,10397,10,0,2103,0
2024-09-23,AS,11298,13204,95,110,901,0
2024-10-02,B6,11298,14107,59,54,2243,0
2025-04-10,AA,14057,10397,77,73,1875,0
2024-09-08,B6,11193,12266,98,99,1780,0
2025-04-01,AS,14869,11298,62,72,514,0
2024-01-25,UA,12478,14107,-7,-9,2810,0
2025-10-21,UA,13204,11193,52,54,795,0
2024-07-06,DL,12266,14869,32,38,2201,0
2025-08-14,AA,13930,13204,38,29,2820,0
2025-07-18,B6,14869,11193,40,44,275,0
2024-03-03,AS,11433,14057,13,4,709,0
2025-03-20,DL,12266,14057,-2,-4,2510,0
2024-06-28,AA,10397,11298,51,58,2411,0
2024-11-11,DL,11193,13303,70,67,1385,0
2025-01-29,AS,11298,15016,2,17,2061,0
2024-06-28,AA,14057,12266,0,14,2947,0
2024-07-14,WN,14107,12892,110,115,423,0
2024-01-02,NK,11433,14057,40,30,2982,0
2025-03-11,DL,11193,12478,113,108,1855,0
2024-12-08,WN,11298,10397,38,31,1555,0
2025-11-16,NK,12266,12478,82,73,1173,0
2025-05-08,AS,10397,14107,117,121,1149,0
2024-10-14,NK,14869,11298,84,78,2924,0
2025-02-11,AA,11298,11193,77,96,200,0
2025-02-21,AA,12266,14057,52,67,2569,0
2024-09-20,NK,10397,14107,53,64,726,0
2024-06-22,F9,12266,11433,87,82,2538,0
2025-08-04,DL,14057,11193,66,77,588,0
2025-06-08,WN,14771,12892,-6,-8,2235,0
2024-05-25,AS,12478,14771,98,118,1040,0
2025-09-02,B6,14107,13204,81,83,2697,0
2024-06-18,WN,11298,14107,95,102,500,0
2025-03-23,DL,12892,12478,97,90,2676,0
2024-01-12,B6,12266,14869,-15,0,2375,0
2025-06-03,B6,14771,15016,8,5,2429,0
2025-01-30,F9,13303,14107,60,50,2721,0
2024-04-06,B6,11298,14869,40,57,1471,0
2025-05-14,B6,12892,12266,39,43,881,0
2024-08-08,F9,14057,11298,30,46,1574,0
2024-01-17,AA,14107,10397,98,106,2376,0
2025-06-15,F9,11433,14869,37,50,2526,0
2024-06-12,AS,13303,13204,60,77,1311,1
2025-04-17,WN,13303,12266,41,39,1770,0
2024-12-16,UA,11193,14771,28,27,871,0
2024-06-04,AA,12892,11298,105,103,1960,0
2025-05-27,AS,14869,15016,62,65,849,0
2024-12-09,B6,12266,14869,48,55,2063,0
2024-09-07,AS,13930,14057,20,29,1981,0
2025-01-11,AA,14107,14869,68,83,2227,0
2025-03-12,AA,12266,13930,2,21,2598,0
2025-05-20,NK,11433,14869,45,55,318,0
2025-01-23,AA,11298,10397,-7,13,2143,0
2024-10-12,AS,13303,14057,69,64,2514,0
2025-05-07,AS,14771,13930,71,76,1534,0
2025-06-14,AS,13204,14869,52,45,2127,0
2024-06-08,B6,11433,12892,28,40,2619,0
2025-03-27,F9,14057,14107,23,39,1385,0
2025-01-08,DL,14869,13930,-7,13,2789,0
2024-05-20,F9,12266,14107,52,53,1432,0
2025-08-29,B6,12478,13930,18,24,1347,0
2024-04-04,UA,14107,12266,102,120,759,0
2024-03-24,B6,12266,15016,-9,-18,1564,0
2024-07-15,NK,14771,12266,96,97,866,0
2024-09-22,NK,11433,14057,29,32,380,0
2025-11-04,AA,12266,12478,28,39,2848,0
2024-11-03,NK,14771,11433,71,89,2602,0
2024-10-12,WN,14869,14057,73,90,606,0
2024-09-10,B6,15016,11193,13,12,997,0
2025-04-22,DL,12892,14107,66,71,813,0
2024-05-18,AA,15016,14107,80,76,1389,0
2024-06-19,AA,14107,15016,81,80,1942,0
2024-09-12,AS,11298,14869,13,20,619,0
2025-06-11,B6,11433,13204,95,93,785,0
2025-04-12,F9,11433,11193,21,20,2404,0
2025-04-12,AA,15016,12478,112,126,1497,0
2025-02-27,WN,14057,14771,76,72,2761,0
2024-04-22,B6,12892,10397,-7,-13,1132,0
2025-02-06,F9,11193,11433,16,21,1483,0
2024-08-31,DL,14057,11298,18,10,1075,0
2024-01-23,B6,11433,15016,63,68,1936,0
2024-12-22,UA,13204,13930,9,14,1172,0
2025-05-01,WN,13303,12478,7,1,439,0
2025-10-22,B6,14771,13204,-9,-7,1503,0
2025-04-23,WN,12266,14869,14,27,2870,0
2025-03-16,AS,13930,11298,21,17,2828,0
2025-09-10,F9,12266,14869,115,134,2528,0
2025-03-29,WN,11193,14771,88,106,355,0
2025-07-02,NK,14869,12266,1,9,2060,0
2025-06-01,NK,13930,11193,26,32,1923,0
2025-06-30,WN,13303,14107,97,93,2981,0
2025-05-10,UA,13204,10397,78,97,2320,0
2025-02-05,AS,14869,14057,38,33,2687,0
2024-01-08,UA,12266,13303,102,104,2051,0
2024-10-21,DL,14771,12478,71,63,981,0
2025-11-01,DL,14869,14771,57,59,2285,0
2025-04-24,B6,10397,14869,30,39,1666,0
2025-10-20,UA,13303,12266,88,107,897,0
2024-11-23,UA,11193,11298,26,20,2896,0
2025-11-17,DL,14057,12478,95,115,2023,0
2025-10-03,AA,11193,11298,55,70,1789,0
2024-11-27,DL,14057,14107,-12,-15,648,0
2025-05-26,NK,10397,12892,19,11,1145,0
2024-05-23,F9,14869,11193,115,123,1312,0
2025-06-28,UA,12892,11193,100,92,1523,0
2024-10-09,B6,13303,15016,103,117,1677,0
2025-07-09,F9,12266,13204,90,80,1197,0
2024-05-06,F9,12266,10397,81,95,2320,0
2024-01-28,UA,15016,12478,79,83,741,0
2025-05-25,UA,10397,15016,25,23,845,0
2025-09-30,AS,12478,11433,46,43,897,0
2024-10-21,AA,14057,13303,21,35,2504,0
2025-07-26,F9,14771,11298,58,56,231,0
2025-01-04,F9,12266,11193,111,111,212,0
2024-11-04,WN,13204,12478,27,35,1715,0
2025-11-17,DL,13204,12266,95,86,2416,0
2025-08-05,UA,11193,13930,84,77,236,0
2025-01-09,F9,14771,14869,12,17,1728,0
2024-03-12,AA,14771,11433,66,66,2824,0
2025-10-06,AA,15016,11193,20,14,881,0
2025-09-04,B6,11433,13930,82,84,671,0
2024-11-11,UA,13930,12892,26,37,2053,0
2024-07-16,NK,14869,14771,-15,5,2383,0
2025-04-09,AS,12892,14869,2,3,2798,0
2024-04-29,F9,12266,13930,105,112,442,0
2024-04-03,NK,11298,12892,100,114,1743,0
2025-03-09,WN,13204,12892,4,15,1853,0
2025-10-28,B6,14771,12892,28,24,2309,0
2024-11-06,B6,14107,13303,103,100,465,0
2025-07-04,AA,14107,14869,-12,-11,1993,0
2024-02-06,B6,12266,11298,40,58,2390,0
2025-05-05,NK,11433,12266,110,101,383,0
2025-05-03,WN,11433,14057,73,86,745,0
2024-02-05,B6,13204,14057,27,25,1982,0
2025-02-15,DL,15016,12266,15,28,1737,0
2024-12-24,B6,12478,13204,7,8,534,0
2025-06-12,B6,13303,14057,101,107,2198,0
2025-09-28,NK,11193,13303,71,80,2909,0
2025-10-14,UA,11193,14869,67,68,996,0
2024-01-08,WN,12478,12266,58,68,1799,0
2024-08-23,NK,12892,14057,13,12,320,0
2024-08-02,NK,15016,14107,67,60,1843,0
2024-09-18,B6,14057,13303,59,54,371,0
2024-06-24,UA,13204,14771,-13,5,2894,0
2025-01-26,NK,12266,13303,96,99,2909,0
2025-08-21,B6,14869,12892,-14,-3,743,0
2024-12-24,UA,12266,10397,33,42,1560,0
2024-08-25,F9,12478,14057,60,56,1714,0
2025-04-25,UA,14107,14057,77,92,770,0
2024-08-20,AA,14107,14771,39,50,1863,0
2024-09-21,WN,13204,14057,7,15,2300,0
2024-11-29,UA,10397,11433,96,112,978,0
2024-12-15,AA,13930,14107,74,68,1711,0
2024-12-31,F9,14869,13204,-7,-8,2274,0
2025-06-17,WN,12478,15016,62,75,1200,0
2025-03-05,DL,13204,11193,110,122,229,0
2024-11-30,AS,12266,10397,28,32,2351,0
2024-07-30,AS,11433,12266,63,61,327,1
2024-02-11,WN,10397,14107,27,34,369,0
2024-12-26,B6,14771,11298,41,35,2380,0
2024-05-31,NK,15016,12892,97,105,2781,0
2025-09-01,F9,13204,14057,75,90,2679,0
2024-08-08,F9,12892,14057,-14,3,1151,0
2025-07-13,WN,14107,12266,69,72,974,0
2024-05-30,DL,10397,11193,96,106,645,0
2025-03-17,AA,12892,10397,42,62,2719,0
2025-04-02,B6,12892,14107,112,125,843,0
2025-08-31,F9,14107,13204,120,125,2565,0
2024-02-07,AA,10397,13303,52,60,2859,0
2025-07-20,UA,11433,14057,68,82,2350,0
2024-01-10,B6,11298,14771,84,100,1404,0
2025-08-16,UA,13204,14057,-9,2,1925,0
2025-10-25,AS,11298,12266,50,64,2657,0
2024-02-20,NK,13204,11298,78,91,1544,0
2025-03-29,AS,14869,14057,29,31,2193,0
2024-08-18,DL,13303,11298,-13,-9,1083,0
2024-10-02,WN,13303,14107,16,10,2690,0
2025-08-20,WN,14869,11433,106,107,1826,0
2024-04-15,AA,11433,12892,90,110,1099,0
2024-06-19,UA,15016,14057,7,-1,294,0
2025-11-13,AS,12266,11433,3,16,1045,0
2025-08-06,UA,14107,13204,4,0,416,0
2024-04-26,WN,14107,11298,102,102,2281,0
2024-04-10,WN,14057,13204,-3,3,2199,0
2024-10-16,NK,11433,11193,27,18,2828,0
2025-10-05,WN,14869,13930,101,114,201,0
2025-06-13,WN,13930,14869,104,95,1484,0
2025-11-11,AA,12266,11298,43,34,1757,0
2025-01-04,WN,13204,11193,91,90,2196,0
2024-02-28,AS,13930,13204,105,109,2938,0
2024-09-26,UA,14107,11433,51,64,1014,0
2025-07-30,DL,12478,14771,37,46,360,0
2024-03-14,UA,12478,11433,104,108,2723,0
2024-12-20,AA,13204,14107,14,31,2468,0
2024-05-11,F9,14869,11193,-5,5,2960,0
2025-03-07,DL,13930,11193,90,103,2792,0
2024-12-20,NK,14057,12266,90,109,2286,0
2024-08-29,AA,13930,12266,58,54,2214,0
2025-01-04,B6,11433,10397,51,62,2888,0
2024-06-05,NK,14771,14107,89,94,1113,0
2024-09-04,B6,10397,14107,39,58,823,0
2025-07-07,NK,11193,15016,100,119,1788,0
2024-07-01,F9,10397,14869,79,87,674,0
2024-12-06,AA,13930,14869,-7,-8,1626,0
2024-07-06,NK,12892,14771,26,27,2246,0
2025-03-12,DL,12478,11193,89,99,2240,0
2024-08-28,F9,12892,11433,2,1,760,0
2024-06-06,WN,14771,13204,37,35,2335,0
2025-08-05,NK,12266,13930,-11,-15,393,0
2024-06-25,DL,14869,14771,102,112,1270,0
2024-04-05,AS,14771,10397,50,52,2085,0
2024-09-01,B6,11298,14057,64,75,2985,0
2024-09-08,UA,11298,15016,5,14,1353,0
2024-12-24,B6,12892,12266,-5,10,231,0
2025-05-06,UA,14107,15016,23,14,795,0
2025-03-06,NK,11298,15016,10,9,2384,0
2024-01-03,DL,12892,14107,38,58,2041,0
2025-11-07,DL,14107,12892,7,13,1952,0
2025-05-27,NK,14107,15016,-2,13,2169,0
2024-02-28,UA,12266,14869,0,-4,358,0
2024-04-25,AA,14057,15016,113,122,369,0
2025-04-03,AS,14057,14869,21,22,1828,0
2025-11-30,AA,15016,12892,32,27,297,0
2024-08-27,WN,13303,14869,86,80,1157,0
2024-01-27,NK,13303,15016,88,89,2499,0
2024-11-28,AA,15016,11193,-14,-11,877,0
2024-01-07,B6,12266,13303,41,41,728,0
2025-03-19,AS,11193,11433,68,59,1817,0
2025-10-10,B6,11298,14771,-14,-5,743,0
2025-11-17,WN,11433,15016,39,54,2738,0
2024-04-19,AA,11298,11193,-3,6,740,0
2025-07-15,F9,13303,14869,4,2,2967,0
2024-04-19,AS,15016,14869,119,110,261,0
2025-08-01,B6,12266,14869,106,115,2456,0
2024-03-24,DL,11298,15016,116,106,2908,0
2024-08-20,F9,12266,12892,-5,2,1603,0
2024-07-04,F9,12478,12266,45,48,880,0
2024-01-30,B6,11433,11298,96,111,2642,0
2024-01-18,NK,14771,10397,9,25,1139,0
2024-08-08,AA,13930,12892,49,48,2498,0
2025-11-30,F9,11433,13930,-14,-10,1503,0
2025-07-15,DL,13303,12892,105,118,2678,0
2024-07-07,DL,13204,13303,4,-6,306,0
2025-08-25,F9,10397,13303,108,108,1760,0
2024-07-24,AS,14107,15016,94,114,2249,0
2025-04-17,AA,13930,13204,-14,-18,775,0
2025-08-30,NK,12266,13930,55,54,1459,0
2025-09-12,WN,12266,14057,116,108,2945,0
2025-05-17,UA,12478,11433,14,20,2995,0
2024-02-12,UA,12478,14771,-5,-6,226,0
2024-02-16,F9,10397,14107,-4,-3,2490,1
2024-04-02,WN,14057,13303,113,120,2559,0
2024-04-21,B6,15016,14057,8,8,1193,0
2025-06-21,AS,13303,12478,75,68,2598,0
2025-07-11,B6,11298,14057,68,65,1624,0
2024-07-22,B6,14771,12892,100,102,1329,0
2024-08-12,DL,10397,14107,72,84,825,0
2024-07-19,UA,13303,12478,63,80,1838,0
2025-08-06,AS,15016,13303,50,60,2527,0
2025-08-27,DL,14869,10397,57,75,1446,0
2024-01-15,NK,14057,14107,85,77,1496,0
2024-06-05,AA,11193,11298,35,38,2692,0
2024-11-21,DL,11298,15016,62,75,316,0
2024-07-29,F9,15016,11298,50,46,246,0
2025-03-31,B6,15016,14057,79,82,1437,0
2024-06-24,NK,14771,12266,32,29,1710,0
2024-05-31,NK,10397,11193,86,88,794,0
2024-02-18,F9,15016,13303,110,116,2611,0
2025-04-11,DL,13930,11193,70,75,810,0
2024-10-03,NK,14107,12478,104,119,1298,0
2025-01-04,F9,10397,11193,77,94,783,0
2025-10-19,F9,14057,12266,85,87,1325,0
2024-09-13,F9,14057,15016,6,-3,1049,0
2025-05-07,AS,11433,14057,40,35,2173,0
2024-11-27,AS,14107,14057,57,55,297,0
2024-12-31,AS,14057,13930,53,48,2933,0
2024-11-27,UA,12266,14771,99,89,1790,0
2025-05-27,NK,13930,12478,59,68,1766,0
2024-07-05,AA,12478,12892,69,83,2118,0
2025-04-26,NK,11193,13930,113,123,291,0
2024-11-13,AS,10397,15016,48,45,898,0
2024-12-03,DL,12266,13303,7,8,307,0
2024-03-11,B6,11298,10397,92,84,2024,0
2024-08-27,AS,12892,12266,42,43,1061,0
2025-11-04,WN,12478,14771,8,28,241,0
2024-05-08,AA,11193,14869,16,28,2537,0
2025-05-23,WN,11298,14057,50,59,2136,0
2025-07-03,AS,13303,15016,53,45,2903,0
2024-12-01,B6,13930,11193,79,73,2485,0
2025-09-09,B6,14771,13204,18,24,2962,0
2025-05-27,NK,12266,14771,112,131,626,0
2024-08-27,UA,14057,12478,43,63,2809,0
2025-05-02,AS,10397,14771,55,70,608,0
2025-07-25,WN,11298,11193,-3,15,2529,0
2025-08-01,WN,13204,12892,33,35,1826,0
2025-04-30,WN,14107,14057,51,45,1668,0
2025-04-18,B6,12892,13930,103,122,1370,0
2025-11-22,AA,14057,13303,105,96,1928,0
2024-03-20,B6,12478,13930,94,109,2529,0
2025-08-10,DL,11193,10397,53,43,1322,0
2025-09-24,DL,13930,15016,111,118,1763,0
2024-06-19,DL,14869,12892,85,93,1668,0
2024-06-08,AS,12266,13303,42,43,450,0
2025-07-13,AS,14869,13204,98,96,840,0
2024-03-16,F9,13303,11193,32,38,815,0
2025-09-26,NK,14107,13204,76,83,513,0
2024-04-12,F9,12892,13204,37,51,1260,0
2025-10-06,UA,14869,12478,112,107,1284,0
2025-11-03,B6,13204,15016,69,68,1901,0
2025-11-22,B6,11433,12478,37,56,641,0
2024-12-29,WN,14869,11433,82,91,2798,0
2025-02-14,F9,13204,10397,-8,-5,2655,0
2024-03-02,NK,13204,13930,17,28,2424,0
2024-02-03,DL,12478,14869,9,1,2234,0
2024-12-04,B6,14057,10397,9,20,1141,0
2025-07-17,AS,12478,15016,75,87,745,0
2025-03-14,DL,12478,13930,17,12,2731,0
2024-07-04,UA,12478,12892,23,23,2759,0
2025-08-09,AS,12266,14107,60,64,1068,0
2024-05-05,AS,14771,12892,84,103,1977,0
2024-09-02,NK,13930,13303,118,121,2400,0
2024-06-21,DL,11193,13930,92,89,1741,0
2025-05-04,UA,15016,13303,114,108,1218,0
2024-08-02,F9,14057,13204,101,106,1308,0
2024-04-14,F9,11433,12892,85,100,2941,0
2024-03-25,WN,11193,14771,66,76,653,0
2024-07-02,AA,13204,14771,93,108,1516,0
2024-09-23,AA,14771,14057,7,10,1194,0
2025-08-22,B6,11298,14869,38,50,417,0
2024-06-05,WN,12266,14107,40,33,720,0
2025-10-24,AA,11433,13303,20,37,2615,0
2024-06-18,NK,14869,14057,3,9,1514,0
2024-06-15,B6,11193,10397,1,1,2832,0
2024-09-09,F9,10397,11433,44,57,1191,0
2024-04-10,AS,13930,12478,16,33,2326,0
2025-03-19,DL,11433,13930,22,14,472,0
2025-08-30,F9,14107,14057,36,26,417,0
2024-06-02,F9,15016,12266,84,83,2623,0
2025-07-05,B6,12892,10397,83,96,1331,0
2024-09-11,DL,11193,13204,29,32,2523,0
2024-04-17,NK,13930,12478,-3,4,807,0
2024-10-26,B6,13303,13204,79,89,1758,0
2024-09-17,B6,12266,14107,119,125,2928,0
2025-03-14,F9,11193,10397,106,112,1379,0
2024-04-03,AS,14771,12892,109,120,2453,0
2024-11-25,AS,11433,14771,54,59,2760,0
2024-05-18,UA,14107,14869,27,42,2309,0
2025-01-14,F9,11298,11193,16,10,808,0
2024-07-10,UA,12892,14771,11,5,2603,0
2025-08-15,NK,10397,13303,112,111,2615,0
2025-02-25,F9,10397,14771,32,49,720,0
2024-11-05,DL,11193,13303,106,97,1403,0
2025-08-19,WN,13303,14869,22,26,2973,0
2024-01-11,DL,13303,11433,93,84,2483,0
2024-06-06,F9,11298,13930,14,31,2940,0
2024-06-04,WN,11433,14057,102,108,1527,0
2025-02-13,B6,11298,13930,93,113,488,0
2024-07-25,NK,15016,11298,12,26,1798,0
2024-10-24,WN,12266,10397,91,101,1095,0
2025-10-30,WN,13930,15016,9,11,1080,0
2025-07-14,B6,11298,15016,34,35,2613,0
2025-10-08,F9,10397,13204,84,83,272,1
2025-06-05,UA,13930,13204,88,91,228,0
2024-06-17,AA,12266,11193,86,96,1997,0
2024-12-27,B6,11433,11193,81,83,1740,0
2024-07-28,WN,11433,13930,17,25,804,0
2024-01-04,DL,13303,14869,8,27,1942,0
2024-08-02,F9,11298,15016,92,99,1840,0
2025-02-12,WN,13303,14869,14,17,1876,0
2025-06-20,UA,14869,11298,19,33,2383,0
2025-07-13,WN,11298,15016,33,52,1119,0
2025-06-17,UA,12892,14771,12,2,636,0
2025-07-01,B6,13204,10397,-3,7,2704,0
2025-02-15,UA,15016,14771,13,29,2100,0
2024-03-24,F9,13930,14771,59,64,365,0
2024-02-01,WN,14107,14771,-7,-12,1050,0
2024-07-24,WN,12478,11433,116,115,1108,0
2025-11-18,DL,14771,14107,41,61,1869,1
2025-03-19,F9,12266,13204,5,2,1156,0
2024-09-15,AS,14057,10397,120,115,1497,0
2024-10-03,B6,11193,10397,-1,-2,646,0
2024-12-26,WN,11193,15016,71,90,2512,0
2024-04-09,AA,13303,10397,-15,-5,1574,0
2024-10-02,B6,14057,14771,23,32,2740,0
2025-11-24,AS,11193,13204,39,32,855,0
2024-10-05,AS,12266,12892,97,90,2565,0
2024-03-09,AS,11298,13930,40,32,2530,0
2024-08-27,WN,12478,13204,65,64,2324,0
2025-06-24,DL,12478,11193,4,16,2165,0
2025-03-08,AA,13930,11433,20,11,405,0
2025-10-25,NK,12478,14771,107,103,1229,0
2025-08-07,WN,15016,13930,84,94,1117,0
2024-12-13,UA,11193,13204,67,70,2558,0
2024-07-23,UA,10397,14771,25,17,2071,0
2025-04-08,F9,14107,11193,18,32,1827,0
2025-05-31,B6,13204,14107,58,59,2451,0
2025-05-14,AS,11298,12266,72,70,2573,0
2025-01-08,AA,11193,13303,77,97,2238,1
2025-09-28,B6,14057,12266,25,33,797,0
2024-11-19,B6,14869,12266,-14,-2,1835,0
2025-05-14,DL,12892,12266,62,53,2799,0
2024-03-15,NK,11433,12266,54,54,1538,0
2025-08-01,B6,12478,10397,20,18,2138,0
2024-01-10,DL,13930,11193,97,108,1234,0
2025-07-28,F9,12892,14057,53,48,2243,0
2024-10-22,B6,11193,14057,1,7,2008,0
2025-02-25,AS,13303,10397,84,78,1626,0
2025-03-08,NK,11433,12266,58,53,2980,0
2025-11-21,WN,11298,12478,95,88,808,0
2025-09-07,NK,10397,13204,35,50,1633,0
2024-10-31,NK,12266,11433,117,108,448,0
2025-10-17,NK,11298,15016,39,44,2472,0
2025-02-26,WN,12266,12892,-7,-13,2017,0
2025-02-26,UA,13303,13204,65,76,1263,0
2024-04-28,UA,15016,11433,36,44,1320,0
2024-12-30,B6,14771,14869,104,108,1446,0
2025-07-26,WN,14107,14771,-13,-12,2200,0
2025-11-15,NK,12266,13303,72,65,2298,0
2025-03-17,NK,13204,15016,114,127,567,0
2024-08-21,AA,13930,11193,26,45,2629,0
2025-10-20,B6,12892,11193,71,64,1061,0
2024-10-18,AA,12266,13930,101,103,1783,0
2025-06-04,NK,12892,14869,17,35,1126,0
2025-02-16,DL,13930,11298,31,30,1458,0
2025-05-02,WN,14107,14771,7,7,499,0
2024-08-20,AS,12892,13303,108,112,2600,0
2025-07-25,AS,11433,14057,16,7,2525,0
2024-04-05,AS,13303,11298,20,21,1589,0
2024-01-30,NK,13204,15016,59,74,2153,0
2024-07-11,UA,13303,14869,-12,5,1381,0
2025-04-22,UA,11193,14771,99,96,2478,0
2024-08-25,AA,12478,12892,107,99,1405,1
2024-04-27,AS,15016,12892,111,110,2147,0
2025-04-10,DL,12266,13303,100,114,2587,0
2024-01-29,NK,11193,13204,92,94,2027,0
2024-07-07,DL,14057,12892,82,100,2394,0
2025-01-30,AS,11193,12266,61,59,2199,0
2024-05-14,AA,14869,11433,33,33,1450,0
2024-03-11,AS,13303,11433,60,58,2688,0
2025-01-07,B6,14869,12478,59,65,2069,0
2025-09-09,F9,15016,12478,11,18,1406,0
2025-05-16,F9,10397,11298,21,33,944,0
2024-07-13,AA,14771,13303,95,114,1053,0
2024-01-04,B6,12478,10397,86,94,452,0
2025-09-08,WN,12478,13204,91,82,276,0
2024-11-13,F9,10397,14057,36,38,2756,0
2024-12-03,AS,11433,13930,97,115,2081,0
2025-06-01,AS,12478,13204,102,96,785,0
2024-10-08,WN,11298,10397,44,44,2372,0
2025-11-18,UA,15016,14771,80,82,978,0
2025-10-06,UA,14107,12266,18,24,2627,0
2025-11-30,NK,14869,13204,-5,-4,2421,0
2025-01-28,NK,13930,11193,59,78,1938,0
2024-10-28,AA,11298,14771,11,8,1718,0
2024-10-22,DL,14771,15016,6,-1,1224,0
2025-11-15,AS,13204,13303,78,71,1635,0
2024-11-16,F9,11193,14107,112,102,2899,0
2024-11-08,UA,12266,11193,104,104,605,0
2025-02-03,AS,14869,13303,13,27,2102,0
2025-02-04,WN,14057,11433,33,48,428,0
2024-07-23,UA,11193,12478,74,72,627,0
2024-01-04,WN,14771,11433,108,119,401,0
2025-07-11,B6,15016,14107,74,90,205,0
2025-09-24,UA,10397,13303,-4,3,1995,0
2025-02-01,DL,13303,11298,73,91,1541,0
2025-11-04,WN,12478,11298,40,58,460,0
2025-02-02,UA,13303,14771,0,-9,559,0
2024-11-25,B6,14771,11193,28,35,1139,0
2024-04-24,AA,12892,12478,55,52,1562,0
2024-01-01,DL,11433,13204,57,61,2382,0
2024-04-24,DL,13930,11298,40,55,909,0
2025-06-05,B6,13303,11298,36,43,2260,0
2024-02-28,AA,14057,10397,33,50,1759,0
2025-02-20,AS,14107,15016,47,50,985,0
2025-07-02,AS,12478,14057,75,83,2347,0
2024-10-02,B6,14057,13303,118,137,357,0
2025-04-30,DL,12892,14869,48,63,1158,0
2025-09-19,AS,13930,12892,32,45,2985,0
2025-06-09,WN,14107,12266,103,109,1193,0
2025-02-11,AS,11433,15016,92,84,981,0
2025-09-15,B6,12478,13303,89,81,2839,0
2025-03-22,WN,10397,14057,65,85,1047,0
2024-01-12,UA,12892,10397,110,101,2482,0
2025-07-25,F9,10397,11298,-3,-10,236,0
2024-07-25,AA,15016,12266,59,55,2701,0
2025-01-18,UA,13204,14107,116,122,1269,0
2025-10-17,AS,11433,12478,48,60,1773,0
2025-01-22,F9,14869,10397,81,82,575,0
2025-01-20,DL,10397,15016,0,-10,1956,0
2025-04-26,WN,13303,11298,-10,8,836,0
2025-02-14,UA,14057,15016,48,56,1270,0
2024-12-06,B6,13204,12892,-1,13,414,0
2025-05-20,UA,10397,11298,72,63,2873,0
2025-05-28,NK,14771,14057,120,115,1647,0
2025-11-17,NK,10397,12892,58,74,532,0
2025-01-02,DL,14771,12892,67,73,1179,0
2024-04-14,WN,14771,13204,-15,-11,1461,0
2024-08-24,AS,12892,15016,22,38,1927,0
2025-02-16,UA,10397,11298,81,84,344,0
2025-04-09,AA,14057,12892,74,79,2807,0
2025-02-28,B6,12266,13930,66,79,1459,0
2025-07-25,UA,15016,10397,80,88,548,0
2025-04-18,WN,12478,14771,45,63,1677,0
2024-02-16,DL,14107,12478,57,48,1610,0
2025-08-03,AS,11193,14869,106,97,2101,0
2024-09-16,DL,14057,14869,-15,-25,607,0
2025-02-12,B6,12266,14771,64,68,1979,0
2024-08-14,NK,14869,14771,-8,1,455,0
2025-11-02,NK,15016,11298,0,13,2190,0
2025-02-17,WN,12266,12478,85,83,2948,0
2025-02-02,NK,11433,13930,116,130,1899,0
2024-08-14,B6,14771,13204,105,102,895,0
2025-09-15,DL,11298,12478,96,91,351,0
2025-10-19,WN,13303,13930,33,37,658,0
2025-04-14,AS,11433,14771,32,27,2144,0
2025-10-27,WN,11193,15016,17,25,1926,0
2024-07-19,AS,14107,13930,54,53,911,0
2025-05-07,AA,11193,12266,35,55,2128,0
2025-08-08,UA,11298,14771,-15,-6,2105,0
2025-01-27,B6,12478,14107,120,112,2220,0
2024-10-30,B6,14107,12266,-14,-10,345,0
2024-06-23,WN,11193,11298,61,68,1788,0
2025-07-18,UA,11193,14869,95,87,1981,0
2025-06-30,DL,11298,15016,1,-3,1811,0
2025-06-29,WN,10397,12892,31,44,2595,0
2025-07-03,WN,11433,12478,116,118,2194,0
2025-08-02,DL,14107,14869,39,41,1047,0
2025-11-01,DL,12478,13204,112,106,2222,0
2024-01-25,UA,11193,12892,44,42,398,0
2025-09-03,AS,11193,13930,-15,-8,227,0
2025-02-17,UA,12266,11193,98,99,1490,0
2024-08-07,NK,12892,11298,75,90,1304,0
2024-06-19,AS,11298,14057,-13,-17,630,0
2024-07-06,F9,12892,11433,79,99,623,0
2024-04-18,AA,13930,11193,46,45,2747,0
2024-06-17,F9,10397,13930,51,61,1880,0
2024-05-10,AA,14771,13930,25,45,2928,0
2024-03-18,WN,14771,13303,97,109,339,0
2025-08-03,UA,14107,11298,-8,-5,1697,0
2024-05-30,AS,13303,12266,104,107,2225,0
2024-02-04,AS,12266,14107,60,50,1411,0
2025-06-15,NK,12478,13204,93,110,2368,0
2025-01-30,F9,14869,13930,72,66,1476,0
2025-07-16,AA,13204,10397,99,108,861,0
2025-04-11,UA,14869,14771,29,35,479,0
2024-07-05,DL,14107,12892,70,68,2155,0
2025-07-26,F9,11433,14869,101,111,2463,0
2025-03-06,WN,14057,10397,29,24,1512,0
2025-04-22,F9,15016,12478,1,5,569,0
2025-06-29,NK,13303,12478,81,77,689,0
2025-06-10,AS,12266,13930,92,96,1557,0
2025-03-05,F9,15016,13930,71,69,1861,0
2025-05-04,NK,15016,13303,-12,-7,2903,0
2025-09-26,AA,12478,14057,36,30,2535,0
2025-10-10,AS,13204,10397,35,39,1842,0
2024-06-03,AA,10397,11193,48,68,617,0
2025-03-17,UA,14869,15016,98,101,368,0
2024-04-29,DL,14057,12478,41,48,2890,0
2024-10-19,WN,14771,13303,19,24,235,0
2024-03-29,UA,13303,12266,69,77,1423,0
2025-09-14,AA,12266,14107,10,11,2967,0
2025-09-04,DL,12266,14869,69,86,2740,0
2025-04-07,F9,10397,14107,83,92,1533,0
2025-08-03,UA,11298,12266,1,-7,2336,0
2024-08-12,DL,12892,11433,111,125,2223,0
2024-04-17,F9,11193,12478,26,31,1920,0
2024-11-02,UA,15016,12266,78,72,760,0
2025-05-25,WN,13930,11298,65,59,1786,0
2024-07-13,DL,14771,11298,-10,3,1058,0
2025-10-17,DL,11298,13930,9,0,1940,0
2025-05-07,NK,12478,14107,100,99,2387,0
2025-03-25,AA,14869,12478,29,48,1065,0
2024-10-18,F9,14057,12266,91,84,1972,0
2025-11-22,B6,14869,13930,36,41,2123,0
2025-02-08,F9,11193,13204,111,121,2648,0
2025-05-22,WN,12478,13303,50,56,2989,0
2024-03-08,DL,12266,11433,6,16,1803,0
2024-03-19,AS,11433,12892,59,73,853,0
2024-12-12,F9,14057,12266,4,11,407,0
2025-09-03,WN,12266,11433,0,-8,324,0
2025-08-20,NK,10397,12892,95,98,1967,0
2024-10-22,B6,11433,12266,94,91,260,0
2025-03-10,DL,14107,13204,8,15,1231,0
2024-10-31,WN,10397,14057,44,60,274,0
2024-09-04,AS,15016,12266,14,18,1831,0
2025-06-05,AA,12266,14107,89,109,1815,0
2025-02-27,DL,15016,11193,40,52,1801,0
2024-10-03,F9,14107,11193,111,127,1141,0
2024-09-15,WN,12892,11193,111,126,2892,0
2025-06-24,AS,12478,11298,21,24,2534,0
2024-09-07,B6,13303,14107,117,115,2482,0
2024-10-20,AA,12478,13303,85,97,1333,1
2025-08-26,B6,13930,14107,24,21,255,0
2025-05-04,DL,12266,13303,-13,-3,690,0
2024-07-10,AS,13930,14869,68,70,673,0
2024-06-25,AA,14869,12892,88,87,2364,0
2025-05-03,DL,12478,10397,36,28,2609,0
2024-10-27,B6,14869,13303,45,41,1611,0
2025-04-30,UA,10397,11433,118,124,2352,0
2024-07-11,AS,13930,13303,85,76,1784,0
2025-04-07,WN,14057,13930,77,90,1492,0
2025-11-25,AA,15016,12478,34,27,505,0
2024-04-29,NK,11193,13303,21,17,1556,0
2024-11-28,DL,13930,14771,19,22,1488,0
2025-09-15,AA,14107,12892,23,43,270,0
2024-12-02,DL,12478,12892,34,48,568,0
2025-06-01,WN,13204,14771,89,99,1615,0
2025-01-11,WN,11298,15016,38,44,1943,0
2025-04-11,F9,15016,11433,107,106,2351,0
2024-10-08,DL,11433,13930,2,20,2554,0
2025-11-28,B6,12892,13303,108,116,2718,0
2025-10-09,F9,13204,15016,111,101,1773,0
2024-05-13,AA,14057,14771,17,12,2119,0
2025-05-23,B6,10397,12892,63,66,1224,1
2024-02-26,F9,12892,14771,-9,-3,1599,0
2024-06-19,AS,13204,12266,77,96,425,0
2024-08-07,AS,11193,13204,74,71,1303,0
2024-06-02,WN,12892,11433,55,67,2939,0
2025-01-11,DL,14771,13204,40,33,2674,0
2024-12-07,UA,12266,15016,53,49,211,0
2025-05-19,AA,13930,14869,-6,0,576,0
2024-01-30,F9,10397,11298,101,121,896,0
2024-12-23,AA,14107,12892,38,50,752,0
2025-01-26,F9,14107,13930,94,106,2801,0
2025-01-01,AA,11298,13204,6,17,1045,0
2024-05-09,WN,12266,14771,100,117,1779,0
2024-02-01,NK,14107,10397,84,93,1257,0
2025-10-21,DL,15016,11433,57,49,2612,0
2024-10-25,WN,12266,15016,17,29,1758,0
2024-01-06,AS,14057,10397,17,14,1411,0
2025-10-29,AA,14869,11298,50,70,2008,0
2025-01-01,B6,11193,11298,52,49,666,0
2024-03-03,B6,13930,14771,110,127,2060,0
2025-02-04,AS,12892,14057,54,59,2603,0
2025-04-12,AA,10397,12266,106,124,1209,0
2024-02-13,DL,12478,13303,48,49,2706,0
2024-11-03,UA,14771,10397,60,54,1915,0
2025-10-27,B6,13930,11298,14,5,354,0
2024-07-06,B6,11433,12478,-9,-1,1429,0
2025-11-13,WN,14057,13303,89,100,1664,0
2024-04-27,UA,13303,13930,3,-1,1217,0
2024-10-19,WN,14107,11433,91,104,1369,0
2024-07-12,WN,14057,13204,-3,11,1604,0
2024-08-15,NK,13930,14869,61,65,2258,0
2024-01-11,UA,15016,14107,-9,-19,2214,0
2025-06-02,F9,14057,15016,74,94,1509,0
2024-06-30,AA,13930,14057,120,114,753,0
2024-01-17,DL,10397,14057,32,44,1915,0
2025-06-12,NK,14771,14869,53,56,592,0
2025-08-02,F9,12478,13303,61,73,1972,0
2025-06-08,UA,10397,12892,70,60,2719,0
2025-05-15,AA,13930,15016,81,96,568,0
2024-09-01,UA,14057,11298,118,116,217,0
2025-07-12,WN,11298,11193,-7,-5,1400,0
2024-05-11,DL,15016,11433,110,110,2146,0
2024-05-02,AA,10397,13303,38,41,902,0
2024-09-20,NK,11433,12478,-2,-4,1057,0
2024-06-24,UA,13303,15016,-5,-1,2269,0
2024-08-26,AS,11433,12266,82,75,1137,0
2024-01-17,B6,15016,10397,9,21,1828,0
2024-09-08,AA,13303,14057,17,35,373,0
2024-03-05,UA,11193,11433,71,72,558,0
2025-01-12,B6,13204,10397,-7,-15,638,0
2024-08-23,AS,11433,14107,24,39,2099,0
2024-09-23,DL,10397,14869,4,13,2322,0
2024-11-12,AS,14107,12266,119,112,2360,0
2025-04-24,B6,14771,11298,51,62,2239,0
2024-06-14,NK,14107,10397,1,-6,2613,0
2025-07-25,B6,14057,13204,107,115,920,0
2024-06-30,WN,13204,11298,96,94,2207,0
2024-05-30,AA,14869,14057,10,22,1150,0
2024-10-30,AA,14057,12266,111,117,514,0
2025-08-17,WN,11433,14057,45,49,2192,0
2025-09-13,NK,11433,13303,116,132,1675,0
2024-07-26,UA,12892,14771,-11,-8,216,0
2024-02-20,DL,13303,10397,15,19,1432,0
2024-09-08,WN,15016,14107,37,33,2703,0
2024-08-22,WN,10397,13204,6,22,511,0
2025-05-02,AA,10397,12478,116,121,2223,0
2024-05-10,WN,13930,11433,111,130,2789,0
2025-07-28,DL,15016,12478,97,103,2234,0
2025-07-06,F9,14057,13303,87,96,2838,0
2024-01-15,WN,11193,12478,48,66,2227,0
2024-04-24,NK,13303,13204,7,26,1805,0
2025-03-05,AA,12266,11298,60,66,2873,0
2025-06-12,AA,13930,12478,76,70,775,0
2024-10-10,AS,14057,12478,80,83,2048,0
2024-05-07,UA,11433,15016,83,80,247,0
2024-03-04,DL,14771,14869,44,52,1687,0
2025-05-03,NK,11433,14107,84,94,2412,0
2025-03-02,AS,11298,12478,20,13,470,0
2025-11-30,B6,14107,13930,63,66,353,0
2025-07-28,UA,12892,11433,107,127,2409,0
2025-01-27,NK,11298,14869,20,15,2159,0
2025-04-10,WN,12266,14057,31,41,2106,0
2025-07-17,WN,13303,12892,3,17,1464,0
2024-09-03,AS,14869,15016,117,110,764,0
2025-04-08,UA,15016,11193,0,7,1058,0
2025-06-08,UA,14107,10397,25,36,970,0
2025-07-29,AS,11298,13204,4,19,942,0
2024-07-11,DL,12478,14771,56,71,1960,0
2024-01-05,NK,13930,13303,102,116,785,0
2024-10-31,NK,14771,12266,109,117,581,0
2025-06-14,B6,12478,14771,52,55,1437,0
2024-12-31,UA,14057,14771,17,25,1865,0
2024-06-04,NK,11298,11193,86,101,2735,0
2024-05-03,AA,12266,15016,7,12,1957,0
2024-11-12,NK,14771,11298,-5,-13,2385,0
2025-06-07,WN,11193,12892,70,88,2856,0
2025-11-30,UA,11298,13930,89,99,2449,0
2025-11-19,AS,13930,12478,105,96,1047,0
2024-09-14,WN,12478,14107,2,-4,1754,0
2024-05-06,NK,12266,11298,72,78,2234,0
2024-05-20,NK,12478,11433,-12,-1,2024,0
2025-05-24,F9,13303,13204,-4,12,1429,0
2025-08-31,B6,11433,13204,-1,1,1580,0
2025-05-09,UA,15016,13204,91,107,1529,0
2025-01-30,DL,11433,12892,66,77,2691,0
2025-10-14,AA,13930,13204,115,125,2119,0
2024-08-16,F9,10397,14057,11,19,1098,0
2025-03-25,DL,14057,10397,2,8,2831,0
2025-11-25,AA,13303,14771,-9,-15,287,0
2025-10-19,NK,14057,15016,45,62,413,0
2024-03-14,AA,13930,14771,-1,12,792,0
2024-05-20,DL,13303,12478,-7,-6,549,0
2024-06-20,WN,12892,14869,73,86,1600,0
2025-05-20,B6,14771,12892,60,76,2172,0
2025-01-24,B6,10397,14107,102,115,628,0
2025-04-16,AA,14869,11298,95,113,488,0
2025-09-18,AA,15016,13303,35,38,2400,0
2025-01-02,DL,10397,14107,114,128,1839,0
2024-04-26,UA,14771,13303,79,76,2168,0
2024-03-09,B6,11193,12892,72,90,2123,0
2024-07-18,DL,15016,14771,83,79,1282,0
2024-10-24,NK,12892,15016,76,84,486,0
2025-03-14,NK,11433,13303,120,111,2623,0
2024-09-27,DL,11298,14869,98,98,782,0
2025-01-22,F9,12478,11298,118,117,2183,0
2024-03-27,AS,12892,14771,51,64,1458,0
2024-04-15,AA,15016,13930,53,65,1744,0
2024-12-17,NK,15016,10397,55,72,2387,0
2025-10-09,NK,14107,11433,68,77,2043,0
2024-09-18,DL,15016,13204,5,1,274,0
2025-07-16,AS,11298,11193,93,95,340,0
2025-08-03,DL,13204,13303,119,134,2454,0
2025-09-28,WN,13303,14057,92,111,635,0
2024-07-12,F9,11433,13204,20,26,2286,0
2024-07-13,AS,11433,14107,0,-6,719,0
2025-03-11,B6,14107,14057,-15,3,289,0
2024-12-31,UA,14057,11298,88,91,2217,0
2024-11-06,WN,12266,12478,14,16,2167,0
2025-11-30,DL,14869,12892,108,101,1677,0
2024-04-12,NK,14057,11193,77,69,1578,0
2024-05-13,AA,14057,12266,-7,-9,1396,0
2024-11-30,UA,11193,14869,79,69,1278,0
2024-04-15,DL,11433,12478,87,105,286,0
2024-02-18,NK,10397,14771,101,102,1371,0
2025-07-25,AA,14057,12892,85,85,2163,0
2025-07-07,NK,13204,14869,52,51,319,0
2024-03-19,DL,12478,14057,120,117,1667,0
2025-06-17,AS,11433,14107,107,101,1510,0
2025-04-26,UA,15016,13930,-11,-15,791,0
2025-03-16,UA,13204,13303,-14,-2,2315,0
2024-07-12,F9,12478,11193,-9,-19,334,0
2024-07-16,B6,13204,12266,108,111,1017,0
2025-01-26,NK,12892,15016,6,8,1372,0
2024-07-15,DL,15016,10397,-4,-7,1256,0
2025-01-06,AS,13204,14057,103,101,2565,0
2024-02-15,AS,12266,13303,51,43,2959,1
2025-05-12,F9,13930,14057,86,81,1314,0
2024-07-10,UA,13303,13204,46,53,1705,0
2024-05-04,F9,13204,15016,38,30,1702,0
2024-08-16,WN,11193,13930,81,79,2875,0
2025-08-11,NK,14107,13204,-9,-10,1051,0
2024-08-07,DL,12266,12478,112,128,981,0
2025-10-20,F9,12478,11298,90,105,1706,0
2024-06-25,F9,15016,11193,26,43,2350,0
2025-08-20,DL,14771,10397,66,66,208,0
2024-12-29,NK,13930,10397,103,102,375,0
2025-08-05,F9,12478,10397,117,108,1919,0
2025-08-01,AA,13204,12266,0,6,2048,0
2025-07-21,AS,13204,12478,50,64,446,0
2025-01-13,UA,11298,12892,85,81,2461,1
2024-12-28,DL,14057,13204,43,51,2375,0
2024-09-27,UA,11193,14771,37,27,2476,0
2024-10-22,NK,11433,14771,57,50,1238,0
2024-04-30,B6,12892,12266,97,88,2097,0
2024-02-16,WN,13303,15016,52,55,2682,0
2025-01-23,UA,10397,15016,110,120,1101,0
2025-08-01,NK,15016,12478,87,82,1972,0
2025-10-01,WN,12266,13930,73,72,1729,0
2024-02-13,DL,13303,11433,80,75,387,0
2025-05-09,WN,14057,13303,73,76,1247,0
2024-05-28,UA,14869,11193,46,59,557,0
2024-06-23,UA,14869,12892,98,107,1973,0
2024-11-20,F9,15016,12266,70,71,1968,0
2024-10-06,AS,11298,13303,114,122,988,0
2025-05-06,DL,11433,14869,114,105,2235,0
2024-03-22,F9,12892,10397,32,51,962,0
2025-03-14,WN,11193,14057,103,111,1616,0
2024-01-02,UA,15016,10397,84,94,2491,0
2025-05-12,DL,11193,12478,71,91,2696,0
2025-03-17,WN,12266,13303,50,63,2278,0
2025-02-01,AS,13204,11298,30,49,1792,0
2024-04-01,UA,11298,12478,63,78,2176,0
2025-04-02,B6,11298,12478,71,62,365,0
2024-08-12,DL,14057,14771,-1,-2,314,0
2024-04-26,WN,11298,11433,2,7,1849,0
2024-06-24,WN,10397,14107,33,37,2977,0
2025-02-16,B6,14057,15016,20,30,375,0
2024-11-17,F9,12266,14057,47,47,731,0
2024-11-01,WN,12892,13204,12,32,885,0
2024-03-26,F9,10397,11433,72,87,989,0
2024-02-11,NK,14057,10397,64,71,346,0
2025-08-28,UA,12266,12478,13,8,959,0
2024-09-19,AS,11193,13303,54,54,1325,0
2025-09-29,F9,13930,12266,110,109,1670,0
2024-01-25,F9,13204,14771,61,56,561,0
2025-08-08,WN,11193,12478,28,19,1558,0
2025-08-01,B6,12266,13930,88,78,1265,0
2025-10-06,F9,13930,11433,20,10,1389,0
2025-12-01,B6,12478,11193,109,129,1438,0
2024-08-12,F9,12266,13204,62,53,2202,0
2024-01-28,F9,11433,12266,88,90,1974,0
2024-03-16,AA,13303,11298,27,24,1845,0
2024-11-14,B6,11193,10397,99,98,2038,0
2025-02-04,UA,12266,14771,79,77,1053,0
2024-12-05,UA,14057,12266,80,72,238,0
2024-06-06,B6,13204,11298,72,77,654,0
2025-03-05,DL,13303,10397,72,67,1461,0
2025-01-27,AA,14057,10397,114,104,1057,0
2024-01-04,UA,12892,13303,62,74,1177,0
2025-08-28,UA,13204,14107,57,76,2092,0
2025-07-28,AA,13204,10397,26,41,2664,0
2024-07-02,NK,14107,12478,59,61,1767,0
2024-03-31,WN,14057,12266,97,102,1907,0
2024-06-14,DL,11433,12266,22,32,2531,0
2025-06-01,AS,14869,11193,13,17,769,0
2024-09-26,DL,13930,10397,30,39,1724,0
2025-06-28,B6,14057,15016,65,64,909,0
2024-11-20,F9,13204,10397,64,81,2363,0
2025-09-19,AS,14057,11433,118,134,2952,0
2024-10-04,AA,14771,11433,-4,13,1742,0
2025-03-13,AA,11193,11433,-11,-12,1923,0
2025-08-22,WN,10397,12266,8,15,1080,0
2025-04-02,UA,12478,12266,67,62,2853,0
2025-06-12,AA,12892,13204,49,42,1342,0
2025-03-21,AA,13303,13204,93,88,2416,0
2024-06-28,AS,13303,11298,-15,-7,2097,0
2024-11-16,DL,12478,14107,118,129,2810,0
2024-11-14,AS,13930,14771,103,108,1482,0
2025-02-21,WN,13303,13204,47,65,807,0
2025-06-29,B6,11193,12892,118,128,757,0
2025-11-22,F9,10397,12266,14,19,529,0
2025-11-01,F9,13930,11298,-9,-5,1449,0
2024-11-23,B6,12266,12892,115,127,1896,0
2024-03-22,F9,11193,14771,43,57,832,0
2024-03-25,AS,11433,11298,42,40,2410,0
2025-07-29,B6,10397,11193,112,128,2159,0
2025-10-29,F9,12266,14107,9,23,296,0
2025-02-08,B6,14869,14107,64,84,2325,0
2025-11-23,B6,11193,15016,9,29,1968,1
2025-07-28,NK,14057,13204,13,12,1377,0
2025-11-04,UA,15016,12478,-12,-15,2161,0
2024-02-01,DL,14771,13204,56,53,795,0
2025-08-25,UA,11193,15016,94,102,1619,0
2024-08-04,UA,13204,14107,58,55,383,0
2024-11-23,AS,14771,12266,115,130,1849,0
2025-04-13,UA,14057,11298,110,110,1646,0
2024-03-06,UA,10397,14771,66,81,923,0
2024-12-06,WN,11433,14107,18,15,1513,0
2024-05-10,UA,11298,11433,104,119,1959,0
2024-10-23,DL,12478,15016,20,14,1608,0
2025-10-17,F9,11298,14057,44,62,2836,0
2024-12-21,WN,13204,11433,79,85,1239,0
2024-03-20,NK,11193,15016,118,137,1742,0
2024-10-20,AA,11298,13930,-4,0,2775,0
2024-02-06,WN,10397,12892,95,97,985,0
2025-04-29,B6,15016,11298,115,128,1778,0
2025-06-10,AS,11298,13303,33,53,1013,0
2024-08-01,F9,13303,13930,39,45,1088,0
2024-04-23,WN,13930,13303,55,74,2706,0
2025-11-07,NK,11298,13204,36,49,715,0
2025-10-14,AA,11193,10397,74,86,1744,0
2024-07-22,NK,13303,12892,85,97,1721,0
2024-09-15,B6,14057,11433,64,76,218,0
2024-08-08,NK,13930,10397,92,103,1641,0
2025-07-26,UA,13204,11193,22,12,1293,0
2025-04-12,DL,13204,14057,92,110,2121,0
2024-12-18,NK,14869,11433,41,52,1381,0
2025-04-08,DL,11298,10397,87,107,2637,0
2025-05-12,WN,13204,12478,83,87,2907,0
2025-06-22,NK,13303,13930,79,76,1792,1
2024-03-22,WN,15016,13204,32,41,1998,0
2024-03-02,WN,15016,12478,-6,8,1565,0
2025-01-06,AS,15016,14771,47,64,403,0
2024-05-22,NK,13930,14869,24,32,2045,0
2024-08-20,DL,11433,14057,24,29,979,0
2024-12-27,B6,13303,13930,52,59,1946,0
2024-02-10,WN,15016,11193,20,24,1347,0
2025-02-16,WN,11433,12266,38,43,1809,0
2025-10-03,UA,13303,11433,58,56,2382,0
2024-09-24,AS,12266,11298,79,71,290,0
2025-03-06,DL,12892,15016,86,103,2459,0
2025-08-28,UA,14057,14869,68,86,1967,0
2025-05-29,UA,14057,15016,31,21,452,0
2025-06-28,DL,13930,12266,55,51,2862,0
2024-11-26,NK,14771,15016,95,94,2797,0
2024-06-08,UA,12266,14869,119,112,2768,0
2025-09-09,WN,11433,13204,-2,-12,255,0
2025-05-28,WN,11298,14107,-2,-2,991,0
2025-05-02,NK,14107,14057,70,76,281,0
2024-06-09,F9,13204,11193,93,90,2043,0
2024-09-19,AA,10397,13930,116,136,2078,0
2024-05-05,B6,14771,14869,1,5,752,0
2024-11-19,AA,13930,14771,60,64,1819,0
2025-08-01,DL,12478,13303,98,109,2264,0
2024-11-08,WN,13303,11433,35,54,1065,0
2024-02-11,F9,14869,12478,91,94,601,0
2025-03-13,F9,14057,10397,-7,7,2211,0
2025-02-10,UA,13930,14771,59,75,1908,0
2025-08-08,F9,14771,11433,-12,-18,2275,0
2025-06-19,F9,14107,14869,39,58,2096,0
2025-10-04,AA,14057,13303,39,42,1120,0
2024-08-23,AA,14057,14869,22,31,1083,0
2024-03-12,WN,14057,15016,60,60,2743,0
2025-01-29,UA,14869,13930,98,101,2075,0
2025-05-14,AA,13204,11298,34,43,2449,0
2024-09-20,AA,14869,12266,95,97,2503,0
2025-01-30,UA,14771,11433,85,100,370,0
2024-01-16,F9,11298,10397,100,98,1433,0
2024-03-18,AA,14057,11298,117,134,2705,0
2025-10-10,B6,14771,13303,48,59,2472,0
2024-01-19,UA,15016,13204,78,68,913,0
2024-03-20,AA,13930,11298,81,80,2740,0
2024-08-13,AS,10397,14869,43,63,2979,0
2024-01-13,WN,12892,13930,90,102,400,0
2025-03-02,DL,13303,10397,29,43,2281,0
2025-03-01,NK,14771,14869,59,53,2144,0
2024-12-08,AA,13930,13303,72,71,957,0
2025-10-28,F9,10397,14107,44,52,2978,0
2025-10-15,AS,14057,11193,60,55,691,0
2025-08-01,AA,12478,13204,-7,-3,927,0
2024-03-04,UA,14869,13930,52,68,423,0
2025-10-24,B6,12478,13204,-3,17,1663,0
2025-11-12,DL,10397,12478,25,43,1192,0
2025-02-05,UA,14771,14869,57,66,2628,0
2024-01-11,UA,13303,14869,38,35,354,0
2024-08-30,UA,12892,15016,113,103,2466,0
2024-01-02,F9,14057,14869,-11,7,1926,0
2025-04-01,NK,14057,14107,14,13,653,0
2025-05-03,AA,13303,11433,6,-3,589,0
2024-10-09,UA,13204,10397,70,67,1530,0
2025-11-21,DL,12478,14057,17,20,227,0
2025-05-28,F9,11298,12892,120,131,437,0
2024-04-29,WN,12478,11298,104,103,757,0
2025-02-03,WN,10397,13930,26,30,932,0
2025-07-15,AS,11298,12892,75,88,309,0
2025-08-15,DL,14057,11298,79,69,1648,0
2024-10-02,DL,11433,10397,-5,-4,2346,0
2025-09-28,DL,11298,12478,77,91,2425,0
2024-07-15,DL,14107,13930,51,60,967,0
2024-10-14,F9,11433,13303,7,24,314,0
2025-10-31,DL,13204,12478,45,63,2656,0
2025-11-19,AS,13930,11433,114,111,2989,0
2025-06-21,AA,12266,10397,69,63,2813,0
2025-10-11,DL,11193,11433,10,3,1220,0
2025-03-21,AS,11433,14771,114,105,2576,0
2025-11-19,B6,12478,10397,44,43,2168,0
2025-11-13,AA,13204,11433,109,114,2363,0
2024-05-27,NK,11298,14771,34,34,981,0
2025-01-06,WN,15016,11433,-11,-8,1292,1
2025-09-08,B6,13303,12266,-12,1,894,0
2024-03-24,F9,14107,15016,18,14,1745,0
2025-11-26,AS,14057,11193,65,85,852,0
2024-07-28,AS,13204,13303,94,95,2773,0
2025-06-06,NK,14771,10397,-7,-2,1737,0
2024-07-07,F9,15016,14107,76,85,1711,0
2024-08-10,WN,12478,12892,23,31,452,0
2024-12-08,UA,12892,11298,-14,6,222,0
2024-11-20,F9,10397,14057,37,34,833,0
2024-02-10,AS,14057,11433,116,111,2441,0
2024-06-09,AS,12892,13930,97,112,2659,0
2025-05-18,DL,11298,13303,1,19,759,0
2025-02-07,DL,11193,15016,24,33,2812,1
2024-06-06,AS,12892,13204,95,93,1935,0
2025-01-30,F9,14107,11433,37,36,425,0
2025-04-20,B6,11193,14057,12,3,1369,0
2025-06-22,AA,14107,12266,-4,9,2035,0
2025-06-29,AA,11193,13303,4,-4,1207,0
2025-03-27,UA,14057,14107,-12,-20,1737,0
2024-11-27,AS,15016,12478,49,61,1807,0
2025-10-29,B6,11298,13930,84,94,2835,0
2024-07-10,B6,14771,12478,26,43,1415,0
2024-12-09,WN,15016,11433,53,53,2581,0
2024-12-24,AS,11433,11193,-6,-14,374,0
2024-11-21,AA,12478,14107,81,100,2922,0
2024-12-10,AA,12478,12266,-5,-5,2127,0
2025-06-17,AS,13204,12266,72,82,462,0
2025-07-30,F9,13930,12892,50,44,1371,0
2024-06-22,F9,11433,14771,43,44,1434,0
2024-01-05,B6,13930,11298,93,111,1742,0
2025-08-09,AS,15016,14057,45,39,2949,0
2024-05-09,WN,12478,11298,-3,-2,2739,0
2024-08-02,F9,14107,12266,83,77,1884,0
2024-06-23,AA,13303,12266,46,64,1588,0
2025-11-27,NK,13204,11193,118,120,1608,0
2025-11-22,UA,11298,12266,31,27,744,0
2025-03-01,WN,14771,13204,110,102,972,0
2024-02-13,AA,15016,14107,80,81,2978,0
2024-11-14,B6,12266,14107,96,113,885,0
2024-06-09,UA,11433,14107,24,42,1651,0
2024-12-06,AA,11433,12478,88,88,2647,0
2024-02-10,WN,13204,14771,47,56,1194,0
2024-07-15,UA,10397,12892,31,29,2410,0
2025-05-30,WN,11433,15016,8,19,2024,0
2025-07-25,DL,13204,14771,111,103,2761,0
2024-07-13,F9,12266,12478,1,21,783,0
2024-10-19,B6,13204,13303,18,31,2188,0
2024-09-19,DL,14057,14869,97,108,1024,0
2024-05-19,NK,13930,10397,115,124,2248,0
2025-09-29,AS,12266,11298,110,128,1954,0
2024-09-30,UA,13930,12478,66,86,1848,0
2025-04-14,NK,10397,11193,53,70,579,0
2025-05-01,WN,11433,12266,59,68,1875,0
2025-09-04,DL,14869,11193,99,99,2771,0
2024-02-04,F9,14869,14057,72,83,2092,0
2025-05-30,F9,14107,13303,68,62,1168,1
2025-07-31,WN,14771,10397,89,85,1483,0
2024-10-14,DL,14771,10397,55,48,2839,0
2024-09-25,DL,10397,14107,38,42,2381,0
2024-01-29,AA,11298,14869,56,69,1616,0
2024-03-25,F9,14057,13204,-6,-3,1449,0
2024-10-15,F9,15016,11433,74,93,2317,0
2025-01-22,UA,10397,12266,97,114,1345,0
2024-12-29,B6,13204,14771,99,105,507,0
2025-06-05,AA,10397,14057,116,113,2940,0
2025-09-13,AA,11193,12892,89,101,2108,0
2024-12-04,AA,14107,14057,32,36,1353,0
2025-10-14,AA,13204,12478,84,88,1445,0
2025-10-23,AA,13204,12892,-10,10,690,0
2025-05-03,NK,14107,11433,98,114,2927,0
2025-11-22,NK,13204,14869,94,88,1821,0
2024-08-16,B6,14107,14869,59,67,2715,0
2025-05-19,B6,14869,14771,93,110,1526,0
2024-11-04,AA,12892,13930,86,78,1806,0
2024-05-10,NK,13303,11433,86,94,2149,0
2024-09-02,AA,10397,14107,104,99,1993,0
2025-08-26,AA,12478,14057,28,36,2021,0
2024-11-28,DL,13303,13204,2,10,369,0
2025-05-14,WN,13204,11298,92,85,556,0
2025-01-02,WN,13303,11193,7,23,548,0
2025-02-21,WN,12892,10397,-4,7,1362,0
2025-07-27,B6,11298,10397,9,28,1681,0
2024-05-18,NK,13930,12892,76,93,1778,0
2024-05-07,WN,14869,10397,39,34,2248,0
2025-09-27,F9,14107,11433,24,16,522,0
2025-02-23,NK,11433,14107,77,71,520,0
2025-09-04,WN,12266,14869,89,107,1324,0
2024-11-19,AS,14869,13303,74,75,1076,0
2024-08-27,F9,15016,12266,13,19,912,0
2024-08-16,WN,13204,14869,78,74,202,0
2024-05-07,DL,13204,12478,62,53,1354,0
2024-07-15,AA,13303,12892,108,98,950,0
2024-01-24,WN,11433,12266,63,78,1212,0
2024-05-04,B6,13204,12478,27,25,2286,0
2024-06-29,NK,11433,14869,68,58,1168,0
2024-04-06,AS,13204,11433,-11,-7,1959,0
2024-02-02,WN,14869,14771,31,33,2567,0
2024-09-19,F9,13204,15016,68,64,1206,0
2024-12-28,F9,12892,12478,83,97,973,0
2025-01-30,WN,14771,13204,-3,6,1014,0
2024-03-11,NK,11298,13204,66,64,2213,0
2024-06-10,UA,14057,10397,52,51,1118,0
2024-12-08,AA,15016,14057,55,52,2006,0
2025-07-27,AS,11298,12478,105,117,562,0
2024-05-05,NK,10397,14107,103,109,1310,0
2025-09-20,WN,15016,12478,-12,-18,2502,0
2024-07-08,UA,12266,11193,70,62,276,0
2024-02-17,UA,12892,12266,116,108,1733,0
2024-02-23,WN,14869,14107,32,50,1220,0
2024-11-16,B6,14771,10397,85,89,2262,0
2024-05-09,B6,13303,13930,35,25,415,0
2025-01-17,F9,13930,12892,41,56,2328,0
2025-11-16,F9,13204,12478,116,116,2993,0
2024-07-31,UA,11433,13303,79,73,1253,0
2024-07-16,NK,14107,13204,72,69,780,0
2025-03-07,UA,11298,14057,68,68,2424,0
2025-06-23,DL,10397,13303,-15,-24,2722,0
2024-02-25,DL,10397,12478,-10,-19,679,0
2025-03-15,AA,13204,12892,113,114,2512,0
2025-10-24,AA,12892,13204,111,130,486,0
2024-03-28,AA,12478,14869,16,8,377,0
2024-01-10,WN,13303,14869,80,99,1707,0
2024-05-19,AS,13930,11298,40,30,1016,0
2024-08-31,F9,13930,12266,102,102,1945,0
2025-02-14,UA,12892,12478,26,39,2054,0
2025-01-05,WN,14869,15016,1,-4,1207,0
2024-12-30,B6,11433,14107,13,9,1034,0
2025-05-19,NK,14057,13303,51,64,2385,0
2024-08-01,WN,14869,14107,88,100,2081,0
2024-06-30,NK,12892,11298,22,12,451,0
2025-10-11,B6,14107,12478,52,69,567,0
2024-04-23,AA,11193,12892,75,76,268,0
2025-02-19,NK,13303,13204,83,76,1901,0
2025-09-24,F9,11193,12892,59,51,636,0
2025-08-16,UA,14771,14869,55,46,1417,0
2024-12-01,AA,12478,10397,15,25,1738,0
2025-03-11,AS,13204,13303,41,57,2309,0
2024-12-12,AA,11193,13930,17,33,1265,0
2025-08-08,AA,14057,10397,37,44,2786,0
2024-12-21,F9,15016,13204,29,25,452,0
2025-07-11,UA,15016,14057,37,53,1122,0
2025-10-27,B6,10397,13204,59,69,1355,0
2025-03-01,B6,14107,13204,113,111,1202,0
2025-11-07,AA,11433,12266,59,67,291,0
2024-08-25,NK,13303,12478,65,55,1968,0
2024-11-20,UA,15016,11433,31,28,1057,0
2024-12-08,F9,14057,13303,24,27,1046,0
2024-11-18,UA,11298,12266,104,122,619,0
2025-08-07,AS,12478,10397,109,99,1055,0
2025-04-13,AS,14107,14771,9,15,770,0
2025-03-17,NK,12266,14869,71,81,1559,0
2025-07-21,F9,11298,12892,49,45,2934,0
2024-06-04,NK,11193,14869,70,84,2602,0
2024-04-04,NK,11433,12478,44,47,1250,0
2024-08-02,B6,12478,10397,53,48,1199,0
2024-01-19,NK,12478,14057,101,101,2384,0
2024-02-18,AA,13303,12892,38,38,2618,0
2025-08-01,B6,12266,12892,100,93,1147,0
2024-03-15,WN,10397,12266,-10,-2,2188,0
2025-03-08,UA,13303,14057,8,2,1971,0
2025-03-17,F9,13930,15016,87,98,1562,1
2024-10-20,AA,13930,13303,114,106,1291,0
2025-06-16,NK,14057,14869,66,65,1227,0
2025-08-30,NK,15016,13303,54,63,1941,0
2024-06-11,UA,11193,11298,77,79,1164,0
2025-01-16,NK,11193,11298,57,65,1909,0
2025-03-15,AS,13303,13204,-2,9,2598,0
2025-04-18,DL,12892,12478,7,15,2509,0
2024-04-05,NK,14771,13204,48,45,2986,0
2024-06-28,DL,10397,14107,54,47,1360,0
2025-01-10,DL,12266,14771,81,90,1092,0
2025-08-06,B6,14107,13303,17,21,931,0
2025-05-04,WN,14771,11298,57,51,2166,0
2024-01-08,F9,12266,14869,103,95,769,0
2024-10-02,UA,13303,11193,57,53,1048,0
2025-05-22,AS,14057,15016,103,122,1840,0
2025-04-07,NK,11193,13204,91,81,1828,0
2025-08-10,NK,13303,11298,-11,9,228,0
2024-03-10,WN,10397,13303,41,32,729,0
2024-06-14,NK,12478,14107,25,34,259,0
2024-03-09,B6,13303,15016,29,41,2683,0
2025-04-26,NK,13930,11298,37,40,861,0
2024-11-23,WN,13204,11433,50,43,1557,0
2024-02-25,F9,13930,11298,-6,9,948,0
2024-05-07,UA,13303,14771,105,123,544,0
2025-02-05,NK,14771,15016,96,99,1968,0
2024-03-18,UA,12266,12892,65,80,1962,0
2024-05-03,AA,11193,12266,1,0,1801,0
2025-08-22,AA,13930,10397,88,108,2146,0
2024-12-26,NK,10397,13303,84,104,1411,0
2025-02-19,UA,14869,12892,85,90,221,0
2024-04-24,UA,11433,13303,-10,-15,1992,0
2025-06-20,WN,14771,13303,85,96,1209,0
2024-06-07,B6,14869,14057,5,23,853,0
2025-04-07,NK,13303,11193,47,53,2820,0
2024-11-27,F9,14107,15016,29,19,271,0
2024-05-10,F9,13204,15016,87,82,2775,0
2024-12-18,F9,12892,13930,71,88,1128,0
2024-03-01,B6,11433,12478,49,58,2477,0
2024-01-21,AA,13930,11298,84,103,2141,0
2024-08-21,WN,13303,11433,-4,-12,220,0
2024-05-29,AS,15016,13930,100,119,2278,0
2024-08-13,DL,14107,10397,113,116,382,0
2025-01-23,B6,11433,13204,69,70,1165,0
2025-07-30,WN,13204,14057,97,117,789,0
2025-06-22,F9,11193,14107,4,-2,2197,0
2025-04-01,AA,13930,14107,57,72,1389,0
2024-07-26,B6,14107,12266,111,125,2739,0
2025-08-30,B6,13303,11433,7,14,494,0
2025-03-03,DL,13930,13303,8,-2,2887,0
2025-10-09,DL,12478,14869,75,94,2760,0
2024-04-13,F9,11298,14057,97,111,357,0
2024-08-27,DL,14869,12266,24,23,1863,0
2024-03-04,B6,15016,14107,76,85,2906,0
2024-12-10,AA,14057,14107,3,-2,2265,0
2024-01-06,AA,15016,12266,2,22,1297,0
2025-04-22,AA,15016,12266,61,69,2702,0
2024-11-07,DL,14771,11433,102,114,450,0
2025-10-06,F9,10397,14869,101,110,955,0
2024-12-22,F9,10397,14107,57,70,2873,0
2024-05-26,AA,11298,13303,62,62,2357,0
2024-05-14,AA,12266,14869,13,17,2792,0
2024-03-23,F9,14057,12478,118,119,865,0
2025-08-11,NK,13204,10397,-7,-16,685,0
2024-08-27,B6,13930,11193,90,107,1172,0
2025-09-27,DL,14057,11298,120,132,2970,0
2024-09-26,UA,13303,11298,72,71,544,0
2024-06-02,AA,12892,14107,106,98,1625,0
2025-01-03,B6,13930,13204,105,97,2873,0
2024-01-30,AS,14057,14869,104,114,1423,0
2025-04-24,F9,15016,12478,46,43,2200,0
2024-04-21,AA,12478,12892,5,10,563,0
2025-11-27,AA,11298,14057,88,80,686,0
2025-03-02,F9,11193,12892,105,96,321,0
2024-09-22,WN,11298,12266,39,56,1022,0
2024-02-01,UA,12266,12892,81,83,1037,0
2025-08-08,WN,12478,12266,72,87,1864,0
2025-10-02,WN,14869,15016,-14,-2,389,0
2024-11-08,AS,15016,11298,14,33,889,0
2025-09-27,UA,14869,13930,52,67,1704,1
2024-12-21,WN,14771,13204,52,51,906,0
2025-01-29,F9,14869,14107,50,55,1252,0
2024-08-08,DL,13303,14107,-15,-13,609,0
2025-03-06,DL,14107,14869,-6,9,2440,0
2025-07-22,AS,12478,13204,33,41,1831,0
2025-11-15,NK,15016,12892,43,37,824,0
2024-08-17,WN,13303,14057,13,17,305,0
2024-04-13,UA,14771,10397,16,22,1691,0
2024-03-08,UA,13930,12266,85,75,2426,0
2024-03-21,AA,12892,11433,49,41,2309,0
2024-09-11,AA,15016,14771,67,67,905,0
2025-09-14,DL,10397,13303,8,-1,1462,0
2024-09-07,B6,12266,13303,79,94,301,0
2024-08-22,AS,11298,14771,51,41,2690,0
2025-07-01,DL,12892,15016,28,38,2686,0
2025-04-01,AA,11193,12478,-5,-15,2306,0
2024-08-22,NK,13303,11193,56,56,2506,0
2025-07-18,B6,15016,11193,74,68,636,0
2025-08-07,NK,11433,11298,64,55,2310,0
2025-05-02,NK,14869,13303,99,100,2588,0
2024-01-08,DL,13204,11193,-13,-16,809,1
2025-01-03,WN,14869,14771,76,71,378,1
2025-06-20,AS,13930,14869,39,33,239,0
2024-02-26,AS,14771,11193,41,54,2755,0
2024-12-15,AA,14869,12478,-1,15,839,0
2025-08-06,AS,14107,14869,110,114,1182,0
2024-03-14,NK,11298,14869,117,132,2097,0
2025-10-17,NK,11193,14869,12,13,1579,0
2025-06-15,AS,15016,14771,98,117,658,0
2024-06-17,AA,14869,13204,119,124,2489,0
2024-08-19,F9,13930,14869,41,49,2748,0
2025-02-03,WN,15016,14057,77,77,2900,0
2024-02-17,B6,11298,14107,96,99,1468,1
2025-09-09,DL,12478,10397,77,90,351,0
2025-12-01,B6,14869,13204,21,35,1930,0
2025-01-05,WN,13303,12892,-13,3,2203,0
2025-06-05,AS,10397,12892,78,78,2692,0
2024-05-24,NK,11298,14771,36,44,2872,0
2025-11-18,UA,14057,14107,88,96,2366,1
2025-03-18,WN,12478,14107,96,94,2594,0
2024-03-25,WN,11433,14057,-1,4,1659,0
2024-03-18,AS,13303,12478,79,83,2146,0
2025-04-10,F9,14107,11433,120,110,2115,0
2025-11-26,WN,14869,13303,-8,-5,766,0
2024-12-01,AA,14869,13930,29,33,1634,0
2024-10-13,UA,14107,11193,105,104,2235,0
2024-11-05,AA,11193,12892,0,-6,615,0
2025-01-29,AS,14771,11433,72,75,1564,0
2025-10-05,AA,13930,12892,96,108,1534,0
2024-11-09,WN,11193,14869,87,90,547,0
2025-11-14,WN,13930,15016,119,127,2823,0
2024-07-31,DL,11433,10397,-10,2,976,0
2024-06-05,UA,12892,12478,29,45,2927,0
2025-02-06,DL,12478,12892,63,68,295,0
2024-01-31,AS,14107,15016,85,95,1521,0
2024-05-27,B6,11298,14057,-7,-4,851,0
2025-08-13,B6,12892,11298,101,116,1995,0
2024-06-18,NK,12892,14869,98,94,1757,0
2025-07-10,AA,10397,14057,39,34,1285,0
2025-08-17,B6,14057,14869,103,108,505,0
2025-10-31,AS,12266,13303,29,24,2171,0
2024-04-24,F9,12266,14057,12,13,1643,0
2024-05-30,AA,11433,13204,39,39,1995,0
2024-02-29,UA,15016,12266,57,66,1247,0
2024-05-24,B6,13303,11433,114,125,1981,0
2024-08-29,AA,12892,14869,111,114,2462,0
2024-03-27,DL,14057,15016,35,52,1192,0
2025-06-08,F9,14107,11193,115,127,1602,0
2025-09-10,F9,13303,15016,112,127,1287,0
2024-05-20,DL,13303,11193,74,81,2058,0
2024-08-03,F9,13303,15016,86,78,1610,0
2024-10-03,AA,13204,10397,8,10,292,0
2024-02-27,NK,13204,11433,18,30,1628,0
2024-04-29,DL,14057,13930,74,76,2587,0
2024-04-29,B6,15016,13930,42,37,2056,0
2025-09-26,DL,13204,11433,89,93,758,0
2024-05-23,DL,11433,14771,-13,-17,2096,0
2024-04-02,UA,13303,11298,40,45,543,0
2025-08-31,AS,11433,11193,6,3,1065,0
2024-05-20,NK,13204,12892,-7,-7,1948,0
2025-10-07,NK,11193,13930,65,55,2244,0
2024-02-22,B6,12478,10397,82,100,1566,0
2025-04-19,WN,13204,15016,43,42,617,0
2024-05-22,WN,13930,13303,74,86,2761,0
2024-02-13,DL,12266,15016,91,109,1812,0
2025-04-17,DL,14107,13303,100,108,2372,0
2024-10-16,NK,14107,13204,74,64,2318,0
2025-11-17,F9,15016,14771,110,124,2281,0
2024-10-01,DL,11433,14057,51,44,1456,0
2025-12-01,AA,11193,13204,43,54,1989,0
2025-03-15,WN,13303,11193,34,24,491,0
2024-05-13,DL,12892,12478,113,104,206,0
2025-09-22,B6,12266,14107,-1,2,2482,0
2025-06-23,DL,12266,13204,66,70,1298,0
2025-09-03,UA,12266,10397,-6,-12,1868,0
2024-04-03,AS,14771,13204,-3,11,2924,0
2024-10-09,NK,11298,11193,50,45,2994,0
2024-03-14,AS,15016,11193,21,34,2628,0
2025-10-11,DL,11433,13303,-7,-11,251,0
2024-11-07,WN,13204,12892,106,107,1675,0
2025-04-07,B6,14057,12478,44,53,630,1
2024-10-13,DL,14057,13303,26,32,512,0
2025-09-21,F9,14057,13930,31,41,1266,0
2025-06-09,F9,12266,11193,103,102,2536,0
2025-02-13,B6,12266,12478,104,106,2420,0
2024-09-22,AS,12478,12266,4,12,1396,0
2025-11-30,AA,12266,13204,31,26,408,0
2025-02-07,UA,14057,14107,109,100,2286,0
2024-08-22,B6,11193,14057,-5,-11,802,0
2025-10-13,WN,14869,13930,28,40,1555,0
2024-12-08,AA,12478,11433,49,45,1542,0
2024-09-23,WN,14057,14771,21,24,575,0
2025-07-28,B6,11193,14057,51,45,2426,0
2024-07-25,WN,11193,12266,113,118,2743,0
2025-04-23,NK,11298,12266,63,82,2311,0
2025-05-20,WN,11298,15016,22,41,887,0
2024-03-21,DL,15016,13930,54,64,1476,0
2025-07-10,F9,11433,14771,0,8,1459,0
2025-09-13,UA,11433,11298,89,108,1163,0
2024-03-16,WN,13204,11193,-1,-10,1218,0
2025-07-10,AA,11433,14107,109,103,1276,0
2025-09-04,NK,11298,13303,88,100,1834,0
2025-01-28,UA,14057,12892,110,109,1812,0
2024-04-12,WN,15016,10397,109,128,2665,0
2024-08-20,NK,14107,14771,15,7,211,0
2024-05-21,WN,11298,11433,24,35,732,0
2024-01-09,AS,11433,10397,45,38,2442,0
2025-06-11,F9,10397,11298,67,78,2845,0
2025-01-14,UA,11433,14057,88,87,2352,0
2025-01-07,AS,14107,12266,39,30,2445,0
2025-01-31,DL,14057,12266,69,69,915,0
2025-08-10,B6,10397,11433,-8,-13,1597,0
2025-11-04,DL,14869,13303,64,83,2727,0
2024-01-19,NK,14057,13930,45,53,1616,0
2025-10-12,DL,14107,11298,120,117,1803,0
2024-11-17,AA,13930,12892,9,8,2170,0
2024-02-03,WN,11298,12478,92,85,1767,0
2025-05-08,NK,11298,14107,70,84,848,0
2024-01-31,B6,11433,14869,-4,9,654,0
2024-09-19,UA,11298,14771,76,85,1326,0
2024-05-27,AS,12266,12892,111,130,2451,0
2025-02-23,B6,12478,14869,88,93,509,0
2025-06-25,DL,15016,12892,64,54,2598,0
2025-10-04,UA,15016,14057,23,34,2190,0
2024-06-12,AS,14771,11193,36,28,1595,1
2024-12-04,AA,12266,12478,-11,4,468,0
2024-09-26,AA,13204,13930,23,42,1977,0
2025-07-02,AA,15016,12892,37,45,256,0
2024-05-22,DL,11193,14057,59,68,420,0
2024-05-11,NK,15016,11433,41,45,1589,0
2025-06-04,AS,12266,14869,-9,-5,652,0
2025-05-05,AA,11298,14869,112,110,2395,0
2024-11-27,B6,14057,13204,60,59,1614,0
2024-03-27,B6,11298,14771,31,40,1037,0
2024-11-17,F9,12478,14771,22,21,783,0
2024-10-01,NK,12266,10397,9,9,2118,0
2025-11-01,AA,11433,12266,12,4,1973,0
2025-05-13,B6,14869,14771,40,43,394,0
2025-05-04,B6,11298,11193,14,30,1004,0
2024-11-29,F9,11298,11193,21,39,1170,0
2025-03-31,UA,14107,10397,3,-1,2191,0
2024-10-09,UA,14057,12478,117,123,1198,0
2024-04-17,AA,13930,13204,51,63,2109,0
2025-07-16,AA,13930,14869,48,68,2011,0
2024-07-28,AA,11298,13930,44,54,2641,0
2025-05-21,WN,10397,12892,20,21,278,0
2025-01-26,WN,13204,11433,102,108,2619,0
2025-05-04,B6,14057,14771,95,93,896,0
2025-09-11,F9,15016,12478,110,129,1749,0
2024-11-10,AS,14869,13204,41,49,507,0
2024-12-09,AA,12892,11433,66,67,2238,0
2024-05-31,DL,13204,14057,96,105,2682,0
2025-03-01,UA,12892,14107,81,90,2015,0
2025-03-14,DL,13204,11298,45,55,1958,0
2024-10-02,UA,14771,14107,116,129,2594,0
2024-10-02,B6,15016,13930,116,128,1550,0
2025-07-18,DL,14107,12478,-12,-7,1935,0
2024-04-11,AS,13930,11433,111,128,2353,0
2025-11-05,F9,10397,11193,7,13,2801,0
2024-06-13,UA,12892,14107,106,117,728,0
2024-01-15,B6,10397,11298,110,106,2692,0
2025-07-01,DL,14771,15016,-7,-9,1306,0
2024-10-13,WN,13204,15016,84,98,218,0
2025-04-18,NK,11433,14107,96,110,2566,0
2024-05-09,UA,14771,14869,120,111,1650,0
2024-07-09,DL,11298,10397,-14,4,2224,0
2025-11-16,F9,14057,12478,26,20,1737,0
2025-02-08,WN,14869,14107,49,49,2698,0
2024-09-11,DL,12892,11433,22,18,1267,0
2024-05-02,F9,13204,11193,93,102,639,0
2025-03-24,F9,11298,14057,58,54,1402,0
2025-09-20,DL,11193,12266,44,59,1826,0
2025-07-28,WN,13930,14869,34,42,1528,0
2024-03-26,WN,14107,14057,105,103,1470,0
2025-03-29,AS,14057,15016,7,4,1967,0
2025-07-31,UA,11433,13930,-11,-17,902,0
2024-01-10,UA,14771,15016,11,25,1734,0
2024-10-08,AA,13930,13204,105,123,2187,0
2025-07-23,AA,15016,13204,38,57,2948,0
2025-02-25,AS,12266,10397,68,85,958,0
2024-02-19,NK,11193,14771,98,92,1499,0
2025-04-11,UA,11298,12266,62,80,1786,0
2025-01-01,DL,15016,14771,33,35,1014,0
2024-08-26,B6,11298,11433,107,113,1558,0
2024-09-11,DL,14107,13303,74,65,1668,0
2024-09-21,F9,14771,12478,85,89,1394,0
2024-11-01,NK,12478,11433,36,28,2945,0
2024-03-07,F9,14771,14057,61,53,1663,0
2025-03-26,AA,13303,12266,-8,-5,1711,0
2025-11-20,AS,10397,12266,-3,-10,752,0
2024-09-07,F9,14107,10397,94,108,1744,0
2024-09-24,DL,11193,11433,50,64,858,0
2025-07-28,WN,11193,12892,42,32,2784,0
2024-07-28,NK,12478,11193,0,12,464,0
2024-03-13,AA,14771,11193,-8,-8,2761,0
2025-09-10,B6,11193,14869,73,88,2639,0
2024-04-08,F9,12478,11433,49,61,951,0
2024-05-06,UA,14869,13204,118,126,1505,0
2024-05-10,AS,14107,14869,-11,-21,462,0
2025-09-17,NK,11193,10397,97,101,1484,0
2025-03-19,WN,12478,14107,3,0,1206,0
2024-09-21,B6,13303,11193,35,25,965,0
2025-07-18,WN,13303,11433,38,31,2187,0
2025-03-05,NK,10397,13930,-8,7,762,0
2025-02-23,UA,13204,14869,-1,19,955,0
2024-09-08,AS,12478,13303,111,129,1263,0
2024-02-13,AS,14771,13204,110,110,1357,0
2025-05-01,UA,14771,11433,1,2,278,0
2024-07-25,NK,10397,11298,61,80,2938,0
2025-10-03,WN,14771,10397,56,52,1270,0
2024-11-19,F9,15016,14057,11,22,2844,1
2024-09-05,UA,14107,13930,48,52,2446,0
2025-11-22,AS,14107,13204,113,126,1570,0
2024-11-12,B6,13930,11193,58,58,2201,0
2024-03-05,AS,11433,13930,42,41,1540,0
2025-07-06,B6,13930,11433,55,75,2278,0
2025-07-08,B6,14107,10397,103,116,789,0
2024-01-14,AA,15016,12892,74,85,1441,0
2025-04-24,NK,11193,14771,98,93,2714,0
2025-06-08,NK,12266,15016,103,112,1393,0
2024-06-17,F9,11298,12478,-12,5,1532,0
2024-04-21,UA,11193,13303,108,120,409,0
2025-06-06,B6,13303,13930,-13,1,2895,0
2025-11-25,UA,12266,11193,97,99,1567,0
2024-12-26,F9,12266,13930,89,90,1081,0
2025-03-10,NK,13930,14057,80,93,2565,0
2025-06-15,F9,12478,12892,91,95,1791,0
2024-03-03,WN,13930,15016,119,124,1547,0
2024-11-11,AS,11193,11433,111,117,2210,0
2024-06-07,AA,13204,14869,66,84,1786,0
2025-02-09,F9,12892,13303,37,56,750,0
2024-07-21,AA,14771,14057,41,50,1235,0
2025-08-07,F9,14107,14869,-13,-11,2221,0
2024-03-19,WN,13303,14057,44,57,2105,0
2024-03-24,NK,15016,14057,118,131,621,0
2025-01-04,DL,12478,13930,33,25,1307,0
2024-05-30,B6,13930,13204,98,96,2011,0
2024-08-18,UA,15016,12266,87,89,960,0
2025-09-17,NK,13204,12892,96,101,1323,0
2025-01-28,AS,11433,11298,94,100,2412,0
2025-08-09,DL,15016,13930,42,37,2929,0
2024-11-08,B6,15016,13303,38,51,1087,0
2024-07-01,B6,12892,10397,66,81,2267,0
2025-10-28,AS,10397,12478,107,123,1961,0
2025-10-19,DL,13930,15016,93,107,2567,0
2024-04-23,NK,10397,12892,4,19,655,0
2024-10-24,UA,14057,11433,10,27,1648,0
2025-02-03,NK,11193,14771,115,123,2947,0
2025-02-11,UA,11433,13930,0,15,2105,0
2025-09-28,AS,12266,14107,72,76,300,0
2024-05-01,F9,14771,12892,55,73,1460,0
2025-03-08,AS,10397,12266,72,81,2761,0
2025-01-12,AA,14107,11193,-6,8,2257,0
2025-11-16,F9,12266,11433,84,86,1846,0
2025-05-07,AA,13303,11193,66,70,778,0
2024-11-11,WN,14107,12892,92,101,2391,0
2025-06-19,AA,13930,12892,60,68,1630,0
2024-04-23,B6,10397,11298,6,14,1102,0
2024-10-18,DL,11298,11433,12,9,1519,0
2024-02-11,UA,11193,13303,9,15,2572,0
2025-01-26,F9,15016,11433,37,32,743,0
2024-04-29,AA,12266,14057,20,22,534,0
2024-05-30,UA,11298,11433,27,34,2644,0
2024-07-06,AA,14057,14107,104,115,2878,0
2025-05-04,DL,10397,12892,76,69,2915,0
2025-01-27,UA,14057,11193,56,76,1208,0
2024-07-27,NK,12478,10397,32,36,880,0
2024-08-24,AS,12478,14869,-13,-19,1005,0
2025-01-07,AA,12266,13303,40,42,451,0
2024-11-05,DL,14107,14771,79,82,475,0
2024-08-06,UA,15016,13303,57,50,2996,0
2024-09-18,F9,14869,14107,62,53,1113,0
2025-10-31,F9,11433,13930,72,72,2319,0
2025-08-14,UA,12892,12266,35,37,2539,0
2025-01-11,UA,11433,13930,9,17,1561,0
2025-05-06,WN,14057,10397,78,77,2684,0
2024-02-04,AS,13303,12478,36,35,2371,0
2024-02-29,AS,12892,12478,79,76,1269,0
2025-03-02,B6,15016,13204,-6,13,1679,0
2025-03-06,F9,13204,10397,19,22,2417,0
2025-04-27,DL,11433,14869,13,5,366,0
2024-12-15,NK,11298,12892,49,42,1008,0
2024-07-20,AS,14869,15016,30,47,989,0
2024-07-04,AS,11193,13303,80,84,1476,0
2024-11-24,F9,13303,12266,116,123,1850,0
2025-05-23,DL,10397,14771,36,39,1839,0
2024-03-02,AS,14057,12478,31,24,1634,0
2024-03-14,B6,13930,14869,25,19,2255,0
2025-06-14,AA,11298,12892,51,58,1262,0
2025-02-05,NK,14057,12478,70,63,1898,0
2025-03-12,B6,12892,13204,8,15,1077,0
2024-11-30,WN,12478,13204,107,99,425,0
2025-05-26,NK,11193,11433,12,32,350,0
2024-02-13,B6,14869,15016,28,34,526,0
2025-10-21,NK,10397,13930,1,-6,1767,0
2024-05-30,DL,14107,13303,99,106,1127,0
2024-05-09,NK,15016,13930,102,95,2612,1
2025-10-17,DL,10397,14771,61,55,1410,0
2024-01-29,UA,12478,10397,57,59,724,0
2024-05-06,AA,11433,10397,57,53,1900,1
2024-04-30,WN,15016,14869,3,22,2787,0
2024-04-13,AA,15016,13930,27,44,829,0
2024-10-27,UA,13204,13930,87,99,2178,0
2024-07-02,UA,11193,11433,-7,-5,928,0
2024-08-16,UA,11433,14869,13,11,2434,0
2025-10-07,NK,13204,11433,98,93,1987,0
2024-08-24,NK,11193,14107,104,95,1971,0
2025-06-01,F9,11193,12892,117,120,1433,0
2024-12-27,AS,14057,11433,-2,7,1669,0
2025-04-06,F9,13204,12266,72,84,2684,0
2025-04-26,WN,15016,13930,5,11,617,0
2024-06-04,NK,15016,14869,55,48,672,0
2025-11-21,WN,10397,13930,44,50,1249,0
2025-05-31,AS,14107,11298,36,45,2537,0
2024-06-18,WN,13303,12266,102,115,2719,0
2024-12-14,WN,14869,12892,-14,-4,957,0
2024-09-30,AA,13204,10397,-11,1,2694,0
2024-10-08,NK,13930,10397,-10,-15,1270,0
2025-05-16,DL,14107,11433,100,108,1597,0
2024-11-04,B6,15016,13930,106,125,709,0
2024-04-23,B6,11193,15016,3,20,1746,0
2024-01-05,WN,13303,12892,85,86,2266,0
2025-07-21,AS,12478,15016,31,30,1835,0
2024-09-29,F9,15016,12892,14,29,1295,0
2024-03-02,AS,13204,14057,118,138,2361,0
2025-01-14,B6,11433,12478,52,46,1403,0
2025-08-17,UA,11193,11298,-5,13,1150,0
2024-01-04,NK,11298,14771,15,27,1125,0
2025-02-21,AA,13930,11193,37,39,2216,0
2025-01-22,AA,11433,13930,10,8,238,0
2024-10-18,AA,14057,14869,107,127,2730,0
2024-03-12,F9,12892,14107,-1,-11,2730,0
2025-11-26,F9,13303,11433,89,96,1991,0
2024-04-13,WN,14057,14869,33,53,1456,0
2024-06-10,DL,13303,12266,21,38,2414,0
2024-07-08,AA,11433,14771,31,45,2977,0
2025-09-03,AS,11193,15016,9,23,948,0
2024-05-25,B6,10397,14869,116,132,1144,0
2025-05-10,B6,14869,13930,11,24,1326,0
2025-04-24,F9,13930,12892,43,37,2054,0
2025-07-06,F9,11433,14869,61,71,482,0
2025-04-09,NK,11298,15016,8,12,1297,0
2024-09-17,B6,11193,10397,45,41,912,0
2024-07-03,UA,14869,14057,43,38,2089,0
2025-10-12,DL,13303,11433,48,54,1573,0
2025-04-12,WN,12478,14869,47,63,380,0
2024-12-27,B6,11433,13303,23,30,2224,0
2024-02-11,AS,12892,13303,28,46,1657,0
2024-09-10,DL,15016,11193,-3,-8,595,0
2025-06-01,UA,14869,12266,67,69,774,0
2025-01-22,AS,11298,14107,112,119,747,0
2024-10-18,DL,12266,11298,4,22,1751,0
2024-03-11,F9,14771,12892,104,114,859,0
2025-06-18,AS,11433,13204,82,74,2167,0
2024-10-26,DL,10397,14869,8,19,2192,0
2024-06-23,F9,13930,12478,-11,-2,691,0
2025-11-06,WN,12478,13204,90,88,1961,0
2024-07-26,F9,13204,11193,-5,14,706,0
2025-10-12,F9,11193,13204,54,58,1274,0
2025-02-09,B6,14869,12266,-3,-11,1473,0
2024-03-28,UA,13930,10397,26,40,275,0
2024-03-27,UA,12478,11193,7,16,284,0
2024-02-07,DL,12478,14771,88,104,2305,0
2025-04-14,DL,11298,13930,22,13,2153,0
2024-07-15,UA,13303,13204,105,107,2209,0
2025-06-26,AS,11298,13204,69,80,1601,0
2024-12-18,DL,11193,14771,80,76,988,0
2025-04-25,B6,13930,12478,98,94,1457,0
2024-06-17,UA,12266,12478,117,132,1083,0
2024-08-05,F9,14057,10397,85,89,1329,0
2025-10-21,AA,14869,11298,84,101,2517,0
2024-01-16,WN,13204,13303,73,82,1806,0
2024-10-04,WN,13303,14057,66,83,2219,0
2024-08-27,B6,15016,12892,85,93,802,0
2025-06-07,AA,11298,14771,-15,-20,1115,0
2025-06-07,AS,12892,12478,43,53,1455,0
2024-05-13,NK,14107,13303,27,19,978,0
2025-01-12,WN,11298,14057,16,35,1322,0
2024-08-11,AS,14771,11193,-10,-20,798,1
2025-03-04,UA,11193,13204,66,71,639,0
2024-03-28,AS,11298,14771,44,34,2033,0
2024-04-22,UA,12478,13204,78,89,761,0
2024-04-10,B6,13930,11193,53,61,1773,0
2024-10-29,WN,14107,12266,57,51,1509,0
2025-06-04,B6,12892,13303,81,80,2912,0
2025-01-06,WN,11298,11433,12,19,2068,0
2024-10-31,NK,14869,11433,79,86,1986,0
2024-03-04,AA,14771,14107,13,19,1450,0
2025-08-26,AA,13930,14057,81,96,909,0
2024-06-19,UA,13930,13204,77,72,924,0
2025-01-18,WN,14869,14057,82,81,1037,0
2024-01-01,DL,11193,13204,40,53,1469,0
2025-11-13,WN,11298,11193,116,130,1109,0
2025-05-14,DL,14869,14057,12,4,789,0
2024-09-21,NK,11193,14057,12,25,2524,0
2024-11-13,UA,13204,10397,89,97,2928,0
2024-12-03,B6,14771,12266,15,29,2033,0
2024-06-29,F9,13303,13930,7,22,1887,0
2024-03-18,AA,14057,13303,48,60,1601,0
2025-01-02,DL,13303,14869,-14,4,1071,0
2025-06-28,AS,12478,13204,68,70,1620,0
2025-08-04,AS,13204,14107,107,112,1994,0
2025-08-11,B6,11298,12478,-15,-19,1158,0
2024-10-24,AS,14057,13303,60,73,1458,0
2025-08-29,DL,12266,14771,-9,-16,2636,0
2025-04-21,UA,12266,13930,-14,-6,2017,0
2024-03-18,AS,14057,14869,62,54,2476,0
2024-06-22,UA,11298,14107,107,119,2724,0
2024-12-09,DL,14107,14771,-8,4,1458,0
2024-01-29,F9,12892,11433,-14,-6,2886,0
2025-05-21,B6,13204,10397,79,82,2447,0
2025-03-23,AA,12892,14771,64,64,1240,0
2024-03-29,DL,13204,12478,-7,-7,2518,0
2024-01-27,NK,12266,14107,98,113,2159,0
2024-03-22,UA,13930,14869,1,-2,1891,0
2024-05-02,NK,13204,15016,75,78,834,0
2025-06-20,DL,13204,14107,1,6,283,0
2025-03-23,AA,11193,12266,64,65,565,0
2025-04-12,DL,12892,11298,94,87,724,0
2025-04-19,AA,14771,13303,-15,-1,2906,0
2024-07-12,F9,13303,14869,89,80,456,1
2025-09-06,UA,11193,13930,24,28,1997,0
2025-09-14,F9,14771,13204,92,111,1997,0
2024-08-23,F9,12478,13930,0,3,859,0
2025-07-06,NK,12892,14771,-14,-8,1548,0
2024-09-24,WN,14771,11193,17,11,1732,0
2025-04-29,UA,13204,11433,110,116,2043,0
2024-05-04,AS,14869,14057,89,85,1231,0
2025-08-20,UA,11433,14771,66,60,453,0
2024-04-03,F9,11193,11433,69,62,2341,0
2025-11-29,AA,12892,15016,46,45,1423,0
2024-01-01,UA,14057,11433,116,115,2009,0
2025-03-16,AS,14869,13303,53,57,1595,0
2024-07-25,DL,13930,10397,83,89,1468,0
2024-12-08,AA,11193,11433,12,8,1866,0
2024-06-10,DL,13204,14869,63,75,1096,0
2025-05-13,NK,13303,14107,-2,-11,387,0
2024-03-22,AA,11433,13930,19,34,1376,0
2024-01-07,AS,11433,14771,26,27,2975,0
2024-08-04,AS,15016,11193,38,43,2000,0
2025-05-18,AS,13204,11193,71,68,1546,0
2024-07-18,AS,12266,13303,51,44,1193,0
2024-10-11,AS,14057,12892,9,26,1381,0
2025-03-12,WN,12266,14057,120,137,977,0
2024-07-16,NK,11298,11433,23,18,1532,0
2025-06-07,F9,10397,13204,-2,10,1460,0
2024-08-17,AA,13930,11433,-7,-15,2900,0
2024-06-21,NK,15016,12892,117,125,2315,1
2024-05-17,NK,14107,13303,31,50,2825,0
2024-02-26,DL,10397,12266,21,31,2736,0
2024-02-08,AS,14107,13930,0,15,2527,0
2024-05-28,NK,13303,13930,47,56,1946,0
2024-10-18,F9,13303,12478,27,46,1052,0
2025-05-24,AA,12892,12266,62,65,1601,0
2024-07-06,NK,11433,14869,-9,-11,581,0
2025-10-26,AA,13204,13303,-3,5,1171,0
2024-03-10,NK,13303,12892,33,24,2213,0
2025-11-02,F9,10397,13303,31,38,239,0
2024-11-16,AA,11193,10397,38,44,284,0
2024-07-18,F9,15016,13303,11,21,2626,0
2025-02-07,F9,10397,11298,77,82,1929,0
2024-06-21,AS,14107,13204,57,72,2992,0
2025-11-04,AS,13204,14057,60,61,1824,0
2024-02-25,F9,14057,15016,60,72,1097,0
2025-04-14,WN,10397,12266,48,58,2439,0
2024-10-01,UA,12892,11298,94,109,2951,0
2024-07-30,UA,14771,10397,108,121,2138,0
2024-01-25,B6,12266,11298,40,47,540,0
2025-04-08,NK,13303,14771,115,123,2474,0
2025-06-14,NK,14771,12478,59,66,565,0
2024-08-26,AS,13303,12266,30,48,2222,0
2025-06-13,AA,12892,11298,-12,-18,969,0
2025-08-07,F9,11298,14771,45,42,2593,0
2024-08-10,AA,12892,14771,114,125,2447,0
2025-01-04,WN,14869,11298,106,106,874,0
2025-07-23,UA,14057,11193,13,22,1911,0
2024-12-02,WN,14057,12478,72,84,757,0
2025-03-01,AA,12892,14869,-13,4,1756,0
2024-12-30,NK,12478,12266,100,92,1184,0
2024-07-13,AA,13303,13204,58,52,465,1
2025-11-05,DL,11193,11433,13,29,1594,0
2024-02-10,NK,14107,10397,47,39,1482,0
2025-12-01,WN,14107,11193,-15,-4,1725,0
2024-06-14,AS,14771,13930,77,81,388,0
2024-03-13,AS,14869,13930,93,104,2310,0
2024-10-06,AA,15016,11193,58,48,2079,0
2024-08-06,F9,14107,14869,44,55,843,0
2025-04-03,UA,12892,13303,48,54,1283,0
2025-08-31,UA,10397,15016,-10,-6,2436,0
2024-05-22,UA,12266,13303,6,-1,1016,0
2025-05-31,NK,12892,15016,104,114,1982,0
2025-06-19,UA,12892,11193,7,19,1598,0
2024-11-23,UA,13303,14107,30,44,1365,0
2025-07-19,F9,13204,15016,102,105,2188,0
2024-09-29,WN,11433,15016,1,4,2616,0
2025-06-13,WN,13930,12892,51,71,1276,0
2024-11-16,AA,13930,12892,89,100,2540,0
2025-03-15,B6,13303,14107,71,74,2853,0
2024-11-11,AS,14869,13204,31,26,2900,0
2025-02-23,F9,13204,11193,25,43,2238,0
2024-05-28,F9,14107,13930,104,107,1219,0
2025-10-26,NK,14869,11193,4,17,678,0
2025-09-28,AS,14107,12266,64,84,2406,0
2025-11-27,WN,13204,11193,47,54,478,0
2025-08-17,F9,13930,11298,41,47,406,0
2025-10-29,AS,11298,12892,13,30,1275,0
2025-06-23,B6,11433,13204,17,19,2267,0
2024-06-09,WN,11298,11193,24,44,1046,0
2024-02-13,UA,14869,11298,53,65,2013,0
2024-11-08,DL,14771,14107,3,3,1355,0
2024-01-16,WN,10397,12478,107,119,762,0
2025-03-25,B6,12892,13303,69,59,902,0
2024-11-11,UA,12266,11433,61,62,478,0
2025-02-22,B6,14771,13204,-1,-7,1188,0
2024-05-06,WN,10397,14771,53,57,594,0
2025-08-23,AA,14107,14057,78,83,2015,0
2025-11-03,B6,12266,11433,87,83,485,0
2025-11-08,F9,12892,12478,77,74,1922,0
2024-10-21,F9,13204,14057,35,48,2247,0
2024-04-24,WN,10397,11193,78,71,1954,0
2024-11-23,AS,12478,10397,-12,-15,2491,0
2024-09-21,NK,14057,12478,29,31,947,0
2025-10-26,WN,14771,14869,-8,3,638,0
2024-07-17,B6,12892,14057,58,72,799,0
2024-10-02,UA,15016,12266,90,86,504,0
2025-11-26,UA,13303,11298,29,40,1844,0
2024-06-01,NK,14057,12478,79,70,2466,0
2024-01-08,NK,15016,14057,56,47,2234,0
2024-08-13,B6,13303,15016,2,5,784,0
2024-07-25,NK,10397,14107,18,31,1965,0
2024-05-14,AS,10397,15016,12,31,1353,0
2024-05-21,B6,11193,14869,98,93,2549,0
2025-09-29,NK,13303,15016,77,78,2531,0
2025-07-01,NK,12266,14107,70,67,820,0
2025-11-05,AS,13204,14107,86,77,1663,0
2024-10-24,AA,11298,11433,34,50,1199,0
2025-06-29,UA,13303,14057,65,77,2970,0
2024-02-06,NK,12266,15016,42,62,2669,0
2024-03-25,DL,14869,12478,15,22,2456,0
2025-11-14,WN,14057,11433,71,84,1392,0
2024-02-20,F9,13930,12478,25,37,491,0
2025-05-27,NK,13204,14107,60,64,1117,0
2024-12-02,WN,14107,14869,34,43,1967,0
2024-03-16,B6,14771,14107,26,29,1171,0
2024-01-13,B6,13204,11193,85,97,1508,0
2024-08-16,WN,12892,12266,69,69,794,0
2024-03-28,UA,14057,11193,-4,-11,1693,0
2024-01-14,UA,11298,14057,33,42,1358,0
2025-09-12,AS,10397,12478,1,7,1727,0
2025-07-17,DL,14869,11433,115,133,876,0
2024-05-09,WN,14869,11433,62,58,697,0
2024-06-28,F9,12266,11433,10,7,1475,0
2024-08-27,NK,12892,14771,34,43,1793,0
2025-02-08,AS,15016,14771,18,37,1189,0
2024-04-11,DL,11433,12892,84,98,1888,0
2024-12-22,NK,11433,10397,106,107,1634,0
2024-01-28,AA,12266,12478,-11,-6,1034,0
2025-08-22,F9,11298,14057,7,7,736,0
2025-09-18,UA,14771,15016,88,91,1766,0
2025-01-12,UA,11433,12892,33,43,1646,0
2025-01-23,F9,11433,12478,32,34,205,0
2025-11-11,F9,13204,13303,100,116,1675,0
2024-09-14,WN,14057,14771,115,107,1458,0
2024-09-11,WN,12478,11193,101,112,2155,0
2024-07-02,B6,13204,14057,47,56,390,0
2024-09-15,UA,11433,11193,81,83,1366,0
2025-04-16,UA,11433,11298,2,8,1403,0
2024-02-16,AS,11298,11433,89,92,371,0
2024-12-18,F9,13303,11193,96,102,2724,0
2024-02-13,WN,10397,11433,-12,-17,319,0
2025-06-19,F9,11298,14057,34,52,1966,0
2025-01-29,DL,11193,13204,54,58,1224,0
2025-02-28,NK,14057,12266,58,76,2362,0
2024-11-25,NK,11298,13204,46,60,2284,0
2024-07-16,UA,12892,15016,34,54,2581,0
2025-09-09,UA,14107,13204,102,117,1120,0
2024-10-21,AA,11193,13303,31,31,1063,0
2025-10-06,B6,14869,15016,0,17,899,0
2024-08-19,WN,12266,13303,72,85,2161,0
2025-03-02,DL,10397,11433,41,48,532,0
2024-07-20,UA,13303,14869,-7,3,2171,0
2025-11-27,DL,11298,15016,101,91,807,0
2025-02-12,AA,13303,14057,91,88,1194,0
2024-06-30,DL,11298,13930,50,67,1229,0
2025-06-15,F9,14771,13930,111,105,1490,0
2024-04-25,AA,13303,11298,-12,4,1813,0
2024-09-11,WN,14771,15016,105,100,955,0
2025-08-21,NK,15016,13303,82,73,2124,0
2024-02-06,NK,13930,13204,56,56,1467,0
2024-03-19,AS,13930,10397,57,66,1035,0
2024-05-08,AA,11298,13303,73,92,220,0
2024-05-01,F9,11298,13930,0,-7,2344,0
2024-10-15,WN,11193,11433,18,16,546,0
2025-05-19,F9,11193,15016,100,109,2263,0
2025-04-08,F9,13204,12892,104,123,367,0
2025-06-01,AS,13930,11193,0,-5,1131,0
2024-10-09,WN,11433,12892,103,111,2696,0
2025-11-23,UA,13303,14057,12,4,2678,0
2025-06-30,AS,14057,11193,29,47,1574,0
2025-09-05,NK,13303,10397,104,96,1933,0
2025-09-12,NK,14869,15016,-4,12,1163,0
2024-04-16,WN,10397,11298,4,11,426,0
2025-01-27,WN,13303,14057,79,73,2071,0
2024-08-18,F9,14869,13303,27,41,2061,0
2025-07-21,B6,14869,12266,67,71,2611,1
2025-05-15,WN,13303,14107,111,126,1962,0
2024-06-22,WN,12892,12478,22,30,1712,0
2024-06-05,AS,14771,13204,74,70,518,0
2024-07-17,AA,14107,11298,90,97,2945,0
2024-09-15,NK,13204,11193,25,31,1379,0
2024-03-18,DL,12266,13303,109,127,2984,0
2024-04-21,F9,11193,12892,72,75,1951,0
2025-11-03,NK,12478,15016,21,38,827,0
2024-07-16,UA,10397,12266,35,30,2625,0
2024-02-06,DL,14869,13204,40,57,1182,0
2025-09-09,F9,13204,11193,-13,-20,2157,0
2024-08-21,DL,14869,11298,81,81,878,0
2024-05-24,B6,11298,11193,-6,4,1384,0
2025-09-30,AS,13204,11193,76,82,1968,0
2024-02-16,AA,13204,11193,100,93,2729,0
2025-04-03,NK,11298,13930,19,32,2692,0
2025-02-28,F9,14771,13303,27,33,2167,0
2024-08-13,DL,13303,14771,-4,13,674,0
2024-10-19,F9,12478,11298,-5,-2,1356,0
2025-05-17,WN,13930,14869,40,39,2262,0
2025-02-19,B6,11298,11193,114,107,2034,0
2024-08-15,UA,12266,12892,120,124,2300,0
2024-08-03,UA,14057,14869,43,54,553,0
2024-06-07,AA,15016,11298,-12,1,2293,0
2024-03-30,WN,12478,14771,59,75,756,0
2024-07-19,F9,14869,10397,22,34,2487,0
2024-07-28,F9,10397,12892,19,17,227,0
2025-09-25,WN,11298,14057,1,-3,2369,0
2024-03-14,AA,11193,13930,11,30,1994,0
2025-01-29,UA,12892,11193,60,61,1735,0
2024-11-23,WN,15016,14771,67,69,966,0
2024-11-13,AA,14057,14107,27,41,1018,0
2024-04-14,AA,13930,12892,102,103,580,0
2025-02-02,AS,11433,13303,92,105,2340,0
2024-08-11,UA,10397,15016,5,18,702,0
2025-09-09,AA,13930,13303,57,51,1617,0
2024-02-13,NK,13930,11433,30,30,2537,0
2024-11-18,B6,13204,13930,3,18,2120,0
2025-02-12,F9,14057,15016,-5,-13,431,0
2025-06-23,UA,12266,13930,77,84,1824,0
2025-01-14,UA,11193,13930,38,57,571,0
2024-09-02,NK,12892,13303,91,90,2715,0
2024-01-02,F9,14107,11193,112,130,1341,0
2025-07-09,F9,13930,15016,-4,10,2718,0
2025-02-05,B6,14107,14771,40,32,1817,0
2024-08-31,F9,14107,13303,83,74,1257,0
2024-01-27,WN,12478,13303,3,0,813,0
2024-06-10,AS,10397,13303,109,129,1773,0
2024-04-05,WN,15016,14057,23,31,1986,0
2024-05-21,F9,13930,11433,95,99,2378,0
2024-04-17,AA,14107,13303,68,80,268,0
2024-05-20,F9,12478,11298,5,-4,2373,0
2025-08-19,AA,12892,12266,5,9,1632,0
2024-05-19,NK,13930,14107,-2,13,2915,0
2024-10-05,DL,14057,13204,-6,-2,1492,0
2024-02-26,B6,14107,11193,57,59,1130,0
2025-07-19,DL,11193,11298,-6,14,1955,0
2025-03-20,AS,13303,11433,34,43,2107,0
2024-06-06,B6,11298,12892,-12,2,2867,0
2024-04-14,DL,14107,13303,55,65,698,0
2024-12-11,AS,11433,12478,43,43,1478,0
2024-07-04,WN,14107,12478,70,61,2533,0
2025-10-21,B6,11433,13303,34,43,1891,0
2025-03-09,AS,12892,10397,78,68,1461,0
2025-06-20,NK,12266,12478,106,110,2970,0
2024-03-08,F9,14869,13303,-9,-10,1224,0
2025-05-01,F9,10397,11193,35,51,2239,0
2025-02-14,WN,14107,14057,77,76,2363,0
2025-02-08,AS,14057,14107,-1,-2,2911,0
2024-05-27,DL,14107,12266,104,117,695,0
2025-09-09,DL,14771,13930,12,22,1204,0
2025-05-04,UA,14869,12478,13,14,517,1
2024-01-01,WN,13303,11193,58,54,680,0
2024-09-18,AA,14869,12892,39,47,2866,0
2024-03-30,AS,13303,11193,94,96,454,0
2024-11-15,WN,12266,12478,88,86,1026,0
2025-02-10,AA,14057,12266,108,124,847,0
2025-02-19,NK,14107,11433,22,23,1427,0
2025-11-28,AA,11433,14869,118,133,685,0
2024-12-10,AS,13204,13930,0,18,1048,0
2025-07-21,NK,11433,15016,103,104,1739,0
2024-04-02,B6,14057,10397,91,109,1423,0
2025-01-22,B6,13930,14107,30,33,1532,0
2025-09-23,B6,11298,14771,116,124,713,0
2024-02-29,B6,12892,11433,-7,0,2002,0
2024-07-05,UA,10397,11433,28,30,873,0
2025-05-22,B6,14107,11193,41,42,201,0
2025-02-05,DL,13930,11433,18,37,1692,0
2025-11-05,B6,13204,13303,79,91,1198,0
2025-05-01,UA,13303,15016,90,110,2486,0
2024-12-17,AA,11433,11193,69,88,498,0
2024-02-09,F9,12892,14771,98,95,2473,0
2024-10-06,NK,12478,13204,13,33,447,0
2024-05-09,DL,14057,12478,71,65,2920,0
2025-03-04,WN,14771,11193,117,129,559,0
2024-12-24,B6,14057,14107,52,67,1338,0
2024-07-28,NK,12266,13303,61,75,953,0
2025-02-09,B6,15016,14057,64,73,2152,0
2024-09-07,F9,15016,14057,68,87,2834,1
2024-09-07,AA,13204,12892,63,62,984,0
2025-06-29,DL,14057,10397,10,12,1188,0
2025-01-08,AA,11193,14771,17,20,2430,0
2025-01-05,AS,15016,12478,62,64,569,0
2024-12-27,DL,15016,13930,65,72,2241,0
2024-05-18,DL,14057,12266,115,117,748,0
2024-04-02,B6,14771,14869,108,106,1669,0
2024-06-10,DL,14057,12892,78,72,1684,0
2025-10-05,WN,11193,12266,12,12,1886,0
2025-02-15,UA,14057,11193,19,27,1082,0
2024-10-19,UA,13303,12478,102,115,558,0
2025-06-30,UA,11298,11193,103,102,1189,0
2025-01-02,F9,13303,12892,87,77,2799,0
2024-10-23,DL,14107,13204,108,113,1029,0
2024-01-10,AA,12892,14771,-6,-5,780,0
2024-11-19,AS,13930,11298,8,20,2163,0
2024-10-03,NK,13303,12266,114,130,727,0
2024-03-28,B6,11298,11193,87,91,1141,0
2024-07-15,AA,10397,12266,37,40,2585,0
2025-11-15,B6,13930,12892,97,112,2341,0
2025-07-18,F9,11298,12266,34,27,742,0
2024-07-14,UA,14057,12892,25,34,2968,0
2024-06-22,AA,15016,14107,64,74,1295,0
2024-07-05,NK,14057,10397,29,28,2363,0
2024-07-24,WN,12892,14057,42,43,2004,0
2025-07-16,DL,14869,10397,34,53,1509,0
2024-09-18,AA,13204,11298,57,68,331,0
2025-05-14,UA,14107,11433,75,73,2945,0
2025-06-14,F9,12266,14869,115,106,1110,0
2024-04-26,B6,14771,15016,34,28,2384,0
2024-12-10,AS,12892,14869,-10,-11,756,0
2025-10-15,NK,12478,15016,79,95,1384,0
2025-06-16,DL,14869,14107,64,81,1962,0
2024-10-03,WN,14057,12266,97,105,358,0
2025-04-03,DL,12892,12266,120,115,513,0
2024-04-23,B6,12478,12266,69,80,1778,0
2025-02-11,NK,12266,14771,11,27,393,0
2024-09-08,AS,14869,12478,3,19,230,0
2024-07-08,F9,10397,11298,50,47,914,0
2024-02-24,UA,14869,14771,92,101,1300,0
2024-01-15,NK,11433,10397,53,72,770,0
2025-01-10,WN,11433,11298,44,62,2483,0
2025-06-03,B6,10397,14107,66,66,2596,0
2025-06-14,AA,10397,11433,66,74,1507,0
2025-07-05,AS,14771,11298,53,64,2246,0
2024-05-21,DL,15016,11193,33,50,2818,0
2025-09-24,AS,14107,13303,21,26,1858,0
2025-02-18,AA,13930,14869,22,33,266,0
2024-10-15,F9,12478,14107,90,96,1123,0
2024-03-16,DL,14107,11193,44,49,2701,0
2025-08-23,AA,11193,15016,86,83,2721,0
2024-12-01,NK,11193,11298,100,101,2231,0
2025-09-04,F9,10397,12892,24,26,2957,0
2025-08-19,NK,13303,12478,36,31,2218,0
2024-03-03,F9,14771,13303,88,100,2772,0
2025-03-04,WN,14057,14869,109,112,667,0
2024-06-02,AS,12892,12478,6,-3,1038,0
2025-09-12,AA,13303,14057,102,94,2779,1
2024-04-25,F9,15016,14107,39,50,2403,0
2024-12-29,WN,13303,12892,69,73,210,0
2025-04-02,F9,12478,11298,-11,-11,1174,0
2025-04-25,UA,12266,13204,28,41,903,0
2025-11-14,B6,11433,12892,28,39,2281,0
2024-05-28,WN,14869,11298,96,110,201,0
2024-03-15,AA,15016,14107,101,103,1287,0
2024-05-30,F9,13204,12266,59,57,326,0
2025-07-31,F9,14057,13303,64,63,883,0
2024-06-10,AA,11433,12478,37,38,593,0
2025-02-10,B6,13930,13204,115,126,594,0
2025-04-27,AA,11193,13303,30,50,1047,1
2024-12-22,AA,14057,14771,73,86,2509,0
2025-05-09,AS,11298,15016,91,83,2055,0
2024-01-01,AA,12892,11193,103,117,2335,0
2025-03-09,F9,14771,10397,84,90,1883,0
2025-10-26,B6,10397,11193,65,83,2162,0
2025-06-17,DL,14771,12892,54,71,831,0
2025-02-05,AA,11193,14057,77,78,289,0
2024-03-31,NK,13930,10397,77,95,2047,0
2024-09-18,AS,12478,13303,97,116,1990,0
2025-07-16,AS,14771,14057,106,105,2978,0
2025-03-09,WN,12478,12266,94,98,1402,0
2024-01-27,B6,12478,14869,9,16,963,0
2025-02-06,UA,14771,10397,109,114,1693,0
2025-08-21,B6,15016,14771,10,20,1732,0
2024-09-04,DL,14107,10397,-5,9,995,0
2025-09-19,B6,15016,13204,24,43,2604,0
2025-04-02,WN,13204,13930,84,84,2018,0
2025-07-06,NK,11433,11298,98,106,1215,0
2024-08-06,B6,11193,12478,71,73,1102,0
2024-05-12,NK,13930,14107,105,119,1476,0
2024-11-16,AS,15016,13930,115,134,2271,0
2025-10-17,DL,11433,14771,39,30,478,0
2024-08-30,B6,12266,14771,19,28,220,0
2024-07-10,UA,14107,14869,106,98,2402,0
2025-02-26,F9,12266,13303,89,103,2952,0
2024-01-12,NK,15016,14771,53,69,2101,0
2024-06-20,NK,11298,14107,117,129,1986,0
2025-04-16,DL,13303,15016,-12,-9,2999,0
2024-02-11,DL,11193,13204,47,38,1859,0
2025-10-17,DL,13930,14057,51,70,1851,0
2025-11-27,AA,12266,10397,-12,-7,2642,0
2025-03-31,NK,14057,10397,73,66,2879,0
2024-11-06,F9,13303,11433,30,46,2683,0
2025-10-29,F9,11433,14771,57,71,2509,0
2025-04-13,WN,10397,12266,95,95,1788,0
2025-09-10,UA,14869,12478,110,119,2465,0
2024-01-30,F9,12892,13204,49,42,2547,0
2025-06-23,AS,14057,12266,10,19,490,0
2025-09-09,NK,13204,11433,-7,-2,2124,0
2025-05-30,NK,12478,10397,15,18,2996,0
2025-11-16,DL,12266,11433,-14,-13,1123,0
2024-09-05,AA,13303,10397,93,87,2882,0
2025-08-23,AA,13303,14107,50,67,309,0
2025-06-18,WN,14057,10397,-8,1,2145,0
2025-07-02,AS,14057,15016,15,30,855,0
2025-06-25,B6,12478,11298,67,67,1839,0
2025-10-14,UA,13204,13930,100,104,2564,0
2024-08-15,AS,13930,11433,102,95,1927,0
2025-11-02,AS,14107,13204,94,91,1069,0
2024-02-21,WN,11193,14771,103,98,1424,0
2025-07-18,B6,10397,12892,42,56,1573,0
2025-10-11,AS,13930,13303,-10,1,2498,0
2025-03-11,UA,14107,10397,113,122,970,0
2024-10-05,AA,10397,14057,43,40,922,0
2025-06-27,B6,13303,14771,81,96,677,0
2024-02-28,AA,11298,13204,62,57,2736,0
2024-12-26,UA,13930,11193,79,99,2986,0
2024-01-17,AA,12892,14107,23,32,2413,0
2025-05-11,DL,14771,12478,8,28,1719,0
2025-03-15,NK,14107,11433,97,106,712,0
2024-02-18,WN,14869,14057,70,63,382,0
2024-10-19,WN,14771,12266,25,44,2476,0
2025-09-18,AS,14771,11193,63,70,1680,0
2025-06-12,NK,15016,12892,-1,3,1872,0
2025-10-29,AS,13303,10397,96,112,1755,0
2024-12-28,AA,15016,13204,34,48,404,0
2025-11-01,AA,12892,11433,-14,-23,1884,0
2025-07-16,AS,11193,15016,110,128,2743,0
2024-06-12,NK,12892,14107,13,9,2309,0
2024-04-12,F9,12892,14107,31,28,2779,0
2025-06-18,B6,14869,14057,-7,9,1987,0
2024-05-16,AA,11298,13930,31,41,1037,0
2025-06-28,WN,14869,15016,53,62,2954,0
2025-04-13,WN,14869,13930,61,65,2375,0
2025-10-08,WN,14057,14771,88,106,2332,0
2024-03-18,WN,15016,13303,-10,-3,2566,0
2025-06-21,F9,11433,13303,12,21,1913,0
2025-04-12,UA,12478,10397,55,65,2631,0
2025-04-08,NK,13930,13204,-10,9,1045,0
2024-07-02,NK,14869,12266,-1,2,1453,0
2025-11-04,F9,12266,14057,97,115,2603,0
2025-03-08,B6,12892,15016,-15,-3,826,0
2025-05-20,B6,14107,13204,63,78,330,0
2024-01-09,B6,15016,11298,54,56,1796,0
2025-06-15,F9,13930,12266,76,76,2051,0
2025-01-27,WN,15016,11298,56,72,2960,1
2024-12-30,UA,11433,10397,0,7,2066,0
2025-05-03,F9,13303,10397,55,70,1208,0
2025-06-26,NK,10397,12478,109,120,511,0
2025-01-12,WN,11433,14771,113,113,2306,0
2025-08-24,DL,14107,10397,30,27,1627,0
2024-03-02,UA,14107,14771,26,29,2109,0
2025-06-14,AS,14771,12478,48,49,1648,0
2024-02-05,UA,11298,12478,65,63,1977,0
2025-01-07,NK,12266,14057,4,23,2321,0
2025-04-22,NK,14869,13930,110,116,2115,0
2024-09-02,AA,11433,14107,55,47,365,0
2025-05-04,AS,15016,13204,7,3,1450,0
2024-09-28,UA,13930,14771,52,42,1261,0
2024-08-20,DL,11433,14771,34,32,1467,0
2024-12-22,B6,14107,10397,54,62,1047,0
2025-07-11,F9,14771,13930,49,43,560,0
2024-11-02,AS,13204,12266,16,10,1464,0
2025-03-12,DL,14771,14057,29,25,704,0
2024-02-12,WN,14869,13930,73,69,1059,0
2025-08-20,NK,13303,13204,45,43,2241,0
2025-11-22,AA,15016,11298,102,111,1040,0
2024-03-18,B6,13204,14869,114,104,1047,0
2024-10-03,AS,14869,14771,59,59,2431,0
2024-06-25,WN,15016,11193,42,48,935,0
2025-12-01,B6,13303,14057,66,70,1040,0
2025-05-16,AA,15016,11433,-14,-12,2447,0
2025-08-08,AS,11433,14057,110,108,862,0
2025-03-14,AS,12266,14057,56,64,2620,0
2025-01-23,F9,13930,14107,59,49,1910,0
2025-01-30,DL,12892,11193,41,56,1849,0
2024-10-28,AA,13930,11433,100,101,2868,0
2025-06-11,UA,14107,14869,58,65,2502,1
2025-09-12,DL,10397,13930,101,92,884,0
2025-03-25,F9,13303,14107,57,47,1076,0
2024-01-07,DL,14057,11193,-13,-18,1672,0
2025-10-02,NK,15016,12266,49,51,1019,0
2024-06-10,NK,14869,12266,80,99,2509,0
2025-04-02,B6,13204,14057,62,76,2619,0
2025-03-18,F9,13204,11193,59,58,1863,0
2025-02-25,DL,11433,12478,112,109,2347,0
2025-10-02,AS,13303,12892,91,96,855,0
2024-05-15,WN,13204,14107,91,110,999,0
2025-04-01,NK,11433,13303,93,94,261,1
2025-05-14,AS,12266,12892,36,51,2797,0
2024-08-25,B6,11193,13930,56,60,295,0
2025-01-26,AA,12892,13303,113,103,1903,0
2024-04-24,F9,13930,12892,105,122,327,0
2024-04-10,UA,13204,10397,94,110,1707,0
2025-09-21,WN,14057,11433,23,27,550,0
2024-09-03,B6,11298,10397,118,135,547,0
2025-03-25,NK,13204,14107,53,45,2372,0
2024-09-06,UA,11298,11433,71,63,2406,0
2025-03-21,NK,12266,12892,45,54,1840,0
2024-06-05,AA,11193,14057,103,118,2398,1
2025-01-01,NK,11433,14771,113,109,2795,0
2024-03-09,DL,14771,11193,51,69,1625,0
2024-12-30,DL,11433,11298,93,90,2105,0
2024-04-13,NK,12266,11433,36,29,2884,0
2025-06-12,B6,14107,14869,1,6,2054,0
2024-03-25,F9,14057,11193,1,12,495,0
2025-11-20,WN,11298,14869,79,82,236,0
2025-03-16,UA,14057,11193,21,26,1266,0
2024-02-14,UA,10397,13204,22,39,2986,0
2024-05-11,AS,11298,13930,61,54,2229,0
2025-11-14,DL,11193,14869,111,119,1391,0
2024-03-21,AS,11433,12266,119,123,1831,0
2025-03-08,B6,12478,11433,-9,-19,1000,0
2025-10-27,DL,12266,14107,89,99,2116,0
2025-05-19,AS,13204,11298,1,-1,764,0
2024-11-21,B6,11433,13303,63,73,2797,0
2025-09-09,AA,11298,14057,52,63,2477,0
2024-10-16,DL,11433,15016,54,56,2894,0
2024-02-24,WN,10397,14771,93,98,2957,0
2024-09-02,DL,12266,11193,25,36,1988,0
2025-06-23,DL,12892,12266,107,122,2341,0
2024-11-19,B6,14771,12478,6,8,1514,0
2024-01-18,AS,15016,11193,62,64,2832,0
2024-07-12,AS,14107,11298,-2,-10,1291,0
2025-09-16,DL,13303,15016,109,119,2009,0
2024-02-23,B6,11433,12478,5,-4,1597,0
2024-01-28,F9,12892,13930,86,83,318,0
2025-03-02,UA,11433,15016,53,62,1813,0
2024-05-03,DL,14057,14771,32,47,1706,0
2024-06-25,WN,10397,14107,21,34,2169,0
2024-03-04,AS,14107,13204,42,53,873,0
2024-02-15,DL,13204,11433,84,87,2716,0
2025-10-29,NK,15016,12892,52,69,1456,0
2024-09-11,WN,12478,14107,78,70,1539,0
2024-06-10,AA,12892,14057,46,63,2476,0
2025-08-12,DL,14869,12892,91,94,952,0
2025-06-05,NK,15016,12266,82,78,2710,0
2025-10-19,AS,14869,13204,37,36,2477,0
2024-12-22,UA,11298,13930,73,77,1483,0
2024-01-19,WN,14771,10397,15,34,1232,0
2025-11-25,NK,14869,15016,68,70,1206,0
2025-01-12,UA,13930,10397,7,22,2842,0
2024-05-11,WN,10397,14107,37,40,597,0
2024-06-04,UA,10397,12478,99,92,2840,0
2025-09-08,AS,10397,12478,113,130,2857,0
2025-04-25,AA,11433,11298,105,121,296,0
2024-09-04,DL,10397,12266,54,69,1976,0
2024-10-24,AA,11433,14869,62,72,2599,0
2024-05-17,WN,14057,13303,23,41,560,0
2025-04-04,UA,13303,11298,57,47,1953,0
2024-08-04,AS,15016,10397,17,17,1775,0
2024-07-01,WN,14869,12266,62,71,220,0
2024-11-25,B6,12892,15016,62,62,2535,0
2025-07-05,AA,11433,14057,10,4,2569,0
2024-09-05,B6,11433,14869,58,77,1929,0
2024-10-31,NK,14057,13303,-9,3,1481,0
2025-06-09,DL,14057,15016,52,43,1848,0
2024-09-27,NK,12892,13930,69,71,806,0
2024-10-09,DL,11193,13204,111,121,2474,0
2025-07-13,WN,13303,12892,57,57,525,0
2025-10-08,AA,14869,12892,33,47,839,0
2025-03-03,AS,13303,14057,-5,0,584,0
2024-07-31,WN,12892,10397,94,102,1472,0
2025-04-28,WN,14107,11298,-2,15,1575,0
2025-02-23,AS,14869,14771,43,44,2854,0
2025-01-08,AA,15016,13930,41,49,1381,0
2025-05-30,WN,14771,15016,45,42,1628,0
2025-10-25,WN,14771,12892,1,7,1830,0
2024-08-09,AS,13303,14869,107,125,1582,0
2025-01-29,AS,13303,12478,110,129,1353,0
2024-12-07,UA,10397,12266,21,30,2230,0
2024-09-05,WN,11433,12892,72,90,1019,0
2025-11-12,WN,13930,12266,-11,-13,2393,0
2025-11-20,AA,12478,10397,101,97,2076,0
2025-09-07,AS,15016,13930,7,11,2157,0
2025-08-21,WN,10397,13204,-6,2,234,0
2024-09-28,B6,11433,12892,58,64,863,0
2024-03-15,F9,13930,14869,29,35,2435,0
2024-02-15,B6,11433,12266,98,95,2135,0
2024-11-22,DL,14057,12478,113,132,2447,0
2024-08-27,UA,11433,14869,36,26,2453,0
2025-05-15,DL,13930,12892,80,96,1654,0
2024-07-17,AS,14107,13204,-12,-15,307,0
2024-08-26,DL,13930,12892,12,27,1449,0
2025-05-20,UA,11298,10397,33,44,1560,0
2024-09-18,NK,12478,11433,29,49,855,0
2025-07-18,DL,12892,14107,8,9,2072,0
2025-09-28,WN,12266,12478,93,97,462,0
2024-12-25,AS,14869,10397,29,35,554,0
2024-03-10,AS,14869,11298,61,57,1810,0
2025-02-13,B6,11298,13303,32,47,620,0
2024-10-14,F9,13303,14107,86,89,675,0
2025-06-14,DL,12892,10397,56,71,2136,0
2025-07-28,B6,12266,11298,33,48,1026,0
2025-04-20,UA,14771,14107,64,60,515,0
2024-10-29,NK,13303,13930,0,-6,2761,0
2024-03-21,F9,14771,10397,-1,4,1167,0
2025-05-11,B6,15016,11298,-5,8,2153,0
2024-12-10,AA,13204,14057,54,63,2362,0
2024-09-12,AA,14057,15016,77,74,243,0
2025-01-30,F9,12266,11298,8,22,938,0
2025-06-01,AA,11433,13930,28,44,1469,0
2024-11-09,DL,11298,15016,-9,-3,2863,0
2024-05-07,NK,13303,13930,23,26,2134,0
2024-02-10,WN,14057,13930,49,62,1118,0
2024-09-14,NK,12892,11433,36,35,2521,0
2025-10-06,F9,11298,13303,115,130,1248,0
2024-06-14,DL,12266,12892,-1,18,606,0
2024-12-22,F9,11298,12266,-14,5,1204,0
2024-01-02,UA,12478,12266,104,112,591,0
2024-08-31,WN,13204,12266,-14,-3,2612,0
2025-02-06,B6,10397,12266,115,123,1957,0
2025-09-26,WN,14107,14869,57,75,893,0
2024-11-17,DL,11298,13930,1,2,2442,0
2024-08-29,AS,13204,12478,38,32,2904,0
2024-04-02,F9,14771,12892,114,133,914,0
2025-03-19,WN,14869,12892,55,69,654,0
2024-02-22,F9,15016,11298,23,32,628,0
2024-12-29,B6,14869,14771,17,24,776,0
2024-10-01,UA,14869,11433,-9,-15,2919,0
2024-12-29,F9,11433,12478,78,97,2041,0
2024-03-01,F9,11298,14771,-9,1,724,0
2025-05-13,AA,14869,11433,40,48,1926,0
2025-07-04,NK,14107,10397,85,91,1804,0
2025-11-12,NK,14107,14869,48,47,2113,0
2024-04-25,UA,14869,10397,42,45,1955,0
2024-03-24,B6,14107,14771,-5,6,956,0
2025-02-20,F9,14771,15016,36,36,2973,0
2025-08-22,AA,13204,10397,106,108,2501,0
2025-02-08,AA,15016,13303,104,119,2744,0
2024-09-06,AA,12892,14057,21,37,1095,0
2024-11-17,AS,10397,11433,114,115,844,0
2024-12-25,UA,12266,11433,-1,11,246,0
2025-01-03,WN,11193,12478,68,83,2595,0
2025-01-03,DL,14771,14057,13,25,1172,0
2024-05-08,WN,13204,15016,62,57,532,0
2024-02-04,AS,12478,14771,101,104,2271,0
2024-07-23,DL,11298,12892,101,116,2682,0
2025-03-02,UA,14869,11433,11,9,1439,0
2025-03-10,AA,12266,11298,73,70,2318,0
2024-02-24,NK,14057,12892,99,98,2459,0
2024-05-09,F9,13303,12478,72,63,1445,0
2024-03-13,NK,14057,12478,16,18,1516,0
2025-05-08,AA,14107,14771,106,96,2223,0
2024-04-03,UA,14771,11193,54,45,1084,0
2025-04-29,AS,12892,13930,11,20,1466,0
2024-04-10,DL,13930,12266,107,114,1064,0
2024-11-27,DL,13930,14869,6,19,466,0
2024-10-12,F9,11298,14771,115,133,1951,0
2025-04-29,AS,11298,13204,8,7,1158,0
2025-10-19,AS,14057,11433,89,102,1204,0
2025-08-05,WN,13303,13930,102,93,447,0
2024-07-20,DL,14107,12266,-4,-2,2120,0
2024-06-09,AA,14057,11298,78,95,1528,0
2025-01-13,DL,15016,11298,10,9,2538,0
2025-09-30,WN,10397,14771,1,11,2879,0
2025-11-17,NK,14057,11193,43,54,1606,0
2024-11-13,WN,11298,14107,8,12,1642,0
2024-11-20,WN,14771,14107,44,47,2216,0
2024-03-28,AA,11298,11193,28,26,1677,0
2025-10-20,AA,12478,13204,30,46,301,0
2024-10-27,UA,15016,11298,97,107,2345,0
2024-04-08,AA,10397,14057,96,103,2859,0
2025-06-14,UA,13930,12892,56,54,1947,0
2024-04-22,NK,13930,13303,26,17,2106,0
2025-02-06,B6,10397,13930,107,120,1740,0
2025-02-24,F9,10397,12266,44,42,2770,0
2025-10-31,WN,13204,13930,84,96,1685,0
2024-03-01,UA,13930,14771,29,36,1367,0
2024-11-08,UA,14107,11193,118,129,1883,0
2024-09-25,UA,10397,12892,61,66,2904,0
2024-01-03,F9,13930,12478,6,7,369,0
2024-12-13,DL,12892,12478,0,5,508,0
2024-07-12,F9,14107,12266,46,46,607,0
2024-11-19,F9,13303,14771,-8,-8,1452,0
2025-10-18,B6,12266,12892,113,118,1788,0
2024-07-31,B6,13303,13930,88,78,1820,0
2025-04-16,F9,14057,14771,0,-8,676,0
2024-05-14,B6,14057,13930,37,41,2221,0
2025-07-07,B6,14057,13303,-12,4,1099,0
2024-02-08,B6,10397,13303,74,66,1478,0
2025-05-01,B6,13204,12266,15,35,2256,0
2025-11-10,F9,13204,11193,-11,-9,2982,0
2025-04-03,WN,14869,12266,69,76,2134,0
2024-10-08,NK,12892,12266,94,90,1214,0
2024-09-09,F9,13303,12478,52,58,1000,0
2024-05-20,DL,12892,11298,88,104,1540,0
2024-06-02,NK,13303,14057,30,48,2845,0
2024-07-15,NK,11298,11193,26,46,2738,0
2024-06-11,WN,14771,11433,51,62,1988,0
2025-08-03,AA,12266,12478,-2,-12,774,0
2024-02-10,DL,10397,14057,62,69,1488,0
2025-03-07,NK,15016,11433,-8,-18,1197,0
2025-10-10,WN,12892,14107,37,36,281,0
2025-06-05,WN,13930,13204,-8,10,2734,0
2025-02-03,DL,13204,13303,30,35,1009,0
2024-05-14,NK,12892,15016,36,43,1133,0
2024-02-07,AS,12478,14107,71,72,2804,0
2025-11-25,AS,13303,11298,24,31,995,0
2025-05-12,F9,13930,14869,25,21,920,0
2024-04-01,NK,13930,13204,-9,-5,811,0
2024-01-26,WN,10397,13930,62,69,2165,0
2025-11-18,WN,12892,14057,94,95,2827,0
2024-12-01,UA,11433,12266,25,19,1281,0
2024-04-01,NK,12266,15016,21,17,1371,0
2025-11-01,F9,13303,14771,58,62,1563,0
2024-05-16,F9,14057,13204,36,38,422,0
2024-12-22,AS,11193,10397,66,78,1883,0
2024-05-25,AS,11433,14771,74,88,1255,0
2025-04-24,WN,14771,14057,60,53,1167,0
2024-01-27,F9,10397,11298,78,98,2273,0
2024-09-07,DL,12892,15016,86,92,1883,0
2024-07-04,UA,13303,14107,56,71,1713,0
2025-04-15,NK,12478,13930,22,23,2223,0
2024-01-30,F9,11433,11193,117,108,1444,0
2024-10-27,AS,14107,12478,111,131,677,0
2024-07-29,B6,13204,14057,32,36,1447,0
2025-03-17,DL,14869,12892,64,74,1108,1
2024-11-23,B6,14869,14057,81,94,380,0
2025-01-04,AS,14057,14107,-3,3,398,0
2024-08-30,AA,13204,15016,77,81,808,0
2025-10-17,UA,13303,13930,61,60,1532,0
2025-01-17,DL,14771,13303,35,26,2252,0
2025-07-08,UA,12478,14869,25,37,2639,0
2024-10-28,DL,11193,14869,110,111,242,0
2024-07-21,AS,12892,14057,70,76,1881,0
2024-04-02,NK,14869,11298,23,37,1461,0
2024-05-11,UA,12478,11193,20,30,2272,0
2025-09-16,WN,14057,14869,35,55,1885,0
2025-04-18,UA,10397,13303,70,83,984,0
2024-02-11,B6,13930,13204,102,100,527,0
2025-08-06,AA,14869,11298,-9,-14,366,0
2024-10-28,NK,14771,14057,61,77,2470,0
2025-11-23,DL,14869,15016,-11,2,953,0
2025-01-27,AA,11433,12478,111,128,1439,0
2025-07-09,WN,10397,13204,-6,6,742,0
2024-11-05,DL,13204,13303,114,116,1405,0
2024-12-02,F9,11193,11298,25,35,1859,0
2025-09-01,AA,11433,13204,97,99,1874,0
2025-06-07,B6,14771,12892,119,115,667,0
2025-11-30,AA,14869,14057,73,75,2687,0
2024-05-25,DL,14869,13303,65,73,2263,0
2025-01-28,WN,12478,14869,24,29,464,0
2025-09-17,AA,12266,13303,19,39,1205,0
2024-10-10,B6,11193,14057,91,98,1391,0
2024-09-07,DL,13303,15016,99,93,1785,0
2024-12-24,AA,11433,13930,49,45,2671,0
2025-07-21,AA,13204,14771,79,93,2307,0
2025-03-18,AA,11298,11433,109,115,2645,0
2025-06-26,UA,12478,14869,-13,-14,2142,0
2025-03-20,B6,12266,11193,94,93,1319,0
2025-10-30,UA,13204,12478,42,44,1657,0
2024-04-19,F9,14107,14869,107,112,919,0
2024-03-09,UA,13930,13204,44,61,2569,0
2024-10-14,DL,10397,14771,110,125,2229,0
2025-10-26,B6,11193,10397,60,76,2280,0
2024-05-27,UA,12892,13204,48,41,1705,0
2024-11-15,UA,12892,14107,43,54,1690,0
2024-12-12,F9,14771,11298,35,33,1776,0
2024-02-18,AS,14771,14869,13,27,2126,0
2024-09-30,AA,13930,13204,45,64,979,0
2025-05-22,F9,11433,12892,81,93,2801,0
2024-07-09,F9,12478,13303,108,98,2985,0
2024-05-30,F9,13930,11298,100,103,1989,0
2024-12-13,AS,13303,12478,69,69,1248,0
2024-01-01,F9,14107,12892,28,37,1544,0
2024-11-25,NK,14057,12478,15,13,2706,0
2025-07-29,F9,14869,10397,39,45,1507,0
2024-02-03,WN,15016,10397,102,113,2328,0
2025-04-08,UA,14107,10397,80,97,2016,0
2024-11-18,NK,13930,14057,117,112,2482,0
2025-06-23,DL,14107,10397,47,64,1578,0
2024-11-06,NK,14869,15016,38,43,1369,0
2024-01-09,UA,15016,14057,24,30,1823,0
2024-06-28,AS,14057,14771,66,79,1014,0
2024-04-06,F9,14107,13303,12,29,1447,0
2025-05-26,WN,14107,15016,82,96,825,0
2024-09-12,B6,12266,10397,74,90,752,0
2024-11-08,UA,13930,12478,100,111,2176,0
2024-09-01,WN,13204,14107,4,23,296,0
2024-05-08,NK,14869,13930,38,35,1239,0
2025-11-28,WN,12478,12892,12,28,1886,0
2024-03-19,WN,11433,12266,4,-2,385,0
2024-06-24,DL,12266,12478,111,116,1802,0
2025-10-21,AA,14107,11298,54,51,354,0
2024-11-07,WN,13204,14771,109,111,2295,0
2024-12-17,B6,14869,12478,101,116,2121,0
2024-09-28,B6,11298,14869,42,37,901,0
2025-08-16,WN,12478,10397,31,50,2928,0
2024-02-16,AA,10397,13930,48,57,221,0
2024-11-21,DL,13303,12266,13,9,618,0
2025-11-22,UA,10397,12892,30,46,959,0
2024-10-24,WN,11433,12266,8,19,1002,0
2025-01-01,AA,12478,13204,-13,2,2716,0
2024-12-29,NK,13303,14107,35,41,1137,0
2025-03-19,F9,10397,14771,23,23,2200,0
2024-03-20,AA,12892,10397,34,53,2966,0
2025-11-05,NK,11433,14107,27,22,1244,0
2025-05-31,WN,14771,12266,88,86,385,1
2025-07-03,NK,14057,13303,104,116,1529,0
2024-11-16,WN,14107,11193,8,6,2289,0
2025-04-08,B6,11433,14057,-9,-13,2144,0
2024-04-17,B6,13930,14771,33,50,1110,0
2025-08-17,F9,14057,14771,0,19,891,0
2024-09-17,F9,14771,11298,47,48,2008,0
2025-07-21,F9,11193,13204,77,69,2869,0
2024-03-06,NK,12266,14107,30,24,2974,0
2025-11-09,F9,12266,12478,23,21,597,0
2024-05-02,AA,12266,13930,116,112,2541,0
2024-02-07,WN,14869,10397,82,73,470,0
2024-10-20,DL,10397,11193,3,-7,2214,0
2024-12-09,AA,11193,11298,82,83,2604,0
2024-11-07,NK,14771,14057,100,95,611,0
2024-05-14,AS,13303,13204,49,47,2693,0
2024-05-20,AA,11298,12478,-2,-5,2363,0
2024-10-14,DL,14057,11298,1,18,1108,0
2024-07-02,NK,12266,14771,60,67,1928,0
2024-10-09,DL,14869,15016,1,7,292,0
2024-10-11,WN,13204,11298,93,96,1337,0
2025-11-10,AS,11433,11193,7,22,2219,0
2024-11-03,AS,12266,11298,35,43,1025,0
2024-03-14,WN,14057,14107,53,49,1348,0
2024-05-11,WN,11193,10397,90,88,1702,0
2025-05-18,F9,14869,11193,28,21,745,0
2024-04-02,F9,11193,14869,100,117,2533,0
2025-11-13,UA,13930,12478,41,31,1422,0
2024-08-13,B6,12478,13303,41,53,2713,0
2024-07-08,AS,12266,14107,83,92,1422,0
2025-10-05,B6,14107,15016,98,102,2315,0
2025-07-03,DL,11193,11298,9,16,2346,0
2025-02-24,F9,10397,13204,99,92,1589,0
2024-02-16,DL,14107,14771,87,104,2874,0
2025-10-07,UA,15016,14869,76,70,2148,0
2025-06-18,NK,12892,14107,-14,-5,2942,0
2024-06-28,NK,15016,12478,32,39,346,0
2024-07-23,WN,12478,11193,61,73,2856,0
2024-08-07,F9,12266,15016,63,77,1640,0
2025-09-07,B6,11298,14057,77,93,410,0
2025-11-29,AS,11433,15016,36,40,2700,0
2024-07-19,AS,13303,11193,6,10,2399,0
2025-04-20,F9,10397,15016,16,33,1638,0
2025-05-26,WN,12892,12266,28,48,2560,0
2024-08-15,B6,14107,11193,104,102,952,0
2024-01-02,AA,15016,14771,46,48,295,0
2025-11-07,UA,13930,12266,40,41,701,0
2024-10-07,DL,14107,12478,109,126,1426,0
2025-02-11,UA,12892,14057,117,131,2598,0
2025-04-20,DL,11193,14869,105,104,2263,0
2024-03-16,DL,14107,12478,76,95,786,0
2025-10-26,WN,11193,14057,69,59,1152,0
2025-08-10,UA,13930,12478,71,63,2991,0
2025-06-06,AS,10397,15016,105,117,1950,0
2024-11-14,DL,12478,14771,106,102,2808,0
2024-09-15,UA,13930,11298,19,13,2169,0
2025-06-24,F9,11298,12266,20,40,849,0
2025-07-14,NK,13930,11193,107,120,2990,0
2024-02-11,AA,10397,11298,10,9,596,0
2024-01-17,F9,12478,12266,78,95,295,0
2025-05-25,WN,13303,12892,80,92,1025,0
2024-03-30,WN,12478,12266,116,107,958,0
2024-08-13,NK,14107,15016,95,87,696,0
2025-09-04,DL,12478,12892,79,89,2637,0
2024-02-01,WN,11193,10397,117,129,1407,0
2025-03-20,F9,14869,10397,27,17,784,0
2024-01-30,UA,13930,11193,17,19,1873,0
2025-01-22,AS,12892,14771,84,78,2548,0
2024-06-06,B6,14869,10397,102,111,2603,0
2025-06-25,F9,13303,11298,10,19,225,0
2024-04-19,WN,14869,15016,107,110,232,0
2024-04-16,B6,12266,11298,4,16,1499,0
2024-02-02,UA,12266,12478,5,9,1758,0
2025-06-10,UA,11193,13930,68,65,2973,0
2024-11-08,B6,12266,14869,38,44,845,0
2024-07-22,DL,13303,14107,22,17,1859,0
2025-10-28,DL,11298,10397,3,7,1330,0
2024-06-07,B6,12478,11298,10,20,1109,0
2025-10-21,WN,13930,14869,116,130,261,0
2025-06-28,DL,13303,12892,54,54,976,0
2025-01-18,AS,10397,14869,20,21,1757,0
2024-02-04,DL,13303,12266,74,78,2196,0
2024-05-08,AA,13204,14107,-2,0,1328,0
2025-02-16,UA,11298,13204,29,32,2395,0
2024-04-22,AA,14869,14771,107,113,1327,0
2025-04-09,F9,12892,14107,36,30,1411,0
2024-11-15,AS,13930,11193,15,20,1310,0
2024-09-15,DL,13204,14869,19,34,1515,0
2025-03-08,F9,12266,11193,-1,-11,2393,0
2024-05-08,WN,12892,11193,21,16,533,0
2025-07-22,B6,14869,12892,23,18,870,0
2025-02-28,F9,14057,14107,-14,-11,992,1
2024-07-28,DL,11193,13204,66,75,362,0
2024-11-17,UA,14057,14107,93,98,980,0
2024-12-26,WN,13204,14771,91,103,1625,0
2025-03-31,NK,14057,12892,81,98,438,0
2024-11-30,B6,13204,14771,74,93,893,0
2024-09-02,UA,11298,13204,76,86,2390,0
2024-05-11,WN,14057,13303,104,95,823,0
2025-04-28,AS,14869,12478,69,74,1958,0
2025-11-23,WN,15016,10397,83,80,1420,0
2024-10-09,AA,11433,13303,113,132,2754,0
2024-09-06,WN,14771,10397,54,63,349,0
2024-07-04,NK,14057,10397,0,2,1448,0
2024-04-04,AA,14107,12478,115,131,2507,0
2024-06-02,F9,10397,11193,96,99,2123,0
2024-04-26,UA,13204,14869,41,53,2192,0
2024-08-03,F9,10397,13303,114,132,2588,0
2025-03-09,AA,13930,14771,102,98,1070,0
2024-09-11,AA,14771,12266,62,65,373,0
2025-05-10,NK,14869,13204,83,83,237,0
2025-09-28,F9,11193,14771,6,2,533,0
2024-12-02,B6,13204,12266,39,58,1767,0
2025-04-10,B6,14771,12892,95,115,882,0
2024-04-15,AS,12478,11433,36,37,248,0
2025-05-19,AA,15016,12266,85,87,2933,0
2025-06-12,AA,14057,13930,55,58,953,0
2025-11-30,F9,10397,14869,99,94,1787,0
2024-04-01,B6,11193,14771,-11,-14,1216,0
2024-12-26,UA,11298,14771,88,106,369,0
2024-12-13,UA,14869,13930,21,25,1916,0
2024-04-28,AA,12892,13930,89,91,1875,0
2025-04-27,B6,14057,13204,14,14,2949,0
2025-02-09,AS,10397,11298,17,13,809,0
2024-10-15,DL,12892,14057,-2,15,1087,0
2025-07-17,F9,14057,15016,-6,-11,840,0
2025-03-05,DL,13303,11433,0,-5,2210,0
2024-05-01,NK,12266,14057,120,117,1948,0
2024-09-25,B6,14869,12892,-4,15,417,0
2024-02-27,AA,14869,15016,28,20,1019,0
2024-01-06,NK,12478,12892,68,73,1985,0
2024-03-13,NK,11298,10397,120,113,2555,0
2025-07-07,AA,14771,13204,119,132,2391,0
2024-05-10,NK,13204,12266,95,91,753,1
2025-08-29,AS,12892,11298,14,6,1921,0
2025-02-06,AA,12892,14869,45,48,590,0
2024-12-15,AS,14869,10397,-7,0,2202,0
2025-10-12,DL,14057,15016,67,63,2409,0
2025-02-05,WN,11433,10397,112,104,1371,0
2025-02-22,F9,14771,14107,90,90,545,0
2025-09-29,WN,14869,12478,81,81,1861,0
2025-03-17,F9,11298,15016,83,78,333,0
2024-09-07,F9,14771,11298,31,44,1929,0
2025-05-15,AS,13930,13303,87,98,2856,0
2024-07-30,UA,14057,13930,75,81,1281,1
2025-06-01,AA,13204,14107,75,66,287,0
2024-08-16,UA,13204,13303,17,14,2988,1
2025-02-18,F9,14771,13204,9,12,2220,0
2024-03-10,DL,11193,12266,98,113,545,0
2024-06-29,F9,14057,12478,0,-1,846,0
2024-06-16,B6,11433,14771,0,13,2585,0
2024-06-09,AA,11193,13930,27,20,2119,0
2024-06-04,F9,15016,14869,80,83,1097,0
2024-07-31,DL,13303,11298,5,6,2974,0
2025-01-04,B6,12266,11433,104,99,1254,0
2025-08-23,F9,14107,11193,74,82,2453,0
2025-09-30,AA,15016,14057,61,58,633,0
2024-01-28,B6,13303,14057,28,28,2348,0
2024-01-08,NK,11298,13303,85,85,1810,0
2024-05-05,AA,12478,14107,84,92,2241,0
2025-03-27,UA,13930,14107,57,59,325,0
2024-10-16,F9,14771,13930,107,101,2553,0
2025-04-09,F9,14107,15016,64,62,2029,0
2024-11-13,AS,15016,11298,73,68,2941,0
2025-11-29,NK,12266,14771,113,120,237,0
2024-08-07,AS,13303,14771,112,108,1223,0
2025-07-12,UA,14771,13303,120,135,1346,0
2025-01-16,UA,13204,11298,45,62,1659,0
2024-03-23,AS,14771,12478,39,33,2384,0
2025-06-11,DL,13204,12478,94,98,2336,0
2025-04-02,NK,13930,12892,31,45,2809,0
2024-01-23,NK,14771,11433,-3,7,1792,0
2025-07-02,B6,14869,13303,100,101,1545,0
2025-06-02,NK,15016,14057,15,25,1265,0
2024-02-28,WN,11433,11193,104,100,1264,0
2025-11-02,UA,14107,12892,14,19,2237,0
2024-07-31,F9,13204,14771,0,-1,1735,0
2025-10-11,B6,12266,13204,63,60,1385,0
2024-12-26,NK,14057,11193,22,31,1516,0
2024-08-19,AA,11433,13303,101,94,1465,0
2024-01-13,WN,14869,14771,66,61,2003,0
2025-02-09,WN,15016,14771,107,114,1703,0
2024-12-27,AA,13303,13204,49,56,450,0
2025-05-18,UA,11193,14057,17,31,842,0
2024-12-10,F9,15016,12892,86,79,1307,0
2025-02-08,F9,11433,14771,-10,10,2723,0
2024-09-30,AS,12478,14107,30,20,211,0
2024-11-09,WN,11433,10397,13,4,1122,0
2024-02-15,AA,12478,14771,19,15,2182,0
2024-02-24,WN,12478,10397,71,90,1464,0
2025-09-10,DL,12266,14771,20,29,989,0
2024-12-29,NK,14771,11193,86,95,598,0
2025-04-26,DL,11298,13204,12,25,2131,0
2024-12-03,AA,15016,11433,14,26,1303,0
2024-02-01,AA,14869,11193,42,38,297,0
2024-10-28,AA,14057,14869,105,124,1620,0
2025-06-06,NK,11193,10397,2,7,2165,0
2024-12-13,F9,13303,11298,22,39,1191,0
2025-03-12,AS,12266,15016,7,12,639,0
2025-03-30,DL,11433,10397,33,53,2723,1
2024-05-22,F9,11433,15016,76,84,2913,0
2024-12-04,UA,13930,14771,114,105,792,0
2025-08-03,AA,13930,13303,62,77,2275,0
2024-07-22,AA,11193,11298,88,93,1617,0
2024-06-22,NK,12266,13303,22,26,1110,0
2024-04-21,B6,13204,14771,26,37,976,0
2025-09-18,AA,13303,14057,71,82,2108,0
2025-06-19,WN,12478,10397,-14,4,247,0
2025-03-20,AA,12266,12478,81,96,2267,0
2025-03-23,AA,15016,14771,71,86,1470,0
2025-05-06,AS,13303,15016,-4,1,542,0
2025-07-05,NK,12478,11298,67,57,545,0
2024-02-03,DL,13303,14771,53,55,1486,0
2025-03-12,AA,12266,10397,82,87,2078,0
2024-04-03,NK,12478,12892,72,75,2966,0
2025-06-13,B6,11298,12266,-10,2,2893,0
2025-10-02,DL,13204,13930,67,82,2986,0
2024-03-22,AA,14057,13930,4,2,2951,0
2024-12-28,NK,14107,13303,67,78,1104,0
2024-04-19,B6,12892,11433,59,54,1782,0
2024-06-22,F9,11433,13303,5,-2,2895,0
2024-03-18,DL,11298,15016,48,63,1767,0
2025-03-16,B6,14869,14057,69,71,1299,0
2025-09-19,AA,11298,14057,106,110,2077,0
2024-06-07,AS,12266,12892,64,60,2754,0
2024-03-12,F9,12892,14771,-6,-9,1389,0
2024-09-29,WN,13204,14869,21,29,2815,0
2024-10-01,DL,14869,12892,49,58,1081,0
2024-04-21,UA,14869,10397,-4,-2,2818,0
2025-05-18,NK,12892,12478,-11,-1,2812,0
2025-06-12,AA,13204,12478,1,-8,484,0
2025-09-05,UA,13303,11298,42,56,1279,0
2025-09-17,F9,14771,14057,17,23,798,0
2024-12-02,AS,13930,11433,105,116,1125,0
2025-02-24,AS,13303,12892,27,37,1134,0
2025-06-17,NK,11193,14057,103,107,2201,0
2025-03-20,F9,13303,13204,58,65,1544,0
2025-04-20,B6,10397,14107,35,52,1333,0
2024-07-08,B6,14771,14107,27,28,736,0
2025-11-19,AA,11433,14771,84,91,661,0
2025-07-30,B6,14771,14869,40,46,1386,0
2025-04-25,F9,12478,13303,62,66,265,0
2024-03-31,AS,10397,13303,3,17,2346,0
2025-05-28,DL,14869,14057,63,58,1390,0
2025-02-09,NK,14107,14771,64,65,1757,0
2025-07-06,AS,11433,12892,92,88,1901,0
2024-10-08,AA,13204,10397,54,60,2819,0
2025-05-04,WN,13303,10397,-6,-16,348,0
2025-02-08,UA,15016,14107,91,94,965,0
2025-03-12,NK,14869,14107,11,1,280,0
2024-12-17,F9,14771,13303,72,76,1608,0
2024-08-03,B6,13930,15016,65,81,1881,0
2025-08-19,AA,14869,14771,8,25,983,0
2025-01-09,AA,12266,13204,9,18,2803,0
2025-01-30,B6,10397,11433,59,49,755,0
2025-08-12,AS,14057,14107,114,134,2841,0
2024-11-21,F9,12478,15016,63,75,2554,0
2024-05-04,F9,12478,13303,75,86,1574,0
2025-04-29,UA,14869,11193,-9,-18,1357,0
2024-10-23,DL,14107,14869,13,14,2799,0
2024-09-30,AA,12892,14869,-2,3,2012,0
2025-04-15,NK,10397,15016,111,107,1060,0
2025-07-07,AA,15016,10397,49,45,812,0
2025-09-01,AS,12266,14057,50,52,1818,0
2025-01-24,F9,13204,15016,10,14,1726,0
2025-06-18,NK,14057,12478,77,93,2593,0
2024-04-25,B6,13204,14771,49,69,2133,1
2024-02-01,AS,13204,13303,-3,11,1759,0
2025-04-28,UA,14771,13930,-9,0,951,0
2025-04-16,B6,11193,15016,85,97,1878,0
2025-06-14,UA,12892,14869,75,93,2808,0
2024-07-11,DL,13204,14869,61,68,1103,0
2024-06-15,F9,12478,13303,16,26,341,0
2025-07-03,F9,13204,15016,-9,-15,637,0
2024-07-30,WN,13930,12892,60,73,838,0
2024-10-28,UA,11298,13930,34,31,2652,0
2024-01-04,UA,13204,14057,80,70,852,0
2025-06-17,AA,12266,10397,71,63,806,0
2025-09-06,DL,11193,11433,82,76,2403,0
2025-07-19,UA,10397,11298,16,8,1218,0
2025-05-07,DL,12892,13303,3,16,441,0
2024-07-10,B6,13204,14771,42,37,1992,0
2025-09-14,AA,13204,11298,6,2,823,0
2024-12-28,UA,12266,12478,50,44,2865,0
2025-02-04,B6,12892,14057,56,49,2723,0
2024-10-17,F9,14771,14107,68,82,2911,0
2025-05-09,DL,13204,15016,31,43,2041,0
2024-03-13,AA,14771,11433,50,41,1708,0
2025-08-08,UA,13930,12478,1,21,1165,0
2025-03-23,AS,13930,14869,79,74,691,0
2025-10-31,AS,11433,13930,38,43,2682,0
2024-06-11,DL,14869,12478,68,69,1269,0
2024-09-07,AS,12892,10397,108,118,600,0
2025-07-08,UA,12892,14057,64,64,1298,0
2025-03-20,NK,13303,12892,105,98,588,0
2024-03-22,B6,14771,15016,88,95,863,0
2024-12-29,F9,13204,14771,94,102,1813,0
2025-10-19,F9,12478,12892,32,28,2642,0
2024-08-11,UA,11193,11433,51,47,1313,0
2025-08-27,WN,11433,12892,63,58,2678,0
2025-09-25,AA,15016,11433,-5,15,2835,0
2025-11-04,AS,10397,12266,92,108,1817,0
2025-04-19,AS,14057,13930,96,96,441,0
2024-03-06,DL,12892,14869,110,114,1286,0
2025-08-21,NK,15016,14869,101,101,274,0
2025-07-17,AS,12478,10397,-12,-22,2435,0
2025-08-24,WN,11298,14771,33,30,2371,0
2024-01-13,F9,13930,15016,13,21,2191,0
2024-12-31,NK,13204,10397,97,107,405,0
2024-03-03,B6,11193,15016,82,102,2342,0
2024-05-19,B6,11193,11433,118,108,2476,0
2025-10-31,F9,13204,13930,54,73,2447,0
2024-12-26,NK,11298,11433,71,86,2824,0
2025-02-09,UA,11298,11433,102,93,423,0
2025-04-13,B6,14057,11193,70,87,1231,1
2024-02-05,UA,14107,12266,-7,10,2965,0
2025-03-28,B6,11298,14869,49,68,2986,0
2024-08-01,B6,11193,14869,60,54,1257,0
2024-12-06,B6,14107,12892,15,29,231,0
2025-10-20,DL,13204,11298,9,8,727,0
2024-01-15,DL,13303,14057,4,22,2345,1
2024-09-19,UA,14771,13930,67,87,2817,0
2025-06-20,DL,15016,13303,4,6,2080,0
2025-02-21,DL,11298,12478,57,65,474,0
2025-09-25,F9,15016,14057,117,134,1865,0
2025-04-12,DL,12266,11193,87,106,1815,0
2024-02-11,F9,11193,14771,116,119,1185,0
2025-09-18,AS,14107,13204,21,19,2748,0
2024-01-06,UA,14771,10397,84,86,1185,0
2024-01-20,AA,12266,11433,47,65,2629,0
2024-11-13,B6,15016,11193,7,26,1635,0
2025-08-06,NK,12892,13204,58,69,1602,0
2024-11-26,DL,12892,14107,118,137,1812,0
2024-11-03,DL,13204,11193,30,20,1021,0
2024-11-22,F9,15016,13930,15,31,444,0
2024-01-20,B6,14869,13204,40,34,1234,0
2024-03-21,F9,14057,12266,-8,11,2412,0
2025-10-25,F9,10397,14869,56,57,2479,0
2024-02-08,F9,15016,14107,109,101,2850,0
2024-12-01,WN,14869,15016,51,64,1822,1
2024-01-03,B6,14107,11433,3,22,561,0
2024-06-01,AS,14771,14057,72,88,2312,0
2025-03-04,NK,12478,13930,91,91,815,0
2025-01-24,AA,14869,14057,-15,0,2688,0
2024-08-27,WN,14771,11433,30,32,2479,0
2024-02-10,B6,13204,11298,52,46,1983,0
2024-08-04,DL,12266,11298,19,25,1794,0
2025-08-31,F9,13930,11193,-11,-7,1834,0
2025-02-13,F9,13930,14107,109,99,1138,0
2025-05-25,DL,11298,13930,16,25,1041,0
2024-11-17,F9,13204,12892,1,16,1315,0
2024-11-06,WN,12478,14771,37,34,2374,0
2025-05-02,AA,14107,11433,110,106,1259,0
2025-01-24,UA,15016,14771,44,43,1906,0
2025-04-23,B6,14771,12892,48,53,2126,0
2024-07-13,DL,11193,10397,11,4,478,0
2024-10-30,WN,14869,14057,54,47,1160,0
2024-04-18,B6,10397,12478,99,90,2908,0
2024-02-12,NK,12892,14771,38,52,248,0
2025-04-11,AS,10397,13930,33,34,1537,0
2025-05-22,UA,15016,13930,18,15,979,0
2025-10-17,B6,14869,13930,57,52,1015,0
2024-06-19,AA,14869,12478,12,4,1341,0
2024-02-04,NK,14057,11298,97,91,2011,0
2024-04-16,WN,14771,14869,38,43,2749,0
2024-02-20,AS,11193,13204,-7,-3,2258,0
2025-07-22,AA,10397,12892,43,33,1720,0
2024-05-08,DL,12266,13204,84,74,670,0
2024-11-27,DL,13204,15016,-15,-3,1674,0
2024-09-20,AA,13930,11298,-14,-13,682,0
2024-11-18,UA,14869,12478,72,84,922,0
2024-10-07,UA,14057,14771,29,43,1786,0
2024-06-20,B6,13303,12478,14,6,1236,0
2024-11-12,WN,13303,15016,91,96,1827,0
2024-01-16,AS,12478,13303,-12,-18,2340,0
2024-08-19,DL,10397,14869,46,51,573,0
2025-08-19,AS,11298,13303,1,16,517,0
2024-01-20,AS,14057,11433,114,124,1612,0
2025-07-28,AS,14057,12478,86,79,713,0
2025-03-02,DL,13204,11298,33,37,2827,1
2024-02-19,DL,11433,13930,24,34,1183,0
2024-08-10,B6,14869,13204,33,30,1896,0
2024-12-23,NK,10397,14107,114,112,2676,0
2025-02-28,UA,12478,11298,68,77,609,0
2025-09-19,F9,14771,12478,99,110,1617,0
2024-05-05,AA,12892,13930,75,75,2094,0
2024-10-31,NK,11193,11298,85,98,2638,0
2024-07-20,AS,12266,11298,107,119,393,0
2024-05-05,NK,12266,14057,-1,-4,1017,1
2024-01-14,UA,13204,11193,43,34,2333,0
2025-06-07,NK,12478,13204,11,13,1558,0
2025-02-16,NK,11193,14869,115,118,1673,0
2025-02-25,UA,13204,13930,105,106,1723,0
2024-11-25,UA,14107,13930,62,82,1207,0
2024-09-18,UA,13930,12266,78,80,1729,0
2024-08-03,DL,11193,13930,64,57,778,0
2024-06-12,AS,13930,14869,-15,-21,2887,0
2025-05-27,WN,13930,11298,104,97,2062,0
2025-09-29,B6,11433,13930,48,39,2573,0
2025-07-31,F9,11193,14057,31,46,2634,0
2024-01-08,WN,11433,14771,28,46,655,0
2024-02-12,F9,14869,14107,81,76,1244,0
2025-01-11,F9,15016,12892,-13,-22,1915,0
2024-12-10,AA,13204,13930,57,76,1324,0
2024-05-23,DL,14771,15016,79,89,685,0
2025-04-29,F9,14057,14107,33,38,1291,0
2024-09-15,B6,11433,12892,72,84,1774,0
2025-11-06,AS,15016,13930,90,99,2045,0
2025-02-09,AA,13204,11193,72,69,1379,0
2024-05-22,AA,14869,11298,55,57,1697,0
2024-04-24,AS,13930,14869,-4,12,2268,0
2024-02-15,B6,12266,11193,99,113,1726,0
2025-03-25,F9,10397,14869,42,55,1041,0
2024-06-08,WN,12892,15016,103,102,1274,0
2025-05-10,DL,15016,14057,-15,-22,2099,0
2024-01-27,NK,12266,12478,101,92,1350,0
2025-11-07,NK,14057,12266,49,52,2075,0
2025-01-19,B6,13930,14869,36,53,2379,0
2025-08-28,AA,11298,10397,5,-3,2017,0
2025-10-27,NK,12892,11298,-11,-2,422,0
2024-12-04,B6,13930,11298,-8,3,1946,0
2024-07-18,WN,14771,12478,89,107,2200,0
2025-09-01,UA,13303,10397,22,33,1112,0
2025-06-18,F9,14869,13930,114,108,2465,0
2025-04-09,B6,14107,11298,51,59,1064,0
2024-03-17,AS,13303,11433,98,98,2289,0
2025-08-07,AS,14057,12478,1,-6,1711,0
2024-05-21,NK,11193,13303,109,116,893,0
2025-05-26,DL,12892,10397,61,59,2145,0
2024-03-06,WN,11298,13303,110,107,1479,0
2024-07-28,WN,13930,13303,6,11,1923,0
2024-08-10,DL,13930,11193,100,114,2724,0
2025-09-22,B6,10397,12478,35,53,1599,0
2024-04-13,NK,12478,11193,114,125,1576,0
2024-10-23,UA,14107,12478,117,125,2342,0
2024-03-07,UA,14869,10397,29,20,1975,0
2024-08-11,B6,11298,14771,119,130,1712,0
2024-04-28,NK,11433,14869,27,24,1333,0
2024-03-29,WN,10397,14771,40,30,584,0
2025-03-31,AA,14057,10397,108,104,1499,0
2025-04-09,NK,14771,10397,30,32,834,0
2024-11-12,NK,14771,12892,-13,-14,2274,0
2024-06-10,NK,14869,11193,65,61,1289,0
2025-01-18,AA,13204,13303,120,127,2714,0
2025-03-01,AA,10397,14771,103,114,718,0
2024-06-14,F9,12478,14771,58,63,2177,0
2025-10-31,AS,14771,13204,26,35,2366,0
2025-09-30,AA,12266,11433,118,123,1853,0
2024-01-06,NK,13930,15016,114,130,2581,0
2024-10-10,AS,14107,14057,12,32,2564,0
2024-05-08,F9,13303,13930,46,36,542,0
2024-02-10,AA,13930,10397,15,27,2374,0
2025-01-30,AS,13930,11193,-5,-4,1538,0
2024-09-19,DL,15016,14057,55,45,1413,0
2024-05-03,UA,12892,13930,70,77,2445,0
2025-06-12,NK,14107,11193,71,87,1062,0
2025-01-31,B6,11193,13303,105,114,2886,0
2025-11-07,WN,13930,11298,78,86,1400,0
2025-06-23,AS,15016,11193,-12,-12,2961,0
2024-08-11,F9,14107,13930,71,83,226,0
2024-07-08,UA,11298,15016,-1,-7,1710,0
2024-03-23,B6,11298,13303,67,69,2460,0
2024-07-07,NK,13204,10397,23,20,2067,0
2024-02-08,DL,13303,12478,119,126,605,0
2024-02-06,B6,14057,14771,18,21,2474,0
2024-11-04,F9,14869,14771,36,37,423,0
2024-11-27,WN,14057,14107,19,13,664,0
2024-04-23,WN,14107,15016,73,87,527,0
2025-02-24,B6,13303,12892,119,111,1701,0
2025-02-05,NK,14771,11298,49,42,1295,0
2024-09-29,DL,11193,12266,14,16,2239,0
2024-04-04,F9,14057,14107,20,31,2709,0
2025-02-06,NK,13204,11298,-5,7,1657,0
2025-09-30,AA,12892,13930,83,86,694,0
2024-02-03,AS,11433,11298,91,87,2856,0
2025-03-08,AA,14107,14869,112,122,1070,0
2024-06-15,WN,13204,11298,77,95,2919,0
2025-04-22,DL,11433,14869,69,82,2943,0
2025-07-23,AS,13303,12266,108,119,2274,0
2025-11-01,UA,11193,14107,-13,-23,1607,0
2024-02-14,NK,12266,12892,94,114,919,0
2024-03-19,F9,11193,15016,53,65,1812,0
2024-05-08,UA,13204,13930,19,13,329,0
2025-10-27,UA,11193,15016,46,46,310,0
2025-01-02,B6,12892,14107,8,21,765,0
2024-12-29,UA,14771,12892,19,15,2041,0
2025-04-20,WN,12892,13930,100,97,2422,0
2024-11-17,AS,13204,15016,8,-1,1311,0
2024-12-13,NK,14057,11433,98,111,224,0
2024-05-14,WN,11193,11433,61,54,2189,0
2024-06-14,AS,14107,13930,105,108,2167,0
2024-06-14,NK,14107,13930,59,57,344,0
2024-09-23,NK,11433,14107,110,123,1706,0
2025-11-24,AS,12478,11298,32,32,2842,0
2024-09-17,AS,12478,12266,20,20,596,0
2024-11-21,B6,14107,13204,117,126,421,0
2025-03-08,F9,10397,14771,116,116,2074,0
2024-08-05,F9,13930,13204,3,22,1071,0
2025-04-13,B6,14107,10397,8,6,2149,0
2024-04-25,DL,14771,11193,16,29,1697,0
2024-11-20,AA,11433,13204,51,50,1763,0
2024-05-21,B6,12266,12478,113,131,777,0
2025-07-15,AA,14057,11433,-8,-7,1493,0
2025-05-20,WN,15016,13303,75,67,1900,0
2025-11-28,UA,11433,11193,62,58,1134,0
2024-10-29,WN,11433,14107,34,47,806,0
2025-06-12,AA,14107,13204,92,104,858,0
2025-05-27,B6,14107,11433,57,54,1742,0
2024-11-11,B6,14869,13930,6,-4,1196,0
2025-11-21,AA,14869,13204,56,53,1911,0
2025-09-13,WN,10397,11298,51,45,855,0
2025-03-27,UA,14869,11193,-15,-25,1188,0
2025-06-03,B6,10397,14771,25,34,818,0
2024-06-26,AA,12478,14107,108,107,1887,0
2025-03-22,UA,13303,14771,109,115,2093,0
2025-03-13,DL,15016,14107,104,100,2904,0
2024-12-05,NK,14869,14771,27,44,2018,0
2025-03-01,AS,15016,14771,56,61,222,0
2024-09-21,WN,11193,11433,77,84,1667,1
2025-08-12,AS,11298,14057,105,110,959,0
2025-04-01,AA,13204,14107,73,92,893,0
2025-01-31,NK,12266,12892,-8,-8,1329,0
2025-01-21,UA,14057,14771,21,12,686,0
2024-06-19,DL,13930,11433,-1,17,1961,0
2024-03-15,UA,12892,12266,-12,-5,752,0
2024-09-26,AA,11193,13303,18,13,1239,0
2025-06-08,DL,14057,15016,52,64,331,0
2025-06-21,B6,14057,14771,80,89,1608,0
2025-04-03,WN,14107,12478,70,70,1788,0
2025-09-05,WN,14057,10397,-11,-17,480,0
2025-01-17,AS,13204,14771,90,94,2377,0
2025-10-02,AA,14107,11433,54,45,1713,0
2025-10-03,B6,10397,14869,83,96,1220,0
2024-11-04,AA,14107,14771,70,65,1274,0
2024-09-05,DL,15016,12478,50,70,1161,0
2024-12-10,DL,12478,14771,55,62,1683,0
2024-09-02,AA,12478,10397,100,90,394,1
2024-01-25,F9,14057,12266,41,59,930,0
2024-07-28,AA,11298,11433,41,32,864,0
2024-07-21,B6,15016,14057,27,22,2673,0
2025-01-03,UA,11193,13204,107,106,1919,0
2025-03-26,DL,10397,11433,89,97,2538,0
2025-08-23,DL,12266,12478,38,55,2755,0
2025-03-21,F9,14771,13930,72,66,1786,0
2024-10-05,F9,11298,12266,110,104,2486,0
2024-11-27,B6,13204,11193,109,127,1650,0
2024-11-24,UA,13930,11193,41,36,2616,0
2024-08-14,AA,14869,11193,41,48,2271,0
2024-03-23,DL,11193,11298,39,32,2312,0
2024-05-27,B6,12478,14107,41,52,651,0
2024-01-26,NK,14771,11433,111,127,947,0
2025-08-06,UA,14771,12478,114,117,2893,0
2024-07-25,DL,11298,10397,58,52,2402,0
2024-04-01,WN,14771,14869,105,114,2416,0
2025-06-08,DL,11433,12266,86,88,435,0
2025-09-16,AS,10397,14107,54,71,621,0
2024-07-09,NK,11298,14869,27,25,565,0
2025-08-15,NK,10397,14869,31,40,1122,0
2024-02-22,AA,14771,12892,71,69,2983,0
2024-07-17,NK,15016,12478,37,47,1141,0
2025-11-23,B6,14057,12892,92,91,1943,0
2025-01-21,AA,12266,10397,22,25,2279,0
2025-08-31,UA,10397,12266,13,9,1507,1
2025-01-05,AS,15016,10397,82,72,2203,0
2024-12-14,DL,14771,13303,-5,5,1465,0
2025-10-02,B6,12892,11298,41,55,1655,0
2024-06-22,B6,11433,12892,88,79,986,0
2024-02-16,AS,12892,11433,-6,-9,1961,0
2024-10-15,NK,13303,10397,117,120,1907,0
2025-02-15,DL,14771,11193,46,61,1156,0
2025-11-13,B6,12892,14057,109,102,1735,0
2024-11-14,AS,10397,15016,116,136,1043,0
2025-10-13,NK,14057,11193,25,15,1010,0
2025-10-06,UA,12478,14869,94,89,1761,0
2024-11-29,AA,11298,11193,71,91,676,0
2024-03-27,B6,12892,12478,21,26,2663,0
2025-09-15,F9,12266,14107,77,93,1297,0
2024-08-04,WN,11433,14057,27,47,488,0
2025-08-29,DL,12266,12892,115,127,339,0
2024-11-26,B6,14771,11298,119,135,1244,0
2024-06-06,AA,13930,12266,18,12,2989,0
2024-09-16,NK,12892,14107,-14,-6,245,0
2024-04-05,AA,14107,13930,54,62,900,0
2024-04-19,AA,14869,11433,4,3,1567,0
2024-12-09,AA,14057,12892,-2,7,2776,0
2025-09-20,AS,10397,13204,96,111,2796,0
2025-04-02,UA,11193,11433,5,8,1656,0
2024-11-08,UA,14107,12892,53,47,2324,0
2024-05-11,DL,12266,14107,-10,-10,903,0
2024-12-20,WN,15016,11193,66,70,1096,0
2025-06-09,DL,13930,12478,113,128,2159,0
2025-09-15,WN,12892,12266,8,3,2022,0
2025-08-27,NK,11433,12478,19,28,1946,0
2024-09-04,AS,11193,14771,82,100,2041,0
2025-08-20,UA,15016,12892,117,131,1185,0
2024-10-06,F9,13930,11433,94,100,2460,0
2025-02-17,F9,11433,11298,44,38,720,0
2025-06-04,UA,12478,11433,93,89,1277,0
2025-11-27,UA,11433,12266,110,102,366,0
2025-10-12,UA,12478,14107,69,66,474,0
2025-06-13,DL,12892,11298,28,25,1673,0
2025-06-15,B6,11193,15016,76,80,2881,0
2024-05-28,UA,10397,15016,14,4,673,0
2024-07-24,AA,11433,13930,47,43,2906,0
2025-01-26,F9,12266,13930,112,115,2609,0
2024-06-29,AA,13204,12266,36,55,252,0
2024-01-05,UA,13204,11193,57,72,2209,0
2025-03-11,NK,14771,13303,119,132,2412,0
2024-06-12,AS,12266,12478,73,73,1173,0
2024-03-21,B6,14057,14869,45,47,2822,0
2025-08-16,DL,10397,14057,-2,-11,793,0
2024-01-30,AA,11433,14771,68,83,692,0
2024-10-12,AA,12478,11298,-12,-12,1179,0
2025-05-23,DL,13303,12478,30,36,1163,0
2025-08-08,AA,14771,14107,-8,8,2535,0
2025-08-15,NK,13303,11298,-3,-9,320,0
2025-11-26,UA,12478,11193,-8,-13,2103,0
2025-01-03,NK,12478,13204,92,110,2269,0
2025-06-25,B6,14771,12266,65,83,240,0
2024-05-18,NK,14771,14869,75,90,1898,0
2025-02-26,WN,12266,11193,114,108,359,0
2024-11-13,DL,12478,12892,120,131,444,0
2024-05-08,NK,11193,10397,-11,-19,1463,0
2024-10-22,DL,12266,14057,56,53,2407,0
2024-07-11,AS,10397,12892,22,16,691,0
2024-08-17,AA,12478,13930,44,61,724,0
2024-01-26,NK,15016,11433,82,78,2523,0
2025-03-21,F9,11298,15016,86,105,1249,0
2024-11-27,WN,15016,13303,85,103,271,0
2024-06-13,DL,11193,10397,88,102,2100,0
2025-01-08,UA,12266,11298,81,80,2635,0
2025-05-26,AA,11193,12892,17,33,366,0
2024-04-30,F9,11193,13303,89,82,2908,0
2024-01-25,UA,11193,13303,12,24,263,0
2025-08-22,DL,13303,14771,-9,-18,1216,0
2024-11-05,UA,11298,11433,7,-2,1374,0
2024-12-18,B6,13930,11193,-12,-21,1545,0
2024-03-23,AA,13303,14869,90,101,220,0
2024-11-08,F9,15016,12478,77,81,2963,0
2024-04-21,DL,12892,11298,43,42,2703,0
2024-08-24,B6,12478,13204,51,45,2005,0
2024-05-09,AS,13204,14107,91,91,1326,0
2025-06-05,F9,13930,12266,62,74,1075,0
2025-05-24,F9,13930,14107,53,58,2444,0
2024-04-05,NK,11298,14057,14,15,966,0
2024-05-26,WN,14869,12266,2,14,2002,0
2024-10-13,WN,13930,14771,76,81,2256,0
2024-08-29,AS,15016,14771,87,85,2005,0
2025-09-26,UA,11193,15016,35,34,497,0
2024-05-10,AS,14107,12892,77,67,421,0
2024-01-18,AA,13204,10397,12,20,1315,0
2024-11-10,AS,12892,14869,53,61,1664,0
2024-11-14,F9,11193,10397,49,59,982,0
2025-09-19,NK,13930,11193,39,54,349,0
2024-03-06,WN,12478,11298,-6,-4,2109,0
2024-11-15,AS,14107,12266,105,106,874,0
2024-05-22,AA,11433,13204,26,27,1985,0
2024-07-09,DL,14869,13303,33,47,2737,0
2024-01-28,DL,11433,14869,93,110,765,0
2025-09-11,NK,15016,12266,14,14,2646,0
2025-07-07,F9,10397,12266,18,27,1490,0
2025-11-21,NK,11193,11433,39,40,2442,0
2025-05-16,AA,10397,11433,114,125,1071,1
2025-02-01,F9,13303,15016,58,61,698,0
2025-12-01,AS,10397,11298,23,24,868,0
2024-02-19,DL,14057,13303,34,40,2709,0
2025-06-11,AS,13204,14057,105,101,716,0
2024-08-01,NK,11433,14057,-12,6,832,0
2025-01-08,AS,10397,12892,41,33,2872,0
2025-04-01,NK,12892,14107,-6,-12,1208,0
2024-01-17,UA,11433,11193,0,11,1914,0
2025-10-29,B6,13303,11298,-2,5,264,0
2025-11-15,B6,12478,13303,111,131,2313,0
2025-04-14,UA,14771,13204,53,58,1798,0
2024-04-26,F9,12266,14057,95,108,2805,0
2025-06-15,B6,12266,14869,47,50,2590,0
2024-06-30,UA,12478,14057,29,22,1039,0
2025-04-01,NK,14869,11298,13,21,2974,0
2025-03-08,F9,14107,12266,29,42,1913,0
2024-03-06,B6,15016,13930,83,89,736,0
2024-09-30,DL,11298,12892,96,113,2534,0
2024-04-12,UA,11433,14771,-10,3,2697,0
2025-06-25,F9,14057,13204,41,40,2663,0
2024-11-21,AS,11298,12892,102,101,382,0
2024-08-05,WN,13204,10397,52,70,2714,0
2025-08-24,UA,12266,13930,34,35,2727,0
2025-07-07,F9,12892,14869,16,9,425,0
2024-04-01,F9,11298,13204,20,35,1444,0
2024-10-22,AS,12478,13204,0,-9,758,0
2025-07-27,NK,14771,13930,90,110,782,0
2025-03-15,DL,14771,14869,11,7,1787,0
2025-08-20,B6,14107,13303,58,65,1892,0
2024-12-06,AA,11298,12478,39,47,1771,0
2024-05-01,DL,12266,13303,93,91,1688,0
2024-05-28,AA,14057,11298,62,75,1785,0
2025-06-15,B6,10397,12478,90,85,220,0
2024-12-30,UA,15016,13930,72,70,2626,0
2024-05-20,DL,13303,14771,61,57,296,0
2025-09-20,UA,12892,11193,14,11,365,0
2024-02-19,AA,14057,15016,3,3,1938,0
2025-07-09,DL,14107,12892,62,81,2058,0
2024-06-07,DL,10397,14869,71,82,327,0
2025-02-12,DL,11433,14107,92,108,2383,0
2024-01-12,AA,14771,15016,101,109,2909,0
2025-11-24,WN,12478,15016,74,68,1323,0
2024-04-23,AA,12892,11298,6,26,1605,0
2025-02-22,UA,14771,13930,36,52,2963,0
2025-03-25,DL,11298,14771,52,61,591,0
2025-08-04,NK,10397,12266,68,87,1214,0
2024-06-11,B6,14869,13204,34,44,1942,0
2024-09-10,NK,11298,14057,114,106,731,0
2024-01-23,AS,12266,14869,1,5,704,0
2024-07-18,UA,14057,11298,107,99,2229,0
2025-07-05,B6,14869,14771,33,31,2476,0
2025-03-29,F9,11298,14771,9,4,860,0
2024-01-03,NK,12892,13303,76,71,2192,0
2025-07-07,AA,14771,14057,-9,6,2227,0
2024-01-03,UA,13204,13930,12,9,1507,0
2025-01-01,UA,11193,12266,34,32,450,0
2024-01-29,NK,14057,12266,38,29,2106,0
2024-01-25,AA,13204,11298,49,49,2282,0
2024-01-17,WN,11298,11193,99,97,2935,0
2025-01-26,AA,14869,11298,12,20,1918,0
2025-07-01,WN,14771,13930,19,30,2120,0
2024-02-21,F9,14771,12266,50,49,2104,0
2024-10-20,AS,13930,15016,60,77,2835,0
2024-08-21,B6,10397,13204,-2,7,2783,0
2025-07-03,UA,15016,10397,7,16,2876,0
2025-04-13,AS,12892,10397,89,106,1873,0
2024-05-07,NK,13303,14057,120,118,242,0
2024-09-16,DL,13930,14057,31,21,2177,0
2025-11-02,NK,12478,14057,77,85,2080,0
2024-05-17,B6,12478,12266,81,79,1534,0
2024-07-06,UA,10397,12266,50,59,2794,0
2025-11-27,AA,11298,14107,100,115,2938,0
2024-06-26,NK,12892,12478,103,118,2781,0
2024-03-29,B6,12478,11298,115,132,2787,0
2025-02-05,F9,12892,14057,52,67,2695,0
2024-01-07,WN,13303,14057,67,71,2199,0
2025-09-19,F9,13930,12892,83,91,2509,0
2025-11-15,DL,15016,10397,98,113,1342,0
2024-05-11,AA,13930,13204,22,17,557,0
2024-06-23,B6,10397,14057,55,62,798,0
2025-06-04,F9,13930,13303,-3,17,711,0
2025-07-16,WN,10397,12266,13,16,1804,0
2025-06-15,AS,11298,15016,61,80,3000,0
2025-04-01,AS,10397,12478,61,62,573,0
2024-07-08,UA,13303,11433,69,83,1822,0
2024-09-06,B6,13303,11433,23,16,1516,0
2025-01-03,NK,14057,12478,31,41,2671,0
2024-09-26,UA,15016,14107,36,51,2878,0
2025-07-24,DL,12892,14771,57,75,1809,0
2024-06-23,DL,11298,14057,6,25,2434,0
2024-03-30,DL,14107,13930,29,46,1524,0
2025-11-20,WN,15016,11298,38,43,1804,0
2024-12-11,B6,12266,12892,-4,10,435,0
2024-06-27,WN,13930,11433,33,52,2055,0
2024-05-31,AS,11298,14771,58,54,663,0
2025-03-26,NK,10397,12478,24,37,2912,0
2024-05-24,WN,12266,11298,49,49,2028,0
2025-09-20,DL,12892,10397,106,116,2463,0
2025-10-06,B6,13204,11193,65,78,2356,0
2025-03-01,UA,11193,12478,80,95,2133,0
2024-09-29,UA,13204,14869,18,25,919,1
2025-06-09,AS,14869,11298,-11,-5,1875,0
2025-11-02,AS,12266,11433,118,121,2869,0
2024-11-24,F9,14869,11433,92,98,2673,0
2024-03-16,DL,14057,14771,81,82,920,0
2025-01-19,F9,13930,14771,91,104,1534,0
2024-10-04,DL,14771,10397,66,76,1739,1
2024-10-12,F9,11433,14107,110,129,2200,0
2024-04-28,F9,11433,14057,108,107,2710,0
2025-05-27,NK,15016,11193,104,111,1325,0
2025-03-02,UA,13303,12478,14,10,1542,0
2025-06-12,UA,14869,13303,107,113,561,0
2024-05-14,AS,10397,13303,60,56,217,0
2024-04-28,AS,12892,13204,91,108,485,0
2025-08-10,AA,12266,11193,119,109,2126,0
2024-07-15,DL,10397,14057,90,84,2404,0
2025-10-25,AS,12478,14869,77,92,371,0
2025-04-27,WN,13303,15016,1,1,2474,0
2024-08-30,NK,14107,12892,97,98,1070,0
2024-03-21,UA,12478,13204,36,47,1726,0
2025-02-11,NK,11433,10397,105,96,1224,0
2025-07-28,WN,14869,11433,23,23,1148,0
2025-05-05,WN,13303,14869,48,45,713,1
2024-09-09,UA,14057,14107,1,21,994,0
2025-06-23,WN,15016,12266,38,54,757,0
2024-08-16,AA,12478,14057,79,75,2649,0
2025-11-21,WN,11433,12478,107,126,2721,0
2025-04-10,UA,13303,15016,-9,-1,947,0
2025-04-23,UA,10397,14057,94,106,2256,0
2024-12-15,UA,12892,15016,28,41,2124,0
2024-07-22,DL,11298,11193,47,67,659,0
2024-03-19,DL,12478,15016,44,50,328,0
2025-08-26,B6,12478,11433,67,68,2324,0
2024-09-19,UA,12266,13204,75,80,1807,0
2024-11-22,DL,13930,11298,90,100,478,0
2024-01-19,B6,13204,14057,82,84,1179,0
2024-01-02,WN,15016,12478,53,68,1914,0
2024-02-26,AS,14057,15016,7,17,1389,0
2024-04-05,DL,13204,11193,23,37,589,0
2025-07-19,UA,14107,12892,17,24,1245,0
2025-01-31,B6,14057,12892,-2,7,615,0
2024-12-02,WN,11433,13303,20,35,722,0
2024-06-16,B6,13204,14057,38,35,1486,0
2024-05-09,NK,10397,14771,39,56,1310,0
2024-12-25,AS,11433,11193,-7,4,654,0
2024-09-17,WN,11433,14107,34,27,1744,0
2025-08-25,B6,14771,14107,46,60,977,0
2025-11-25,WN,14107,15016,28,29,321,0
2025-06-07,F9,13303,14771,-6,-15,1964,0
2024-11-23,NK,15016,14057,30,26,370,0
2025-05-05,WN,11298,14107,109,99,429,0
2024-02-12,NK,13204,14771,-14,-19,2014,0
2025-04-24,AA,11298,12266,90,99,1913,1
2025-03-31,UA,13204,13930,118,115,2428,0
2024-12-02,WN,13204,14869,107,116,964,0
2024-03-10,WN,12892,14057,-7,10,424,0
2025-09-22,WN,13303,13204,95,90,1310,0
2024-03-31,AA,14771,14057,54,72,804,0
2024-01-21,F9,11433,13204,25,29,2589,0
2025-11-15,WN,14107,14057,0,6,1789,0
2024-06-11,UA,13303,11298,81,72,2717,0
2025-06-28,AS,11298,10397,46,51,2766,0
2025-03-06,AS,12478,14869,79,71,1572,0
2024-01-14,DL,14771,13204,46,54,1784,0
2024-08-16,NK,11298,14057,89,108,2160,0
2024-03-06,F9,15016,14771,-8,-3,802,0
2024-03-30,NK,14771,12892,114,118,881,0
2024-09-23,AS,12266,14057,94,85,823,0
2025-07-09,NK,11433,14869,77,82,2666,0
2025-03-22,NK,10397,11298,73,93,223,0
2025-09-17,AA,12478,10397,80,95,1243,0
2025-05-09,AA,11433,11298,14,23,2201,0
2024-09-02,WN,14107,13930,98,95,1384,0
2024-08-29,NK,15016,10397,103,93,1507,0
2025-04-21,DL,12892,13303,86,89,486,0
2024-07-21,UA,11433,12892,21,31,1984,0
2025-04-28,UA,14057,11433,85,82,768,0
2024-12-01,WN,14869,14107,96,111,2469,0
2025-08-11,F9,14107,15016,60,65,220,0
2025-04-30,AS,14107,15016,99,107,1200,0
2025-11-27,DL,12892,13303,0,10,1897,0
2024-05-31,F9,15016,14057,4,1,341,0
2024-04-06,NK,11193,15016,71,73,869,0
2024-06-30,UA,12266,12478,112,120,908,0
2024-08-25,NK,15016,14869,26,32,2331,0
2025-04-13,AS,14107,15016,-2,-8,1143,0
2024-09-05,WN,12478,10397,3,13,594,0
2024-12-09,B6,10397,14869,-2,17,356,0
2025-04-11,WN,14869,12266,105,107,2299,0
2025-02-21,DL,15016,11193,65,70,992,0
2025-05-25,F9,12266,11433,-7,-2,2925,0
2025-06-26,NK,12478,11193,37,36,2522,0
2024-01-15,WN,11433,12266,91,84,538,0
2025-03-03,AA,11193,15016,116,111,1051,0
2024-04-30,DL,14057,12266,-11,-12,247,0
2024-12-12,AA,13303,13204,37,30,715,0
2025-07-21,NK,11193,15016,12,32,1435,0
2024-06-05,UA,13930,11298,15,29,2731,0
2024-10-13,B6,14057,14869,107,106,1559,0
2025-09-15,WN,10397,15016,77,70,1083,0
2024-05-03,AS,14057,11193,32,52,1889,0
2025-05-22,DL,13204,12478,88,80,2877,0
2024-04-06,DL,14869,15016,4,16,452,0
2024-10-31,DL,12892,10397,120,132,707,0
2024-05-18,F9,10397,13930,119,110,2064,0
2024-04-03,B6,10397,11433,9,6,2922,0
2025-04-16,UA,12478,11433,-11,-18,1827,0
2025-04-23,NK,14869,10397,86,93,857,0
2024-10-17,NK,14107,11298,112,115,483,1
2024-11-26,AS,15016,11433,104,119,612,0
2024-10-31,AS,14057,13303,49,51,607,0
2024-10-07,DL,12266,11298,52,71,1888,0
2024-05-05,AS,14869,15016,67,78,335,0
2025-11-13,UA,15016,12892,40,51,899,0
2024-07-04,F9,14107,13930,108,118,765,0
2024-10-11,DL,14107,10397,15,27,443,0
2025-05-01,WN,10397,11433,70,88,1431,0
2025-07-24,B6,14869,11193,47,47,2804,0
2024-05-20,NK,11433,11193,52,62,721,0
2025-02-17,NK,15016,11433,100,104,597,0
2025-10-24,B6,14057,14771,51,69,1104,0
2025-10-21,NK,14771,14107,27,47,2858,0
2025-03-01,AS,14869,13303,-1,8,1851,0
2025-02-13,AS,14869,12266,15,27,2499,0
2024-02-27,UA,12478,14771,-10,-20,435,0
2025-04-27,UA,15016,14771,-10,-14,2661,0
2024-12-09,DL,12266,11433,-8,-8,577,0
2024-02-12,WN,11298,10397,-8,-15,2917,0
2025-08-21,AA,13204,14771,28,31,1309,0
2025-05-18,DL,14057,13303,96,115,1520,0
2024-04-27,UA,14107,10397,104,105,1648,0
2025-03-25,NK,11193,10397,23,17,2901,1
2024-05-16,AS,15016,11193,32,48,1681,0
2024-12-24,F9,13204,14107,48,48,900,0
2025-11-25,NK,12478,13930,117,129,1022,0
2024-12-10,B6,13204,13930,120,122,701,0
2025-05-13,B6,14771,13303,42,51,2800,0
2024-06-15,UA,14107,11193,-13,1,359,0
2024-05-01,UA,13930,14057,9,24,1411,0
2024-07-25,B6,12478,12892,117,120,574,0
2024-05-29,B6,12892,12266,42,45,1541,0
2024-01-07,F9,12892,12266,78,72,1784,0
2024-12-09,AA,11298,12266,34,24,424,0
2024-07-23,DL,14107,11193,57,68,1539,0
2025-07-16,B6,12892,11298,3,17,2576,0
2025-09-24,AA,13303,13204,117,124,2747,0
2024-09-18,AS,12266,11298,-9,-3,499,0
2025-01-01,DL,13930,13204,-12,-8,2925,0
2024-08-02,NK,10397,13204,97,94,1487,0
2024-06-22,F9,13930,11193,-9,3,1406,0
2024-01-08,AS,12266,12478,-8,-11,313,0
2025-05-24,B6,14771,11298,58,66,2683,0
2025-10-19,DL,12266,11298,29,38,574,0
2025-01-21,UA,11193,11433,37,31,1445,0
2025-04-27,AA,11298,10397,102,101,2525,0
2025-02-24,NK,14107,11298,102,113,2864,0
2024-12-25,AA,13204,12478,116,111,2475,0
2025-05-21,WN,14107,12478,82,81,1292,0
2024-12-16,UA,11433,14057,95,103,579,0
2024-04-13,UA,12266,10397,79,96,2117,0
2025-11-07,DL,13204,11298,51,71,1702,0
2024-06-13,NK,11298,15016,6,4,1373,0
2025-01-31,NK,14869,10397,47,58,1733,0
2024-09-02,NK,11298,13303,76,74,2102,0
2024-03-05,WN,11193,14869,4,10,608,0
2025-02-02,DL,14107,12892,36,32,1149,0
2024-06-11,AS,14869,10397,-2,4,2362,0
2024-05-31,DL,12266,12478,90,81,296,0
2025-01-27,WN,13930,11298,-9,-12,1892,0
2024-01-28,WN,11193,13204,40,38,805,0
2024-03-31,WN,12892,11193,73,69,991,0
2025-11-18,AS,14869,11193,-5,6,953,0
2025-05-16,AA,11298,10397,106,96,1643,1
2024-05-15,F9,14107,12266,-10,-3,2878,0
2024-02-08,F9,12266,12478,105,108,1067,0
2025-03-23,AS,11298,12266,11,8,276,0
2025-06-15,F9,12266,13303,119,123,804,0
2025-09-24,F9,11193,14869,6,19,477,0
2025-07-15,NK,14869,10397,11,13,1553,0
2025-08-10,F9,14107,14771,22,23,464,0
2025-04-22,NK,12478,10397,108,115,2595,0
2025-08-11,UA,12478,11433,75,76,1987,0
2024-05-26,F9,11433,12266,106,116,1494,0
2024-10-20,AS,14771,12892,71,61,2320,0
2025-03-09,UA,11298,11433,22,32,507,0
2025-08-30,AA,15016,14107,92,104,2438,0
2024-04-08,NK,15016,12478,34,47,304,0
2025-09-15,B6,12478,13930,46,41,2403,0
2024-08-22,DL,11193,14869,75,90,587,0
2024-07-31,WN,13303,14771,79,96,482,0
2024-11-23,WN,14869,11193,92,99,343,0
2024-09-12,B6,13204,12266,54,49,2645,0
2025-03-10,AS,10397,14869,40,54,1078,0
2024-09-18,DL,14869,11433,19,39,392,0
2025-05-14,WN,11193,14869,9,2,2355,0
2025-05-02,AA,11433,14869,101,95,2511,0
2025-08-19,AS,12892,14057,37,53,221,0
2025-04-19,F9,15016,13303,32,31,2857,0
2024-01-16,WN,10397,12892,71,75,1999,0
2024-08-01,NK,10397,14869,59,70,1597,0
2024-04-21,B6,15016,12266,92,87,1263,0
2025-02-05,F9,14057,15016,21,16,2257,0
2025-10-25,NK,11433,13204,102,105,2031,0
2024-11-29,UA,10397,14057,21,20,875,0
2025-09-12,AS,14107,15016,-6,-9,2068,0
2025-04-23,B6,13204,11433,40,49,942,0
2024-09-09,WN,11193,12478,73,78,1959,0
2024-12-30,NK,14771,14107,101,115,1340,0
2024-04-15,NK,14057,14107,53,46,2305,0
2024-05-02,UA,12892,12266,80,94,2291,0
2024-10-20,F9,13930,12266,91,88,349,0
2024-12-21,AS,14869,11433,79,87,2800,0
2025-01-16,AS,11193,10397,86,101,1418,0
2024-12-31,AA,11433,13930,46,61,2089,0
2024-07-26,AS,12266,14057,85,98,1340,0
2024-01-31,WN,11298,15016,-11,-12,2218,0
2025-04-03,WN,11193,11433,68,58,602,0
2025-07-19,UA,14107,14771,31,37,474,0
2024-09-18,F9,13204,12266,113,121,986,0
2024-12-26,DL,13204,12478,59,54,652,0
2024-05-31,NK,12266,13303,84,102,603,0
2024-05-27,F9,14057,11193,76,82,2286,0
2025-06-09,DL,13930,14107,49,43,321,0
2025-08-22,F9,11193,12266,120,139,2106,0
2024-01-25,NK,13930,14869,-9,-6,2942,0
2025-03-08,AA,14771,14869,80,99,2983,0
2025-06-28,F9,14107,10397,2,3,541,0
2025-05-07,DL,14869,14057,11,9,836,0
2024-02-28,DL,14107,13303,39,39,2388,0
2024-07-23,B6,12266,13204,44,43,2399,0
2024-10-05,DL,14107,12892,-3,4,846,0
2024-07-06,B6,12892,13204,-1,-9,884,0
2025-03-11,WN,14869,12892,101,92,2048,0
2024-01-22,WN,14771,11298,17,15,1716,0
2024-10-03,AS,13930,14771,94,89,2254,0
2025-06-08,AA,14869,12266,24,18,2206,0
2025-10-14,UA,14771,12478,25,25,2885,0
2025-11-23,WN,13303,11298,72,66,2423,0
2025-02-11,UA,10397,11298,87,98,1664,0
2024-10-20,B6,11433,13303,85,93,2083,0
2024-05-11,NK,14057,10397,22,19,911,0
2025-01-14,DL,15016,14107,60,69,894,0
2025-05-23,UA,12478,13303,17,17,2788,0
2024-06-30,F9,11193,11433,52,72,1284,0
2024-11-29,AS,13204,13303,-10,-11,527,0
2025-04-06,F9,13204,13303,8,1,2490,0
2025-01-13,UA,12892,12478,25,23,2544,0
2025-07-17,NK,12266,14107,44,45,786,0
2025-04-13,F9,11298,14771,107,99,508,0
2025-07-19,WN,13930,11298,109,104,2981,0
2025-02-11,B6,13204,13930,4,10,1752,0
2024-05-01,F9,13204,10397,32,45,2615,0
2025-01-08,UA,14057,12892,24,16,1999,0
2025-01-28,B6,14771,14869,105,115,2088,0
2024-02-07,NK,11433,11298,112,129,503,0
2024-11-16,WN,14107,14771,41,40,971,0
2024-04-15,B6,12892,11298,117,136,1012,0
2024-10-12,NK,15016,14057,87,79,2965,0
2024-04-10,F9,13930,12892,63,58,1582,0
2024-03-07,DL,14107,11298,104,120,492,0
2024-08-22,F9,12478,12892,32,24,1485,0
2025-03-12,WN,13204,12478,-12,-16,1557,0
2025-02-08,UA,14869,14107,25,42,2069,0
2025-04-21,AA,13303,12478,13,25,602,0
2025-02-01,DL,12892,14057,10,15,1580,0
2024-11-12,UA,11298,14057,117,124,1258,0
2025-06-18,NK,13930,13303,23,39,983,0
2024-01-22,AS,12892,11433,55,53,1607,0
2025-09-10,F9,15016,13930,5,21,1168,0
2025-08-11,NK,14869,13303,99,104,2928,0
2025-10-16,UA,12266,13204,46,66,1800,0
2025-01-26,AA,13303,11298,105,99,2853,0
2025-08-16,B6,13930,12266,32,30,2923,0
2025-09-24,UA,11433,10397,15,7,1193,0
2024-03-10,UA,11193,14869,107,104,1170,0
2025-04-22,AS,13204,13930,-11,-8,335,0
2025-04-20,NK,11298,14771,105,107,2020,0
2025-10-19,F9,12892,14869,66,71,1143,0
2025-05-28,AS,12266,14771,2,-2,2410,0
2025-11-12,F9,13303,11433,69,76,554,0
2024-04-07,AS,11298,14771,75,92,586,0
2024-07-03,B6,11433,12478,82,100,268,0
2024-08-25,AA,11433,12478,69,84,553,0
2025-03-15,AA,11433,13204,57,54,2636,0
2025-09-06,UA,12892,15016,114,131,1917,0
2025-08-12,WN,14869,11298,26,44,2648,0
2024-03-26,B6,14869,13204,87,83,2888,0
2025-08-28,NK,15016,14107,49,59,2184,0
2024-01-04,NK,14057,10397,103,110,910,0
2024-06-08,AA,12266,14107,2,19,1375,0
2024-05-19,AS,11298,10397,67,76,2324,0
2025-08-30,F9,13204,14107,33,34,1775,0
2025-06-11,NK,13303,12266,17,16,858,0
2025-06-17,AS,14057,12892,79,70,2787,0
2025-01-10,UA,10397,12478,59,51,795,0
2024-07-06,B6,13930,14107,90,90,864,0
2024-06-18,NK,14057,11193,92,104,666,0
2024-09-26,F9,12892,13930,47,47,543,0
2025-10-24,F9,14057,12478,100,96,671,0
2024-08-31,DL,12892,10397,-11,-6,1865,0
2025-09-19,WN,12266,13204,98,103,2808,0
2025-02-28,WN,11433,12892,94,111,1303,0
2024-11-02,DL,11193,12892,77,67,2390,1
2024-08-21,WN,11298,12266,116,115,474,0
2024-11-28,AS,12266,11298,66,62,430,0
2024-08-29,AS,11433,12266,-5,11,2185,0
2024-03-11,AS,15016,14771,110,107,2319,0
2024-12-21,NK,12478,12892,45,48,1038,0
2025-02-04,WN,12892,10397,-14,-23,829,0
2024-05-04,F9,13303,10397,61,70,322,0
2025-06-30,F9,15016,12478,4,21,779,0
2024-12-14,AA,12266,14107,108,105,2956,0
2024-12-21,UA,14869,14771,42,61,1871,0
2024-08-15,WN,11193,14869,117,116,2018,0
2024-12-07,DL,14107,14869,10,5,2240,0
2024-08-23,NK,10397,14771,7,9,614,0
2025-08-24,F9,15016,10397,11,1,2519,0
2025-10-31,AS,11433,14771,82,84,2933,0
2025-03-16,WN,13303,14107,14,34,1073,0
2025-01-12,B6,13303,10397,15,8,2063,0
2024-07-11,B6,12478,12266,26,36,215,0
2025-01-17,F9,13930,10397,17,19,2830,0
2025-07-25,F9,12478,15016,9,11,1172,0
2025-06-29,NK,13930,12892,-7,-12,555,0
2025-03-12,WN,12892,15016,73,91,1615,0
2024-01-31,AS,11433,13303,0,17,1241,0
2025-08-13,B6,12266,14107,26,33,2746,0
2024-08-24,AA,12266,14869,74,81,1839,0
2024-10-11,AS,14869,14057,10,6,1483,0
2024-01-18,UA,12478,13303,56,72,348,0
2025-06-26,UA,12892,14771,60,51,1455,0
2024-12-19,F9,13930,12892,76,70,478,0
2024-04-28,B6,14057,14869,27,31,245,0
2024-10-22,AS,11298,14869,50,59,1901,0
2025-07-29,B6,12266,12892,57,62,2113,1
2025-09-19,WN,14107,13303,-5,-5,864,0
2025-07-14,NK,14057,14771,16,23,816,0
2024-05-14,B6,12266,14771,56,72,1467,0
2025-11-02,DL,12478,14057,57,50,1875,0
2025-03-10,UA,12266,12892,19,17,2300,0
2024-05-27,AA,12892,14771,79,69,1247,0
2024-06-23,B6,12266,11298,74,75,1546,0
2025-10-27,UA,15016,14869,-4,-12,1046,0
2025-01-03,UA,13204,14869,12,28,732,0
2024-03-23,F9,14869,12892,1,14,2012,0
2025-11-03,UA,11298,13303,13,5,1912,0
2024-07-01,WN,11193,11298,-10,-12,2273,0
2025-12-01,WN,10397,14057,71,91,531,0
2024-05-21,AS,10397,14771,113,127,516,0
2024-09-11,DL,13204,14107,75,86,1392,0
2024-05-24,B6,15016,12892,30,27,652,0
2025-07-28,F9,10397,12478,72,64,2426,0
2025-11-21,WN,11433,12266,49,48,2331,0
2024-07-11,NK,12892,12266,22,18,311,0
2024-03-23,DL,10397,13930,97,116,1824,0
2025-11-05,AA,11433,12266,11,19,573,0
2025-06-04,AS,14057,10397,3,7,1443,0
2024-06-29,B6,14107,12892,88,94,354,0
2024-09-29,NK,11433,14107,-13,5,1073,0
2025-10-24,B6,14869,12266,25,34,1237,0
2024-11-18,AA,13930,14771,39,55,2526,0
2025-01-03,AS,12266,13303,93,93,939,0
2024-09-15,AS,11298,13930,-14,-17,513,0
2024-01-15,NK,10397,13303,70,75,532,0
2025-05-09,WN,12892,11433,111,127,588,0
2025-09-23,AA,13204,13303,52,66,2691,0
2024-08-30,NK,12478,15016,117,107,3000,0
2025-05-16,AA,12892,13204,98,90,1728,0
2024-12-27,WN,12266,13303,86,84,2786,0
2025-04-26,AA,14107,12478,93,102,1202,0
2025-02-23,F9,10397,12892,82,102,749,0
2024-02-08,UA,14869,10397,120,136,957,0
2024-11-02,WN,12266,14771,34,44,385,0
2024-05-30,AS,15016,11298,83,95,1536,0
2025-03-13,F9,14057,11433,-15,5,2346,0
2024-05-14,AS,14771,10397,-9,-6,1529,0
2024-06-26,NK,13303,14057,67,62,581,0
2024-04-12,B6,10397,14869,49,56,397,0
2024-10-24,AA,10397,11433,52,62,2303,0
2024-02-12,AS,15016,11193,76,78,2260,0
2024-09-06,UA,15016,12266,-6,-16,2969,0
2025-11-10,DL,15016,14057,17,37,1576,0
2024-03-04,F9,14057,13930,33,30,1496,0
2024-03-08,AA,12478,12266,69,72,275,0
2025-02-26,DL,11193,11298,77,92,221,0
2025-01-30,WN,15016,14107,52,54,436,0
2025-05-29,WN,12892,13204,116,125,366,0
2025-05-08,AA,11433,13930,64,71,2660,0
2024-02-14,WN,14057,14869,74,90,1493,0
2024-04-15,AA,11298,11193,98,108,2700,0
2024-03-30,WN,13303,11298,-7,0,1389,0
2025-11-02,WN,10397,13204,-1,6,519,0
2024-03-31,NK,11433,13204,27,25,390,0
2025-09-01,UA,14107,13303,7,20,2198,0
2024-07-23,WN,12266,13930,22,12,2704,0
2024-10-28,UA,12892,14057,12,20,469,0
2025-07-05,F9,11298,14107,5,25,530,0
2024-11-07,WN,14107,10397,-2,8,1412,0
2024-05-08,AA,13204,14771,101,98,2541,0
2025-04-11,NK,12478,15016,94,106,1001,0
2025-03-29,AS,14869,12266,26,22,1973,0
2025-05-20,AA,13303,11298,14,31,2615,0
2024-02-13,UA,15016,12478,106,111,2424,0
2024-01-30,NK,13204,14869,93,89,674,0
2025-07-17,NK,14057,13204,32,36,2981,0
2025-02-16,DL,14107,13930,23,31,2112,0
2024-05-18,NK,13930,13303,55,63,2476,0
2024-08-31,F9,13303,11193,39,47,2892,0
2024-11-07,AA,12266,14771,71,83,1835,0
2024-05-21,F9,13204,10397,93,101,1437,0
2024-12-27,UA,13303,15016,63,83,2086,0
2025-07-05,NK,15016,11433,35,44,1096,0
2025-08-23,WN,14107,13303,2,10,1737,0
2024-09-25,NK,14771,14869,88,96,2349,0
2025-05-31,AA,13204,12478,73,90,1872,0
2024-08-27,F9,15016,14107,60,72,2561,0
2025-01-23,B6,12478,11298,81,77,2958,0
2024-07-21,AA,11433,13303,9,24,1282,0
2024-01-21,NK,11298,14869,-15,-2,1890,0
2024-01-13,AS,14771,11193,40,49,798,0
2025-02-22,WN,12892,12478,8,25,2090,0
2025-02-18,AS,10397,11433,41,38,1540,0
2025-04-30,B6,12892,10397,14,13,1381,0
2024-05-26,NK,14771,14057,38,30,1297,0
2025-11-19,AS,12478,11298,89,109,1390,0
2025-09-18,UA,14771,14057,75,90,2746,0
2024-09-28,F9,11298,12892,33,34,2207,0
2025-04-08,AA,13930,12892,104,117,2778,0
2025-09-01,NK,14771,11298,57,64,656,0
2025-01-26,NK,11298,12478,64,69,2580,0
2024-03-01,AS,14771,14057,-4,-12,2035,0
2024-12-07,UA,13303,13930,117,129,1029,0
2024-08-01,NK,14057,11193,39,53,2800,0
2025-08-12,NK,12892,11298,46,46,1609,0
2025-01-28,AA,13930,15016,27,23,1947,0
2025-09-02,B6,14771,14057,49,61,2115,0
2024-03-24,AS,10397,12892,20,40,674,0
2025-06-11,UA,12266,13204,87,87,688,0
2025-09-07,NK,11193,14057,89,96,2783,0
2025-02-26,F9,15016,11193,71,63,2333,0
2025-02-18,B6,13930,12478,92,100,2905,0
2025-02-27,AA,14869,12892,96,91,2749,0
2025-09-21,UA,14107,12266,15,12,462,0
2025-09-30,F9,11193,13303,7,3,1589,0
2024-01-28,AA,13204,14771,65,77,2785,0
2025-09-20,UA,13930,13303,35,51,2627,0
2024-01-08,AS,14107,15016,112,132,284,0
2024-01-31,B6,13303,14107,8,8,2243,0
2024-03-11,B6,14771,11298,33,46,2917,0
2025-05-26,WN,12266,10397,78,94,2513,0
2025-09-28,UA,12478,14107,84,97,647,0
2025-05-08,F9,12478,14057,66,60,263,0
2025-11-09,NK,11193,12892,59,61,563,0
2025-01-18,WN,12478,14869,36,26,238,0
2025-04-20,NK,11298,13204,40,39,2156,0
2024-09-13,AS,14107,11433,50,57,1692,0
2024-02-10,F9,12478,14057,-7,-3,268,0
2024-06-11,UA,11433,12892,93,100,1100,0
2025-10-22,NK,12266,14107,84,84,2675,0
2024-04-16,UA,14869,11433,7,0,1778,0
2024-05-22,F9,14771,11298,68,60,2163,0
2024-05-08,AS,11193,12892,-1,-9,2886,0
2024-06-01,AA,14869,12892,33,44,1635,0
2025-05-02,B6,15016,11193,54,45,922,0
2025-04-01,UA,12478,14869,77,67,729,0
2025-04-27,B6,14771,13204,106,126,540,0
2025-11-04,WN,13303,13930,45,62,2908,0
2025-02-16,F9,10397,12892,12,16,1240,0
2024-07-04,NK,14869,11298,104,117,1377,0
2025-10-31,AA,11193,14057,1,3,1055,0
2024-02-26,NK,11193,14107,50,47,817,0
2024-08-14,AS,13204,11298,4,11,1608,0
2025-04-02,WN,11193,11433,52,51,1715,0
2024-07-15,UA,13930,14057,103,93,2762,0
2024-05-03,F9,14107,13930,-9,2,2602,0
2025-01-05,B6,11298,13930,87,83,2183,0
2025-08-24,WN,13204,14057,-2,10,672,0
2025-06-01,NK,12892,12478,2,1,2747,0
2024-01-06,DL,14057,11433,99,109,670,0
2024-11-19,AA,11433,13930,32,36,1473,0
2024-12-09,B6,14057,13204,46,54,1970,0
2024-08-14,AA,13930,11433,116,125,2176,0
2024-11-29,AS,14771,12892,-4,15,713,0
2024-07-16,AS,13303,10397,10,24,1472,1
2024-10-11,B6,11298,14107,-5,0,1580,0
2024-06-02,B6,14869,11298,69,62,2261,0
2025-06-26,AS,12892,11298,102,95,2346,0
2025-09-25,NK,14771,12266,60,79,1969,0
2025-06-23,B6,14107,13303,107,111,1710,0
2025-07-29,NK,15016,14057,42,32,841,0
2024-08-05,UA,14869,13930,120,123,219,0
2025-01-30,B6,14057,11433,81,97,2511,0
2024-09-10,DL,11193,11298,9,28,1298,0
2024-03-05,B6,14107,11433,44,39,1973,0
2024-03-05,F9,12892,14771,105,118,2872,0
2025-03-23,UA,12892,11193,99,118,1699,1
2025-11-30,NK,13930,13303,-12,-18,2227,0
2025-09-24,AA,14771,11433,2,-5,2391,0
2024-05-04,AS,12478,12892,112,104,446,0
2025-11-27,DL,13204,13930,87,87,1327,0
2024-07-11,DL,14771,13930,76,95,2587,0
2025-11-24,UA,13930,14771,93,97,1158,1
2024-06-23,B6,13303,12266,41,38,294,0
2025-05-08,AA,10397,15016,-9,-7,2614,0
2024-03-19,F9,10397,11193,78,96,419,0
2024-11-04,WN,14107,11193,119,119,700,0
2024-01-21,F9,10397,15016,51,61,2448,0
2025-06-11,AS,12478,12266,44,64,2131,0
2025-11-11,B6,12266,11298,53,63,1872,0
2024-04-18,DL,12892,12478,0,14,1644,0
2025-03-30,NK,13930,12892,3,-4,1336,0
2024-07-27,AS,12478,14107,38,49,692,0
2025-10-08,AA,14057,14771,76,70,1763,0
2025-02-16,NK,11433,13204,74,92,378,0
2025-08-12,AA,11193,12892,13,23,2267,0
2024-11-04,WN,12478,14057,31,33,1821,0
2025-09-12,WN,11298,12478,109,114,249,0
2025-07-26,AS,15016,14771,99,96,1698,0
2025-07-04,NK,12892,13303,20,31,2029,0
2024-04-12,WN,13303,12266,44,42,793,0
2025-06-09,DL,11433,11193,12,24,2824,0
2025-11-10,AA,13204,11193,84,93,2988,0
2024-04-25,AA,14057,14869,106,126,979,0
2025-08-21,NK,13930,10397,83,81,1871,0
2024-05-22,AA,12266,11298,7,17,1345,0
2025-11-16,AA,13204,11193,71,87,769,0
2025-04-12,AA,12266,13204,70,89,2563,0
2025-10-22,AS,11298,14869,66,70,1867,0
2025-05-08,F9,15016,12266,29,40,1886,0
2025-09-21,AS,14107,12266,-6,-10,2593,0
2024-07-21,WN,12266,14869,74,84,1987,0
2024-02-15,NK,13303,11298,104,104,705,1
2024-05-18,NK,11193,10397,57,50,335,0
2024-12-14,AA,10397,14057,15,31,1047,0
2025-08-14,NK,14771,13204,113,108,1057,0
2025-05-09,F9,10397,11193,105,121,2138,0
2024-03-06,NK,14771,14869,25,36,2867,0
2024-06-02,NK,12892,13204,96,114,1637,0
2024-08-27,F9,12892,14869,98,108,2064,0
2025-08-28,UA,14771,14869,17,23,2928,0
2025-08-14,WN,14771,13204,101,117,932,0
2024-11-26,B6,12892,11433,-10,10,1476,0
2024-04-30,F9,14107,12478,116,132,1460,0
2024-09-09,AA,14869,14771,-4,3,835,0
2024-06-24,F9,14869,10397,82,84,1597,0
2024-04-20,AA,13303,12478,59,60,2185,0
2024-09-27,NK,13303,11298,93,86,1549,0
2025-10-25,UA,13204,14057,107,121,1615,0
2025-03-06,AS,13204,11433,107,124,1112,0
2024-05-03,NK,14869,13303,77,76,391,0
2024-09-30,F9,14771,12266,4,11,2428,0
2024-08-22,B6,15016,11193,57,62,1817,0
2025-01-06,F9,14869,11193,-13,6,1152,0
2024-06-27,DL,13204,13303,99,114,2074,0
2024-02-15,WN,12266,14107,83,74,614,0
2024-04-11,UA,10397,11433,120,115,1351,0
2025-01-07,NK,15016,11193,76,76,2612,0
2025-11-08,F9,14057,12892,105,119,1348,0
2025-05-19,NK,12266,13930,-2,-11,683,0
2025-02-23,UA,11433,14771,33,26,2798,0
2024-04-24,DL,13303,10397,9,19,1345,0
2024-11-22,AS,11193,13303,30,33,409,0
2024-07-17,DL,12478,12892,42,43,727,0
2024-12-13,AS,14107,15016,96,99,351,0
2025-03-03,NK,11298,14869,-9,-15,1819,0
2024-07-17,WN,11433,13930,120,129,273,0
2024-03-03,WN,14869,13303,63,60,1076,0
2024-06-23,NK,11433,14869,113,120,611,0
2024-06-23,DL,14771,13930,46,43,1883,0
2025-03-13,NK,13204,12266,51,60,358,0
2024-06-06,NK,14869,14057,89,96,1082,0
2024-01-02,B6,14107,12892,93,85,1266,0
2025-06-03,WN,14771,13303,74,83,754,0
2025-03-25,DL,10397,14107,18,36,923,0
2024-08-31,WN,13930,10397,46,38,1402,0
2025-08-20,F9,12892,14107,111,116,1480,0
2024-10-25,AS,11298,12266,95,86,2201,1
2024-09-15,DL,14057,14869,2,20,2459,0
2024-04-21,F9,14771,14057,46,57,874,0
2024-12-09,B6,12892,12478,10,22,482,0
2024-02-14,DL,14107,11298,107,103,1358,0
2024-05-26,WN,15016,12266,81,96,2642,0
2024-04-15,B6,14771,11433,109,122,2358,0
2024-09-03,DL,11298,11193,78,89,1007,0
2024-06-20,UA,12892,12478,113,124,413,0
2025-06-30,WN,11433,13930,3,16,2169,0
2024-10-15,WN,10397,14107,13,3,2160,0
2025-08-04,WN,11298,12266,27,42,2698,0
2024-03-16,NK,14107,15016,94,99,781,0
2024-11-05,AA,12478,14107,68,75,1488,0
2024-09-17,DL,14771,11193,7,23,1774,0
2025-05-24,WN,13204,15016,52,61,1021,0
2025-06-01,B6,11193,13930,48,58,823,0
2024-12-20,B6,11433,14107,14,21,317,0
2024-10-13,WN,11433,12266,79,82,2077,0
2025-01-03,UA,11193,14107,35,53,1420,0
2025-01-10,WN,12266,14771,-2,1,1338,0
2025-03-16,AS,11193,12266,-2,7,2175,0
2024-08-08,B6,13204,14057,45,52,1466,0
2025-01-05,DL,14107,14771,98,99,1441,0
2025-10-01,UA,14771,11433,114,126,1945,0
2025-06-22,UA,14869,11433,58,52,1253,0
2024-08-15,AS,12478,13930,102,108,2886,0
2025-10-22,AA,10397,14057,86,79,1134,0
2024-10-01,UA,12266,11193,13,14,2358,0
2024-12-09,AS,13930,12478,40,50,379,0
2024-11-20,AS,15016,11193,26,30,1961,0
2024-10-24,F9,10397,14771,60,73,1071,0
2025-07-24,UA,13930,15016,101,101,717,0
2025-11-29,WN,15016,13303,85,99,364,0
2024-07-19,WN,12478,10397,82,95,684,1
2024-10-26,UA,12266,14107,-11,-20,2160,0
2024-02-23,AS,14771,11193,52,57,993,0
2025-11-07,AS,11193,14107,77,73,2987,0
2025-09-26,WN,13204,15016,108,100,529,0
2024-01-24,NK,13930,10397,12,16,1579,0
2024-04-07,AS,11193,13930,2,14,2212,0
2025-05-04,WN,12266,14107,87,106,1461,1
2025-04-28,UA,10397,12266,-13,-7,1499,0
2024-07-16,WN,10397,11433,50,57,1118,0
2024-10-24,AA,13303,11433,64,64,1165,0
2024-05-07,NK,13930,11298,69,89,1054,1
2024-03-30,NK,13303,14869,45,39,1111,0
2025-08-08,DL,12478,12892,43,36,1480,0
2024-12-25,F9,11433,11193,56,70,2886,0
2025-10-20,UA,13204,11298,62,75,1424,0
2024-12-30,DL,11298,10397,103,101,2433,0
2025-11-02,NK,11298,10397,47,59,1171,0
2024-01-20,AS,14107,14771,-15,-12,2733,0
2025-03-25,B6,14771,12266,80,100,2844,0
2025-07-10,F9,10397,12892,39,59,573,0
2024-03-08,AA,13303,13930,51,48,2102,0
2024-04-24,B6,14057,14107,103,116,1393,0
2024-05-07,AS,11298,10397,111,108,944,0
2025-10-24,WN,14869,11298,66,69,1769,0
2024-04-17,NK,14107,13204,115,127,596,0
2024-10-14,NK,14869,12478,69,70,256,0
2024-06-28,AA,13204,15016,23,27,1325,0
2024-01-30,WN,12892,14869,37,46,1610,0
2025-02-02,AA,11298,14869,73,76,1113,0
2025-07-04,UA,14057,12266,29,19,1033,0
2024-11-01,WN,14107,12478,111,112,543,0
2025-11-20,DL,12266,10397,36,50,708,0
2025-07-30,WN,14057,13204,70,62,901,0
2025-02-01,WN,14869,11193,15,31,2127,0
2024-11-13,DL,13303,14771,71,70,2823,0
2024-01-19,F9,11298,13303,47,59,712,0
2025-03-26,DL,12478,14107,119,126,2439,0
2025-07-06,AS,14057,14107,65,76,2779,0
2025-03-10,DL,14771,10397,50,45,377,0
2025-11-23,DL,14107,10397,37,35,1218,0
2024-07-05,DL,11433,13930,31,34,966,0
2024-05-09,UA,11433,12892,110,103,1623,0
2025-01-10,WN,11433,14107,-7,5,2863,0
2025-08-27,WN,14869,13930,71,67,1789,0
2025-11-14,B6,14771,11298,5,6,2354,0
2025-05-27,F9,13303,12892,114,118,607,0
2024-03-05,AA,10397,15016,99,110,1670,0
2025-02-04,WN,12478,13930,82,85,2873,0
2024-06-19,AS,15016,13204,93,88,693,0
2025-09-21,UA,14107,14057,33,48,2337,0
2025-02-18,UA,14869,14771,77,86,2731,0
2025-01-19,UA,11193,12266,-10,-11,2781,0
2025-04-14,DL,14107,12478,37,57,733,0
2025-01-05,AS,14057,13303,99,107,1779,0
2024-04-23,AA,14869,11193,109,110,2776,0
2025-05-15,AA,14107,11298,67,87,2249,0
2024-02-01,AA,14107,14771,80,97,1574,0
2025-11-11,AA,15016,11433,76,83,526,0
2025-06-19,UA,12892,11433,81,90,1392,0
2025-03-19,AS,13303,15016,40,54,2326,0
2024-08-30,AA,15016,13204,100,115,971,0
2025-10-29,WN,14057,13204,93,104,2545,0
2025-06-14,DL,11298,14869,86,100,664,0
2024-10-10,WN,12266,13303,-9,10,1800,0
2025-03-20,DL,11433,10397,42,33,914,0
2025-03-18,AA,15016,11298,18,15,1528,0
2025-04-23,DL,11433,12892,11,10,2218,0
2024-11-11,AA,14107,12478,98,116,438,0
2025-09-06,UA,14869,14107,45,59,2564,0
2024-10-11,NK,10397,12478,29,25,2242,0
2024-04-19,B6,11193,15016,105,118,1101,0
2024-01-23,NK,13303,14057,120,124,258,0
2024-01-31,AA,11298,11433,-1,18,486,0
2024-02-08,NK,11298,12478,78,69,684,0
2025-04-01,AA,11298,12266,46,51,940,0
2024-11-27,NK,15016,12478,28,40,1993,0
2025-05-25,AS,14869,11298,84,82,2859,0
2025-02-15,UA,10397,11298,1,9,2110,0
2025-04-27,B6,12266,11433,103,112,1367,0
2025-01-21,AA,12892,11298,42,57,1661,0
2024-10-05,B6,14057,11193,29,46,2325,0
2024-04-01,NK,12478,14771,7,20,533,0
2024-11-18,F9,14771,13930,81,82,2443,0
2025-04-04,DL,15016,11193,65,77,2988,0
2025-10-05,F9,12266,15016,76,86,1717,0
2024-10-15,DL,14107,14771,110,123,2889,0
2025-11-25,NK,13303,14869,59,57,1342,0
2025-04-01,B6,11193,12892,43,39,1972,0
2024-03-08,AA,11193,14107,117,111,1150,0
2024-01-13,AA,12892,12478,1,15,2130,0
2025-10-23,F9,13930,15016,3,4,1225,0
2025-11-03,NK,11433,11193,87,101,2037,0
2025-03-31,AA,15016,11298,92,88,2945,0
2024-09-03,B6,15016,14057,68,61,756,0
2024-11-14,F9,13303,14771,35,43,703,0
2025-01-30,AS,14869,13930,8,24,1628,0
2024-11-16,WN,14869,13930,75,79,2099,0
2024-06-02,DL,15016,13930,-11,-16,2222,0
2025-08-20,AA,13303,10397,38,55,742,0
2025-07-25,NK,14107,12478,65,60,539,0
2025-06-09,DL,14057,11433,29,39,2341,0
2024-11-08,B6,14057,14869,82,82,2389,0
2025-01-16,WN,13303,15016,46,64,2102,0
2024-02-03,UA,12266,13204,30,27,861,0
2024-04-07,AS,14107,12892,19,32,1409,0
2025-03-21,AS,10397,12478,94,104,1681,0
2025-11-08,WN,13303,11433,49,69,2209,0
2025-04-05,F9,15016,10397,21,27,1797,0
2024-05-22,UA,13930,11298,77,95,1385,0
2025-07-20,B6,11298,14057,67,69,489,0
2024-07-01,AS,14771,10397,97,101,1723,0
2024-06-12,DL,13204,11433,87,105,2071,0
2025-03-21,AS,13303,11193,55,56,2873,0
2025-05-05,UA,11193,11298,34,31,1610,0
2025-02-12,NK,11193,14057,84,101,395,0
2024-09-25,AS,13204,11433,36,44,1989,0
2024-06-06,DL,11193,13930,92,101,1271,0
2025-08-24,B6,13930,14869,97,102,2468,0
2025-02-21,F9,14869,11298,24,38,639,0
2024-04-23,AS,13204,13303,0,-3,399,0
2024-02-12,B6,14057,14771,91,107,481,0
2024-04-14,NK,12266,13303,115,122,2273,0
2024-03-13,AA,11433,13303,119,129,2183,0
2025-03-04,AA,11433,12478,-14,5,1215,0
2025-03-14,F9,10397,13303,17,8,2849,0
2025-06-27,AA,11193,13930,7,2,601,0
2024-08-04,B6,14869,12478,33,37,990,0
2025-01-11,UA,14869,10397,92,86,1885,0
2024-12-05,DL,10397,13204,47,67,2838,0
2024-03-21,DL,14771,13303,33,48,2079,0
2024-11-28,F9,11298,14057,106,126,759,0
2025-11-06,B6,12478,14107,49,54,867,0
2025-05-28,DL,12266,11433,50,44,1016,0
2024-07-08,UA,15016,14771,113,103,2439,0
2024-06-10,F9,14869,13930,81,75,2367,0
2025-09-02,AS,13204,13930,109,129,313,1
2025-01-15,F9,12892,14869,3,7,1258,0
2025-07-14,AS,12892,12266,14,12,2798,0
2024-05-26,AS,13204,13303,103,97,501,0
2024-06-26,UA,14107,15016,-6,-13,2294,0
2025-05-16,AS,11193,14869,91,109,1745,0
2025-07-04,NK,11193,13204,97,105,1053,0
2025-08-29,NK,12478,14869,55,47,1505,0
2025-07-17,DL,13303,12266,43,48,877,0
2025-07-14,AA,12266,13930,35,40,1549,0
2025-10-31,UA,11433,13204,76,72,1914,0
2024-03-16,AS,14771,10397,13,9,632,0
2024-08-24,AS,10397,11433,81,93,723,0
2025-05-02,UA,11193,14057,5,15,2195,0
2024-08-11,AA,13930,10397,79,94,1766,0
2024-02-04,F9,11433,14869,42,58,2865,0
2024-03-17,B6,13303,14057,105,114,2387,0
2024-11-02,WN,13204,12266,38,54,2775,0
2024-01-07,AS,14771,11433,96,103,1292,0
2024-11-10,AA,14869,15016,93,90,1311,0
2025-09-19,WN,14057,12266,95,108,2602,0
2025-03-07,DL,13303,10397,23,31,264,0
2025-06-28,AS,13930,13303,102,111,1965,0
2025-11-25,F9,14107,14057,80,79,2041,0
2024-05-13,B6,13930,14771,20,18,543,0
2025-01-08,UA,12266,12892,59,67,853,0
2024-07-04,DL,12478,13303,13,20,2992,0
2024-05-13,NK,14869,13303,45,56,2965,0
2024-12-20,WN,12266,14057,29,32,617,0
2024-10-21,UA,10397,12892,36,35,2578,0
2025-11-11,UA,14057,12266,17,7,657,0
2025-10-08,WN,14057,11298,88,101,2876,0
2025-05-24,WN,13930,14057,-2,16,670,0
2024-04-30,UA,14107,10397,61,68,315,0
2024-06-01,UA,14771,13930,87,88,2460,0
2024-02-02,DL,12478,13303,-9,11,892,0
2025-08-10,DL,11193,13204,80,94,1054,1
2025-07-02,F9,10397,14107,45,39,2209,0
2025-11-11,AA,14107,14057,-11,6,2405,0
2025-10-22,AS,13303,14869,-4,2,2111,0
2024-03-17,AS,14057,13303,120,132,1234,0
2025-08-17,DL,11433,12478,68,86,2236,0
2025-11-05,AA,15016,12892,-5,2,2317,0
2024-07-23,NK,12266,13303,44,52,1700,0
2024-06-04,NK,12266,14869,89,92,2217,0
2024-09-12,WN,12266,11433,107,105,2585,0
2024-12-13,AS,15016,12266,48,47,2212,0
2025-08-19,F9,13303,12892,59,66,1696,0
2024-02-23,AA,11298,11193,91,102,450,0
2024-12-13,NK,13930,12892,63,71,485,0
2025-03-18,F9,14869,13204,1,-6,2309,0
2024-05-14,B6,11433,11298,106,111,375,0
2024-01-30,DL,14869,14057,98,110,932,0
2024-11-23,UA,14057,14107,18,29,2317,0
2025-09-06,B6,11298,11433,102,113,2555,0
2025-05-18,DL,14771,10397,115,112,1607,0
2024-06-26,DL,10397,12478,28,45,415,0
2024-12-02,F9,14869,14771,56,75,1360,0
2025-10-31,AS,12892,12478,85,93,2598,0
2024-05-28,AA,14869,14771,72,81,677,0
2024-05-04,AS,13204,12266,28,36,2863,0
2025-03-15,B6,10397,14107,4,19,2685,0
2024-08-19,WN,11298,13930,31,39,2134,0
2025-02-27,WN,14057,12478,-10,2,1673,0
2024-12-10,NK,13930,12478,28,28,1928,0
2024-10-30,B6,13204,14057,18,32,482,0
2024-03-09,DL,14057,14869,-12,-21,1922,0
2024-11-14,NK,10397,13204,96,92,2833,0
2025-08-06,B6,12892,15016,78,73,1214,0
2024-01-07,UA,10397,11193,51,69,2132,0
2024-07-04,WN,15016,12892,31,36,1328,0
2025-03-05,WN,12892,11298,71,70,2178,0
2025-11-27,DL,11433,13303,-12,-8,1946,0
2024-06-09,F9,11298,14107,3,-7,2294,0
2024-01-02,AS,13204,13303,37,56,2337,0
2024-02-02,NK,14771,10397,48,45,850,0
2024-09-18,B6,12892,11193,75,70,2510,0
2025-01-16,F9,12478,10397,113,130,495,0
2024-05-26,F9,11193,14107,0,20,2084,0
2025-08-25,NK,12892,11433,78,69,2220,0
2025-05-17,AS,13303,11298,65,84,2971,0
2024-05-05,F9,11193,13303,68,87,942,1
2025-11-23,AS,11433,11298,111,102,663,0
2025-07-16,WN,13930,10397,35,42,2587,0
2024-04-17,AS,14771,12478,-9,-19,322,0
2025-10-24,AS,11298,13930,110,127,2842,0
2025-04-21,F9,14869,14771,100,103,1045,0
2025-07-05,AA,14869,11193,3,4,2978,0
2024-07-26,B6,12266,11298,-6,13,654,0
2025-02-07,B6,11298,14057,98,102,2363,0
2025-06-16,NK,12478,13204,69,77,226,0
2025-01-09,DL,13303,14771,91,109,2424,0
2025-06-08,B6,10397,11193,114,125,249,0
2024-11-09,AA,11193,13930,-1,1,721,0
2025-08-20,DL,13303,13204,86,77,636,0
2025-03-14,AA,12892,15016,55,64,2503,0
2024-05-26,B6,12478,10397,-6,14,1479,0
2025-11-19,B6,12478,11193,1,11,1916,0
2025-09-13,B6,14771,13303,107,101,1584,0
2024-12-26,DL,13303,10397,-4,9,667,0
2025-11-10,UA,12892,15016,20,27,1651,0
2024-07-09,B6,13303,12478,20,40,639,0
2024-02-15,F9,11193,14771,91,103,714,0
2024-06-18,UA,14107,11433,120,113,1732,0
2024-11-04,AA,14771,11433,-7,13,394,0
2025-11-29,DL,14107,12266,46,49,1430,0
2024-11-21,UA,11298,15016,59,76,623,0
2024-10-12,UA,15016,11193,-14,-5,208,0
2025-04-17,B6,11193,13303,43,36,1567,0
2024-10-04,UA,11433,12266,4,14,1418,0
2024-03-04,WN,11193,14107,14,33,967,0
2025-04-28,AS,11298,14057,115,126,1866,0
2024-07-26,DL,14869,10397,94,88,508,1
2025-04-20,WN,14107,14771,39,34,1894,0
2024-06-10,B6,13303,11193,9,19,1107,0
2025-03-10,B6,13303,11298,66,79,1902,0
2025-02-17,AA,12892,11298,72,80,1819,0
2024-12-30,UA,11298,12892,-13,3,658,0
2025-01-11,B6,14869,14107,100,112,580,0
2025-04-17,AS,15016,11193,113,126,960,0
2024-06-27,AS,14869,11193,77,79,779,0
2025-07-27,AA,13204,10397,104,124,2949,0
2024-07-31,F9,13303,11433,57,77,2398,0
2025-04-26,UA,11433,14869,-8,2,255,0
2024-01-22,AA,11193,14107,0,19,2995,0
2024-06-18,AA,14869,10397,-9,-12,2149,0
2024-08-29,AA,14869,11433,74,77,2646,0
2025-07-28,AA,13204,12892,27,31,2747,0
2024-10-29,F9,15016,12266,58,54,2297,0
2024-07-16,NK,13303,12892,100,91,1075,0
2024-12-16,DL,12478,12266,32,51,2228,0
2025-05-10,AS,14107,14869,81,89,2189,0
2024-03-04,DL,10397,11193,114,124,1580,0
2025-04-01,NK,15016,14057,89,96,1037,0
2025-03-03,NK,12266,15016,104,104,1984,0
2024-12-25,NK,14869,12892,10,21,2861,0
2024-11-14,WN,12478,11433,76,87,1013,0
2025-02-15,AS,11433,10397,40,46,1385,0
2024-03-26,B6,10397,13303,102,109,1393,0
2025-05-09,WN,12266,14107,100,118,2230,0
2025-08-06,AS,11298,14771,102,114,2068,0
2025-10-07,AS,12266,14771,56,72,2021,0
2024-02-15,AA,14057,11433,91,83,940,0
2024-05-20,NK,10397,14869,34,38,2487,0
2024-07-10,WN,14869,14057,0,11,2195,0
2025-06-22,WN,13204,12892,5,3,2934,0
2024-09-21,UA,12478,13930,24,43,1934,0
2024-01-30,WN,14057,15016,21,13,2666,0
2024-12-06,DL,14057,12892,-8,-2,1688,0
2024-09-09,F9,11298,13930,116,120,497,0
2024-01-28,F9,14869,12892,120,112,2854,0
2024-08-18,AS,11433,15016,79,81,643,0
2025-08-18,B6,11298,15016,116,107,2136,0
2025-10-18,NK,12266,14869,96,87,2104,0
2024-07-08,NK,14107,14869,38,41,1016,0
2025-06-18,DL,15016,14869,103,122,2775,0
2024-05-04,NK,13930,14771,6,20,2095,0
2024-11-17,WN,12892,12478,89,85,1339,0
2025-11-17,AS,14771,11193,11,4,2623,0
2024-08-21,B6,14057,12892,86,99,2396,0
2024-01-05,WN,12266,14869,-9,-5,1366,0
2024-07-05,AS,11433,12478,-3,13,2188,0
2025-06-02,B6,13303,14057,101,120,943,0
2025-11-09,DL,14057,11298,7,6,2863,0
2025-01-12,AS,12892,11433,39,44,785,0
2024-05-14,WN,11298,11193,43,55,1219,0
2025-11-07,UA,14771,11193,68,81,1477,0
2025-04-24,UA,12478,11193,44,37,865,0
2024-12-06,WN,13204,14771,16,19,2945,0
2025-07-08,WN,13930,14057,99,97,1540,0
2025-01-18,WN,12892,13303,115,107,1579,0
2024-04-28,UA,13204,13930,66,77,880,0
2025-12-01,AA,13303,15016,9,0,2734,0
2025-07-01,DL,13303,13204,70,63,259,0
2025-04-30,B6,13204,14107,115,119,2915,0
2025-08-29,DL,15016,13204,111,119,689,0
2025-11-23,NK,14057,15016,109,105,1874,0
2025-11-16,F9,14057,11193,117,130,2590,0
2025-06-09,B6,11298,14107,39,59,888,0
2024-01-13,F9,14771,12892,32,25,2663,0
2024-04-10,DL,12478,14107,55,47,2386,0
2024-03-21,UA,13204,14057,11,21,1294,0
2025-06-02,B6,14057,14107,-14,-13,637,0
2025-10-25,WN,14107,13303,118,131,1086,0
2025-08-04,AS,10397,12478,19,31,1129,0
2025-02-27,DL,14771,14057,101,98,1875,0
2024-06-23,NK,11298,13204,95,107,2439,0
2024-07-20,AS,12478,14107,117,107,1205,0
2024-02-10,UA,11298,12266,20,33,1833,0
2025-05-27,WN,14771,11193,37,42,1730,0
2025-04-17,F9,12478,15016,23,39,956,0
2024-06-19,AS,11298,10397,1,1,2014,0
2024-04-14,AA,12266,14869,41,46,2169,0
2024-11-27,AS,14057,12266,-4,6,1834,0
2025-08-04,F9,11298,11193,79,93,2384,0
2025-09-23,NK,11298,13204,5,19,2357,0
2024-09-25,AS,14771,14057,102,121,1771,0
2024-03-24,B6,14869,15016,40,35,318,0
2024-01-19,F9,12266,11193,103,119,2180,0
2024-12-21,B6,14107,14869,39,58,2378,0
2025-06-30,AA,11193,13303,4,-3,630,0
2025-05-02,UA,14869,12266,53,53,2757,0
2025-05-19,WN,10397,13930,6,-1,2705,0
2024-02-19,AA,12266,15016,2,12,1847,0
2024-01-21,UA,14107,11433,81,99,1859,0
2024-08-31,NK,14107,11193,63,79,1104,0
2024-03-29,UA,12266,14869,104,109,1389,0
2025-07-23,B6,15016,11433,9,2,471,0
2025-03-04,NK,13204,14107,13,19,2221,0
2024-08-09,F9,13303,12266,49,64,1157,0
2025-05-20,B6,15016,12892,79,69,979,0
2025-08-19,WN,12478,14869,55,58,2645,0
2024-12-26,B6,14057,10397,-2,17,2346,0
2024-03-30,UA,10397,12266,117,132,1917,0
2025-04-12,F9,11433,12266,17,12,1682,0
2024-01-19,AS,12266,14869,38,36,491,0
2025-10-09,NK,10397,14107,16,29,420,0
2024-01-19,AA,14869,11298,105,114,2969,0
2025-09-18,AS,13930,11298,102,118,333,0
2025-06-21,B6,12892,13303,63,59,1785,0
2025-06-17,AA,14057,11433,1,14,2353,0
2025-06-19,NK,10397,14869,12,27,344,0
2024-08-20,AA,11433,14057,40,52,2087,0
2024-05-31,DL,12892,11298,16,36,2823,0
2024-12-31,AA,14869,12266,97,89,617,0
2025-04-06,UA,12266,15016,55,52,585,0
2024-08-29,DL,11193,15016,26,16,721,0
2024-09-16,DL,13930,11298,47,44,1923,0
2025-11-30,UA,14107,13930,78,85,1398,0
2025-05-14,UA,12266,13930,62,67,1095,0
2024-10-25,DL,12266,14107,101,110,317,0
2025-11-10,UA,12892,14107,-12,3,2446,0
2024-09-26,AS,11433,13930,29,24,866,0
2025-07-28,UA,12478,12892,-6,13,1496,0
2025-11-21,F9,13204,13930,66,86,1497,0
2025-07-31,B6,11433,13930,87,80,2503,0
2024-06-23,F9,10397,11193,-13,-22,451,0
2024-12-05,AS,14107,12892,32,46,626,0
2024-12-13,AS,14057,13930,44,64,2652,0
2025-10-07,AS,14107,14869,102,122,1395,0
2024-08-13,DL,11433,12478,60,69,1558,0
2024-08-15,WN,14869,13930,67,60,311,0
2025-06-02,F9,13930,13204,97,100,1325,0
2024-08-14,UA,14107,13303,95,89,2245,0
2025-11-26,AS,15016,11193,85,93,1375,0
2025-07-17,AS,14869,14057,52,55,542,0
2024-07-25,F9,14771,14057,111,121,2334,0
2025-06-27,B6,11193,14057,38,29,1145,0
2024-07-12,B6,15016,14869,93,113,2644,0
2024-10-05,DL,12266,12478,24,21,951,0
2024-07-08,F9,13204,12266,12,22,718,0
2024-05-18,F9,14869,13303,6,8,238,0
2024-12-06,AA,11193,13303,113,131,2768,0
2024-08-21,UA,14869,11433,51,51,1739,1
2024-03-13,AS,11298,14107,87,84,1891,0
2024-06-17,WN,11193,15016,81,81,355,0
2025-02-01,AA,14771,13930,66,70,2267,0
2025-09-05,WN,14771,10397,103,113,1097,0
2024-03-04,B6,11298,13303,58,58,2307,0
2024-04-07,F9,14771,12266,12,20,2868,0
2025-06-05,AA,10397,13303,104,118,1529,0
2024-07-09,NK,11298,13204,90,87,1072,0
2025-03-03,F9,13303,11193,112,126,914,0
2025-11-03,F9,11298,15016,10,8,2051,0
2025-05-25,NK,12892,13303,118,118,1342,0
2024-12-29,WN,13930,15016,9,1,2839,0
2025-05-04,WN,14771,11193,119,136,782,0
2025-03-01,F9,14107,14771,58,61,1099,0
2024-11-05,F9,13930,12478,57,71,1804,0
2024-04-08,WN,11298,11193,114,118,2379,0
2024-07-27,WN,11433,14107,21,20,2318,0
2024-10-29,DL,14057,11298,30,37,1400,0
2025-06-10,UA,15016,12266,39,55,638,0
2024-07-04,F9,13930,14107,14,21,1188,0
2024-02-27,B6,13930,14057,71,81,2262,0
2025-05-05,WN,12478,14057,-8,-7,2767,0
2024-10-13,UA,14869,12478,24,24,428,0
2025-03-07,NK,13204,11433,60,62,2972,0
2025-11-02,B6,11298,12892,91,82,2316,0
2025-02-06,AS,11433,13204,12,14,1334,0
2024-07-24,WN,12266,12892,89,93,2751,0
2024-04-27,UA,11433,12266,100,120,1715,0
2024-11-10,B6,14057,13303,44,55,744,0
2025-04-18,WN,14771,14107,105,97,642,0
2025-02-08,NK,11193,12478,79,70,2662,0
2025-06-21,B6,12478,13204,24,29,2892,0
2024-11-28,UA,13930,11433,-6,-1,431,0
2024-04-16,DL,15016,14869,116,125,2880,0
2024-11-21,AS,13303,11298,41,58,1791,0
2024-08-07,AA,12892,11193,48,40,2526,0
2024-05-29,AS,12892,13204,100,120,2334,0
2025-01-01,UA,13303,11433,98,110,1772,0
2025-08-05,AA,13930,11193,-2,0,1740,0
2024-06-20,F9,12478,13930,86,99,1200,0
2025-10-20,NK,13204,12892,85,97,2796,0
2024-06-15,F9,12478,11433,41,56,2720,0
2025-02-05,UA,15016,11433,34,53,357,0
2025-02-01,B6,13303,11298,52,47,2478,0
2025-10-25,UA,13930,14771,106,104,2489,0
2024-03-26,AS,11298,12266,68,83,632,0
2024-11-12,F9,15016,11433,33,25,479,0
2024-02-06,AS,12892,11193,117,114,206,0
2025-11-13,F9,12266,15016,107,97,1360,0
2025-11-29,B6,14869,14057,32,34,1114,0
2025-06-17,WN,11298,11193,11,28,1808,0
2025-01-18,AA,14107,12892,-8,6,1782,0
2024-12-30,AS,13204,14869,-4,-11,2804,0
2025-04-12,WN,11193,11298,39,32,491,0
2024-10-04,UA,12266,11193,15,21,2987,0
2025-06-18,DL,11298,15016,77,85,1317,0
2025-05-28,WN,13204,12478,82,76,728,0
2024-04-14,NK,14057,14869,-12,-4,1315,0
2024-05-07,AA,12892,14771,48,56,1839,0
2024-06-19,DL,13204,11193,11,25,1969,0
2024-08-11,WN,10397,14107,-9,-7,428,0
2024-09-30,F9,15016,12892,-8,-13,2186,0
2025-11-30,AS,11193,14057,0,14,1211,0
2024-05-01,UA,13204,13930,106,120,251,0
2025-08-06,AA,12266,14869,45,51,1862,0
2024-04-14,WN,13930,14771,116,131,301,0
2025-09-18,AA,15016,13930,1,-3,1809,0
2024-08-10,UA,14107,11298,102,93,2237,0
2024-09-17,WN,14107,13303,54,60,935,0
2025-01-14,WN,13204,14107,-6,-3,500,0
2025-05-06,DL,14107,15016,-11,8,374,0
2024-07-09,AS,14057,13204,67,81,647,0
2024-05-13,B6,14107,12266,27,33,563,0
2025-06-21,WN,15016,13204,70,90,357,0
2025-04-29,DL,14107,14057,-15,-12,1754,0
2025-02-06,DL,10397,14107,40,52,1363,0
2025-07-04,AA,12892,11433,92,100,991,0
2025-07-24,WN,13204,13930,35,38,1853,1
2024-08-25,NK,14869,14057,116,127,2761,0
2025-07-18,F9,12478,15016,106,115,2395,0
2024-08-13,B6,11193,11298,86,81,2913,0
2025-05-04,AS,12892,10397,26,27,1983,0
2024-02-22,NK,11298,11193,51,62,934,0
2024-01-02,B6,13303,11298,-2,13,2244,0
2024-02-26,AS,15016,14869,113,124,1743,0
2024-02-03,NK,12266,14869,0,4,1840,0
2024-07-10,NK,12892,12266,101,117,1255,0
2024-12-18,F9,14869,12892,24,34,1947,0
2024-09-15,B6,10397,14107,106,124,1014,0
2025-03-26,UA,11193,12892,64,62,2534,0
2025-05-22,WN,13204,14107,11,16,2674,0
2025-02-04,DL,11433,12478,79,71,503,0
2024-08-12,F9,14869,12478,111,118,1806,0
2025-11-13,UA,15016,13930,48,40,331,0
2025-09-09,F9,15016,14057,-12,-20,459,0
2024-01-17,AS,14771,10397,107,124,582,0
2024-07-21,NK,14869,14057,74,94,2162,0
2024-01-03,UA,12266,11433,14,29,2277,0
2025-05-21,AS,12266,11298,13,19,1976,0
2024-06-28,NK,14107,11298,-13,-1,1701,0
2024-01-05,NK,13930,14771,71,80,1038,0
2024-07-20,WN,11298,12892,64,69,656,0
2024-10-07,DL,15016,14107,69,73,2384,0
2024-06-22,B6,14869,13930,23,22,1515,0
2025-07-05,UA,11298,12266,37,48,268,0
2024-08-04,NK,11298,13930,16,6,589,0
2024-07-12,B6,10397,13930,3,21,1214,0
2025-06-06,F9,14107,11298,70,83,2565,0
2024-07-20,F9,11193,13303,0,0,2786,0
2024-04-12,F9,15016,12478,-5,1,1518,0
2024-01-10,AS,14107,15016,1,16,1547,1
2024-06-03,AA,11298,13930,36,45,554,0
2024-02-06,F9,11193,11298,12,19,1693,0
2024-08-23,NK,13930,15016,26,16,2486,0
2025-08-15,B6,10397,11193,107,104,1357,0
2024-10-10,DL,12892,15016,15,22,1025,0
2025-11-05,UA,14107,10397,120,138,2153,0
2024-11-08,AA,13204,11298,26,37,2650,0
2025-09-06,AS,13930,13303,81,76,2996,0
2024-06-14,AS,11193,14107,11,30,1261,0
2024-03-24,B6,11298,10397,51,56,524,0
2025-08-06,AA,12266,15016,30,37,1889,0
2024-10-16,WN,10397,13204,5,21,1893,0
2025-06-23,DL,13303,10397,17,26,693,0
2025-02-01,WN,13930,10397,26,37,1139,0
2025-05-15,WN,11433,14107,51,56,1917,0
2024-04-30,F9,12892,11433,100,90,1829,0
2025-01-31,AS,12478,11433,113,117,568,0
2025-08-06,UA,13930,12266,1,18,2927,0
2024-10-03,AS,11298,11433,91,81,2093,1
2024-01-17,NK,11298,14771,43,51,1419,0
2024-03-26,WN,13204,14869,55,75,1459,0
2025-06-13,AS,13204,10397,-14,-17,2321,0
2024-03-25,F9,12892,12266,117,108,676,0
2025-06-24,UA,12478,14869,116,110,1334,0
2025-01-25,AS,12892,11193,31,40,1299,0
2024-03-20,DL,14057,14771,97,116,1539,0
2024-04-17,B6,11298,12892,120,126,2284,0
2025-07-01,WN,14107,14869,-8,3,1116,0
2025-03-19,WN,14869,14771,109,116,681,0
2024-09-23,NK,11193,12266,102,117,2350,0
2025-06-01,F9,10397,13303,75,81,2164,0
2024-12-10,DL,12892,14771,25,27,611,0
2024-10-15,AA,12266,11433,34,51,2233,0
2025-06-06,F9,11298,12892,57,73,2862,0
2024-06-26,WN,13204,14771,50,40,593,0
2025-07-25,F9,14771,13930,-10,-2,2912,0
2024-08-28,NK,10397,11193,30,25,1408,0
2025-04-06,WN,12266,15016,-9,7,2550,0
2024-09-15,B6,14771,12266,116,110,1647,0
2025-04-04,DL,14771,14869,35,26,766,0
2024-04-11,WN,11193,13204,-15,-14,1427,0
2024-07-20,WN,10397,12266,106,105,757,0
2025-04-23,NK,12266,13204,107,118,1295,0
2025-03-19,DL,10397,11433,19,26,952,0
2025-05-24,F9,14869,13930,-10,-11,2000,0
2025-09-19,NK,15016,13303,61,64,810,1
2024-08-25,NK,12266,14771,-6,-7,316,0
2024-10-14,B6,11193,13303,55,57,816,0
2025-07-21,DL,14771,13204,-10,-16,1869,0
2024-08-30,WN,12478,12892,114,109,1195,1
2024-08-01,F9,13204,12266,32,35,628,0
2024-08-23,AS,14107,12892,93,92,1064,0
2025-07-22,B6,14771,11433,58,54,696,0
2024-11-26,AA,13303,14057,120,135,2668,0
2025-05-23,AS,12478,13303,76,92,1827,0
2024-09-01,DL,14771,14057,22,12,412,0
2025-07-29,B6,14057,13930,87,83,283,0
2025-06-10,WN,10397,15016,53,62,2237,0
2024-06-09,WN,12478,12892,2,7,333,0
2025-09-20,DL,14771,14057,-9,2,822,0
2024-12-17,UA,12266,14869,6,26,2680,0
2025-03-22,WN,12478,14057,118,131,335,0
2025-08-16,DL,14057,14107,-2,13,256,0
2025-03-25,AS,12266,11433,-8,-17,2864,0
2025-04-14,B6,11433,14771,16,14,1607,0
2025-10-18,B6,12478,12892,107,117,2711,0
2024-02-03,DL,14057,14771,116,112,2514,0
2024-04-23,DL,11193,12266,112,118,1869,0
2024-04-25,WN,13204,14057,101,117,1823,0
2024-02-08,NK,12266,14869,103,97,312,0
2024-09-21,B6,14771,12266,44,56,2523,0
2024-02-18,AS,12266,12478,80,86,227,0
2024-12-02,DL,13930,14869,64,64,954,1
2025-07-20,AS,13930,11298,-7,-2,1100,0
2024-08-08,B6,12478,13303,41,39,2003,0
2025-07-27,NK,11193,14771,94,105,1968,0
2024-07-18,DL,14771,11433,54,48,491,1
2025-07-26,AS,13930,11298,109,113,1927,0
2025-03-14,WN,11433,12478,45,53,1272,0
2025-07-02,AA,11433,14771,47,43,1013,0
2024-09-04,B6,12892,13303,0,19,1453,0
2025-07-08,B6,13930,14057,88,108,739,0
2024-01-07,F9,14057,14771,65,84,877,0
2025-07-15,UA,11193,12892,102,94,2792,0
2025-01-08,AS,12892,14057,-7,-17,1361,0
2024-07-07,F9,12892,15016,78,80,443,0
2025-07-03,DL,11433,14107,98,101,1373,0
2025-06-29,NK,12892,14107,57,74,2977,0
2024-08-06,WN,13204,13303,24,24,1384,0
2025-10-28,AS,11193,13930,-12,-6,2999,0
2025-01-26,DL,12892,12478,-2,-8,688,0
2024-04-23,NK,12266,10397,76,79,2559,0
2025-09-27,AA,13204,12892,51,63,2480,0
2024-01-05,AS,10397,12266,63,71,359,0
2025-03-18,WN,13303,14771,62,52,1570,0
2024-04-29,DL,13204,12892,103,116,2393,0
2025-06-05,UA,12478,11298,51,42,2892,0
2025-01-26,AS,12892,12266,103,110,1039,0
2025-04-29,B6,14107,12266,97,97,1255,0
2024-02-08,AS,12892,11193,-3,12,796,0
2024-12-30,WN,14869,11298,91,100,1608,0
2025-10-30,B6,12892,13204,23,31,376,0
2025-02-27,NK,14107,15016,35,52,816,0
2025-10-19,DL,11298,14771,9,3,1009,0
2024-02-19,DL,13204,11193,4,7,1202,0
2024-07-10,UA,13204,11193,87,102,1715,0
2025-01-08,AA,11193,15016,103,115,2690,0
2025-05-23,AA,10397,13204,59,75,1214,0
2025-10-29,NK,13303,11193,109,100,2342,0
2025-02-04,NK,11298,10397,13,28,882,0
2024-01-10,AS,14107,14869,-1,18,949,0
2025-04-03,AA,14771,13204,-9,2,2002,0
2024-01-07,NK,13204,10397,-1,11,2496,0
2025-04-18,NK,11433,12266,2,17,1383,0
2025-05-08,UA,11298,14869,25,38,1771,0
2025-01-28,UA,13930,14771,-12,-9,2939,0
2024-01-22,B6,12478,13303,63,66,316,0
2024-04-17,WN,13303,11433,86,104,2920,1
2025-05-20,B6,14057,12266,40,35,986,0
2025-01-15,AA,13930,11193,108,124,371,0
2024-08-08,DL,12892,13303,75,72,1972,0
2024-01-29,DL,14771,11433,57,53,2670,0
2025-03-07,AA,13930,11298,90,90,914,0
2025-03-19,DL,12478,12266,71,90,2838,0
2024-10-27,AA,11433,12266,49,65,1984,0
2024-08-27,WN,12266,13930,66,67,405,0
2025-07-06,B6,14107,11298,55,61,1699,0
2024-07-20,AS,14771,13204,70,63,2092,0
2025-04-24,DL,10397,14869,12,13,1735,0
2024-05-13,DL,14057,13303,5,4,815,0
2024-03-18,DL,14771,13930,106,122,1211,0
2024-09-13,NK,14057,14869,10,23,325,0
2025-08-10,B6,15016,11298,72,73,1232,0
2024-03-18,WN,12266,12478,32,29,2833,0
2024-06-08,NK,11433,10397,-11,-7,1045,0
2025-02-07,AA,12478,13930,43,59,1437,0
2025-09-04,AA,14771,13204,107,112,2873,0
2025-03-03,B6,11433,12266,26,30,1414,1
2024-11-20,B6,14771,11298,103,112,405,0
2024-04-12,B6,14057,14107,12,14,1856,0
2024-08-18,F9,14771,11298,19,32,1376,0
2025-10-02,AS,12478,11193,24,17,1645,0
2025-05-07,B6,11298,14869,45,55,2000,0
2025-02-27,UA,10397,11298,97,105,298,0
2025-04-13,WN,12892,13930,48,52,643,0
2024-08-21,AA,13303,13204,3,11,1191,0
2024-07-16,WN,11298,14107,-6,2,2240,0
2025-06-03,WN,14107,10397,44,46,1122,0
2024-09-02,NK,12478,15016,55,65,2937,0
2025-01-06,AS,15016,11193,74,72,2796,0
2024-09-29,UA,12892,13204,98,118,1526,0
2024-02-19,AS,11298,10397,107,114,2673,0
2024-05-25,UA,12892,11298,96,106,2306,0
2025-05-05,DL,13204,11193,21,39,1375,0
2024-07-16,UA,14057,13204,92,109,1326,0
2025-07-03,AA,12266,14107,43,55,932,0
2024-09-16,AS,14869,14107,34,47,867,0
2024-10-26,AS,15016,11433,95,105,2962,0
2024-12-13,AA,15016,10397,95,107,2547,0
2025-11-23,UA,14057,13303,88,96,2009,0
2024-05-07,AS,11433,14057,21,31,2711,0
2025-04-28,AA,13930,10397,12,22,2691,0
2025-06-25,DL,11193,14057,79,83,1675,0
2025-02-08,UA,14107,12892,54,68,2071,0
2024-12-08,B6,11298,14107,44,41,2457,0
2024-05-28,NK,11433,14107,11,27,1945,0
2025-09-19,B6,13303,13204,15,15,1369,0
2025-06-22,WN,13303,10397,55,62,1491,0
2025-10-08,AA,14869,11298,93,96,1882,0
2024-05-01,NK,12892,14869,112,112,2760,0
2024-08-16,B6,11298,12892,97,117,2270,0
2024-07-17,AA,13204,12266,116,133,2070,0
2024-12-13,AS,13930,11193,64,62,1998,0
2025-01-23,B6,13204,12266,12,3,2727,0
2025-08-11,B6,13930,13204,72,92,2205,0
2025-03-23,AA,13303,10397,42,53,428,0
2024-07-03,NK,13204,14107,55,64,2146,0
2024-04-15,AS,13303,14869,82,87,487,0
2025-02-17,F9,12892,12478,-7,-2,1970,0
2024-08-30,WN,13303,12892,50,64,1801,0
2025-05-02,UA,14057,13303,-3,9,2221,0
2025-07-07,NK,11433,12266,18,33,1381,0
2024-04-28,B6,12892,10397,-15,-1,1768,0
2024-05-02,AA,11433,12266,23,36,2519,0
2025-05-25,DL,11433,11193,34,51,2424,0
2025-11-22,WN,11298,12266,54,54,1657,0
2025-11-05,AS,13204,12892,-4,2,868,0
2024-03-31,WN,14057,14869,82,76,2758,0
2024-09-13,F9,14771,11193,3,10,666,0
2024-06-16,F9,10397,12266,74,84,1351,0
2024-06-21,NK,10397,11433,108,111,2260,0
2025-08-17,F9,14107,14869,-11,-1,397,0
2024-05-01,NK,12478,12892,39,45,2685,0
2024-11-02,NK,14869,11298,19,18,452,0
2024-09-17,DL,14107,11433,39,51,2263,0
2025-01-01,F9,13303,11298,64,66,1868,0
2024-08-25,AA,14869,13930,68,77,2149,0
2024-06-20,DL,10397,12478,81,75,297,0
2025-10-03,F9,12266,14107,112,117,624,0
2024-03-24,WN,14057,13930,51,41,1412,0
2025-08-25,UA,12892,11193,12,16,1948,1
2024-07-09,B6,14869,14057,74,85,2412,0
2024-12-24,AS,11193,13303,-10,-10,823,1
2024-06-13,WN,11193,13204,77,72,1936,0
2025-02-09,WN,11193,13204,7,25,2521,0
2025-02-12,AA,12892,11193,18,33,1087,0
2025-07-26,WN,12266,15016,-14,-21,1024,0
2024-05-24,WN,14057,12478,29,48,2825,0
2024-03-24,F9,13204,10397,13,12,371,0
2024-04-12,WN,11193,11298,98,115,2956,0
2025-05-19,B6,12478,15016,50,62,919,0
2025-07-23,AS,10397,14869,51,61,2800,0
2025-10-01,F9,15016,14869,64,77,2131,0
2025-09-16,AA,13303,12478,40,41,1564,0
2024-10-20,F9,11193,15016,37,37,2436,0
2024-04-25,B6,11193,14107,114,130,478,0
2025-10-09,AS,14057,11193,35,48,1336,0
2024-09-11,DL,14869,14771,16,22,1616,0
2024-07-10,WN,10397,11298,62,53,2591,0
2024-01-10,UA,15016,14057,91,81,840,0
2024-04-10,DL,13204,14107,90,97,2741,0
2024-07-07,AA,11298,15016,35,41,500,0
2025-01-03,AS,13930,14771,19,30,1488,0
2024-07-18,AA,11193,13204,109,106,1518,0
2024-05-16,NK,12478,14771,-9,-17,453,0
2025-06-10,UA,10397,11433,-8,2,1047,0
2024-02-01,B6,11298,13930,45,41,2419,0
2024-01-15,F9,15016,11433,90,86,2695,0
2025-03-05,DL,12478,14057,29,37,721,0
2024-11-03,DL,14869,12892,80,71,841,0
2025-07-06,AA,15016,14057,23,14,2517,0
2025-10-22,F9,12892,11433,43,41,1679,0
2024-03-04,F9,14057,12478,10,29,1809,0
2024-11-13,WN,13303,12266,42,61,1724,0
2025-11-17,WN,13204,14869,103,97,2757,0
2024-06-03,DL,14869,14107,61,59,461,0
2024-01-18,AS,11433,12266,75,74,371,1
2025-07-12,DL,12266,12478,109,115,1367,0
2025-10-05,AA,12892,13930,71,82,277,0
2025-02-20,UA,11433,12478,59,66,499,0
2024-01-11,B6,14107,14869,13,22,2016,0
2025-01-02,DL,11433,12892,51,53,1956,0
2025-08-12,UA,14869,12478,63,61,1625,0
2024-02-21,DL,13930,15016,68,82,842,0
2024-08-17,B6,14057,12478,-2,13,2813,0
2024-09-16,AS,15016,12478,30,50,846,0
2024-07-27,DL,11193,14107,28,23,1996,0
2025-11-06,UA,12478,12892,24,44,250,0
2024-01-03,B6,14057,12478,105,116,2550,0
2024-07-21,UA,14057,14771,22,37,863,0
2024-04-27,NK,14057,13204,35,26,241,0
2025-09-04,NK,12892,14771,-3,-3,394,0
2024-09-16,UA,13930,11433,28,44,2773,0
2025-04-02,AS,12266,14771,30,49,2543,0
2025-08-23,F9,11298,12478,103,107,504,0
2024-05-08,UA,15016,12266,40,42,2405,0
2025-07-04,WN,14869,12478,116,128,2416,0
2024-11-09,AS,13204,14057,-2,7,237,0
2024-12-26,F9,14771,15016,-4,-4,2694,0
2025-06-03,DL,14057,14771,12,5,2339,0
2024-12-23,B6,14869,12478,101,106,507,0
2025-01-11,NK,14771,13303,25,36,2043,0
2024-05-07,NK,13930,12478,118,136,2111,0
2024-06-02,F9,11433,11298,64,61,1774,0
2024-10-18,AA,14869,12892,21,26,2378,0
2025-11-30,WN,14771,14057,41,60,1007,0
2025-07-03,UA,14869,11193,71,73,767,0
2024-08-14,WN,11433,15016,-3,-10,2633,0
2025-03-21,DL,12892,14771,85,75,1908,0
2025-05-03,NK,13204,13930,24,22,1121,0
2024-11-23,F9,12266,11298,62,76,1087,0
2024-04-04,NK,15016,12266,19,18,1131,1
2025-09-10,WN,11193,12892,70,71,413,0
2025-06-15,AA,11433,13930,11,31,1916,0
2024-05-23,B6,11298,15016,-12,-16,840,0
2025-04-15,DL,14869,11193,-11,-9,1018,0
2025-08-09,B6,11193,14107,101,118,1122,0
2024-08-30,B6,12892,13204,99,114,1363,0
2025-01-08,F9,12478,10397,91,95,866,0
2025-07-16,AS,10397,11193,21,13,1632,0
2025-11-03,NK,12478,12892,76,94,2907,0
2024-10-03,WN,12266,14107,69,65,943,0
2024-05-28,DL,14771,12266,9,13,273,0
2024-08-22,B6,11433,14869,11,10,1907,0
2024-04-24,AS,11433,14771,42,53,1952,0
2024-01-21,B6,10397,15016,99,114,2561,0
2025-06-01,AA,10397,14771,40,40,1484,0
2025-02-09,UA,14107,13930,85,95,916,0
2025-09-26,AS,11298,14057,45,62,2474,0
2025-11-22,F9,14107,14057,37,54,1275,0
2024-03-21,NK,12266,10397,13,20,2191,0
2024-08-02,WN,13204,13303,8,-1,2271,0
2025-05-21,WN,10397,12266,94,91,1316,0
2025-03-22,WN,12266,12478,12,30,2295,0
2025-03-26,NK,12892,13303,56,68,713,0
2024-08-04,F9,15016,11298,112,105,341,0
2025-06-28,B6,13930,10397,41,33,1854,0
2024-07-02,NK,13930,14771,50,43,261,0
2024-03-15,AA,13930,14771,38,42,2839,0
2024-01-30,WN,13930,13204,52,63,2496,0
2025-06-09,AA,11298,13303,27,22,2555,0
2024-10-07,AS,12478,12892,66,73,1002,0
2024-02-15,DL,10397,12478,47,53,483,0
2024-03-02,NK,11193,14107,94,114,2441,0
2024-10-13,AS,13204,15016,55,68,2765,0
2024-09-22,B6,14107,14869,45,42,1648,0
2024-05-26,B6,12892,13930,24,33,2739,0
2025-01-27,B6,13303,14057,94,95,1654,0
2025-01-17,AS,11193,13303,107,125,2533,0
2025-02-15,AS,11298,11433,32,47,2054,0
2025-04-22,WN,14107,13930,-15,-13,1240,0
2024-07-07,F9,12266,11193,86,87,2222,0
2024-08-25,AA,12478,14771,82,99,1930,0
2024-08-21,AS,14057,12892,111,109,2694,0
2025-01-31,NK,11193,12478,100,103,340,0
2024-04-04,WN,11193,14771,62,54,1315,0
2025-08-23,AA,12266,13303,84,95,1124,0
2025-09-21,WN,15016,12478,44,58,249,0
2025-07-02,NK,14869,11433,18,27,399,0
2025-05-07,AA,12266,15016,-9,-2,1871,0
2024-11-17,UA,15016,14771,118,113,1166,0
2025-04-25,WN,11433,15016,118,115,675,0
2024-06-16,DL,13204,12892,33,32,2736,0
2025-03-04,F9,12478,13303,102,114,943,0
2025-01-22,B6,14057,14869,120,117,298,1
2025-07-04,AA,12478,13303,2,1,2434,0
2025-06-16,B6,12266,14869,107,100,2319,0
2024-07-25,AS,13303,11298,-1,4,1933,0
2024-01-15,DL,14057,11193,86,94,678,0
2024-07-19,NK,12892,11433,21,23,627,0
2025-01-19,UA,13930,14869,2,0,2029,0
2024-04-18,AA,13303,14107,114,110,1755,0
2025-02-26,B6,12892,14869,11,28,1040,0
2025-02-04,UA,14869,12266,29,20,2902,0
2024-04-13,AS,14869,11193,118,130,1137,0
2024-01-25,AA,13303,11193,92,108,2551,0
2025-01-18,NK,12266,11433,94,88,2452,0
2025-11-13,F9,12478,12892,36,55,1573,0
2024-01-21,F9,15016,12478,59,49,666,0
2024-10-27,UA,14057,10397,71,83,844,0
2025-02-02,WN,13303,13204,28,48,868,0
2025-06-22,AA,15016,13303,12,30,2189,0
2025-07-14,UA,12266,12478,18,24,329,0
2024-10-28,NK,14869,11193,54,67,2433,0
2025-04-15,B6,13204,13303,102,116,2578,0
2024-03-15,AS,13930,15016,60,52,715,0
2024-12-05,AA,12892,11298,-2,14,1076,0
2024-10-18,WN,14107,14869,75,74,1272,0
2025-03-11,UA,13930,11193,63,74,243,0
2024-01-16,B6,10397,11193,87,95,1818,0
2025-06-05,WN,11298,12892,66,61,2075,0
2025-06-23,AA,13204,15016,71,90,2963,0
2024-04-09,WN,14771,12478,-10,-19,1308,0
2024-10-13,UA,13930,13303,45,59,994,0
2025-02-11,AS,12266,10397,89,81,1473,1
2024-06-08,B6,10397,14107,105,119,1953,0
2025-08-29,F9,11433,12892,-2,6,1523,0
2024-02-21,WN,14869,14107,32,26,508,0
2024-12-31,WN,11193,13204,86,95,2171,0
2024-01-21,DL,14869,15016,96,112,1694,0
2025-03-18,F9,10397,14869,9,16,1952,0
2024-04-25,WN,12478,14057,24,23,1662,0
2025-07-21,AA,12266,14057,102,94,2401,0
2025-02-17,B6,13930,11298,20,33,2271,0
2024-02-04,B6,14771,12892,64,77,2830,0
2025-02-08,DL,11298,13303,44,49,1360,0
2024-12-28,DL,15016,14107,82,77,1887,0
2025-05-26,WN,14057,10397,39,36,2524,0
2024-05-26,NK,14057,14869,105,106,373,0
2024-10-19,B6,15016,14107,-13,3,936,0
2024-03-29,DL,12478,15016,61,55,2810,0
2024-12-19,F9,14771,13930,-4,7,2560,0
2024-12-14,F9,14057,14771,78,78,396,0
2025-04-12,DL,13303,10397,34,29,2217,0
2024-07-11,AA,12478,13303,13,29,1361,0
2025-01-19,F9,11433,11298,116,135,2256,0
2025-07-13,DL,11433,12266,36,47,1205,0
2024-03-16,B6,13204,12478,71,68,2020,0
2025-03-21,DL,12266,11193,67,57,838,0
2024-04-26,DL,12892,14869,18,16,1491,0
2024-11-15,B6,14869,14057,80,93,2651,0
2024-08-03,B6,14057,14107,48,60,2368,0
2025-02-16,DL,14107,10397,113,121,1301,0
2025-04-27,DL,14771,14057,94,86,683,0
2025-07-25,NK,12892,15016,49,55,1719,0
2024-04-02,UA,11193,11433,74,84,2493,0
2025-04-16,B6,13930,14869,-8,1,1045,0
2024-05-20,B6,12266,10397,72,75,2717,0
2024-01-03,UA,11433,12892,42,61,2019,0
2025-02-05,WN,14771,11193,97,91,2870,1
2024-04-30,AS,10397,14869,100,93,349,0
2025-01-27,B6,10397,12892,-10,-5,929,0
2025-08-16,DL,13930,11193,80,71,2707,0
2024-10-10,B6,13303,11193,90,94,416,0
2024-05-14,AS,14057,14771,20,21,2786,0
2025-01-16,DL,14057,14107,72,91,835,0
2024-04-07,AS,13204,14057,-3,-6,2063,0
2025-02-26,NK,14057,10397,49,52,1180,0
2024-10-22,AS,14869,11298,28,44,465,0
2025-08-28,DL,14869,14771,38,57,1394,0
2024-02-19,DL,14771,15016,101,118,504,0
2025-10-04,UA,14107,11193,100,95,2731,0
2024-04-16,AA,12266,15016,-2,8,2752,0
2025-11-09,AA,14771,12892,27,22,1571,0
2025-04-12,DL,11298,12478,58,76,2775,0
2025-04-05,DL,12892,14107,65,58,432,0
2025-11-12,AA,13204,12892,106,111,1019,0
2025-10-29,UA,13303,11433,-6,8,813,0
2024-02-12,AA,13303,11193,30,48,2458,0
2024-09-08,NK,12478,13204,56,68,1346,0
2025-01-12,AA,14771,15016,-2,-11,1394,0
2024-02-19,DL,14107,14771,29,42,2506,0
2024-05-10,B6,12478,14771,27,25,1026,0
2025-10-24,DL,11433,10397,6,21,2401,0
2024-04-16,B6,14869,11193,-7,-5,962,0
2024-10-29,F9,10397,12478,35,38,316,0
2025-01-01,F9,13303,13930,-7,9,2576,1
2024-02-07,B6,14869,12266,69,81,2392,0
2025-01-11,F9,14057,11433,-7,-2,1772,0
2025-04-08,F9,14869,13930,18,23,1301,0
2024-10-27,AS,12266,15016,64,62,2892,0
2024-01-03,DL,12892,13303,77,83,1003,0
2025-09-20,AS,11298,14057,27,28,1794,0
2024-05-22,AA,12266,13930,100,109,1511,0
2024-03-09,AS,14869,11433,111,107,1507,0
2025-11-26,UA,11193,12892,89,85,660,0
2025-08-10,B6,15016,13930,10,14,538,0
2024-04-03,B6,15016,14107,106,97,2455,0
2024-10-21,AS,14771,14869,9,26,2947,0
2024-12-17,NK,12478,14107,103,102,570,0
2025-10-19,WN,14771,12266,0,14,1888,0
2024-01-07,B6,13930,14869,55,68,2741,0
2024-06-29,F9,12478,13204,68,72,771,0
2025-01-23,NK,15016,12266,102,100,657,0
2024-01-18,UA,11298,12892,17,20,958,0
2025-11-26,DL,12478,14771,79,94,2799,0
2025-02-13,B6,13930,11298,76,94,997,0
2025-05-19,DL,13204,11433,-7,7,914,0
2025-06-22,AS,14057,14771,48,58,2526,0
2025-06-11,NK,13930,11298,37,52,761,0
2024-06-21,DL,12892,14057,43,62,294,1
2024-08-28,UA,14869,12266,3,11,647,0
2025-03-07,UA,13204,14869,78,98,1646,0
2025-08-31,DL,13930,11298,31,32,1015,0
2025-10-08,WN,14869,15016,67,57,2138,0
2024-09-21,UA,11298,12266,40,49,2512,0
2024-10-16,UA,13303,11433,108,125,2686,0
2025-08-27,UA,13204,15016,93,106,676,0
2024-11-03,B6,12892,11433,28,46,777,0
2025-07-14,WN,13204,14057,112,122,2407,0
2025-05-18,B6,12266,14107,101,94,2233,0
2025-11-03,AA,14057,14107,69,84,2795,0
2024-08-18,DL,13303,12892,31,31,1562,0
2025-11-28,DL,13204,10397,48,59,234,0
2025-09-25,DL,13930,11433,56,47,1058,0
2025-10-12,UA,13303,10397,89,102,1293,0
2024-11-02,F9,12478,15016,61,75,2891,0
2025-10-01,AS,11193,11433,88,88,1011,0
2025-06-14,B6,12892,14107,76,77,1734,0
2025-02-23,NK,11298,13930,26,30,1919,0
2024-03-18,AA,12892,14869,29,25,395,0
2025-08-03,WN,14057,13204,0,-6,2156,0
2024-07-23,NK,14057,12892,6,11,223,0
2025-04-14,AA,12266,14771,91,108,862,0
2025-11-05,B6,14107,11298,96,109,1172,0
2025-04-13,AA,11433,11193,112,117,1633,0
2024-10-03,AA,12892,13204,28,24,1235,0
2025-10-29,AS,11433,14771,19,26,2214,0
2024-08-14,F9,14869,14057,44,58,2888,0
2024-03-20,DL,11298,14057,66,68,2358,0
2024-01-29,NK,13303,12892,-13,5,952,0
2024-12-18,AA,12266,14771,18,24,2810,0
2024-04-05,DL,14869,15016,-4,-9,2115,0
2025-05-10,UA,11193,13930,44,47,1518,0
2025-02-17,AS,11193,11433,111,120,600,0
2025-03-16,F9,13303,11433,95,109,1003,0
2024-03-17,B6,13204,13930,104,101,1135,0
2025-09-17,UA,14869,12892,22,33,969,0
2024-04-09,NK,10397,13204,118,134,1514,0
2024-05-30,AS,15016,12266,12,19,2659,0
2024-06-03,WN,11433,14057,4,10,2558,0
2024-11-09,B6,12266,14107,66,80,949,0
2024-04-07,WN,14107,13303,17,31,2512,0
2024-08-06,AA,12892,11433,94,90,1700,0
2024-07-18,F9,11193,14869,23,34,310,0
2025-11-15,AS,11298,13204,102,94,1126,0
2024-12-29,B6,14107,12892,77,75,1168,0
2024-06-11,AA,12478,10397,88,79,256,0
2024-07-08,AA,14771,13930,7,14,1289,0
2024-05-22,AA,11298,14107,104,109,403,0
2025-03-19,NK,13930,14771,118,118,376,0
2025-04-21,WN,12266,14107,97,117,1131,0
2024-03-29,UA,11298,12478,42,45,1016,0
2024-01-09,AA,14057,10397,85,98,919,0
2025-04-25,UA,15016,14107,-5,11,735,0
2025-01-27,AS,13303,14057,106,101,2583,0
2024-12-01,B6,15016,11433,-10,-18,1219,0
2025-06-24,UA,13204,15016,14,5,208,0
2024-05-30,DL,13930,12892,87,88,2885,0
2024-01-22,NK,11298,12892,87,103,2687,0
2024-04-04,WN,12266,10397,46,46,1009,0
2025-11-06,F9,13204,12266,57,71,1891,0
2024-12-28,NK,14057,11298,97,101,2830,0
2024-04-08,NK,14057,14771,17,26,302,0
2025-04-10,AS,14057,13930,15,13,2013,0
2025-09-29,UA,11433,11193,63,64,2970,0
2024-09-12,DL,12266,11433,21,29,1003,0
2024-06-10,AA,11193,14107,91,96,458,0
2025-04-27,WN,14869,12478,53,55,892,0
2025-04-11,WN,15016,11433,60,61,799,0
2024-10-25,AA,14057,12892,80,74,2041,0
2025-09-17,WN,11298,14771,40,51,736,0
2025-08-28,AA,14057,15016,42,52,612,0
2025-07-03,AA,15016,11433,78,76,548,0
2025-06-29,B6,13204,11193,2,14,931,0
2025-06-18,B6,11433,12478,99,96,1530,0
2024-07-11,AS,13930,14869,14,26,1028,0
2024-07-08,DL,11433,14107,21,24,2073,0
2024-02-08,F9,10397,14771,33,27,2948,0
2024-07-24,WN,14771,15016,84,96,947,0
2025-10-14,F9,14057,15016,-13,-7,1617,0
2025-07-28,UA,14869,12478,30,26,645,0
2024-12-03,UA,12892,12478,57,75,1337,0
2025-06-06,AA,14771,14057,97,99,1286,0
2024-07-15,AA,12892,13930,82,91,1681,0
2024-12-14,UA,14771,12266,51,63,482,0
2025-02-02,AS,13930,14057,13,28,831,0
2024-09-04,UA,14107,14057,90,87,1251,0
2025-06-02,UA,14057,13930,31,23,2914,0
2024-11-24,UA,14057,14107,102,106,1579,0
2025-04-12,WN,11298,11433,104,106,1188,0
2024-11-13,DL,12892,14057,93,90,1045,0
2024-04-24,AS,11298,13303,72,76,2182,0
2024-01-14,NK,14771,13303,76,96,860,0
2025-09-02,UA,11298,14057,23,25,1708,0
2025-01-20,NK,12892,12266,66,79,2400,0
2025-07-26,DL,14869,10397,101,103,1987,0
2024-06-05,NK,14107,15016,-15,-14,1394,0
2024-09-10,B6,13303,14107,78,84,688,0
2025-09-13,NK,11433,12478,119,135,1788,0
2025-05-17,DL,15016,14057,51,71,2900,0
2025-03-30,DL,14869,14107,99,109,633,0
2024-03-15,NK,12892,15016,59,52,1933,0
2024-03-07,B6,13930,15016,53,73,426,0
2025-11-04,AS,14869,11193,78,90,549,0
2025-11-27,F9,14771,13303,-3,1,296,0
2024-10-29,UA,15016,13204,22,38,420,0
2025-05-08,NK,12892,12266,92,88,1662,0
2024-02-15,B6,10397,14869,0,-5,437,0
2025-01-13,DL,15016,13204,81,95,1737,0
2025-05-17,F9,11433,13303,27,36,695,0
2025-09-08,AA,15016,13204,72,68,978,0
2024-01-31,AA,14771,12266,-4,3,2943,0
2024-02-22,WN,11433,13204,85,79,726,0
2024-02-23,AA,12266,11433,84,102,1206,0
2025-02-20,F9,13204,15016,-15,-16,2884,0
2025-05-13,WN,12266,11193,22,37,2424,0
2025-01-23,F9,13930,14107,103,116,2367,0
2025-04-24,WN,13204,14107,27,31,643,0
2025-04-10,F9,11298,14057,118,134,306,0
2024-01-08,F9,14771,11193,63,82,2006,0
2025-06-19,UA,14107,14869,96,116,1821,1
2024-10-23,UA,11193,12478,-2,18,2584,0
2024-03-26,UA,11298,14107,68,68,1687,0
2025-04-17,F9,13930,12892,114,118,1435,0
2025-04-22,F9,13930,11193,90,89,2644,0
2024-04-19,AA,11193,10397,-2,-12,2048,0
2025-03-10,B6,14107,14771,69,74,1996,0
2025-11-17,B6,12478,12892,12,6,2329,0
2024-05-22,UA,12266,14107,116,108,695,0
2024-11-30,DL,11433,13930,2,-2,220,0
2025-03-06,B6,11298,14057,59,79,2018,0
2025-04-07,F9,12478,14107,95,96,666,0
2025-04-17,DL,12478,13204,87,95,475,0
2025-04-01,AA,10397,11298,-9,-4,547,0
2025-05-20,NK,15016,13204,28,32,1554,0
2024-02-11,DL,13204,14107,26,41,2198,0
2024-11-28,DL,14771,12892,42,38,517,0
2025-10-23,AA,11433,14057,-8,7,1502,0
2025-08-26,DL,14107,11298,10,7,956,0
2024-04-14,B6,10397,13204,87,88,2140,0
2025-03-12,B6,12478,14107,106,102,466,0
2025-06-11,AA,12892,13930,46,52,1607,0
2024-02-01,B6,15016,14869,6,-3,1676,0
2024-12-06,AA,15016,13204,118,129,2993,0
2024-02-06,AS,11193,10397,10,23,1934,0
2025-03-03,WN,14057,11193,85,94,504,0
2025-07-07,B6,14869,12266,91,101,2493,0
2024-03-13,NK,14869,15016,60,74,465,0
2025-07-21,F9,13930,12478,91,82,486,0
2024-01-09,UA,12478,13930,115,126,2590,0
2025-05-27,AS,12478,15016,104,98,2939,0
2025-04-06,WN,12266,14057,7,17,1775,0
2024-05-28,F9,12478,10397,105,111,2508,0
2024-07-27,DL,13204,15016,-14,-20,2092,0
2025-09-02,AA,13303,15016,23,32,617,0
2025-04-26,DL,14107,10397,89,80,2616,0
2024-05-26,AS,14107,12266,45,64,1054,0
2025-05-25,WN,12266,15016,86,103,638,0
2025-10-16,AA,14107,11298,13,12,2138,0
2024-05-30,NK,12892,14057,49,63,338,0
2025-03-02,NK,13303,14771,57,52,1031,0
2024-07-11,UA,12266,13204,78,84,733,0
2024-12-19,WN,13204,14057,92,100,2906,0
2025-11-11,AA,14869,10397,24,17,1447,0
2025-03-04,AA,12892,11193,59,68,234,0
2024-04-09,B6,11298,12478,82,100,585,0
2025-09-09,WN,13930,11298,46,39,2137,0
2024-01-17,AS,12266,12892,12,5,1635,0
2025-04-30,UA,13204,10397,42,55,284,0
2025-09-28,AS,13204,10397,63,63,897,0
2024-03-22,WN,14057,10397,59,57,1367,0
2025-07-16,F9,14057,14107,4,24,2634,0
2024-10-21,DL,10397,15016,-6,-7,2643,0
2024-04-07,WN,12892,13204,67,76,2198,0
2025-02-12,NK,12266,12478,22,24,1803,0
2024-03-21,F9,11433,10397,29,24,2559,0
2025-02-08,DL,13204,14869,54,48,2889,0
2025-03-08,DL,14771,13303,-6,4,1948,0
2024-02-18,B6,13930,14771,115,132,1334,0
2024-06-07,WN,14771,14869,26,19,619,0
2025-05-14,NK,12266,13303,-7,-9,1515,1
2024-01-15,AA,11193,12266,94,98,2720,0
2024-10-16,UA,14869,14771,21,36,2433,0
2024-07-22,B6,14771,10397,17,7,1349,0
2025-07-18,AA,13930,12478,55,70,1126,0
2024-06-14,DL,13303,15016,69,68,2217,0
2025-09-04,NK,14869,13204,117,128,984,0
2025-01-24,NK,14771,13930,82,75,2530,0
2025-08-25,B6,13204,14771,81,77,2450,0
2025-06-19,AS,13930,14057,-7,-10,614,0
2024-11-26,DL,13204,12892,114,126,1392,0
2024-06-22,F9,14771,11298,74,91,2488,0
2025-11-06,NK,11298,11193,43,61,2675,0
2025-03-17,AS,14107,11193,119,125,1047,0
2025-06-12,NK,11298,14771,98,106,1572,0
2025-11-09,UA,14057,14771,7,7,2129,0
2025-07-03,AS,14869,14057,93,105,698,0
2025-08-18,UA,14869,14057,62,77,302,0
2024-01-23,AS,15016,10397,86,86,368,0
2024-04-04,B6,14771,12892,80,73,572,0
2024-03-16,WN,14107,11298,81,73,2022,0
2024-05-31,AA,12892,12478,-11,-4,300,0
2024-08-02,F9,14869,15016,110,123,1243,0
2024-05-17,WN,13204,11193,78,92,1877,0
2024-11-02,DL,14107,12266,15,24,1044,0
2025-07-19,WN,14107,13930,5,12,2948,0
2024-10-12,AA,11433,13930,49,57,2035,0
2024-05-12,WN,12266,13930,67,82,2688,0
2024-02-05,UA,10397,14107,53,72,773,0
2025-10-14,B6,11433,13303,105,97,2481,0
2024-10-27,AA,12478,13204,2,3,2424,0
2025-05-17,DL,15016,14869,-10,0,902,0
2025-08-26,AA,14771,13930,53,68,1227,0
2024-12-21,AA,10397,15016,-12,5,1612,0
2024-03-29,NK,14771,15016,3,10,2066,0
2025-04-09,WN,15016,11298,86,104,1727,0
2024-05-07,DL,11298,14107,74,72,2840,0
2025-01-26,B6,13303,14869,63,79,2438,0
2025-02-12,F9,15016,14771,3,12,2422,0
2025-05-04,AS,11193,13303,23,17,1626,0
2025-05-02,B6,14057,11193,-7,-16,2095,0
2024-05-27,DL,15016,13303,11,4,1161,0
2025-03-19,NK,11298,11433,34,45,378,0
2025-07-14,UA,14869,13930,84,81,540,0
2025-03-30,F9,12478,10397,60,68,1507,0
2025-09-09,F9,13303,11433,10,19,2551,0
2025-10-26,AA,12892,11193,0,6,2248,0
2025-07-15,DL,14107,12892,94,84,2030,0
2024-07-27,B6,11193,14057,-11,1,1563,0
2024-04-07,UA,13204,12266,103,109,1295,0
2024-05-18,DL,11433,10397,33,45,538,0
2024-12-25,AS,14869,12478,105,125,2629,0
2025-09-05,B6,15016,13930,26,19,868,0
2025-03-06,B6,12892,10397,22,34,2992,0
2025-11-27,B6,13204,14869,24,23,940,0
2024-02-27,DL,11193,13204,-14,-17,1723,0
2025-11-01,AA,12266,13930,75,75,1568,0
2024-04-30,DL,10397,14771,107,116,926,0
2025-04-06,DL,12892,14869,12,11,225,0
2024-08-17,F9,12266,12478,-15,-21,2790,0
2025-04-11,AS,14771,11193,-8,7,1274,0
2024-05-05,F9,14771,11433,104,121,2587,0
2025-04-30,NK,11193,13930,57,51,1635,0
2025-05-29,B6,12478,11298,79,69,2787,0
2025-08-10,DL,14771,13930,86,100,1390,0
2025-01-02,WN,11193,13303,28,29,340,0
2024-11-29,UA,13930,13303,29,31,347,0
2025-04-23,UA,14771,12266,69,74,872,0
2024-01-15,F9,14057,10397,110,118,2478,0
2025-10-30,NK,14869,11193,83,81,2892,0
2025-09-13,NK,14057,11298,-1,13,1686,0
2025-04-02,UA,14107,14057,-9,-10,2895,0
2025-03-25,AA,11433,13204,17,33,2711,0
2024-01-16,WN,14107,10397,0,-9,1692,0
2024-06-04,F9,15016,14771,111,129,2485,0
2025-01-08,NK,12478,15016,10,15,693,0
2024-01-13,WN,14771,15016,96,97,2888,0
2025-02-07,F9,11193,12266,100,96,1189,0
2025-01-10,WN,12892,14771,55,75,2112,0
2024-03-01,NK,11298,14107,107,107,2046,0
2024-04-04,NK,13930,13204,78,80,203,0
2025-09-14,WN,13204,12892,117,108,2387,0
2024-08-11,UA,11193,14107,-1,18,1131,0
2025-05-17,AS,14771,13303,27,40,1347,0
2024-02-24,AS,12478,12892,116,116,2153,1
2024-07-31,AS,13204,14107,90,92,2793,0
2024-12-11,AS,15016,14869,94,84,778,0
2024-06-15,UA,10397,12478,106,120,1524,0
2024-01-03,B6,10397,13930,62,55,2641,0
2024-12-16,WN,15016,14107,111,130,553,0
2024-10-21,F9,12266,13303,35,44,2873,0
2024-06-08,AS,10397,15016,-1,10,1003,0
2024-12-22,NK,14107,13930,118,109,626,0
2025-01-04,B6,13303,10397,42,47,1460,0
2025-08-22,UA,11298,11193,70,84,628,0
2024-08-01,B6,11193,15016,120,115,1691,0
2024-01-08,B6,15016,13303,6,19,1576,0
2025-01-25,AA,12478,13204,39,48,2723,0
2024-02-07,DL,14057,13930,114,133,896,0
2025-10-25,NK,12892,14771,-9,-6,2111,0
2024-11-13,UA,10397,12478,100,96,2403,0
2025-10-15,WN,13204,11433,68,77,2905,0
2025-11-10,DL,13303,14771,77,97,2776,0
2025-02-08,F9,14869,13303,17,7,380,0
2024-07-16,B6,15016,12266,-8,-5,1934,0
2024-03-24,WN,11298,14869,99,103,1191,0
2024-11-08,WN,13204,15016,-13,-18,2015,0
2025-08-22,AA,10397,13303,101,118,2603,0
2025-08-15,AS,12478,12266,26,40,2555,0
2024-03-09,DL,12892,11298,22,23,617,0
2024-12-21,AS,10397,11193,112,107,2211,0
2025-10-13,AS,13930,11193,67,70,1469,0
2025-11-21,WN,14771,12266,-5,0,271,0
2024-08-28,WN,12266,13930,102,107,2061,0
2024-09-25,AA,10397,14107,73,82,1573,0
2025-03-16,F9,12266,13204,54,51,1519,0
2024-11-29,B6,10397,13303,90,104,817,0
2025-08-20,WN,11193,13930,33,27,1697,0
2024-12-28,AS,11298,13303,80,98,1181,0
2025-03-07,F9,11193,11433,-11,-7,1767,0
2024-01-11,WN,12892,14107,16,20,609,0
2024-08-22,WN,13303,14869,82,72,874,0
2024-04-21,AA,13303,11193,13,7,2590,0
2024-11-08,AS,14869,11193,73,66,1312,0
2024-12-09,WN,14107,14057,59,76,2584,0
2024-02-15,AS,15016,13204,45,44,1384,0
2024-12-13,F9,12266,12892,94,106,2741,0
2025-04-10,WN,11433,15016,30,31,2994,0
2024-12-17,DL,13204,14771,48,43,729,0
2025-01-08,DL,15016,10397,115,134,1985,0
2024-11-19,WN,12478,10397,79,74,2943,0
2025-04-07,WN,14771,14107,10,29,977,0
2024-05-30,DL,14771,12892,102,113,2879,0
2025-04-28,DL,13930,14057,94,109,2888,0
2024-08-03,UA,13303,12478,42,32,498,0
2024-10-10,UA,11193,11298,109,123,445,0
2024-03-19,B6,10397,12266,-12,6,2699,0
2025-03-24,AS,14869,13204,-1,19,843,0
2024-01-22,WN,13930,10397,95,108,1150,0
2024-10-19,AS,11298,12892,-7,1,661,0
2025-10-26,NK,12892,11433,64,62,2348,0
2025-02-03,WN,12892,12266,26,45,1505,0
2024-12-26,UA,14107,14869,39,46,604,0
2025-09-25,AA,11298,14107,110,110,1236,0
2025-05-09,WN,10397,14869,111,104,2803,0
2024-03-11,AA,13204,10397,88,100,2503,0
2025-02-26,AA,13930,14869,115,108,2291,0
2025-10-27,DL,11433,12266,52,43,894,0
2024-08-31,B6,12892,11298,88,78,1167,0
2025-02-08,AA,13303,10397,114,133,1461,0
2024-03-07,AS,13303,13204,4,21,1354,0
2025-10-24,AA,14771,12892,115,125,1878,0
2025-10-18,AA,14869,15016,-11,-6,245,0
2024-07-28,AS,12892,12478,74,93,2979,0
2025-11-14,NK,12892,11298,55,60,2660,0
2025-05-30,UA,14057,10397,32,42,2410,0
2025-03-21,UA,11193,12892,78,72,248,0
2025-08-13,AA,12266,13930,76,81,2200,0
2025-01-12,AA,12892,14107,118,137,664,0
2025-10-02,F9,12478,12892,-8,8,1089,0
2025-10-26,NK,11433,15016,67,68,980,0
2024-01-30,B6,11193,12478,0,20,290,0
2025-02-15,AS,13204,14107,51,52,2462,0
2025-11-08,WN,12266,13930,23,31,2104,0
2025-02-24,AA,10397,11433,74,80,815,0
2025-06-26,AA,11193,13930,-7,-7,808,0
2024-08-30,DL,12892,14771,15,33,664,0
2024-04-19,WN,13303,14107,8,-2,2599,0
2025-07-06,DL,12478,14107,27,41,281,0
2024-11-12,NK,11433,11298,36,33,339,0
2025-07-21,F9,14869,13930,97,101,2342,0
2024-10-02,AS,10397,13930,35,54,1596,0
2024-07-22,F9,14869,13303,85,85,635,0
2024-09-24,B6,11433,15016,86,90,808,0
2025-02-15,UA,15016,11433,37,28,2507,0
2025-02-09,UA,13303,14869,1,9,1792,0
2025-02-06,F9,12266,12892,72,64,2937,0
2025-01-14,NK,13303,12478,117,112,2407,0
2024-12-09,AS,15016,14107,62,74,2655,0
2024-06-08,DL,11298,14057,72,76,2906,1
2025-04-13,AS,13930,15016,82,93,2765,0
2025-01-19,WN,15016,11298,14,26,2929,0
2024-01-30,DL,12892,10397,88,85,2120,0
2024-09-06,F9,11433,14107,71,79,1075,1
2025-07-04,WN,15016,11298,93,93,623,0
2025-07-18,AS,14869,11193,15,10,1285,0
2025-08-02,UA,11433,11298,93,90,828,0
2025-03-12,DL,12266,14057,104,112,631,0
2024-07-19,B6,11193,11433,5,-1,2436,0
2025-03-29,DL,10397,12892,38,52,2132,0
2024-03-02,WN,12892,13303,93,105,1340,0
2025-05-21,AS,12478,11193,75,73,759,0
2025-06-29,WN,13204,12266,1,2,585,0
2024-04-21,AS,10397,11193,29,21,290,0
2024-06-13,DL,11433,14869,22,34,1261,0
2025-10-05,NK,14869,13303,90,110,1771,0
2025-04-02,F9,11298,14771,25,38,1238,0
2024-01-12,UA,12478,13303,88,79,939,0
2025-06-14,AA,13303,11193,25,43,879,0
2024-03-18,F9,10397,14771,0,13,1051,0
2024-12-15,NK,11433,14869,45,36,2169,0
2024-06-10,NK,13303,14869,34,25,2231,0
2024-01-08,NK,11433,13930,117,130,2558,0
2025-09-03,F9,11433,11298,4,12,220,0
2024-04-07,DL,10397,14771,6,9,245,0
2024-06-18,F9,14869,14107,60,56,1157,0
2024-08-14,F9,12266,13303,79,84,858,0
2024-06-15,NK,10397,15016,90,86,983,0
2025-01-02,B6,12266,12478,82,100,1276,0
2024-10-26,WN,13930,14869,-3,-6,884,0
2024-09-30,UA,12266,14107,75,80,1789,0
2024-07-14,DL,11193,13204,42,59,2970,0
2025-03-12,WN,14107,14869,112,106,1622,0
2024-02-27,AS,10397,14771,96,104,1103,0
2025-08-25,UA,13930,10397,86,94,2505,0
2024-01-01,DL,14107,14771,14,4,2015,0
2024-03-29,UA,13204,13303,46,56,1554,0
2025-10-22,NK,14057,13930,48,52,666,0
2024-03-29,AS,13303,13930,62,73,1405,0
2024-09-26,AS,12478,14107,87,80,2445,0
2024-08-23,F9,11433,13303,103,111,2147,0
2025-05-16,WN,15016,13930,109,106,2643,0
2024-07-04,F9,14057,12892,11,15,394,0
2025-08-18,B6,12892,12266,8,10,1486,0
2024-09-15,UA,10397,12892,-7,-4,1999,0
2024-03-04,F9,12478,12892,1,12,2975,0
2024-03-26,F9,14771,11193,50,69,1645,0
2024-03-08,F9,14869,13303,25,20,843,0
2025-06-23,AA,15016,11298,16,9,2192,0
2025-05-17,B6,14771,13303,89,97,1215,0
2025-06-07,AA,14869,13930,-5,-4,469,0
2024-09-13,AA,15016,12478,-13,-1,2603,0
2025-09-08,DL,13204,12266,87,83,2170,0
2024-08-10,DL,14107,13303,35,48,2390,0
2025-10-31,UA,11298,13930,119,137,393,0
2025-05-06,AA,12266,15016,7,26,2089,0
2024-11-20,AA,15016,11193,-9,11,1462,0
2025-01-07,WN,10397,11193,9,19,1143,0
2024-06-06,AS,14107,13930,21,41,1263,0
2025-01-16,AS,12478,13204,114,112,562,0
2024-04-12,AA,14869,12892,102,94,2674,0
2024-07-19,NK,11193,12892,39,43,2562,0
2024-12-17,AS,15016,11298,-7,-5,966,0
2025-11-02,AS,12892,13930,92,102,2385,0
2025-11-17,NK,12478,11193,46,56,1782,0
2024-07-07,UA,13930,14771,53,53,2926,0
2024-03-22,AA,14107,12478,87,77,881,0
2025-05-27,WN,14771,15016,6,-4,1971,0
2025-09-27,WN,13204,14107,103,108,2833,0
2025-05-17,DL,11433,14869,59,67,1089,0
2024-03-27,WN,12478,11193,23,21,845,0
2025-09-03,WN,11193,13204,102,118,2429,0
2024-11-08,NK,11433,13303,41,59,1247,0
2025-02-28,UA,14057,12266,23,19,1245,0
2024-05-29,B6,15016,14107,89,99,1511,0
2025-07-31,WN,11433,13303,75,87,1997,0
2025-08-17,NK,13303,11298,42,43,2637,0
2024-09-19,F9,11298,10397,116,113,294,0
2025-07-15,AA,14107,13930,42,42,1286,0
2025-03-16,WN,15016,10397,-9,-16,329,0
2024-07-09,F9,14057,11298,53,65,1493,0
2025-02-26,DL,12478,13303,10,6,2413,0
2024-02-22,AS,15016,12892,56,53,2082,0
2025-06-01,UA,12266,13303,61,56,1394,0
2025-11-21,AS,12478,13303,78,73,2780,0
2024-03-24,F9,13930,12266,4,20,581,0
2025-02-25,DL,12892,14869,-2,16,1485,0
2025-09-03,NK,14057,14107,-11,-6,2522,0
2025-11-10,NK,14057,10397,80,77,1133,0
2025-03-12,UA,10397,15016,64,61,960,0
2025-11-08,WN,11433,15016,-8,-2,2069,0
2024-07-01,UA,13303,11433,22,19,2314,0
2024-02-27,DL,12892,11193,108,126,685,0
2025-11-22,F9,12478,12892,54,51,1879,0
2024-09-08,AS,14771,11433,-14,-23,1443,0
2025-04-20,B6,12478,12266,40,56,2605,0
2024-02-03,F9,14869,12478,-8,-8,565,0
2024-06-02,AA,14107,13303,120,124,1580,0
2025-04-20,NK,13930,13204,4,-6,1418,0
2025-09-19,AS,12892,14057,52,55,2408,0
2024-01-06,NK,12892,11433,85,99,2066,0
2024-09-29,WN,13204,14771,63,74,2550,0
2025-08-11,DL,13204,13303,3,22,473,0
2024-11-24,NK,14057,11193,41,44,2933,0
2025-03-10,WN,14869,13303,107,118,566,0
2025-09-26,UA,10397,11433,72,89,2056,0
2024-11-16,AA,11298,13303,9,8,533,0
2024-01-12,AA,12266,12478,24,36,2688,0
2024-03-25,AS,14869,11433,51,59,2609,0
2024-08-29,AS,13204,11193,73,89,1358,0
2025-09-29,DL,12266,11298,-5,6,1492,0
2024-02-22,WN,12892,12478,119,131,1024,0
2025-09-23,F9,12892,13930,67,57,1782,0
2024-05-22,DL,15016,12266,83,86,2253,0
2024-11-19,B6,11193,12478,59,78,2014,0
2024-10-27,NK,14869,14107,110,129,1032,0
2025-09-02,DL,13303,12478,64,63,2232,0
2025-01-31,NK,10397,14107,108,103,2338,0
2025-03-02,UA,13930,13303,66,81,1625,0
2024-03-26,NK,11298,10397,-12,4,672,0
2024-07-30,UA,14057,12266,94,112,1617,0
2024-09-27,B6,13204,14107,-4,16,2931,0
2025-09-16,AA,14869,10397,91,105,2068,0
2025-05-21,F9,14771,14107,20,12,2484,0
2025-03-05,B6,14771,13930,85,96,1791,0
2024-02-26,NK,13930,14057,46,53,883,0
2025-07-14,AA,14057,12892,77,72,410,0
2025-07-30,DL,12892,14771,17,15,1044,1
2025-09-02,NK,11433,13303,34,41,1258,0
2024-09-01,UA,14107,13303,116,132,1887,0
2024-02-22,NK,14057,12478,32,48,1231,0
2024-07-10,DL,11298,12478,72,65,1656,0
2024-10-04,NK,14057,10397,5,1,1221,0
2024-05-25,AS,14869,13303,33,38,1164,0
2025-09-19,UA,14771,12266,37,45,315,0
2025-04-19,UA,12266,14771,35,54,576,0
2025-11-24,F9,15016,12266,27,22,2454,0
2024-12-05,UA,14107,11298,50,67,1081,0
2025-11-26,WN,14771,12478,64,80,609,0
2025-10-22,AS,11193,13303,76,87,1019,0
2025-06-12,WN,13204,12478,72,77,690,0
2025-01-13,AS,13204,11298,101,119,1778,0
2025-04-28,NK,15016,14057,44,41,1073,0
2024-06-24,AA,13204,14771,24,32,1166,0
2025-06-11,F9,12892,11298,-10,-15,1494,0
2025-06-10,B6,14771,11298,-2,10,1423,0
2025-03-30,B6,14771,11193,94,108,2337,0
2024-08-14,UA,12266,14869,25,32,1280,0
2025-04-11,DL,12892,13303,119,111,2581,0
2025-09-28,F9,13204,14107,24,41,1312,0
2025-03-31,DL,11433,12892,24,32,512,0
2025-01-20,NK,13204,14869,-7,-14,1527,0
2024-04-20,AA,13204,12266,41,40,1498,0
2025-03-28,WN,13930,14057,50,67,980,0
2025-03-06,AS,11298,12266,52,63,2741,0
2025-06-05,UA,13204,13303,103,111,2822,0
2024-09-19,AS,14057,13930,7,1,396,0
2024-05-11,WN,12478,15016,36,48,2675,0
2024-12-11,WN,12266,13930,54,57,2193,0
2024-11-09,DL,11433,12266,99,115,2120,0
2025-08-15,AA,14057,15016,118,115,568,1
2024-04-16,DL,14771,11298,81,81,2220,0
2024-03-14,F9,14107,13303,80,86,2492,0
2025-10-26,DL,11298,14771,-15,-8,565,0
2025-11-13,AS,11433,14771,83,82,2037,0
2024-04-03,UA,14057,14869,-15,-24,603,0
2024-03-11,AA,14057,14869,108,106,2204,0
2025-04-22,UA,14057,11433,34,53,818,0
2025-11-08,F9,12266,14771,118,118,887,0
2024-10-02,UA,14057,13204,88,108,2576,0
2024-02-22,B6,14057,14869,38,45,512,0
2025-08-13,AA,14057,14107,16,36,204,0
2024-09-15,WN,12478,11193,27,33,1190,0
2024-05-11,UA,15016,13930,70,77,2943,0
2024-10-05,F9,11193,12266,-9,-16,1734,0
2024-03-18,UA,14057,10397,0,5,2255,0
2024-03-08,AS,13930,12892,-12,-1,1560,0
2024-10-09,AS,13930,10397,8,-1,2414,0
2025-03-07,WN,12478,14107,7,9,538,0
2024-05-12,WN,12892,13204,89,102,718,0
2024-11-30,AS,11433,14057,49,57,2424,0
2024-02-21,NK,11433,10397,104,105,1795,0
2024-12-12,NK,14057,14869,52,69,1746,0
2024-11-04,DL,13303,14869,79,84,2278,0
2024-05-16,DL,13303,14771,-7,-11,1330,0
2025-10-11,AS,11433,11298,95,89,1068,0
2025-05-14,B6,12266,14771,15,11,2010,0
2024-08-05,AS,13303,13204,8,11,435,1
2024-11-22,NK,11193,14771,26,21,291,0
2024-11-18,UA,15016,14057,110,110,1074,0
2024-01-20,B6,12892,13204,105,120,634,0
2024-01-03,UA,13930,14107,24,26,2598,0
2024-02-16,F9,15016,10397,28,20,1220,1
2025-09-28,DL,15016,12266,60,63,1477,0
2024-05-16,AS,11298,12892,71,70,920,0
2025-11-06,WN,13204,12266,-8,-10,611,0
2025-01-30,AS,15016,14057,-6,-7,1872,0
2024-10-15,F9,13303,15016,37,38,2890,0
2025-06-23,DL,13303,14057,-15,-11,644,0
2025-11-09,DL,15016,13204,75,87,220,0
2024-08-02,B6,14869,10397,111,117,1316,0
2024-02-08,AA,10397,12892,75,95,2711,0
2025-06-17,UA,12478,11298,44,43,623,0
2025-08-07,AS,13204,12266,41,50,1344,0
2025-11-23,B6,11193,12478,14,21,2022,0
2024-03-22,AS,11433,15016,43,61,495,0
2024-01-13,UA,14107,14771,0,3,2033,0
2025-09-02,F9,13303,11298,86,87,2438,0
2024-09-11,DL,12266,12892,59,67,1808,0
2025-03-21,F9,10397,13930,55,56,523,0
2024-07-08,DL,12266,12478,21,32,1465,0
2025-04-28,DL,12266,13204,54,70,2389,0
2024-09-25,NK,14869,11193,76,96,1499,0
2024-12-02,B6,12892,14107,-7,-10,374,0
2024-06-21,NK,13930,14771,118,123,1375,0
2025-06-19,DL,13303,11298,7,4,2345,0
2025-06-20,AA,14107,12892,60,59,881,0
2025-02-13,B6,14107,11298,-9,-7,1571,0
2025-02-07,B6,12892,14771,20,36,1363,0
2024-02-05,WN,13303,13930,91,102,535,0
2024-09-10,B6,12266,15016,82,85,2179,0
2025-05-18,B6,14107,15016,39,33,2263,0
2025-10-07,WN,12266,14057,15,18,2447,0
2024-01-12,WN,11433,12892,44,55,1583,0
2025-08-27,DL,11193,12892,85,105,1203,0
2024-06-01,AA,12892,13930,108,128,2911,0
2025-08-07,AA,14107,14771,-15,-15,2039,0
2025-08-13,F9,14771,14057,99,92,563,0
2024-10-13,WN,13930,11298,-13,-1,759,0
2025-10-04,AS,12892,11433,95,90,877,0
2024-12-28,UA,14869,11433,67,73,1716,0
2024-05-13,DL,15016,14107,67,82,1675,0
2025-03-19,DL,13204,14107,-2,18,374,0
2024-06-21,F9,14869,13204,89,79,2041,0
2025-09-08,DL,11193,12478,106,106,1263,0
2025-09-01,WN,13303,13204,53,65,2508,0
2024-03-22,AS,14057,11193,82,82,1403,0
2024-09-05,NK,13204,11298,82,78,1402,0
2025-10-19,DL,15016,12892,104,102,2900,0
2024-09-08,DL,12266,10397,111,115,2723,0
2025-01-20,NK,11193,12266,55,73,1291,0
2025-06-30,F9,13303,11298,88,102,2873,0
2025-04-07,UA,12266,12892,22,33,1084,0
2025-05-01,WN,12478,14771,-8,-1,1095,0
2024-10-28,B6,12892,13204,-10,-4,1722,0
2024-06-15,B6,11193,10397,80,87,705,0
2024-07-29,WN,11433,14107,98,94,1711,1
2024-10-08,WN,11193,13303,85,98,2434,0
2025-06-29,F9,11298,14057,94,86,2617,0
2025-10-22,B6,12266,13930,-2,-7,1247,0
2025-11-20,NK,14771,10397,43,39,2560,0
2025-06-08,AA,12478,11193,12,27,559,0
2025-04-22,B6,11193,11433,15,31,2521,0
2024-11-25,F9,11298,15016,83,102,2111,0
2025-09-11,AA,12266,11193,63,61,2286,0
2024-09-15,WN,12892,10397,48,55,471,0
2024-07-31,NK,10397,14771,84,89,2744,0
2024-08-25,B6,13204,11433,31,50,423,0
2025-03-28,F9,10397,15016,78,96,2180,0
2025-05-07,UA,12478,12266,45,43,1269,0
2025-05-02,WN,13930,14057,72,68,2620,0
2025-11-02,DL,10397,12266,102,100,1599,0
2025-11-13,AA,11298,15016,117,112,2797,0
2024-06-16,AS,14771,14057,94,111,303,0
2024-07-10,B6,11298,11193,18,10,1116,0
2025-04-13,B6,11433,12266,88,79,2688,0
2024-05-21,AA,11193,11298,3,-3,2155,0
2025-05-21,AS,15016,13930,24,39,347,0
2024-03-06,F9,12892,14057,77,95,1207,0
2024-06-21,WN,13303,14771,-9,5,2351,0
2024-05-31,NK,13303,12892,-13,-20,1553,0
2024-10-20,UA,14107,14057,19,35,1779,0
2025-02-28,F9,13204,11193,36,46,2805,0
2024-09-08,B6,14107,12266,61,77,831,0
2025-07-19,AS,14869,11298,-10,8,1831,0
2025-08-20,NK,12266,15016,-8,-15,1966,0
2025-07-24,WN,14057,12266,119,128,1439,0
2024-01-23,NK,14869,15016,73,71,2664,0
2024-02-24,B6,12266,11298,86,82,1967,0
2025-04-23,F9,10397,12478,16,26,2722,0
2025-01-14,WN,13930,14107,75,74,2096,0
2025-01-17,DL,11193,13930,-2,7,2894,0
2024-01-09,UA,14057,11193,28,37,1145,0
2024-05-26,NK,11298,13930,33,30,833,0
2024-02-29,AA,10397,11193,11,31,2200,0
2025-03-08,AA,12892,12266,0,19,2599,0
2025-06-25,AS,13204,13303,68,66,491,0
2025-10-10,AS,13303,15016,-1,13,2429,0
2025-09-08,F9,13204,15016,-14,-15,1392,0
2025-06-11,NK,12478,13303,-5,14,1564,0
2025-03-17,AA,10397,14869,97,115,2875,0
2024-08-04,UA,12892,13204,89,88,2779,0
2024-11-22,B6,14771,12892,74,90,1152,0
2025-03-13,AA,11433,13303,66,81,1633,0
2024-01-14,AS,13930,12266,15,20,1216,0
2025-10-31,UA,15016,10397,25,31,1327,0
2024-07-26,DL,12478,11193,117,137,2730,0
2025-04-03,WN,13930,11193,0,9,1270,0
2025-03-27,WN,11298,10397,106,108,489,0
2024-09-26,F9,13930,13303,96,93,979,0
2024-01-24,NK,14869,12892,25,32,2584,0
2024-03-22,AS,10397,14057,117,107,640,0
2024-12-03,UA,12266,13303,97,102,2212,0
2024-12-28,AS,12478,10397,46,36,2541,0
2024-11-10,AS,10397,12478,25,41,959,0
2024-03-24,F9,13204,14869,115,129,2836,0
2024-04-28,UA,11193,14107,-15,-13,2761,0
2025-09-18,F9,14771,11433,49,62,1449,0
2024-09-02,B6,11433,14869,13,5,1318,0
2025-08-20,UA,13204,12892,12,13,857,0
2025-11-23,AS,14057,15016,15,30,230,1
2024-10-21,NK,12266,11433,110,108,2978,0
2025-11-26,AA,15016,13204,-14,3,2431,0
2025-09-06,WN,13303,11193,-14,6,512,0
2024-02-10,NK,12892,15016,58,74,1468,0
2024-04-17,UA,14107,12478,86,81,737,0
2025-05-07,WN,12478,14107,64,55,1635,0
2024-03-25,NK,12892,12478,-6,-6,2220,0
2025-11-09,NK,11193,11433,98,107,2844,0
2025-02-26,AA,10397,13303,51,69,1265,0
2024-10-29,NK,13303,12478,117,136,2800,0
2025-11-20,UA,12892,11193,96,87,2060,0
2024-06-10,B6,13303,14057,84,91,1117,0
2024-04-16,NK,11433,14107,22,22,265,0
2024-01-02,AA,10397,14057,34,38,1784,0
2024-10-12,AS,12478,14771,95,90,2308,0
2025-08-19,B6,14057,14107,67,59,703,0
2024-11-22,DL,13930,11193,110,105,2056,0
2025-04-17,WN,15016,13930,4,18,580,0
2024-01-18,WN,11433,10397,111,105,2139,0
2024-02-14,WN,13204,12478,44,62,2260,0
2024-01-25,UA,10397,13204,9,10,301,0
2024-05-06,UA,14107,11433,104,108,2385,0
2025-08-24,WN,13204,14057,60,70,1782,0
2025-07-19,AS,15016,13303,12,2,305,0
2024-05-10,UA,12478,11433,26,30,2958,0
2024-09-18,F9,12266,11433,88,85,423,0
2024-12-07,WN,12892,11433,63,58,2384,0
2024-11-21,AA,12478,12892,17,7,202,0
2025-10-20,UA,14771,11193,78,96,1619,0
2025-11-27,F9,13930,14057,84,88,2433,0
2024-09-16,AA,14107,13303,93,102,2478,0
2025-09-29,F9,13930,10397,2,-2,1115,0
2024-08-05,WN,13303,12266,78,84,2494,0
2025-06-04,UA,13930,11298,0,19,2110,0
2025-06-03,B6,13303,12892,104,112,1610,0
2025-10-25,DL,11433,12892,90,82,1581,0
2025-09-12,AA,11193,12892,120,136,1955,0
2024-11-28,WN,12266,11193,72,89,1745,0
2024-01-13,AA,13930,14107,72,70,344,0
2025-06-12,WN,12478,14107,91,106,1522,0
2024-10-28,AA,14107,11298,-2,17,2575,0
2024-09-04,AS,11193,11298,92,105,1777,0
2024-11-26,AS,13204,11298,19,37,2867,0
2025-08-06,NK,14869,14107,98,101,2393,0
2024-03-27,DL,13204,11193,77,78,2010,0
2024-03-19,AA,14107,11433,29,44,1167,0
2024-08-08,UA,11433,11298,51,64,2229,0
2025-02-25,B6,13930,11193,5,-5,1194,0
2024-05-23,NK,14869,13204,36,38,1608,0
2024-12-15,DL,12478,11298,96,114,297,0
2025-10-26,UA,13303,11193,73,73,2833,0
2024-03-01,WN,13930,11193,-15,-24,2995,0
2024-06-24,AS,14771,12266,55,51,223,0
2025-05-09,F9,14869,13204,52,62,1843,0
2025-09-28,WN,12478,13303,-14,-8,1611,0
2025-11-16,UA,12266,14869,14,28,440,0
2024-12-27,WN,12266,11298,119,131,2397,0
2024-04-29,NK,14771,11433,35,30,2455,0
2025-07-21,F9,14107,15016,119,125,1014,0
2024-09-04,DL,12478,14107,119,118,2159,0
2025-10-06,UA,11298,13303,68,84,1209,0
2024-09-21,F9,11298,14869,80,78,2998,0
2024-11-01,AS,13303,12266,1,-5,2956,0
2024-09-13,WN,13204,12266,117,117,2414,0
2024-04-22,DL,14869,11193,107,125,1093,0
2025-02-27,AA,13930,11193,32,28,1347,0
2025-10-18,F9,13930,14771,-6,-2,952,0
2024-02-26,B6,10397,14869,5,5,2627,0
2025-11-08,B6,12478,14107,50,54,2386,0
2024-12-27,DL,14869,12892,21,20,1422,0
2024-08-29,AS,14107,14057,60,74,1350,0
2024-11-15,AS,11193,12892,6,22,1592,0
2024-04-12,AA,13303,13930,11,19,389,0
2025-05-02,AS,12892,11433,9,29,1413,0
2024-12-19,B6,11433,13303,6,-1,2477,0
2024-04-16,AS,12478,10397,83,93,831,0
2025-05-29,NK,14869,12266,43,57,316,0
2024-03-17,DL,14107,11193,92,82,1230,0
2025-02-20,AS,15016,11433,38,52,1832,0
2024-06-18,WN,14771,13930,11,20,767,0
2024-03-08,DL,10397,14869,117,107,450,0
2025-05-31,WN,14771,13303,28,31,680,0
2025-10-05,NK,13930,12892,60,68,296,0
2024-05-05,DL,11433,12266,-2,-8,2272,0
2024-12-03,B6,13303,14771,57,55,2415,0
2025-05-09,AS,12892,10397,108,117,1706,1
2024-02-12,AA,14869,10397,17,21,2407,0
2024-05-12,AA,11298,13204,-11,-6,241,0
2025-04-23,F9,13303,10397,83,88,308,0
2024-12-19,DL,13930,12266,22,12,1139,0
2025-11-09,UA,15016,14057,-4,0,767,0
2024-05-12,WN,14057,14869,105,118,1063,0
2025-11-29,WN,13930,14869,-15,0,1939,0
2025-07-21,B6,11193,10397,103,118,1898,0
2024-12-30,F9,11433,15016,90,103,1968,0
2024-01-03,DL,14057,11298,95,96,2895,0
2025-08-29,AS,14057,10397,48,67,2970,0
2025-07-19,WN,15016,13204,86,87,2293,0
2024-09-20,F9,14107,12478,23,41,1187,0
2025-05-30,F9,14057,13303,10,29,385,0
2025-01-05,WN,12266,14771,49,39,1219,0
2024-07-17,NK,12266,15016,-3,9,2014,0
2024-01-09,AS,11298,13930,27,38,2877,0
2025-09-14,DL,13930,14869,36,32,1140,0
2024-05-05,B6,13930,11433,36,43,816,0
2025-09-09,DL,11433,14869,52,58,2951,1
2024-10-28,F9,11433,14869,13,29,514,0
2025-03-16,F9,13303,12266,71,91,952,0
2024-09-23,B6,10397,14869,83,101,1720,0
2025-09-14,DL,10397,13303,63,73,2000,0
2025-05-26,WN,12266,11193,-9,-14,2112,0
2024-10-02,AS,15016,13204,23,15,663,0
2024-07-05,DL,12478,11298,-15,5,1097,0
2025-11-18,NK,14057,12892,4,7,2521,0
2025-06-29,DL,12892,14057,107,114,1804,0
2024-04-30,AS,15016,12892,62,80,1242,0
2025-01-04,AA,13204,14107,75,81,2459,0
2024-06-28,F9,11298,12892,76,84,1100,1
2024-11-20,AA,10397,14107,90,104,2707,0
2024-07-13,WN,10397,13204,23,40,2680,0
2024-12-13,NK,13930,15016,83,83,351,0
2024-04-16,DL,14869,11193,17,21,888,0
2024-01-31,AA,10397,14771,15,10,2167,0
2025-07-02,AS,12266,11298,46,55,2008,0
2024-05-05,AS,14771,12892,68,62,1212,0
2024-04-09,B6,10397,14771,53,50,727,1
2024-08-27,WN,14107,10397,46,46,2112,0
2024-06-07,F9,14869,11193,8,28,1179,0
2024-01-10,DL,10397,13930,103,115,1444,0
2024-07-01,B6,13204,14869,83,86,2265,0
2025-02-05,B6,14107,14057,58,71,1252,0
2025-02-25,NK,10397,14869,92,108,1456,1
2024-09-27,NK,11433,12478,87,78,2333,0
2024-12-14,F9,12892,12478,2,-6,2920,0
2025-07-06,DL,15016,14771,75,66,2478,0
2024-02-01,NK,11433,13204,51,71,2698,0
2024-10-02,UA,13303,14771,77,91,1987,0
2024-06-25,DL,11193,12478,84,78,1782,0
2025-08-11,B6,11298,14771,1,5,1478,0
2025-09-11,UA,11298,15016,22,17,2368,0
2025-09-20,UA,14057,12266,32,45,2641,0
2024-12-25,B6,10397,13930,18,31,2846,0
2024-06-22,WN,11433,11193,73,92,2877,0
2024-08-10,B6,12478,15016,65,76,1203,0
2024-10-20,WN,11433,10397,42,45,1336,0
2024-12-21,F9,14107,14771,105,117,958,0
2025-04-14,UA,14057,14869,73,63,551,0
2024-06-09,AS,12892,15016,116,130,1272,0
2025-02-18,F9,12892,12266,42,42,2555,0
2024-11-09,WN,11193,12478,-5,-6,411,0
2025-09-24,UA,14107,13930,103,112,1815,0
2024-10-26,NK,13930,14057,25,38,531,0
2025-02-12,WN,12892,14771,13,33,1562,0
2025-01-11,WN,13204,13930,26,38,1860,0
2024-04-15,DL,11193,12478,1,8,1963,0
2024-10-16,DL,11433,12266,-13,-11,2693,0
2024-11-21,WN,12266,15016,110,123,2918,0
2025-07-20,DL,13204,12892,33,33,2158,0
2025-01-31,DL,10397,13303,48,49,1495,0
2024-03-25,WN,10397,15016,79,85,2812,0
2024-01-24,UA,13204,14771,-6,-9,2527,0
2024-01-20,F9,11433,14057,73,69,2300,1
2025-01-15,WN,11193,12266,2,-8,853,0
2025-11-06,DL,12478,14057,82,87,731,0
2024-09-18,AS,12266,14107,120,139,519,0
2025-06-16,WN,14057,14771,2,16,856,0
2025-09-04,B6,13204,14869,94,92,435,0
2024-09-17,NK,14057,13303,111,113,1675,0
2024-07-29,UA,11298,13303,38,57,417,0
2024-09-02,NK,12478,11298,107,124,2257,0
2024-09-07,UA,12892,11193,117,113,1760,0
2024-06-24,DL,14057,15016,33,53,1962,0
2024-10-09,DL,13930,14107,-4,10,1074,0
2024-04-13,AA,13930,14057,120,111,2441,0
2024-03-01,AA,12892,14107,63,66,854,0
2024-08-31,AA,13930,11298,112,132,1640,0
2024-11-21,AS,11433,14107,81,81,2814,1
2024-08-30,WN,11298,14869,18,24,1553,0
2025-09-27,F9,13204,12478,69,77,245,0
2024-03-05,DL,11193,14771,39,35,1886,0
2025-02-24,NK,14057,10397,74,92,1768,0
2024-02-18,B6,11298,14869,77,81,2270,0
2024-03-25,AS,15016,14107,68,88,1640,0
2024-04-08,WN,12266,10397,-2,-6,830,0
2025-06-26,NK,11298,15016,-13,-17,997,0
2025-12-01,AS,14869,12892,-11,2,499,0
2024-05-16,NK,12266,13303,1,18,804,0
2025-03-06,NK,11433,12892,74,84,2985,0
2024-03-24,F9,11298,12478,117,128,2763,0
2025-07-30,B6,13930,14869,19,19,2256,0
2025-05-24,UA,14771,12478,64,69,708,0
2025-05-04,F9,14869,11193,118,123,812,0
2025-09-13,B6,14057,11193,37,28,1691,0
2025-07-04,AA,12892,14869,64,62,2544,0
2024-01-25,NK,14771,14869,61,72,2107,0
2025-03-20,F9,14869,15016,110,119,1479,0
2024-06-05,WN,11433,10397,-14,-13,2071,0
2024-05-16,AS,12892,11433,44,58,1695,0
2025-03-14,NK,10397,15016,32,36,1826,0
2025-07-16,AS,11433,11193,5,17,250,0
2025-05-30,AA,14771,14869,100,105,2657,0
2024-09-09,AS,14869,10397,10,29,513,0
2024-11-17,F9,13204,12892,21,11,1150,0
2024-04-21,F9,14771,11298,22,38,2926,0
2024-01-13,UA,10397,14869,11,29,2779,0
2025-10-09,UA,14107,14057,33,41,826,0
2024-08-06,NK,13303,12266,49,59,1211,0
2024-04-05,B6,13930,12266,18,11,2194,0
2024-05-21,AS,14107,11193,70,86,1123,0
2025-04-19,AS,13303,13930,53,71,2663,0
2024-07-17,AS,10397,13303,10,27,2192,0
2025-06-20,AA,11193,14057,95,114,951,0
2024-06-06,DL,13204,14107,100,118,1926,0
2025-09-24,B6,14869,13204,42,41,1326,0
2024-07-07,UA,13930,12266,23,24,2893,0
2024-02-16,UA,12266,14771,47,42,2289,0
2024-12-29,F9,14869,11193,73,91,963,0
2024-06-14,F9,14869,12478,91,90,2724,0
2025-09-21,DL,11193,12266,118,133,817,0
2025-09-17,AA,12266,13303,63,75,2000,0
2025-05-27,F9,11433,12266,78,71,2592,0
2024-07-15,UA,10397,11193,35,25,2741,0
2025-11-30,AS,11193,14771,68,72,1110,0
2025-05-16,B6,12478,11433,85,88,2254,0
2024-10-04,F9,11433,14057,104,124,1038,0
2025-03-12,WN,14771,14057,-14,-8,2151,0
2024-01-03,UA,13930,14107,55,55,1584,0
2025-07-03,NK,11433,13204,88,87,2165,0
2024-05-13,AA,11298,12266,67,78,821,0
2025-08-04,AS,14869,13930,104,96,2749,0
2025-01-25,DL,11298,13930,13,28,1983,0
2024-03-03,AS,12266,13303,52,55,2187,0
2024-08-31,B6,11298,14057,9,15,759,0
2025-03-30,F9,12892,12266,-14,6,1651,0
2024-02-23,AS,12266,11193,75,90,1825,0
2025-07-28,UA,11298,13204,55,61,2465,0
2025-01-29,UA,14771,14057,70,85,2884,0
2025-07-29,UA,11298,14771,81,89,2749,0
2024-02-16,NK,11298,15016,12,16,379,0
2025-02-10,AA,12478,13303,-13,-22,2296,0
2025-08-30,F9,13303,14771,3,13,792,0
2025-02-09,AA,15016,11298,-2,-6,1945,0
2025-09-09,AS,12266,14107,-12,-19,752,0
2024-09-17,AS,11298,12266,77,67,2436,0
2024-06-22,UA,12266,12892,-8,-13,1013,0
2025-09-21,F9,13930,11298,50,70,435,0
2025-03-20,WN,15016,14869,119,127,791,0
2024-01-30,DL,13303,13204,39,35,2698,0
2025-04-08,AS,13930,11193,111,123,2617,0
2025-04-28,F9,14869,11433,53,59,1802,0
2024-09-08,DL,11433,14771,119,136,2493,0
2025-09-15,AS,15016,12892,48,42,1205,0
2025-02-28,DL,15016,11298,7,8,2898,0
2025-06-02,UA,14869,11193,76,92,1555,0
2024-03-20,DL,12478,14057,28,18,368,0
2024-02-02,UA,14869,12892,15,32,425,0
2025-08-14,B6,14107,11298,0,12,2068,0
2024-08-23,WN,12892,11433,108,104,2549,0
2024-08-15,B6,14057,12266,48,46,1126,0
2024-06-15,WN,13930,12892,17,13,847,0
2024-10-03,WN,15016,13930,15,6,2418,0
2025-02-16,DL,12266,10397,88,106,1960,0
2025-07-17,NK,13303,12266,86,83,2066,0
2024-03-16,B6,13204,14057,56,63,2564,0
2024-04-23,WN,14107,12478,43,46,424,1
2024-06-22,DL,13303,14771,17,33,1610,0
2025-08-09,AS,14771,14107,109,127,1371,0
2024-11-02,F9,13204,14771,0,17,1498,0
2025-11-15,AA,13303,13204,62,74,550,0
2025-09-18,AA,13204,11193,14,16,1862,0
2025-06-30,F9,10397,12266,8,18,434,0
2024-11-24,DL,12478,14771,25,24,1454,0
2024-03-08,AA,14771,11298,25,23,1018,0
2024-09-18,F9,14771,12266,-12,-21,428,1
2024-06-10,AS,14057,15016,18,13,248,1
2024-01-28,B6,13204,10397,120,118,463,0
2024-06-20,UA,14057,12266,110,112,2905,0
2024-01-25,UA,11298,11193,49,47,1512,0
2024-06-19,F9,11193,14107,57,66,2007,0
2025-04-11,F9,10397,13303,56,73,1809,0
2025-07-13,UA,12266,13303,40,41,2955,0
2024-01-23,NK,14771,12892,25,40,1466,0
2025-06-10,DL,11433,15016,88,81,2716,0
2025-06-24,F9,14869,13930,67,63,841,0
2024-11-05,NK,11193,13930,77,89,1375,0
2025-09-27,AS,14771,12266,-2,-1,2171,0
2024-02-21,NK,13930,14771,91,108,1641,0
2024-09-18,AS,15016,14869,66,82,1731,0
2025-07-17,UA,14057,11298,72,66,1368,0
2024-02-05,WN,13204,14771,95,96,658,0
2024-08-06,WN,12892,10397,88,90,2103,0
2024-12-15,WN,11193,11433,114,131,395,0
2024-01-18,AS,15016,11433,-2,0,965,0
2024-04-23,AS,11193,14771,31,35,2214,0
2025-06-17,DL,12478,13204,-15,-25,2693,0
2025-05-10,UA,12266,11298,96,91,1466,0
2025-01-17,B6,13930,14057,15,18,546,1
2025-03-16,WN,11193,14771,109,118,1537,0
2025-07-13,DL,10397,14771,-1,0,2331,0
2024-04-18,AS,10397,13930,65,85,1457,0
2024-09-29,WN,12478,13204,-3,-12,2568,0
2024-12-10,UA,12478,15016,-12,-1,1278,0
2024-06-23,B6,12892,11298,55,57,779,0
2024-01-27,F9,10397,15016,5,-2,1829,0
2024-04-26,B6,12892,14771,48,39,2476,0
2024-11-19,F9,11193,14107,66,71,2708,0
2025-01-28,AS,14771,14107,8,-2,527,0
2024-01-21,NK,11298,12266,9,15,402,0
2025-01-28,NK,11433,14771,50,60,1770,0
2024-04-05,DL,13204,11193,23,36,693,0
2024-10-09,WN,14107,15016,46,63,224,0
2025-03-13,AS,11433,13303,18,9,1718,0
2025-08-19,WN,12892,11433,61,67,307,1
2024-11-18,UA,10397,11298,76,66,1464,0
2024-03-11,AS,11298,15016,-5,11,2655,0
2025-06-02,WN,15016,10397,79,71,1680,0
2024-07-16,AS,13204,11193,17,19,2242,0
2025-07-13,UA,13303,14771,110,112,656,0
2024-07-21,B6,11298,10397,5,25,1581,0
2025-03-04,F9,14057,14107,107,104,2761,1
2024-01-29,AS,12892,14771,101,97,2013,0
2025-01-18,B6,13303,14771,63,54,1656,0
2024-05-30,AS,12892,13303,-3,5,1985,0
2025-04-20,UA,13930,14771,61,72,1917,0
2025-09-30,DL,10397,12892,80,88,1861,0
2025-04-19,WN,11298,10397,31,30,598,0
2024-05-13,NK,15016,14771,117,128,1371,0
2024-04-25,AS,13303,14107,-12,-21,2929,0
2024-05-15,WN,13303,14771,10,26,1627,0
2024-10-11,B6,14869,14057,104,110,1499,0
2024-10-04,F9,12478,12892,53,62,2645,0
2024-05-14,AS,14771,10397,31,36,1826,0
2024-11-10,AA,13303,14057,-1,-11,1658,0
2024-02-16,NK,13303,14057,61,72,1984,0
2024-09-01,B6,11193,10397,1,-5,2453,0
2025-08-24,NK,12478,11298,13,29,2854,0
2025-04-16,F9,12266,14107,40,59,2269,0
2025-05-25,WN,14057,13204,73,66,1588,0
2024-08-30,F9,14869,12478,16,35,1711,0
2024-06-26,F9,11433,14057,81,97,1371,0
2025-04-30,WN,11433,12478,15,11,1527,0
2024-07-19,NK,15016,12478,84,92,228,0
2025-07-07,NK,10397,15016,114,120,344,0
2025-10-28,UA,13204,14771,65,69,315,0
2025-08-19,UA,12266,13930,55,61,2807,0
2024-03-18,AA,12266,11193,112,124,515,0
2025-03-07,F9,12892,12478,22,15,1911,0
2025-04-26,UA,13204,11193,63,74,1316,0
2024-12-10,WN,11193,12266,54,56,644,0
2025-05-02,AA,10397,11193,5,3,2028,0
2024-12-08,UA,11193,13303,6,4,2300,0
2025-03-05,WN,14107,14869,67,83,2324,0
2024-12-02,DL,14107,14057,44,52,1135,0
2024-04-04,UA,12266,15016,45,37,2808,0
2024-05-18,UA,13204,14057,42,39,2295,0
2024-10-01,F9,12266,14771,34,24,2161,0
2025-07-02,NK,11433,11298,80,92,2114,0
2024-05-22,AA,12892,12478,23,36,899,0
2024-01-05,WN,13930,14771,63,80,1440,0
2025-06-29,AS,15016,11298,38,36,2553,0
2025-02-21,DL,14869,11433,69,76,1433,0
2025-06-18,NK,14107,14869,82,102,2259,0
2025-08-11,UA,11193,12892,-2,0,212,0
2024-01-27,WN,11298,14057,59,76,2270,0
2024-11-23,DL,11433,14057,47,59,844,0
2024-02-08,DL,13303,11298,41,57,1236,0
2025-05-20,AA,12266,11433,114,105,1849,0
2025-06-22,F9,11298,13303,13,32,1152,0
2025-02-05,AA,13303,11298,60,64,2589,0
2025-07-19,WN,11433,15016,7,18,1072,0
2024-07-02,F9,14869,13303,24,44,1285,0
2024-06-04,AS,11433,11298,46,60,369,0
2024-11-03,WN,15016,14057,-10,-11,2164,0
2025-05-06,UA,10397,11433,83,87,1810,0
2024-12-13,AS,12892,14771,29,38,1782,0
2024-05-10,B6,14107,13303,84,86,2629,0
2024-08-04,DL,10397,12478,108,108,1467,0
2024-10-28,F9,12478,11298,56,62,929,0
2025-08-04,NK,12266,14869,88,101,1415,1
2025-03-02,WN,11298,12892,3,9,514,0
2024-03-27,B6,12478,11433,90,99,1341,0
2024-05-10,AA,10397,14107,95,108,1112,0
2025-01-09,F9,11433,13204,43,53,1740,0
2024-11-02,AS,13303,14869,57,66,234,0
2025-05-19,B6,13303,11298,32,22,769,0
2025-08-15,WN,12266,11298,78,94,1742,0
2025-03-27,AS,12478,13204,36,50,2955,0
2025-02-26,UA,14869,11298,97,88,478,0
2025-03-02,DL,14107,12266,106,120,1878,0
2025-04-20,B6,12266,15016,115,108,1741,0
2024-05-13,WN,12266,10397,94,98,1919,0
2025-03-26,F9,15016,14869,-10,-4,435,0
2024-06-15,NK,13204,10397,19,37,2386,0
2024-12-07,UA,15016,11298,-2,14,2642,0
2024-07-07,AS,14771,11433,70,63,1925,0
2024-12-18,UA,11298,12892,-15,2,971,0
2024-11-25,DL,15016,14869,84,88,2082,0
2024-02-13,DL,13303,15016,119,138,2002,0
2024-09-22,AA,13204,14057,28,45,1237,0
2024-03-05,WN,10397,13303,-7,-13,2338,0
2024-09-02,AS,11298,13303,92,108,2051,0
2024-03-09,AA,14771,12266,98,96,2203,0
2025-06-01,NK,13204,11298,98,118,2240,0
2024-12-25,UA,13930,12892,91,83,3000,0
2025-02-12,UA,13930,14869,70,61,2195,0
2025-11-02,DL,10397,11193,105,113,385,0
2024-12-15,UA,14057,12478,105,108,1113,0
2025-06-13,DL,14771,11193,31,30,1099,0
2025-03-04,NK,11298,11433,33,32,2932,0
2024-10-15,B6,13930,13204,92,102,1583,0
2024-01-22,NK,10397,13303,65,77,1063,0
2024-05-10,WN,10397,12478,82,80,681,0
2025-05-02,B6,14107,11298,83,79,2567,0
2024-01-22,UA,14057,13930,28,40,1857,0
2025-10-26,WN,13930,12892,68,59,1461,0
2025-07-25,AS,12478,12892,6,21,983,0
2024-03-24,UA,12478,14869,-4,4,1588,0
2024-03-16,WN,12478,15016,103,113,555,0
2024-12-18,F9,12892,12478,-1,9,372,0
2024-04-23,F9,12266,10397,53,58,1481,0
2025-08-10,AS,14057,12892,5,18,1024,0
2024-08-04,DL,12266,13204,-11,-14,2521,0
2024-08-19,UA,13303,11298,100,109,2983,0
2024-11-24,NK,11433,14771,23,17,404,0
2024-10-16,AS,12266,13930,101,99,744,0
2024-02-18,F9,14869,11433,111,106,1711,0
2024-09-11,F9,13303,12892,42,51,1317,0
2024-06-21,AA,12478,13204,65,83,2949,0
2025-02-20,AS,12892,14771,-4,-4,2082,0
2025-02-12,B6,11193,10397,113,112,1158,0
2025-03-24,AA,12892,14771,111,128,724,0
2025-05-02,B6,11433,11298,78,78,2199,0
2024-03-27,F9,12266,11193,-7,7,440,0
2024-01-29,DL,11298,14869,12,8,2224,0
2024-10-31,AA,13303,12478,91,94,1511,0
2025-10-15,B6,10397,14771,91,111,648,0
2025-06-25,DL,14771,12478,-11,4,2333,0
2025-01-22,B6,11298,14771,67,65,2523,0
2025-07-12,F9,12266,14771,-7,2,2849,0
2024-04-19,F9,12892,13204,76,83,320,0
2024-04-30,WN,13303,15016,54,63,295,0
2024-03-30,NK,12892,11193,59,51,2699,0
2025-03-14,WN,14057,12478,118,114,897,0
2024-08-10,AS,11433,10397,47,58,476,0
2024-09-28,NK,14771,14869,3,-4,1025,0
2024-07-25,WN,11298,12478,91,109,2146,0
2024-03-11,UA,14869,13303,0,14,1144,0
2024-02-20,NK,14869,10397,99,118,1100,0
2024-01-20,WN,14057,15016,80,81,2716,0
2024-08-12,DL,12266,11193,100,91,545,0
2025-04-07,UA,14107,12266,64,68,348,0
2024-08-22,B6,14107,11298,7,17,1529,0
2025-03-20,B6,13930,11193,120,118,1350,0
2024-08-29,DL,13204,15016,-5,-15,1851,0
2024-12-04,UA,13303,12266,94,114,899,0
2025-09-10,F9,14869,13930,32,48,2056,0
2024-10-20,AA,11193,14869,72,82,1723,0
2024-10-18,UA,11433,15016,8,13,2366,0
2025-03-10,UA,13303,11433,4,23,1653,0
2025-09-08,UA,13303,11298,20,31,839,0
2024-04-03,UA,13930,15016,81,84,2005,0
2025-10-29,DL,14771,11433,19,24,721,0
2025-04-22,F9,13930,11298,42,41,2959,0
2024-10-16,F9,12478,12892,89,84,1174,1
2025-08-15,AS,14107,13204,96,99,2665,0
2025-11-20,WN,12478,12266,35,29,2561,0
2025-05-28,B6,14057,14107,36,35,2589,0
2025-07-22,DL,13930,13303,93,102,555,0
2025-05-13,AS,13303,12478,4,2,1072,0
2025-03-12,AA,11193,15016,90,89,287,0
2024-01-02,F9,11298,12478,103,112,2547,0
2024-07-15,NK,13204,14107,80,78,756,0
2025-03-16,NK,10397,13303,58,60,2065,0
2025-09-21,F9,14771,10397,70,90,2448,0
2024-04-14,WN,14107,14869,47,38,708,0
2025-06-03,AS,13930,13303,63,73,2085,0
2025-01-06,B6,14057,12478,23,21,806,0
2024-10-10,AS,11298,12892,115,128,2892,0
2024-07-24,UA,13930,13303,3,12,2954,0
2025-01-19,UA,13204,11193,88,104,2239,0
2024-08-27,UA,11193,13303,118,127,964,0
2024-08-28,WN,13204,14057,1,18,2039,0
2024-06-14,DL,13303,11298,70,83,1072,0
2024-12-25,DL,14771,14057,11,10,2487,0
2024-03-04,AS,14771,12892,86,80,339,0
2024-08-23,B6,13930,10397,72,74,2743,0
2025-02-02,UA,12478,15016,89,103,890,0
2024-10-26,B6,14057,12478,81,73,2249,0
2024-01-15,AA,14057,12478,46,51,2987,0
2024-03-04,DL,12892,11433,112,124,1101,0
2025-01-06,B6,13204,12892,79,75,1119,0
2024-05-13,DL,10397,13930,85,83,2162,0
2024-06-24,AA,13303,11298,19,32,2353,0
2025-05-04,B6,14869,15016,66,67,2743,0
2025-05-14,NK,14771,12266,31,51,1069,0
2024-02-10,UA,11193,13930,2,-5,2166,0
2024-10-18,F9,12478,14057,68,74,2560,0
2025-01-15,AS,11433,13303,58,64,334,0
2025-10-13,AA,13930,12892,55,56,2309,0
2025-07-25,WN,13303,12478,-8,-7,619,0
2025-02-18,B6,10397,11298,21,34,676,0
2024-07-31,AA,13930,14107,60,58,1634,0
2025-02-21,F9,12478,14107,3,6,2665,0
2024-06-16,AS,15016,11298,-5,11,969,0
2024-08-18,WN,14107,13930,30,43,1840,0
2024-05-01,B6,14107,13204,61,77,706,0
2024-12-23,UA,13303,12266,118,126,1670,0
2024-03-31,AA,12892,14869,110,113,1049,0
2025-05-15,DL,11298,13303,87,96,1891,0
2025-08-17,UA,13303,14057,0,19,2875,0
2024-03-21,UA,13930,14107,8,26,1395,0
2025-10-25,AA,13204,14771,39,51,673,0
2024-04-10,B6,14057,13930,29,21,393,0
2024-04-01,NK,13303,12478,-15,0,2579,0
2024-05-28,B6,13204,14869,-2,11,225,0
2024-07-01,B6,13930,14107,9,6,1247,0
2024-07-03,AS,11193,11433,20,29,1280,0
2024-05-21,AA,13930,14771,46,40,1168,0
2024-04-22,AA,11193,12892,10,4,2735,0
2025-09-09,AA,12266,10397,-10,6,1431,0
2025-03-22,AA,13930,12892,-10,10,2126,0
2024-01-04,WN,11298,14107,109,116,505,0
2024-08-22,WN,14869,15016,-13,-6,2530,0
2024-01-15,NK,11193,12478,71,72,1913,0
2024-05-27,F9,13930,13303,29,40,1511,0
2025-09-27,NK,11193,13303,38,48,663,0
2024-01-06,B6,12892,12266,87,96,1257,0
2025-01-05,AA,13930,11193,63,77,1191,0
2024-04-06,UA,12892,13930,103,120,1594,0
2025-08-05,AS,13204,14771,74,69,776,0
2024-08-26,AA,14107,14057,20,27,1115,0
2024-12-23,AA,15016,14107,99,89,827,0
2024-12-06,NK,12266,11433,73,92,1280,0
2025-07-26,F9,13930,15016,60,69,2844,0
2025-03-16,AS,11433,12478,24,43,1778,0
2025-08-07,AA,12892,10397,4,11,2697,0
2025-07-15,WN,13204,11433,64,69,1355,0
2025-01-16,WN,13930,12478,79,69,2164,0
2025-05-23,UA,14057,10397,2,-6,2210,0
2025-12-01,DL,13930,15016,93,105,213,1
2025-02-02,DL,11433,12892,14,6,1854,0
2025-07-10,B6,11298,13930,39,29,690,0
2024-07-21,UA,11298,12266,46,64,2949,0
2025-06-21,AA,11193,15016,119,132,2696,0
2025-11-04,AA,14107,13930,92,87,2508,0
2025-07-11,UA,13303,13204,96,103,1264,0
2025-02-19,F9,14771,12478,90,98,2521,0
2024-03-26,WN,13930,10397,111,124,395,0
2025-08-02,AS,12478,12266,80,85,839,0
2024-03-14,WN,13930,12478,-12,-15,1021,0
2025-06-22,DL,14107,14771,4,22,1294,0
2024-01-03,F9,13930,12478,74,81,2248,0
2024-02-12,WN,14869,10397,0,7,316,0
2024-12-30,F9,11193,14771,8,-1,1387,0
2025-05-15,AS,10397,12478,61,59,216,1
2024-01-02,AS,14107,11193,116,126,2850,0
2024-06-05,F9,15016,11433,-10,6,2909,0
2024-09-12,DL,12266,13204,99,103,1400,0
2024-07-15,NK,13930,11298,67,77,1421,0
2025-01-28,UA,15016,13930,101,117,2554,0
2025-07-09,B6,10397,13930,56,73,931,0
2025-02-22,DL,13204,11433,22,12,1810,0
2024-05-17,DL,11298,14057,50,51,1904,0
2025-09-26,B6,11433,10397,93,95,2070,0
2024-06-09,NK,12478,13204,27,30,1359,0
2025-02-24,WN,15016,13930,102,116,2051,0
2025-10-23,AS,12892,11193,83,75,2371,0
2025-04-11,WN,10397,13303,65,56,938,0
2025-08-12,AS,14869,12266,75,80,2613,0
2025-01-26,DL,13303,12478,80,72,2388,0
2024-02-20,UA,14869,12478,88,89,1868,0
2025-04-23,AA,11298,14057,-10,-8,695,0
2024-04-24,AS,11433,12478,43,41,695,0
2024-11-29,AS,11193,15016,69,62,2198,0
2024-02-04,AA,12266,11433,49,43,2294,0
2024-05-11,F9,14057,10397,27,39,1872,0
2024-07-21,AS,13303,11193,47,45,2531,0
2025-02-06,AA,15016,10397,59,74,2609,0
2024-12-27,UA,14107,12892,11,28,1718,0
2025-09-17,B6,11298,15016,112,107,2537,0
2025-04-10,AA,11193,14057,77,80,730,0
2025-02-09,F9,11193,13930,59,77,1746,0
2025-05-26,UA,13303,12892,43,56,914,0
2024-07-08,NK,14057,14869,42,54,1413,0
2025-05-10,F9,12478,12266,3,22,1859,0
2024-12-04,AA,11193,12266,51,63,1179,0
2024-05-27,F9,14771,11298,91,100,1603,0
2024-03-26,AA,13204,11193,45,37,356,0
2025-05-04,UA,12266,15016,38,44,2464,0
2024-07-09,F9,13204,13303,55,51,2914,0
2025-07-23,DL,14057,14869,27,22,2340,0
2025-03-30,F9,11433,11193,100,113,704,0
2025-07-25,F9,13930,12892,70,75,2319,0
2024-05-31,AA,12266,10397,101,94,2118,0
2024-07-04,B6,12892,13303,63,66,869,0
2025-08-13,AA,13303,12266,34,47,461,0
2025-04-17,B6,11433,14771,89,95,1782,0
2025-09-29,DL,14057,12266,40,53,1926,0
2024-12-12,AS,12266,14771,48,68,2130,0
2024-06-01,UA,11298,13204,30,49,879,0
2025-11-29,NK,13303,14869,106,101,1875,0
2025-11-06,UA,13930,13204,5,9,1676,0
2024-05-21,NK,13204,10397,65,67,2325,0
2025-09-14,AS,14771,12266,37,51,381,0
2025-01-06,B6,11193,12266,44,36,2972,0
2024-10-15,B6,12478,13303,36,47,1024,0
2025-11-30,AS,12266,13204,115,127,2492,0
2025-04-28,NK,12892,12478,96,92,951,0
2024-06-02,AS,15016,11193,4,12,1283,0
2024-03-02,F9,11193,14771,53,44,423,0
2024-07-21,NK,13930,12892,58,53,2226,0
2025-07-23,F9,12892,14869,45,37,1004,0
2024-02-20,F9,11298,12892,-3,-13,1207,0
2025-07-14,B6,12892,11298,71,80,1594,0
2025-01-28,AA,12892,13303,108,104,721,0
2024-09-18,F9,14771,14057,76,77,2805,0
2025-08-20,DL,13204,14107,73,93,462,0
2025-07-01,WN,13204,10397,9,7,2011,0
2025-01-01,DL,11193,11433,-3,11,849,0
2024-03-18,WN,13204,14771,68,78,773,0
2025-11-20,UA,13930,14771,66,71,817,0
2024-05-21,UA,14057,11433,93,83,1492,0
2025-02-16,AA,12892,15016,23,24,1867,0
2024-10-08,B6,13204,12266,72,79,1145,0
2025-04-14,AA,11298,11433,69,71,721,0
2025-10-19,WN,12892,13303,-3,17,1819,0
2024-07-30,DL,14869,11193,76,89,1110,0
2024-11-15,WN,15016,13930,103,95,1524,0
2024-10-01,NK,13204,11193,12,2,1210,0
2025-07-22,NK,14057,11433,105,111,280,0
2024-06-17,F9,14107,14057,113,104,2561,0
2024-02-29,NK,14771,11193,72,73,522,0
2025-09-04,AA,14869,12892,45,49,306,0
2024-01-26,DL,12478,11193,-4,-6,2149,0
2025-11-03,NK,11298,13204,60,53,1221,0
2024-03-13,NK,13303,13204,56,50,1431,0
2025-07-03,NK,14869,14107,92,99,1225,0
2024-02-03,UA,12266,11193,4,12,2186,0
2024-08-21,NK,14107,12478,60,56,447,0
2024-04-15,UA,10397,13204,23,36,996,0
2024-04-10,WN,12266,13204,119,112,1935,0
2024-03-10,AA,11193,14057,89,106,233,0
2025-08-14,NK,14107,10397,70,63,1432,0
2025-10-08,AA,14057,12266,-7,-15,2140,0
2024-05-02,DL,13303,14771,93,89,2786,0
2024-12-08,UA,14057,11433,-13,4,1149,0
2024-05-14,AA,11433,14107,-1,-1,1644,0
2024-01-06,F9,11193,13303,54,60,1289,0
2024-11-08,WN,14057,14869,33,47,2807,0
2025-01-08,F9,13303,14771,79,97,2373,0
2025-10-13,AA,11298,14771,28,39,616,0
2025-01-26,NK,11298,11433,115,107,2982,0
2024-06-02,B6,11298,14869,-12,-18,2735,0
2025-06-11,DL,14869,11298,69,66,1131,0
2024-01-18,AA,11298,14057,91,104,2036,0
2024-10-18,AS,13303,12266,24,27,796,0
2024-03-27,DL,11193,14869,101,114,738,0
2024-11-02,B6,12266,14869,36,48,836,0
2024-08-04,F9,12266,11433,73,92,2575,0
2025-11-16,B6,14057,15016,109,118,885,0
2025-04-20,DL,14057,13930,114,129,1019,0
2024-12-31,WN,11193,12478,103,101,591,0
2024-03-16,F9,14869,12266,-9,-3,1337,0
2024-10-13,WN,14869,14771,111,112,2986,0
2025-01-10,DL,15016,11433,59,50,1770,0
2025-03-06,B6,14107,15016,89,100,1021,0
2024-07-03,AA,12478,14771,-10,-9,1316,0
2025-03-29,DL,11433,14771,102,116,1983,0
2025-05-11,NK,12478,14771,103,111,865,0
2024-09-05,AS,11433,14107,115,107,1572,0
2024-11-27,B6,14057,12892,83,96,1041,0
2024-04-15,UA,12478,11433,69,85,2759,0
2025-05-14,NK,13204,11433,59,75,2950,0
2025-08-03,AS,12266,13303,118,132,473,0
2025-11-18,AS,13930,14771,62,77,1067,0
2025-04-21,NK,13303,14771,91,92,1852,0
2025-10-16,UA,10397,15016,5,1,1162,0
2024-01-07,DL,12266,14107,73,84,2330,0
2025-08-28,AA,13930,14107,31,32,732,0
2024-10-28,AS,13204,11193,99,101,1333,0
2025-10-19,F9,12478,15016,34,46,731,0
2024-12-12,UA,12478,13303,75,95,1328,0
2024-11-24,AA,10397,12266,-14,-1,2517,0
2024-03-25,AS,11433,14869,41,37,1929,0
2024-10-25,B6,11433,15016,40,40,762,0
2024-06-26,WN,14771,13204,67,78,538,0
2025-03-23,AA,11298,13303,118,115,821,0
2025-01-10,B6,13204,11433,48,39,427,0
2024-01-23,WN,13204,11298,102,105,2109,0
2025-07-29,F9,13204,10397,90,91,2716,0
2024-12-17,UA,12266,14869,113,106,2997,0
2024-10-10,AS,13930,13204,116,115,538,0
2024-06-18,DL,12478,12266,116,131,584,0
2025-08-10,UA,12266,13930,67,70,696,0
2024-04-18,DL,12266,14107,84,77,2726,0
2024-04-22,DL,14107,13930,88,99,1449,0
2025-02-23,AS,10397,11298,27,37,1297,0
2024-08-04,F9,14107,11193,112,121,354,0
2024-05-23,WN,11298,10397,24,39,2699,0
2024-11-15,UA,14107,15016,79,80,2515,0
2024-03-01,AS,15016,14869,104,104,1617,0
2025-08-23,AS,15016,14107,56,76,2515,0
2025-09-12,UA,13204,14869,107,110,1249,0
2024-08-13,F9,12266,14057,97,101,2806,0
2024-10-24,B6,12478,11298,11,28,1801,0
2024-08-10,NK,15016,12266,120,111,2657,0
2024-10-31,UA,13303,13204,73,67,1808,0
2024-10-02,WN,13930,13204,102,108,398,0
2025-07-27,DL,11193,14771,33,48,1031,0
2024-09-13,NK,12478,12892,51,64,2208,0
2025-10-12,AA,11433,13204,47,52,1090,0
2025-05-21,DL,12892,12478,115,127,927,0
2024-11-23,WN,14869,11433,88,92,2357,0
2024-07-06,AS,10397,11193,77,82,2438,0
2025-09-07,WN,14057,11298,-1,9,2899,0
2024-07-13,AA,11298,11193,107,127,2420,0
2025-08-11,WN,14107,14771,87,79,1574,0
2025-04-12,AA,12478,11298,40,55,1479,0
2024-01-25,NK,12892,11193,76,81,2842,0
2025-03-13,F9,11193,11298,70,71,1084,0
2024-09-15,F9,14107,15016,18,22,1200,0
2024-01-24,DL,14107,15016,11,25,1357,0
2025-11-11,F9,13930,11298,10,4,2530,0
2024-03-14,WN,12478,15016,59,55,1031,0
2024-12-04,NK,12266,13204,0,-2,2854,0
2025-11-30,AS,13930,12266,-2,13,2522,0
2024-12-20,WN,13930,10397,93,97,737,0
2025-07-19,F9,14771,14057,97,97,2158,0
2025-07-25,WN,12266,12478,118,109,2770,0
2025-10-28,F9,13930,14107,84,101,1984,0
2024-11-13,NK,12266,14057,68,88,2388,0
2024-08-07,UA,13303,14107,76,70,2562,0
2024-11-28,UA,11298,14107,-6,12,1793,0
2025-09-24,UA,12266,14869,73,83,2208,0
2025-04-17,AS,13930,14771,53,62,769,0
2025-07-11,NK,11433,11193,96,104,2901,1
2024-07-11,AA,14869,11298,43,47,1657,0
2025-07-27,WN,11433,13204,79,95,1403,0
2025-04-17,AA,14869,14107,-4,-4,1223,0
2024-04-11,AA,11193,12266,27,24,2822,0
2025-06-04,AA,11193,12266,47,66,2166,0
2024-02-04,AA,11433,12478,-12,-22,1234,0
2024-11-05,DL,12478,10397,-8,12,337,0
2025-08-02,F9,14869,14057,109,123,1985,0
2025-02-23,WN,14771,13930,48,65,830,0
2024-04-23,F9,11433,14057,110,130,386,0
2025-11-06,WN,11298,11193,77,80,669,1
2025-09-07,WN,13303,14869,104,111,2070,0
2024-11-13,AA,13930,12478,15,24,2764,0
2025-02-25,NK,11433,14869,36,26,2432,0
2024-06-07,B6,15016,11433,84,95,2865,0
2024-07-19,B6,14869,15016,58,69,1777,0
2025-05-17,AS,13930,10397,95,93,1953,0
2025-03-07,B6,10397,14771,70,68,1091,0
2024-03-07,UA,14057,11193,62,60,2761,0
2025-08-25,AS,15016,13204,15,22,1103,0
2024-03-10,AS,14869,13303,61,79,1660,0
2024-09-13,F9,14057,15016,116,133,1991,0
2025-07-17,WN,14771,14869,95,101,1214,0
2024-10-22,F9,13303,12478,33,46,2761,0
2025-02-09,AA,14771,12266,77,86,265,0
2025-05-21,AA,11193,14869,104,95,1315,0
2024-08-13,AA,12266,14771,52,58,2834,0
2025-10-11,F9,11433,11193,98,89,238,0
2024-01-29,B6,14107,12266,81,71,671,0
2025-06-27,DL,11193,13204,99,97,1390,0
2025-07-29,AA,14869,12892,1,14,2881,0
2025-10-07,UA,15016,14771,83,89,1615,0
2024-07-05,B6,11433,15016,65,71,2941,0
2024-06-04,NK,10397,12478,53,68,2963,0
2024-07-27,AA,14107,10397,-9,0,1877,0
2024-06-06,AS,13930,12478,81,85,1564,0
2024-03-29,AA,14869,11193,47,37,2981,0
2024-06-08,NK,10397,14057,30,20,1972,0
2024-02-28,UA,13204,14107,108,113,442,0
2024-05-13,UA,15016,14107,70,87,332,0
2025-03-31,AS,11298,10397,52,64,2350,0
2024-04-13,NK,14057,12266,80,100,478,0
2024-09-19,UA,13204,13930,82,93,2981,0
2025-06-16,AS,12892,13303,109,101,2029,0
2025-10-12,WN,12478,12892,53,50,1440,0
2024-12-01,F9,13204,14771,13,13,2879,0
2024-03-17,B6,11298,13303,35,33,2680,0
2025-09-19,UA,13303,12266,102,107,238,0
2024-12-12,AS,14107,11298,42,62,2070,0
2025-04-24,WN,12478,11298,8,1,1440,0
2024-02-22,WN,14869,13204,31,22,2034,0
2024-09-27,F9,11433,14057,49,63,1293,0
2025-03-06,B6,11433,13930,58,71,716,0
2024-12-08,UA,11193,14771,16,12,647,0
2024-11-13,AS,14107,11433,107,121,1003,0
2025-08-17,AA,12478,11193,-4,10,1607,0
2024-04-02,WN,14057,15016,107,101,1329,0
2024-11-30,DL,13303,10397,94,102,2566,0
2024-04-30,F9,12892,10397,65,79,1380,0
2024-05-22,UA,13930,11298,32,33,690,0
2024-05-20,WN,14771,13204,23,41,1603,0
2025-10-27,AS,11193,14107,111,107,1621,0
2024-02-08,NK,13303,10397,45,41,2469,0
2024-11-22,DL,14107,14771,-10,3,2873,0
2025-08-14,NK,13204,11193,118,114,347,0
2024-05-01,AS,14107,11193,115,121,1205,0
2025-02-24,F9,12478,13303,79,81,694,0
2024-07-08,AS,15016,13204,15,26,1302,0
2024-04-01,F9,14057,13303,67,73,2903,0
2024-11-03,AA,11433,14869,53,69,351,0
2024-12-05,F9,15016,12892,-14,-2,1757,0
2025-01-21,F9,15016,14869,1,-7,338,0
2025-03-28,AA,12892,12478,108,120,207,0
2024-07-21,B6,12478,10397,10,20,2459,0
2025-10-27,AA,12478,15016,82,78,2471,0
2025-06-18,NK,10397,13930,10,0,1784,0
2024-05-25,F9,14869,14107,6,-4,308,0
2024-07-06,UA,14771,10397,-7,10,1449,0
2024-04-08,WN,14057,11433,27,31,976,0
2025-07-17,F9,12478,10397,46,46,1019,0
2025-10-04,NK,11298,11193,88,108,316,0
2024-01-27,DL,14771,14869,93,92,836,0
2024-04-07,WN,14771,14869,84,99,1551,0
2025-09-20,AA,10397,11193,0,-5,1993,0
2024-04-08,NK,12892,11433,21,27,812,0
2024-10-16,UA,11433,13204,41,47,1483,0
2025-04-16,AA,14107,14869,74,78,1602,0
2024-10-07,UA,14057,12478,-3,6,2272,0
2024-07-07,F9,14107,12478,44,48,1872,0
2025-04-04,UA,13204,14771,66,71,2128,0
2025-05-03,UA,11433,11298,73,91,1933,0
2025-05-30,AS,13303,11298,69,80,1578,0
2024-11-29,AA,15016,11298,23,17,986,0
2025-01-23,DL,14771,13303,4,0,391,0
2024-05-14,F9,11433,12266,27,31,398,0
2024-08-31,B6,12892,14107,103,122,939,0
2024-05-01,AS,11433,11298,14,4,1163,0
2024-05-14,NK,13303,14057,69,87,1135,0
2025-08-25,UA,15016,12266,83,78,671,0
2025-06-06,NK,11193,13930,34,37,2024,0
2025-11-26,F9,11433,13303,75,69,2073,0
2024-03-28,B6,10397,14057,80,83,703,0
2025-02-23,UA,12266,14771,108,119,1973,0
2025-05-01,WN,13204,14869,108,107,455,0
2024-07-16,F9,11298,15016,15,16,959,0
2025-11-28,AA,11193,13303,72,90,2762,0
2025-09-29,DL,14771,12478,117,116,2996,1
2025-10-20,F9,12892,11433,51,45,1224,0
2024-12-09,AA,14869,14107,52,61,1905,0
2025-02-26,DL,13303,15016,-8,-14,2858,0
2024-01-16,F9,11298,13303,42,35,737,0
2024-06-30,B6,14869,13303,61,72,2649,0
2025-05-03,B6,13930,14869,60,75,2514,0
2024-03-06,NK,14771,14057,2,7,2884,0
2024-10-20,AA,11193,12478,73,91,1887,0
2025-11-17,F9,11193,10397,53,51,1934,0
2025-09-08,WN,14869,12892,116,136,879,0
2025-11-05,B6,11193,15016,-11,7,1333,0
2024-03-23,AS,14869,12266,11,2,714,0
2025-06-07,AS,11298,11433,30,20,2603,0
2024-06-18,NK,13303,12892,31,46,2317,0
2025-07-29,WN,14771,11193,74,93,2645,0
2025-04-26,NK,13204,11298,36,48,934,0
2024-06-12,WN,10397,12266,107,111,825,0
2024-06-29,UA,14057,12478,-3,-10,413,0
2024-03-29,AA,10397,14107,92,110,571,0
2024-01-15,WN,14057,14869,107,120,2822,0
2024-12-13,WN,14869,14107,15,24,1057,0
2025-01-10,AA,11433,12892,20,22,440,0
2024-08-04,AA,13303,14869,30,47,1801,0
2024-10-25,F9,10397,13204,3,19,975,0
2024-06-11,F9,14057,14107,90,90,456,0
2024-12-13,B6,10397,13204,54,50,776,0
2025-07-11,F9,11298,12266,8,4,742,0
2024-10-03,AS,12266,12478,87,79,2553,0
2024-12-03,AA,13303,14869,26,35,335,0
2024-11-25,F9,11298,11433,27,24,1584,0
2024-09-15,DL,11298,14771,45,42,2916,0
2024-12-02,WN,11193,11433,2,5,1290,0
2024-10-04,UA,12478,14057,104,124,593,0
2024-02-10,NK,12478,13204,12,32,620,0
2024-07-15,NK,12266,11193,13,26,1392,0
2025-03-23,AA,13204,14057,63,66,2786,0
2024-02-21,B6,14057,13930,-5,-3,1557,0
2024-02-01,DL,14057,13930,31,27,699,0
2024-07-17,B6,14771,12266,86,97,439,0
2024-11-29,NK,14771,15016,55,53,1318,0
2025-02-23,AS,12892,11193,54,67,1275,0
2025-01-24,B6,12478,11298,52,61,677,0
2024-08-01,AA,14057,14107,55,48,323,0
2024-08-01,AS,14107,11298,25,35,653,0
2024-06-29,UA,11193,14107,115,106,2476,0
2024-07-31,B6,14771,12478,21,26,538,0
2025-01-16,F9,12892,13930,50,42,1820,0
2024-11-03,DL,14869,10397,8,26,903,0
2024-06-21,B6,13204,14107,65,60,338,0
2024-07-24,AA,11193,15016,4,18,429,0
2024-08-11,AS,15016,12478,18,8,344,0
2024-07-07,NK,10397,14107,7,0,2091,0
2025-11-21,B6,12478,12266,26,18,1216,0
2025-09-20,NK,14057,11298,91,86,2114,0
2024-05-12,NK,13204,11433,26,37,567,0
2024-06-18,NK,13930,11193,18,17,2255,0
2025-09-11,DL,10397,13204,10,5,2960,0
2025-03-07,AA,14107,10397,2,1,2380,0
2024-05-26,B6,12266,14057,65,75,2295,0
2024-08-08,UA,14107,12478,15,13,2556,0
2025-05-05,AS,14057,14771,6,-4,2967,0
2025-06-17,UA,14869,12266,68,79,2460,0
2024-03-15,DL,15016,11298,40,32,436,0
2024-11-14,F9,14107,15016,22,36,2696,0
2025-06-24,F9,14057,10397,44,63,2492,0
2024-10-15,AA,11193,12478,4,13,2155,0
2024-09-09,DL,12266,14869,104,108,1995,0
2024-07-14,F9,12266,12478,69,73,1181,0
2024-09-14,NK,12266,13303,45,35,872,0
2025-11-21,AA,11433,14869,67,77,2913,0
2024-08-28,F9,14057,12892,-9,3,2219,0
2025-04-16,AS,14869,11298,104,97,585,0
2024-12-11,WN,15016,13303,56,70,1813,0
2024-07-09,WN,13303,11193,28,43,2574,0
2024-10-18,B6,13204,11298,115,120,1230,0
2024-10-01,B6,12266,12478,26,33,2565,0
2025-08-02,AS,14057,12478,110,119,1801,0
2024-12-18,F9,13930,12266,47,40,1551,0
2024-11-25,DL,13204,11193,26,16,2837,0
2024-03-12,AA,14869,14107,-2,-3,890,0
2025-07-16,AS,13930,12478,115,115,2229,0
2024-02-07,DL,14057,14107,43,57,2550,0
2025-10-10,F9,14057,11433,15,29,665,0
2025-09-05,UA,14869,15016,85,103,2670,0
2024-11-30,UA,10397,12266,16,8,2387,0
2024-03-06,WN,11433,15016,36,56,1705,0
2024-09-19,AS,13303,15016,39,39,2566,0
2025-08-26,AA,12478,13204,7,18,1518,0
2025-11-11,AS,12266,13930,-6,-11,2019,0
2024-07-20,B6,11298,12892,-3,-13,2997,0
2024-09-13,WN,11433,12478,110,122,1771,0
2024-01-09,AA,11193,12266,93,95,2815,0
2025-07-12,AS,11193,12892,-8,6,2739,0
2024-11-25,WN,10397,11193,117,135,1777,0
2024-10-10,AS,14771,11298,-9,9,1389,0
2024-10-17,F9,12478,14869,57,51,1132,0
2025-06-02,WN,14107,11298,20,26,2430,0
2025-08-25,DL,14869,14107,-10,-6,365,0
2025-05-13,AA,11433,11298,64,72,545,0
2025-06-14,B6,10397,14869,21,29,801,0
2024-08-20,AS,12478,10397,13,25,1403,0
2024-04-09,AS,11298,13204,105,110,1579,0
2025-02-13,F9,14869,11298,3,14,804,0
2025-01-22,AS,14771,14869,9,11,771,0
2024-04-27,UA,14057,10397,88,80,1190,0
2025-02-08,NK,14107,13204,92,100,2569,0
2024-09-24,AS,11433,15016,3,19,2053,0
2024-05-02,F9,14107,14771,91,84,2411,0
2025-01-08,B6,14771,12478,8,6,2897,0
2025-05-02,DL,11298,11433,1,6,2711,0
2024-06-06,WN,15016,12892,32,30,1239,0
2024-05-12,UA,14107,15016,16,11,1320,0
2024-05-09,AS,12892,11433,25,39,698,0
2025-06-18,AA,14771,10397,7,15,2307,0
2025-04-21,AA,11298,12892,53,63,946,0
2024-11-15,AS,12478,13930,0,1,1223,0
2024-05-06,DL,12892,13204,37,38,2321,0
2025-03-01,WN,11433,14057,90,109,2990,0
2025-03-02,B6,15016,14869,72,65,1604,0
2024-12-25,AA,13303,13930,93,91,1057,0
2025-10-28,WN,14771,13204,17,20,508,0
2024-01-06,WN,15016,14869,2,20,2929,0
2025-09-30,NK,13930,10397,9,23,2085,0
2024-07-10,AA,12892,14771,50,66,1287,0
2024-02-22,DL,13930,11193,-11,-14,2685,0
2025-01-01,AA,14771,14869,30,50,2305,0
2024-03-02,DL,13303,11433,73,90,1635,0
2025-04-07,AS,12478,12266,-1,3,2758,0
2025-01-23,NK,13930,12478,60,76,1984,0
2024-10-28,F9,14057,11298,48,59,2745,0
2024-10-14,DL,13303,11433,75,66,299,0
2025-09-01,AS,13204,14771,32,27,2916,0
2024-09-02,F9,12478,13204,-4,0,302,0
2025-01-12,B6,14771,11298,85,99,1042,0
2024-06-30,AS,11433,11193,84,87,1950,0
2025-10-08,AS,11433,10397,0,8,2728,0
2024-10-28,WN,12478,14869,35,47,2123,0
2024-09-22,B6,14107,13930,17,12,912,0
2024-06-27,B6,11433,12892,4,10,884,0
2024-12-08,F9,12478,14057,99,115,1391,0
2024-11-01,AS,12892,12266,-13,-18,2900,0
2024-03-27,DL,11298,14107,101,92,346,0
2024-02-25,B6,11433,10397,1,-1,514,0
2024-09-10,F9,14107,12478,98,104,2724,0
2024-01-14,B6,14869,12478,58,49,540,0
2024-06-16,WN,12892,11193,73,93,1562,0
2024-07-14,WN,13303,12266,-7,-4,2217,0
2024-12-16,WN,14869,14057,-3,14,1423,0
2024-05-15,AA,11298,10397,96,95,916,0
2025-09-14,AA,10397,14771,113,125,1096,0
2025-09-25,AS,14771,13303,64,74,877,1
2025-08-22,AA,11298,13930,77,78,257,0
2024-05-10,WN,12892,13204,-12,-13,2560,0
2025-06-09,AA,13930,14869,-12,-21,667,0
2025-08-16,B6,12892,14869,-10,-12,1602,0
2025-02-17,F9,13303,14869,103,109,1790,0
2024-07-15,AA,12266,14771,113,111,2678,0
2025-04-15,F9,12892,11298,6,13,304,0
2024-03-04,NK,14057,12478,26,44,309,0
2024-08-06,F9,15016,13204,83,96,2105,0
2024-12-10,DL,13930,14771,46,64,1643,0
2025-08-22,DL,13303,10397,3,8,1795,0
2024-05-17,F9,12892,15016,106,101,2906,0
2025-07-21,AA,14107,11298,109,120,1515,0
2025-06-06,NK,12478,14057,101,109,625,0
2025-01-18,UA,13930,14057,4,6,799,0
2024-11-14,B6,14057,10397,108,123,1918,0
2024-06-14,AA,12892,10397,75,79,2999,0
2025-03-10,WN,13204,14107,90,82,930,0
2025-07-04,WN,11298,14057,87,107,2199,0
2025-02-18,B6,14107,11298,98,102,844,0
2025-05-30,AA,14869,13930,110,129,2499,0
2025-06-19,UA,14869,14771,25,41,1761,0
2024-05-18,WN,12478,12266,46,58,2130,0
2024-08-08,B6,12892,14869,16,15,2829,0
2024-10-30,B6,11433,14771,119,109,2052,0
2024-10-19,DL,11193,14107,56,51,397,0
2024-07-29,F9,11193,11433,-1,15,801,0
2025-03-31,DL,14107,12892,6,21,967,0
2024-08-14,UA,14869,11298,-5,-13,2250,0
2025-10-02,DL,12266,14771,20,17,2230,0
2025-08-27,UA,14771,11298,56,62,2226,0
2024-09-29,B6,10397,14057,81,87,880,0
2024-02-27,UA,12266,12478,34,26,2741,0
2025-02-05,AA,14771,14869,76,88,2127,0
2024-02-07,AS,14107,14869,96,116,1494,0
2024-09-05,AA,14107,14057,79,98,1194,0
2025-11-03,UA,14771,13204,41,38,1601,0
2025-07-25,DL,14771,13930,32,26,558,0
2025-07-16,NK,14057,14869,30,32,259,0
2024-12-09,F9,13204,11298,115,116,2722,0
2024-12-27,WN,12478,14107,108,125,713,0
2024-01-23,AS,10397,14107,99,95,2709,0
2024-11-02,UA,11298,12478,43,37,2319,0
2025-08-02,DL,13303,14057,97,110,1284,0
2025-01-28,AA,12478,15016,54,52,417,0
2025-04-29,DL,12478,12892,56,71,2720,0
2025-08-04,DL,13930,10397,-12,-8,1567,0
2024-12-21,B6,11433,13930,92,110,2712,0
2024-10-19,F9,14771,12478,91,108,2593,0
2025-07-17,B6,10397,12266,64,54,2946,0
2024-04-29,AS,12266,14057,3,-4,1521,0
2024-12-25,B6,12266,10397,103,107,816,0
2025-04-13,NK,11193,13303,-13,-17,2571,0
2024-11-16,WN,10397,13303,-3,-10,2106,1
2024-11-25,B6,10397,14869,41,42,525,0
2024-09-18,AS,14107,12478,68,79,2123,0
2025-08-21,F9,13303,12892,58,76,981,0
2025-06-03,AA,14869,13303,83,98,1441,0
2024-07-27,AS,12266,15016,87,88,1791,0
2024-04-06,UA,13204,13930,37,42,2659,0
2025-08-25,AS,12892,12478,100,115,1134,0
2024-10-02,AA,10397,14107,78,70,2013,0
2024-01-31,F9,12892,13930,8,21,2208,0
2025-01-30,AS,12266,14107,79,73,957,0
2025-10-17,WN,12478,11193,84,75,1034,0
2025-05-11,AS,12266,13204,97,104,687,0
2025-03-05,AA,11193,12266,119,120,1389,0
2024-04-02,F9,14869,14107,45,57,2986,0
2024-08-28,B6,12478,14057,95,107,1685,0
2024-01-26,F9,12892,13204,10,16,1216,0
2024-08-12,NK,13204,14771,104,115,2788,0
2025-02-13,AA,12892,14771,-12,2,2937,0
2024-10-07,DL,12266,14057,92,90,2446,0
2025-10-29,F9,15016,14869,-5,-15,1710,0
2025-07-19,AS,13930,13303,18,8,2333,0
2024-06-03,WN,12266,11433,18,17,2155,0
2024-08-09,AS,14869,13303,45,65,1783,0
2024-05-07,AS,15016,13930,82,79,233,0
2025-06-22,AA,14107,12478,-13,-7,1502,0
2025-09-06,AA,14107,13930,111,118,2981,0
2025-05-10,AS,12266,12892,30,30,1610,0
2024-11-01,F9,11193,12266,81,77,2971,0
2025-06-03,AA,14771,10397,-5,-11,2139,0
2024-08-28,F9,13930,14107,65,57,242,1
2025-11-13,B6,14057,13303,7,26,1221,0
2025-10-12,F9,10397,14057,-15,-7,284,0
2024-01-11,AS,13204,12478,-15,-4,1457,0
2024-01-14,DL,11298,15016,16,33,1864,0
2025-08-22,UA,11193,10397,70,64,1968,0
2024-03-10,F9,12478,10397,-6,-5,763,0
2024-04-11,UA,12892,14107,118,108,1519,0
2024-02-04,WN,15016,13204,79,92,818,0
2024-02-22,AS,11433,13930,30,43,2634,0
2024-08-10,AA,13930,15016,34,45,456,0
2024-03-26,DL,12266,11193,-15,-11,2048,0
2025-06-30,B6,11298,15016,23,33,322,0
2024-06-20,UA,14107,12478,44,47,502,0
2025-10-26,WN,13930,15016,-12,-20,513,0
2025-04-18,B6,14107,13303,16,14,2812,1
2025-09-11,B6,12478,11193,4,24,223,0
2025-06-29,AS,12892,12266,51,67,2662,0
2025-02-22,F9,13930,11433,56,50,2020,0
2024-10-01,B6,10397,14771,70,71,1130,0
2024-02-07,WN,14771,11193,-15,3,716,0
2024-05-07,DL,11193,12478,10,25,971,0
2025-08-07,UA,13303,12892,0,8,944,0
2025-03-23,DL,14107,12478,111,116,1430,0
2024-01-28,NK,12478,12266,30,31,1842,0
2024-12-24,NK,15016,11193,12,21,2285,0
2024-05-16,AA,12266,10397,44,59,2008,0
2024-03-28,AS,13930,14057,118,133,1590,0
2024-02-25,AS,15016,13303,101,102,418,0
2024-07-21,WN,13303,13930,8,17,1108,0
2024-03-20,AA,12266,11433,31,51,2831,0
2025-05-30,DL,15016,11433,105,120,309,0
2024-11-14,WN,14107,11193,103,105,475,0
2025-06-30,F9,10397,14057,71,79,605,0
2024-04-25,F9,10397,13204,120,139,585,0
2024-02-29,B6,13930,12266,87,79,292,0
2024-07-23,B6,11193,12266,15,8,2759,0
2025-09-22,UA,12478,11298,75,95,2192,0
2025-02-28,AA,12266,11298,30,46,1589,0
2025-04-18,NK,10397,12892,-14,-22,1703,0
2024-11-22,AS,14771,14107,-4,-13,1539,0
2024-08-04,AS,14107,10397,66,64,701,0
2024-03-29,B6,13303,13204,-5,0,1121,0
2024-05-25,DL,14869,12266,72,76,2061,0
2024-04-20,WN,14869,13930,92,109,2373,0
2025-08-02,UA,14771,14107,34,53,1953,0
2025-03-11,AA,12892,14057,1,8,2186,0
2024-11-30,WN,14869,13204,81,74,2969,0
2025-11-08,WN,13204,11193,72,78,1686,0
2024-03-28,AA,11193,14869,119,112,1699,0
2025-05-21,NK,13204,13930,81,96,2916,0
2025-04-02,F9,11298,14107,35,52,1191,0
2025-05-01,WN,12892,13930,106,104,557,0
2025-06-02,WN,10397,12478,19,33,619,0
2024-05-31,AS,13204,11193,68,80,1942,0
2024-06-15,AA,13204,11433,14,34,290,0
2025-02-23,WN,13204,14107,-5,-7,2524,0
2025-11-14,UA,11433,11298,97,93,1693,0
2024-04-12,UA,13303,11433,77,86,929,0
2024-04-14,AA,11433,10397,0,2,2155,0
2024-03-10,AA,11298,13303,81,74,587,0
2024-04-29,AS,11433,13930,32,47,409,0
2024-02-16,NK,12478,14771,40,35,857,0
2024-06-25,F9,10397,11433,2,4,500,1
2025-02-15,AS,11433,11298,116,134,1169,0
2025-11-30,UA,12266,14869,96,110,504,0
2024-09-07,UA,14107,12266,89,80,1731,0
2024-05-22,F9,11433,15016,99,117,232,0
2024-07-01,AA,13303,12478,101,93,1272,0
2024-08-16,UA,12266,13930,92,101,727,0
2024-03-12,AA,14057,15016,80,77,1735,0
2024-02-14,AS,12478,14107,50,46,2995,0
2025-01-05,DL,13930,12266,23,22,2580,1
2024-09-12,DL,14869,11298,113,109,2076,0
2025-01-07,AS,13930,14869,117,137,1284,0
2025-08-07,AS,15016,11433,120,130,2717,0
2024-03-29,WN,11193,11433,54,51,1470,0
2024-05-14,DL,11298,13930,106,123,785,0
2024-12-13,AA,12478,11433,10,21,1945,0
2024-10-30,UA,10397,14107,80,82,1701,0
2024-03-08,AA,12892,13204,38,53,1400,0
2024-08-19,B6,10397,15016,54,56,2740,0
2025-02-17,AS,14869,11433,55,49,386,0
2024-09-11,NK,11298,11433,21,25,2455,0
2024-04-12,NK,11298,12892,26,28,682,0
2024-01-17,NK,11433,11193,36,41,1825,0
2025-10-09,F9,12892,13204,87,98,2937,0
2024-01-08,B6,14869,15016,12,10,2036,0
2025-02-23,F9,15016,12478,89,94,1698,0
2025-02-09,B6,12266,13930,42,62,340,0
2025-01-06,B6,13204,11433,41,45,2056,0
2024-07-27,WN,14869,12478,63,59,324,0
2024-09-08,B6,11298,13930,5,0,1097,0
2025-06-27,F9,11298,10397,115,105,1355,0
2025-02-01,B6,12478,12266,71,68,2907,0
2024-04-14,NK,11193,13204,65,56,577,0
2025-08-10,WN,12266,14057,49,59,1708,0
2024-07-14,B6,12266,13204,17,27,1326,0
2025-09-18,DL,12892,11298,8,2,2296,0
2024-12-18,WN,11433,10397,59,51,533,0
2024-11-11,NK,15016,14869,66,65,686,0
2024-10-04,UA,13204,13303,43,60,824,0
2025-09-24,WN,14869,12266,85,105,2895,0
2024-10-28,B6,14771,13204,55,60,1408,0
2025-05-06,AS,14771,13204,104,120,630,0
2025-02-25,B6,12892,14869,79,87,2187,0
2025-08-04,B6,14869,12266,-1,10,1869,0
2025-03-27,DL,11298,15016,62,58,412,0
2024-05-15,AA,13303,12478,63,82,364,0
2024-08-24,DL,13930,11298,26,23,325,0
2024-12-28,UA,14771,11298,76,73,2953,0
2025-04-18,WN,15016,13930,118,114,2729,0
2024-03-09,AS,14107,12478,64,71,1366,0
2024-09-16,DL,14057,11433,85,92,723,0
2025-11-20,DL,15016,14057,79,84,1511,0
2024-05-20,NK,13204,12478,21,15,817,0
2024-07-31,AS,14869,15016,37,54,449,0
2025-08-16,AA,14771,13930,68,84,1472,0
2024-02-03,DL,14869,15016,15,35,2140,0
2024-06-20,NK,14771,15016,6,7,503,0
2024-08-01,B6,13930,11193,9,23,2568,0
2024-09-09,NK,11433,13303,1,21,2111,0
2024-08-10,UA,13930,11433,73,70,2843,0
2025-06-11,WN,11193,10397,34,41,347,0
2025-09-26,UA,10397,11298,96,112,2777,0
2024-12-26,DL,13930,13204,43,48,1102,0
2025-07-11,AA,14869,12478,93,105,1186,0
2024-02-19,F9,13930,11193,38,44,2943,0
2024-03-25,WN,14057,11433,4,7,1724,0
2025-06-03,UA,13204,10397,-2,-11,520,0
2024-04-24,WN,15016,14107,47,56,1790,0
2024-08-12,DL,12478,14771,52,65,789,0
2024-06-30,UA,13930,14107,95,114,895,0
2025-10-22,DL,12892,11298,67,76,2165,0
2024-06-24,B6,11298,14107,45,58,2722,0
2025-07-04,WN,12266,14107,64,55,2629,0
2025-03-19,AA,14107,10397,27,22,2901,0
2024-09-13,NK,11433,12266,-5,2,948,0
2024-04-24,B6,12478,15016,0,-3,2245,0
2024-07-15,NK,12478,13930,55,62,287,0
2025-05-29,AA,12266,14771,84,103,1370,0
2024-10-03,NK,13303,14869,21,15,318,0
2024-01-22,B6,15016,14107,-11,-13,357,0
2024-07-16,AA,12478,12892,51,42,1390,0
2024-08-28,AS,14869,13930,73,67,461,1
2025-02-19,WN,14057,12266,-3,2,2268,0
2025-07-09,WN,14107,12892,94,114,236,0
2024-03-09,DL,13303,14869,77,89,1940,0
2024-02-07,AS,14869,15016,108,105,2313,0
2025-11-06,AA,12892,15016,65,85,436,1
2024-06-15,WN,11433,13930,45,58,228,0
2024-09-09,AA,13930,14869,-10,0,1196,0
2024-06-14,AA,11193,12892,96,102,1305,0
2025-01-25,B6,14057,10397,55,46,2484,0
2024-06-26,B6,14057,12266,49,46,1975,0
2024-08-16,NK,14869,15016,108,106,1045,0
2025-10-27,AA,11298,15016,30,47,1592,0
2024-01-24,UA,11433,14771,120,120,2481,0
2025-06-08,AS,11193,14869,45,50,2118,0
2025-01-31,AA,14771,11433,108,110,2598,0
2025-06-09,AS,12478,12892,27,40,1804,0
2024-01-26,UA,11433,12478,105,95,917,0
2024-12-27,AS,10397,12892,74,74,1528,0
2024-03-01,DL,11193,10397,36,41,1786,0
2025-04-10,AA,12478,14057,53,71,2137,0
2025-11-11,B6,12892,10397,69,81,803,0
2024-08-12,WN,13204,14869,48,54,1960,0
2024-03-13,AA,14057,14869,71,86,2298,0
2024-03-02,UA,14107,12478,112,122,207,0
2025-01-10,AS,13930,14057,82,91,2280,0
2024-12-21,F9,11193,13204,74,94,1229,0
2024-09-08,UA,14057,14869,32,44,2651,0
2025-02-20,NK,14869,11298,38,49,915,0
2025-10-26,NK,14057,14107,42,32,734,0
2024-11-29,AS,12892,11193,86,103,1269,0
2024-08-02,AA,13303,12266,41,37,2871,0
2024-06-06,UA,15016,12478,26,17,2870,0
2024-08-31,F9,14771,11433,105,98,1808,0
2025-05-17,AA,12892,15016,20,37,2140,0
2025-08-10,WN,14057,12892,111,127,434,0
2025-03-28,AS,13204,12266,83,89,2711,0
2025-02-21,F9,12892,10397,80,77,2058,0
2025-07-28,AA,14771,12892,86,95,949,0
2024-08-31,WN,11298,11193,104,115,403,0
2025-10-22,DL,14057,11298,98,104,2562,0
2024-04-09,DL,12892,11433,-9,3,313,0
2025-08-26,DL,14771,11433,54,67,2989,0
2025-09-19,DL,12478,11433,26,18,2615,0
2025-02-23,AA,11298,15016,74,78,2503,0
2024-08-15,B6,12266,13303,105,107,1294,0
2025-02-23,WN,11433,12266,34,34,469,0
2025-01-24,DL,11193,14057,76,66,2869,0
2024-12-05,B6,13930,12266,27,22,901,0
2024-12-10,UA,12892,13930,11,5,813,0
2025-02-08,UA,11298,13930,66,65,2194,0
2024-06-01,AA,11298,11193,97,98,2867,0
2024-08-13,B6,11193,14107,48,51,1506,0
2024-01-22,B6,14057,11193,77,70,1486,0
2024-02-04,WN,10397,13204,93,96,2143,0
2024-11-15,WN,12266,11433,57,70,2708,0
2024-02-15,AA,11193,15016,109,129,795,0
2024-11-20,WN,14869,10397,91,86,1612,0
2024-01-24,AS,11193,12892,11,17,2040,0
2025-07-16,F9,14869,12478,32,48,2523,0
2024-11-14,B6,12478,15016,78,93,2215,0
2025-11-21,B6,10397,14771,61,71,764,0
2025-04-13,WN,14869,13930,120,112,1882,0
2024-05-09,UA,10397,11298,112,102,574,0
2024-11-10,AS,12266,11298,73,78,207,0
2025-04-26,DL,12892,13930,71,67,2618,0
2025-01-10,NK,10397,14107,23,34,2003,0
2024-11-28,DL,10397,13930,38,52,580,0
2024-09-28,F9,14107,12478,54,60,1779,0
2025-04-09,AA,11433,14107,108,108,2666,0
2024-12-19,NK,13204,12478,37,42,2431,0
2025-09-18,WN,14869,15016,107,117,2269,0
2024-06-26,WN,11193,12478,85,88,625,0
2024-09-23,UA,13303,14107,66,71,1180,0
2024-04-13,AS,14869,13303,66,79,2660,0
2024-04-25,AA,13204,12892,93,103,2824,0
2025-06-06,NK,10397,12266,81,92,2407,0
2024-11-14,UA,11433,14057,51,50,692,0
2024-04-26,B6,13303,13930,82,96,1378,0
2025-07-10,NK,13930,14057,20,16,2789,0
2025-03-23,WN,14057,14107,60,79,2714,0
2025-08-16,AA,13303,11433,31,41,739,0
2024-02-23,UA,12478,12266,120,134,2205,0
2024-04-16,AS,11433,14057,33,23,283,0
2025-02-13,F9,13930,13303,89,82,2025,0
2025-09-29,UA,13303,13930,16,16,1552,0
2024-09-25,F9,14869,13303,72,73,2829,0
2025-07-08,AA,10397,11298,-7,-13,653,0
2024-10-16,WN,12892,13930,44,38,958,0
2025-04-18,B6,13204,11433,-10,-6,1339,0
2024-06-07,B6,14057,13303,56,49,2535,0
2025-07-28,AA,14057,12266,92,96,1503,0
2024-09-15,AS,12892,11298,89,87,1660,0
2024-07-15,WN,14869,12892,72,89,2541,0
2024-11-04,AA,14107,14771,10,12,346,0
2024-12-01,F9,11298,14771,19,27,2124,0
2025-01-10,DL,14057,12892,32,39,611,0
2025-01-05,F9,13930,12478,58,48,1902,0
2024-03-14,AS,11193,13204,97,94,822,0
2025-05-27,AA,12478,12266,71,69,831,0
2025-04-26,WN,14057,11298,6,9,681,0
2025-01-28,AS,13204,15016,-8,-4,384,0
2025-03-18,DL,12266,13930,90,101,1395,0
2025-09-27,AA,10397,13204,-7,-14,2407,0
2025-10-23,DL,13930,11433,-3,-1,1752,0
2025-04-23,B6,13204,12478,27,43,688,0
2024-07-16,WN,11298,14771,-2,-3,507,0
2024-02-16,AS,12266,11193,118,116,1486,0
2024-07-21,DL,13303,11298,10,11,1233,0
2025-09-16,F9,11193,14107,-4,-14,1464,0
2024-11-30,NK,12478,13930,84,82,1930,1
2025-03-07,UA,12892,13930,-13,-11,1507,0
2024-11-29,B6,12478,14057,30,23,2971,0
2025-02-14,B6,13303,12892,84,98,1684,0
2025-11-07,NK,14107,14057,42,60,338,0
2024-01-21,F9,15016,14869,71,85,1362,0
2025-01-03,DL,11433,12478,98,104,2531,0
2025-01-22,WN,14107,12266,33,36,1809,0
2024-12-06,UA,14771,14107,-15,1,2554,0
2024-08-20,AA,11433,13930,41,61,2853,0
2024-08-21,UA,14771,11193,66,57,1124,0
2024-02-25,AA,15016,14869,100,105,362,0
2025-09-10,F9,14771,13303,-6,-2,1979,0
2024-05-10,NK,15016,13303,97,98,1721,0
2025-09-08,DL,13930,15016,111,116,877,0
2025-04-05,WN,14869,11433,-5,11,941,0
2024-04-18,F9,13930,12892,27,28,1449,0
2024-09-21,AS,12478,12266,117,113,2887,0
2025-11-15,NK,14771,14057,1,6,569,0
2024-10-24,AS,14869,12892,88,108,1302,0
2024-06-30,AS,13204,15016,47,57,517,0
2025-04-05,AA,13930,12266,75,94,1675,0
2024-10-29,AA,11433,12266,108,101,892,0
2025-10-28,F9,11298,12266,37,41,2914,0
2024-10-10,NK,11433,14869,10,12,1633,0
2024-06-14,AA,10397,11298,80,72,2133,0
2025-09-18,DL,13303,14107,120,111,490,0
2025-10-21,NK,13930,11433,79,74,453,0
2025-03-26,B6,13930,13204,58,75,1806,0
2024-01-16,WN,13204,11433,103,120,2097,0
2025-10-03,UA,14869,11193,-5,2,1898,0
2025-07-01,AA,13303,12892,79,70,518,0
2024-12-20,UA,14057,13303,106,105,358,0
2025-02-21,AA,13303,10397,89,85,2906,0
2025-06-29,AS,11193,13930,56,48,606,0
2025-09-06,UA,14057,14771,92,91,2707,0
2025-03-20,AA,14869,10397,78,87,1921,0
2025-10-10,DL,15016,13303,35,34,508,0
2025-11-25,UA,12892,15016,-11,-20,2890,0
2025-10-01,AS,14771,11298,-1,11,1564,0
2024-01-24,DL,13204,11193,1,12,953,0
2025-08-27,NK,12892,14771,-1,-5,1415,0
2025-06-21,NK,14869,15016,12,27,341,0
2025-04-08,AS,11433,14869,1,7,1604,0
2025-11-07,B6,11193,12892,13,20,756,0
2025-08-13,F9,13204,11433,46,65,2538,0
2025-09-21,F9,12266,13204,99,117,1609,0
2025-08-30,WN,14057,11193,21,33,700,0
2025-04-10,F9,12892,10397,107,97,1439,0
2024-10-06,B6,12892,14771,74,83,911,0
2024-08-23,UA,14869,14771,99,90,323,0
2024-09-29,AS,12892,14107,38,44,2723,0
2025-01-28,WN,14771,12266,4,20,513,0
2025-10-09,B6,11193,14057,31,51,308,0
2025-02-15,NK,11193,11298,103,94,1692,0
2024-02-27,B6,15016,14057,86,83,289,0
2024-12-13,NK,13930,14771,90,90,1321,0
2024-09-27,AA,13204,15016,-9,1,1377,0
2024-09-25,WN,14107,14057,57,77,2594,0
2024-02-16,UA,12478,11298,110,111,2951,0
2025-01-01,F9,15016,14869,70,86,1947,0
2025-10-20,AS,13930,12478,-3,3,1309,0
2024-08-22,UA,14771,14107,116,127,2640,0
2025-04-21,F9,13930,12892,41,39,1529,0
2025-06-22,NK,12478,11193,56,65,1875,0
2025-09-20,B6,11433,13303,12,12,2027,0
2024-01-27,UA,14771,12266,47,54,2117,0
2024-08-03,F9,12266,11298,41,58,2060,0
2024-10-04,F9,14869,10397,16,26,930,0
2025-05-13,AS,14107,13303,65,55,2358,0
2024-09-15,AS,13204,13303,40,52,2550,0
2024-05-01,NK,13303,15016,50,41,1138,0
2025-04-22,B6,10397,13204,38,35,622,0
2024-02-08,AA,14869,14771,31,28,2961,0
2024-07-21,UA,14107,15016,22,32,2103,0
2024-01-31,B6,14869,14107,118,117,746,0
2025-08-12,F9,10397,11433,102,97,801,0
2024-07-04,DL,12266,13303,106,112,924,0
2024-12-29,AS,14771,11298,93,96,276,0
2024-11-01,DL,13204,12892,20,21,743,0
2024-02-11,F9,13204,14107,66,81,1095,0
2024-10-09,NK,13303,14771,91,102,1770,0
2025-05-11,AA,11298,13303,43,54,1678,0
2025-02-20,UA,14771,14869,108,104,658,0
2025-07-15,UA,15016,13930,75,68,568,0
2024-08-14,F9,11433,13204,53,65,1609,0
2024-01-19,F9,14107,13204,27,38,2567,0
2024-11-06,WN,14771,11193,78,91,1073,0
2024-11-09,UA,14107,13930,65,69,1901,0
2024-01-06,AS,12892,14057,75,72,1130,0
2025-10-06,F9,13204,10397,21,27,566,0
2025-02-17,NK,15016,12478,111,102,1333,0
2024-01-19,AS,14107,13303,35,37,1137,0
2025-05-03,UA,13303,13930,17,34,750,0
2025-11-30,UA,13204,12478,106,97,745,0
2024-09-13,WN,14771,14869,115,129,316,0
2025-03-15,WN,11193,13930,71,84,293,0
2024-11-25,WN,10397,14869,17,35,895,0
2025-11-15,DL,13204,11433,-1,15,1950,0
2024-03-16,WN,15016,14869,2,9,1441,0
2024-06-10,DL,13204,14107,19,26,1038,0
2025-04-29,DL,11298,14107,62,57,2454,0
2025-03-04,WN,14869,14057,26,27,824,0
2025-10-21,F9,15016,14107,50,63,2934,1
2024-12-01,UA,11193,12478,16,10,573,0
2025-03-05,WN,13303,10397,6,5,659,0
2025-07-12,F9,13204,15016,87,87,2046,0
2025-11-22,B6,11433,13204,38,50,1463,0
2025-04-01,WN,14771,13303,111,111,2058,0
2024-07-10,WN,12266,12892,72,74,2025,0
2025-01-26,WN,12266,12478,45,59,2222,0
2024-05-26,AA,12478,11433,27,25,2351,0
2025-02-10,AS,15016,11193,102,117,1752,0
2024-01-21,AS,13303,13204,5,-5,233,0
2024-07-24,WN,14107,11193,-11,7,843,0
2024-10-15,NK,13930,14107,27,35,2031,0
2024-04-30,AS,11193,11433,80,71,460,0
2025-04-01,DL,14107,14869,114,113,1235,0
2025-07-14,AS,14107,13930,97,104,573,0
2024-09-02,AS,13204,10397,46,37,2950,0
2025-10-08,AA,11193,13303,78,88,936,0
2024-08-22,AA,11298,14107,17,10,2941,0
2024-07-18,B6,10397,14869,80,81,1535,0
2024-09-02,WN,15016,12892,8,16,642,0
2024-09-01,AA,11193,12892,6,7,325,0
2025-07-18,NK,11433,13930,105,100,1536,0
2025-04-06,F9,13303,11433,47,56,676,0
2025-09-16,AS,13303,14771,-6,2,2822,0
2025-05-06,WN,11193,13930,-6,12,1396,0
2024-02-26,WN,12266,13204,74,92,2589,0
2025-10-17,WN,14869,11298,85,80,2887,0
2024-05-03,AA,12478,14771,26,42,1554,0
2025-07-05,DL,12892,11298,81,90,1286,0
2025-11-26,UA,13204,11433,114,113,2944,0
2025-06-10,NK,15016,12892,39,54,253,0
2025-09-13,WN,11433,11298,61,67,2413,1
2025-05-26,AA,14107,12266,67,76,2005,0
2024-12-01,NK,13303,12266,64,63,425,0
2024-01-13,DL,14057,10397,-2,8,513,0
2025-06-18,F9,13303,14107,104,115,1400,0
2024-10-18,DL,14771,11298,4,8,1449,0
2025-03-06,AS,11193,11433,51,48,2858,0
2025-11-28,F9,12892,11298,6,-2,1501,0
2025-08-05,F9,11433,11298,106,126,220,0
2024-04-30,AA,14107,13930,95,105,615,0
2024-04-17,F9,14869,11433,4,20,2491,0
2024-12-11,F9,14869,10397,109,103,1562,0
2025-11-20,AS,13930,11298,90,83,1454,0
2025-11-03,WN,13930,14107,51,57,1002,0
2024-07-19,DL,12266,15016,36,40,2278,0
2024-10-23,AS,11298,13204,66,79,885,0
2025-08-07,AS,12266,14869,43,53,1900,0
2024-09-23,UA,11433,14107,49,66,1339,0
2025-02-10,AS,12266,14771,-4,-7,1975,0
2024-01-24,UA,13303,12478,98,98,895,0
2024-06-27,B6,12266,14869,86,95,901,0
2024-12-06,WN,11193,13204,108,127,1705,0
2025-07-22,NK,14869,10397,59,65,2341,0
2024-02-13,DL,11433,12478,50,52,1065,0
2025-02-22,AA,11193,14107,81,92,1033,0
2024-11-05,B6,12266,15016,42,58,1078,0
2024-03-22,B6,11433,13204,23,18,2734,0
2024-07-27,DL,11193,10397,85,89,1534,0
2025-08-19,AS,14869,11433,16,25,2915,0
2025-03-11,UA,11433,11193,28,26,503,0
2024-11-11,B6,11193,12266,4,-5,1956,0
2024-04-07,NK,13303,11193,64,63,718,0
2024-11-28,B6,11298,12478,76,96,238,0
2025-01-15,DL,14869,13930,12,15,1302,0
2024-10-09,NK,11298,11433,76,84,2202,0
2025-01-25,B6,10397,13303,51,59,672,0
2024-04-09,UA,11193,14869,9,16,1643,0
2025-09-04,F9,11433,12478,32,47,2882,1
2024-11-02,B6,14869,10397,56,66,2112,0
2025-11-07,F9,12892,11193,28,28,728,0
2025-07-14,NK,11298,13930,74,75,2374,0
2024-04-18,AA,11298,13303,-2,0,862,0
2024-04-11,F9,12478,14771,21,23,2657,0
2024-09-18,WN,11193,13930,90,93,1476,0
2025-10-25,DL,12478,11193,1,-9,332,0
2025-11-12,UA,15016,14771,11,21,2771,0
2025-04-19,WN,13303,12266,37,48,563,0
2025-07-06,NK,12892,13303,69,82,2969,0
2025-11-15,F9,14869,13930,25,39,1584,0
2025-02-24,UA,12478,14107,16,18,1517,0
2025-06-13,AS,10397,14869,81,76,1228,0
2025-04-16,B6,12892,13204,37,39,1804,0
2025-06-24,AS,14107,11193,-11,-7,1536,0
2024-03-25,AS,13204,12478,42,47,685,0
2024-04-20,NK,11298,14869,14,13,2909,0
2025-03-30,AS,11433,14869,-8,-8,2366,0
2024-10-26,B6,13204,12478,-7,8,400,0
2024-03-11,AA,11433,14771,19,15,871,0
2025-11-16,F9,14107,15016,8,28,1185,0
2024-02-25,WN,10397,11298,107,117,2297,0
2025-10-12,UA,14057,14107,71,81,2932,0
2025-07-23,F9,10397,14869,115,130,2072,0
2025-06-26,WN,12478,12892,102,105,2790,0
2024-05-08,UA,11193,13930,46,46,691,0
2025-09-30,WN,14057,13204,63,70,2957,0
2024-03-22,B6,13303,11433,24,17,1168,0
2024-06-21,B6,14869,12478,32,28,219,0
2025-03-22,F9,13204,12266,76,75,2863,0
2024-07-01,UA,10397,14057,-5,6,2863,0
2024-11-12,AS,10397,14771,25,37,336,0
2024-12-28,B6,13303,12266,33,28,1488,0
2025-01-25,WN,14869,11298,116,134,623,0
2024-05-27,F9,15016,14107,87,89,2314,0
2024-01-13,WN,12892,14771,-15,2,1782,0
2025-03-13,DL,14771,13930,6,2,1926,0
2024-02-18,AA,13930,12266,6,22,1536,0
2024-01-13,NK,13303,10397,48,50,2345,0
2024-04-21,AA,13303,12478,80,92,1223,0
2025-11-25,UA,12266,11433,70,82,1521,0
2024-12-26,UA,11193,14869,29,49,2221,0
2025-05-21,B6,14771,15016,69,71,2053,0
2024-10-22,F9,11193,13930,116,115,2828,0
2025-04-08,AA,11193,13930,94,101,2667,0
2024-08-17,AA,14869,13204,98,112,1915,0
2024-10-27,AS,12478,11193,-9,-6,2258,0
2024-07-22,WN,14107,13303,19,15,2231,0
2024-09-10,UA,12266,14107,112,128,801,0
2024-01-13,WN,11433,13303,-14,-5,2348,0
2025-04-05,F9,14771,11193,-1,-6,2414,0
2024-11-13,AA,12478,11298,80,100,1727,0
2025-05-18,F9,13204,10397,84,102,830,0
2024-11-23,AA,11433,14771,18,29,473,0
2025-02-10,WN,10397,11298,60,78,2239,0
2024-03-31,DL,11298,13930,51,55,1247,0
2025-05-05,F9,13930,14057,23,24,841,0
2025-04-06,DL,13204,12478,90,87,850,0
2024-09-06,UA,13303,13930,116,117,653,0
2024-12-02,B6,13204,14869,13,3,368,0
2025-05-16,UA,12892,11433,2,-1,1403,0
2024-04-16,NK,11433,10397,86,91,2686,0
2024-12-12,NK,14869,13930,59,72,2071,0
2025-02-07,UA,11298,13930,-7,-1,1457,0
2025-04-29,WN,11433,13930,76,91,1688,0
2024-01-14,WN,11298,10397,2,5,1377,0
2024-12-27,AA,14107,13930,75,73,2971,0
2024-06-05,NK,12478,14057,39,50,1935,0
2024-12-12,AA,11433,12478,55,71,2388,0
2024-12-06,B6,12892,11193,37,28,2338,0
2024-11-15,WN,14771,15016,118,136,2492,0
2024-12-01,AS,12478,14771,4,21,2431,0
2024-01-10,AS,12266,14869,27,32,1790,0
2024-02-18,AA,14771,12266,107,123,1592,0
2024-10-08,F9,13930,15016,7,10,1752,0
2024-09-11,DL,14869,13204,77,97,2277,0
2024-07-24,B6,14057,12892,57,73,588,0
2025-08-18,B6,14107,15016,108,113,326,0
2025-03-16,B6,14771,11433,77,81,2464,0
2025-11-15,UA,14771,11433,60,51,2177,0
2025-01-12,B6,13204,14057,-15,2,2758,0
2024-04-01,NK,11298,15016,56,60,1603,0
2025-03-16,NK,10397,11433,4,24,2661,0
2024-04-04,NK,15016,13204,1,10,1358,0
2025-09-15,WN,15016,14107,14,21,1537,0
2025-07-20,DL,14107,13303,35,52,2175,0
2024-07-01,NK,13930,10397,87,94,2042,0
2024-09-09,WN,13930,11433,1,11,627,0
2025-03-03,B6,10397,14771,-14,-2,609,0
2024-03-23,F9,11193,14771,88,81,1020,1
2025-02-10,DL,14107,13930,-4,12,760,0
2025-06-15,AS,12266,13303,-5,-4,2434,0
2025-06-10,AA,14771,14107,114,111,769,0
2024-04-05,WN,11298,14869,100,109,1717,0
2025-07-16,WN,13303,14057,7,22,767,0
2024-06-12,DL,14057,13930,91,81,1380,0
2024-08-22,WN,13930,14057,57,58,223,0
2025-11-28,AS,12266,13303,0,-8,1785,0
2025-11-29,AS,12892,14771,77,74,2964,0
2025-02-26,WN,11433,11298,28,47,1443,0
2024-04-25,NK,10397,11193,89,83,2979,0
2025-01-06,AS,14869,13204,-8,-15,1378,0
2025-08-23,WN,14869,15016,83,80,1266,0
2024-10-17,DL,11193,12892,42,58,2160,0
2024-01-28,UA,13204,12892,101,93,606,0
2024-11-27,NK,14771,11433,-8,10,2451,0
2025-10-25,WN,13204,11298,-5,-11,1273,0
2025-02-14,AA,14057,12266,59,72,1278,0
2024-06-24,AA,12892,11298,75,73,2718,0
2025-04-03,B6,10397,13204,6,23,1421,0
2025-04-15,WN,11433,14057,97,117,424,0
2024-06-15,NK,13204,12266,82,87,1990,0
2024-11-03,AS,13930,12892,84,80,497,0
2024-12-02,WN,15016,14107,12,3,2655,0
2025-09-04,AA,12266,10397,97,112,2772,0
2024-07-23,NK,13303,15016,34,40,1638,0
2025-01-19,WN,15016,11298,7,22,2909,0
2024-04-09,WN,12892,11193,67,71,1113,0
2024-08-17,B6,13204,11193,-7,-4,2108,0
2024-04-25,B6,13930,14107,-11,-15,2865,0
2024-11-22,UA,15016,14869,96,86,919,0
2025-03-31,F9,13930,11298,105,97,2132,0
2024-01-17,AA,12266,12892,-13,7,1716,0
2024-04-25,UA,14057,12892,-12,-1,2479,0
2025-04-05,DL,13204,14771,8,7,445,0
2025-04-29,UA,11193,14869,40,47,1258,0
2024-08-19,DL,15016,11433,64,72,1002,0
2024-12-29,AA,11298,14869,75,82,2183,0
2025-07-26,WN,14057,10397,69,73,1904,0
2024-03-30,AS,11298,15016,93,90,974,0
2025-03-10,NK,13204,14107,-15,-11,2490,0
2024-01-04,AS,12478,11298,45,43,1264,0
2024-12-03,AS,11193,12478,113,103,1362,0
2024-07-25,UA,10397,13930,39,38,315,0
2024-01-22,F9,14869,11193,-1,-7,213,0
2024-08-15,AS,12266,14107,92,86,2845,0
2025-11-16,AA,11433,12478,64,65,2758,0
2025-08-18,NK,10397,12266,59,59,2891,0
2025-05-06,DL,14057,13303,3,6,1207,0
2024-10-20,WN,13303,14057,28,34,1286,0
2024-06-23,NK,11298,12266,80,86,1663,0
2025-05-13,WN,11433,11298,83,76,2868,0
2025-06-13,DL,11298,11193,4,10,655,0
2024-04-15,B6,14771,10397,76,89,1384,0
2025-08-27,WN,14107,12478,116,132,2077,1
2025-05-26,B6,14107,14771,116,133,2284,0
2024-03-17,AS,13303,13204,20,10,962,0
2025-09-30,DL,14057,11193,1,9,1067,0
2025-01-10,UA,11193,11298,49,53,2167,0
2025-08-18,B6,13930,12478,107,107,1798,0
2024-12-18,WN,14869,10397,30,29,1905,0
2025-01-18,AA,12892,13303,88,86,1077,0
2024-10-18,NK,11298,12266,52,51,1091,0
2024-08-27,AA,11193,11433,71,82,1049,0
2025-06-24,B6,14869,12266,53,66,1154,0
2025-11-21,NK,12478,14771,104,114,2408,0
2025-08-26,UA,15016,12478,30,48,2642,0
2025-01-11,B6,11298,10397,98,95,2254,0
2025-09-22,UA,14771,11193,100,113,1774,0
2024-09-07,WN,14057,13303,-15,-6,937,0
2025-04-18,UA,13930,13204,116,116,2128,0
2024-10-04,DL,11298,11433,25,19,1591,0
2024-03-17,F9,11193,12892,58,62,2276,0
2025-06-19,AA,14057,11298,8,1,486,0
2025-01-10,F9,14057,13204,22,23,2750,0
2024-06-30,B6,11298,12892,0,-10,1386,0
2025-06-16,NK,10397,15016,4,17,1877,0
2025-09-19,AS,14107,14771,-12,-20,1778,0
2025-10-01,UA,13930,10397,17,29,682,0
2025-11-24,F9,14107,12478,92,88,1343,0
2025-05-07,B6,12266,14771,103,109,2751,1
2025-02-10,UA,14057,11433,115,129,901,0
2025-06-26,UA,10397,14771,78,74,1863,0
2025-04-06,AA,14107,14057,72,72,976,0
2024-10-06,DL,10397,11433,97,114,2590,0
2025-03-21,F9,12266,13303,51,57,2483,0
2025-03-15,B6,12478,12892,57,51,842,0
2025-02-07,AS,14057,15016,47,43,1486,0
2025-09-25,NK,14107,14869,90,90,2966,0
2024-07-18,F9,11298,14107,78,82,2730,0
2025-01-13,WN,14107,12478,61,53,492,0
2025-02-19,B6,10397,14107,53,46,2790,0
2024-06-15,WN,12892,12266,-6,10,2218,0
2024-08-04,WN,13930,11433,57,67,1844,0
2024-08-05,F9,11193,15016,-15,-2,1916,0
2024-03-08,AA,10397,11433,98,88,2859,0
2025-02-23,F9,11193,12892,-12,-9,715,0
2025-05-11,F9,11193,13303,105,120,460,0
2024-07-30,NK,13204,13930,31,45,945,0
2025-06-27,AS,11298,10397,17,20,416,0
2024-01-29,DL,12266,10397,96,86,1427,0
2024-03-23,AA,13204,11298,106,109,396,0
2025-03-31,DL,13303,11193,94,97,913,0
2025-03-24,AS,13930,12266,58,65,1458,0
2024-04-17,UA,12266,14869,66,83,2352,0
2024-09-09,DL,15016,14771,38,38,1105,0
2024-10-30,F9,14057,13303,77,67,2237,0
2024-04-19,DL,14771,12892,97,91,1888,0
2024-04-26,NK,11433,12478,23,24,556,0
2025-02-21,AA,14869,13930,54,54,1934,0
2024-12-14,F9,13303,11298,70,61,2832,0
2025-01-15,NK,13303,12892,58,75,2354,0
2025-11-19,F9,12266,14771,58,73,1012,0
2024-07-25,UA,10397,13204,87,80,1555,0
2024-07-19,B6,10397,12478,74,70,2488,0
2024-10-14,F9,11433,14869,70,77,2306,0
2024-10-14,F9,14107,14771,28,47,2646,0
2024-11-29,F9,11298,11433,116,124,1594,0
2024-11-22,AA,11433,12892,22,12,410,0
2024-04-06,F9,10397,14869,17,22,2468,0
2025-01-19,NK,12478,14771,44,35,606,0
2025-11-11,WN,11298,13204,26,17,2607,0
2024-05-18,AS,13204,12478,35,50,2302,0
2025-07-11,B6,11298,11193,62,53,1403,0
2025-02-11,NK,12478,14107,32,39,2360,0
2024-01-23,B6,14057,11433,97,95,2849,0
2025-04-10,WN,13303,14057,24,14,1810,0
2024-12-20,B6,13303,13204,25,44,2414,1
2024-05-05,UA,11298,10397,-13,-15,1126,0
2025-05-25,F9,13204,11193,21,36,1432,0
2025-05-23,DL,12892,11193,73,78,390,0
2025-01-16,AA,10397,15016,74,77,1726,0
2025-07-24,UA,12478,15016,113,128,1734,0
2024-10-03,WN,14107,13204,38,40,597,0
2024-10-25,F9,14057,12478,109,111,1397,0
2025-02-14,AS,14771,14057,119,135,2347,0
2025-08-01,B6,14771,12266,51,61,1911,0
2025-03-27,B6,12478,14771,21,16,1503,0
2024-02-23,UA,12892,14107,37,50,1875,0
2024-03-28,UA,10397,12478,94,88,1150,0
2024-04-11,AA,12478,11298,32,50,2846,0
2024-05-26,F9,11193,13204,101,98,2009,0
2024-02-09,AS,14771,13204,117,123,885,0
2025-02-13,WN,12892,14771,44,41,2907,1
2025-09-11,UA,13930,14869,85,93,1474,0
2025-01-08,AS,13204,15016,82,73,2429,0
2024-03-19,DL,11298,13204,74,74,2290,0
2024-10-24,UA,12892,11193,10,2,857,0
2024-10-10,B6,14869,14771,95,85,736,0
2025-04-30,DL,14107,11193,17,26,2273,0
2025-06-28,AA,12892,12478,13,17,1094,0
2024-07-02,AS,10397,14107,14,13,630,0
2024-01-05,B6,14107,14869,-10,-11,2928,0
2024-07-16,UA,14107,13204,102,116,306,0
2024-03-10,NK,14869,11298,71,84,1843,0
2025-01-05,UA,14771,12478,3,2,2016,1
2025-04-23,B6,11193,15016,30,29,706,0
2024-02-14,UA,11193,14771,-10,2,853,0
2024-03-25,AS,11433,15016,94,87,2677,0
2025-09-17,AA,13303,14771,46,37,2153,0
2024-12-22,NK,14771,14057,87,91,486,0
2024-11-16,WN,14107,13204,-9,-14,1516,0
2025-05-21,B6,13303,12478,32,31,396,0
2025-05-12,NK,13303,13930,113,117,1801,0
2024-02-08,F9,11433,14869,26,39,1487,0
2024-05-29,WN,14869,14057,-13,-10,2116,0
2024-11-05,DL,13930,14107,91,108,1595,0
2025-08-14,AA,12478,14869,63,53,2835,0
2024-10-08,UA,13204,13930,55,56,2236,0
2024-06-08,B6,14107,14057,82,94,561,0
2025-11-09,DL,15016,12892,44,55,498,0
2024-08-30,UA,12892,15016,25,23,1143,0
2024-10-19,DL,14869,11298,43,52,2754,0
2025-05-01,UA,11298,13930,29,37,1701,1
2024-08-12,AS,12266,14107,11,23,817,0
2024-11-23,AA,14771,10397,88,91,1259,0
2024-07-12,NK,11298,15016,24,19,2103,0
2024-07-27,NK,11193,14107,83,85,2348,0
2024-03-19,UA,12892,14107,-12,-3,2663,0
2024-08-29,WN,13930,10397,31,45,1654,0
2025-12-01,NK,11433,15016,65,64,1027,0
2024-04-07,NK,14869,14107,15,28,1971,0
2025-06-18,NK,15016,12892,89,94,944,0
2024-04-12,DL,12266,15016,57,51,2009,0
2025-01-18,B6,13930,12478,56,66,467,0
2024-08-13,B6,11298,11433,46,44,1609,0
2024-04-01,UA,11298,14107,35,45,332,0
2025-03-28,DL,14869,10397,34,28,2275,0
2024-02-03,NK,10397,13930,62,78,1412,0
2024-07-25,AS,11298,10397,-15,-25,2525,0
2025-08-09,WN,13204,12266,104,123,1359,0
2024-09-20,NK,15016,14869,86,101,1943,0
2025-11-29,WN,11298,10397,50,62,805,0
2024-07-29,B6,11193,12266,45,52,469,0
2024-05-31,WN,14771,13303,40,32,1559,0
2024-01-14,DL,12478,13930,115,117,2506,0
2024-06-04,B6,12266,14869,27,43,949,0
2024-02-18,UA,13303,13930,119,110,1281,0
2025-11-30,F9,13204,14771,53,63,2728,0
2024-02-15,B6,10397,14869,34,33,927,0
2025-11-01,UA,13204,14107,60,64,2475,0
2024-03-07,NK,13930,12478,50,44,1092,0
2024-08-04,NK,11193,14771,99,114,2702,0
2025-11-11,AS,12892,11298,109,116,2597,0
2025-10-02,AA,14107,11433,7,19,2252,0
2025-02-27,AA,12478,13303,14,23,443,0
2025-03-04,F9,13930,14057,-6,6,1679,0
2024-11-24,AS,13930,14771,10,3,2917,0
2025-11-28,AA,15016,11193,12,7,676,0
2025-05-26,B6,11433,11193,-8,11,319,0
2025-01-23,AS,12478,12266,95,91,1323,0
2024-07-13,WN,15016,11298,110,121,2702,0
2025-10-12,DL,14771,11193,117,137,449,1
2024-10-27,B6,11298,14869,58,62,1588,0
2024-05-22,DL,11193,12478,108,117,1760,0
2024-09-11,F9,14771,12266,60,61,438,0
2025-11-15,B6,11193,12478,5,10,2235,0
2025-04-30,NK,12892,15016,103,122,2078,0
2025-10-06,WN,14771,13930,83,97,462,0
2024-07-27,UA,12266,11433,51,55,957,0
2025-05-12,DL,12266,11298,62,68,2656,0
2025-11-24,WN,14771,12478,25,43,449,0
2025-08-18,WN,15016,14057,35,36,2301,0
2024-11-12,AS,11298,15016,90,99,1177,0
2025-11-12,AA,12266,11298,43,56,1848,0
2025-03-16,F9,12892,13204,47,65,2693,0
2024-02-15,NK,12266,10397,27,19,1459,0
2024-01-08,AA,14869,10397,30,30,765,0
2025-11-07,DL,10397,11298,-8,4,2092,0
2025-09-13,B6,11193,13204,-7,-13,2490,0
2025-03-29,WN,10397,14869,-15,-22,445,0
2025-03-28,DL,14869,12892,107,97,795,0
2025-01-12,WN,15016,14057,10,5,1589,0
2024-11-30,DL,15016,14057,105,120,2453,0
2024-08-29,DL,14107,13204,102,103,2915,0
2024-01-30,AA,11433,10397,20,38,1011,0
2024-06-21,UA,13930,11433,13,30,696,0
2024-01-02,AS,11193,11298,111,131,2111,0
2024-03-09,AS,13930,14869,118,130,2343,0
2024-07-19,AS,15016,11193,76,95,1375,0
2025-05-29,AA,14869,15016,110,104,1647,0
2025-08-15,NK,14107,11193,16,8,1826,0
2024-10-01,NK,13303,11298,110,130,223,0
2024-04-27,AS,14057,11433,31,23,2397,0
2025-01-06,NK,13303,12892,96,103,963,0
2024-03-04,AA,12478,12892,88,80,2799,0
2024-07-23,AA,14771,12478,46,52,1998,0
2025-04-02,UA,11433,13204,89,94,2432,0
2024-03-11,WN,15016,14869,117,119,2416,0
2025-10-17,WN,11193,11433,88,79,2307,0
2024-03-08,F9,10397,14057,42,44,435,0
2025-04-29,AS,12266,10397,106,112,308,0
2025-10-26,AS,11193,14057,-1,5,2748,0
2025-05-06,DL,11193,10397,-10,-12,1425,0
2024-11-11,WN,14869,14107,76,68,1329,0
2024-05-01,AA,14107,15016,55,61,2373,0
2025-06-18,NK,15016,13303,59,74,828,0
2025-02-06,WN,12478,14771,78,81,615,0
2024-01-19,AA,12892,11433,7,10,1723,0
2025-07-12,B6,14869,13303,73,66,1373,0
2025-01-04,NK,14107,14771,40,60,445,0
2025-04-23,DL,14057,10397,108,115,2419,0
2024-11-23,B6,14869,13204,95,105,619,0
2025-10-26,AS,12266,11298,9,29,1870,0
2025-02-17,WN,13303,10397,58,62,885,0
2025-10-09,UA,11433,10397,110,109,762,0
2024-12-26,F9,13930,12266,120,140,2391,0
2025-02-05,NK,10397,12478,115,126,1085,0
2024-03-25,NK,11193,13204,-11,-20,2435,0
2024-02-18,AA,14869,11433,106,119,1272,0
2024-07-25,UA,14107,14771,105,120,1645,0
2024-01-01,F9,12892,15016,30,24,1969,0
2025-07-10,AS,10397,11298,93,100,394,0
2024-11-25,WN,14771,14869,45,64,1069,0
2025-08-27,UA,14057,12266,40,33,1120,0
2024-03-30,DL,10397,13204,95,90,2333,0
2024-11-02,B6,14107,11298,86,90,2887,0
2024-06-18,NK,11433,13930,73,93,2603,0
2024-04-27,AA,13930,11433,112,117,1765,0
2024-05-23,AA,15016,13204,-7,-11,2617,0
2024-05-06,UA,12266,12478,45,45,2235,0
2024-04-17,AS,13930,12478,93,112,240,0
2025-08-08,WN,14869,12892,-10,-1,1710,0
2025-06-21,AS,13930,12478,41,51,1136,0
2025-01-25,NK,14107,13930,118,120,1356,0
2025-01-06,B6,11298,13930,106,123,1930,0
2025-06-29,UA,12478,10397,-4,14,2732,0
2025-08-16,AS,10397,12266,24,19,2622,0
2025-10-05,WN,13303,13204,39,39,510,0
2024-11-27,WN,14869,13930,113,111,1679,0
2024-01-18,AA,12892,14771,14,21,1186,0
2025-11-13,B6,13204,11433,4,6,2768,0
2025-01-02,B6,14057,14107,66,61,2785,0
2024-01-09,UA,11193,14107,59,69,1316,0
2025-03-12,DL,13303,11433,70,61,1419,0
2025-04-07,DL,12478,13303,41,34,1091,0
2024-05-12,WN,15016,11433,93,85,548,0
2024-08-18,AS,13204,11193,37,28,216,0
2024-04-24,UA,12892,11193,5,4,1398,0
2024-11-11,DL,15016,12266,-15,5,452,0
2025-02-13,AS,13303,11298,30,23,2484,0
2025-01-29,B6,13204,13930,36,46,2895,0
2024-07-31,UA,14057,11433,-3,5,2605,0
2025-11-18,UA,13204,12478,3,8,2009,0
2025-06-30,DL,14057,13204,8,14,1790,0
2025-07-20,AS,12892,13204,105,106,2700,0
2025-09-19,AA,14869,14057,34,53,1182,0
2024-12-06,NK,13204,11193,50,42,378,0
2024-07-29,F9,14057,12266,44,58,1003,0
2025-04-23,AA,10397,13204,90,83,1427,0
2025-06-24,B6,12892,15016,37,47,903,0
2024-06-24,NK,13930,11193,120,110,2116,0
2024-12-10,UA,13930,14771,67,67,875,0
2025-08-31,UA,11193,11298,83,77,2703,0
2024-12-29,AS,13204,14869,72,88,408,0
2025-06-29,UA,12266,11298,13,13,1386,0
2024-10-23,B6,14869,13303,45,46,2640,0
2024-07-25,B6,10397,11298,-15,-11,2152,0
2024-06-07,UA,14107,15016,104,102,508,0
2025-08-26,DL,11193,14771,12,27,2141,0
2025-02-08,UA,13930,11433,-14,-2,2553,0
2024-08-03,NK,14869,11433,53,72,2624,0
2024-05-28,AS,12478,13303,113,113,2796,0
2024-09-30,AA,12266,13204,59,67,1360,0
2024-05-08,B6,11298,14057,4,24,1933,0
2025-06-15,WN,11193,11433,94,92,1857,0
2024-02-24,B6,14057,15016,74,72,2231,0
2024-02-12,WN,12892,12478,48,38,453,0
2024-05-27,DL,12478,11193,35,45,2030,0
2024-09-17,WN,11433,12266,60,75,1943,0
2024-09-28,UA,11433,11193,93,106,2408,0
2024-08-26,DL,14771,14057,19,25,2612,0
2024-02-11,UA,14057,11433,74,65,2258,0
2025-09-09,UA,12892,11433,46,58,2494,0
2024-10-14,F9,12892,10397,114,117,1572,0
2024-04-09,F9,11298,14057,8,6,2466,0
2024-12-27,DL,10397,14771,1,10,1778,0
2024-05-08,AS,12266,11193,15,34,2373,0
2025-09-05,AS,14107,11193,-4,-14,2361,0
2025-03-18,B6,10397,11193,40,53,2218,0
2024-12-05,AA,14771,11298,13,24,2274,0
2024-12-19,F9,10397,13303,41,61,2811,0
2024-05-17,WN,14107,11298,103,101,1475,0
2025-10-15,F9,14771,14869,78,82,2880,0
2025-08-15,DL,13303,10397,-15,-22,236,0
2024-01-20,AA,13930,12266,51,42,1796,0
2025-03-23,F9,14771,14107,46,49,1398,0
2024-07-23,NK,13303,15016,116,126,1464,0
2024-04-17,AA,15016,13930,89,106,2231,0
2025-02-20,F9,11298,11433,42,42,438,0
2025-09-03,DL,14771,11433,118,112,897,0
2024-09-24,UA,13930,11298,16,22,2816,0
2024-03-03,AA,12478,13204,110,107,1752,0
2024-12-12,NK,14771,14107,74,78,1362,0
2024-07-06,NK,14057,11193,30,26,2079,0
2024-11-10,WN,12266,13303,27,17,411,0
2025-07-01,WN,12266,11193,86,81,821,0
2024-05-19,UA,14771,12478,48,50,1068,0
2025-01-10,B6,12478,15016,29,23,1305,0
2024-09-20,NK,13303,14057,84,91,691,0
2024-09-09,AA,13930,11193,113,125,763,0
2025-09-16,DL,11433,14771,81,82,1958,0
2024-08-05,B6,14771,11193,48,60,2085,0
2025-03-12,F9,14107,13204,68,62,1987,0
2024-08-05,UA,13204,14057,52,70,1926,0
2025-06-23,B6,14057,13303,7,12,546,0
2025-11-04,NK,10397,12266,-9,-11,2549,0
2024-10-25,AA,11433,10397,93,84,1635,0
2024-06-08,F9,14057,15016,66,84,1780,0
2025-10-13,WN,13303,14057,105,114,2787,0
2024-01-30,F9,12892,14107,114,123,919,0
2025-11-15,NK,14107,15016,119,124,2806,0
2025-03-11,AA,12266,13204,89,108,2146,0
2025-10-12,NK,11193,12266,16,29,2444,0
2025-11-11,WN,11298,12892,-1,-2,1538,0
2025-09-15,UA,15016,13930,10,25,1116,0
2024-04-01,WN,11298,15016,73,76,1218,0
2025-11-13,WN,11298,10397,23,24,2889,0
2024-03-27,AA,12266,13930,82,84,1421,0
2025-11-24,B6,14771,13930,90,99,231,0
2025-11-12,F9,11193,13204,40,32,474,0
2025-11-29,AA,13303,12266,42,51,1522,0
2025-02-20,DL,15016,10397,-10,-8,400,0
2025-01-03,F9,11433,15016,65,62,474,0
2024-09-22,F9,11193,14057,2,11,2597,0
2025-11-14,B6,14057,11298,63,82,676,0
2024-03-07,F9,14107,13930,11,21,567,0
2025-09-17,UA,12478,13930,61,58,886,0
2024-06-02,WN,13303,13204,70,72,381,0
2025-02-01,DL,13303,10397,102,104,2130,0
2024-03-10,NK,14771,11433,57,49,2324,0
2024-09-06,B6,10397,14107,-11,-8,1543,0
2025-03-04,WN,11193,12892,54,49,1583,0
2025-08-22,WN,14057,14869,113,113,2780,0
2025-02-01,NK,13930,14057,63,71,795,0
2024-10-17,DL,14107,11433,6,4,810,0
2025-02-05,UA,13204,12478,18,13,2429,0
2024-04-30,B6,11193,11298,82,102,2643,0
2024-05-23,B6,11298,11433,17,9,1065,0
2025-08-08,B6,13303,14057,75,84,840,0
2025-06-11,WN,14057,12478,39,53,2320,0
2025-03-11,NK,12266,11193,61,75,595,0
2024-01-17,AS,13930,10397,114,123,2631,0
2024-12-27,F9,13930,14107,3,0,209,0
2024-09-19,UA,14869,14057,46,39,753,0
2025-11-20,DL,12892,13204,113,119,2806,0
2024-09-08,NK,10397,11193,100,100,713,0
2024-09-25,DL,13930,14771,88,95,1681,0
2025-11-01,NK,13303,10397,110,110,899,0
2024-08-22,F9,13303,13930,82,101,1763,0
2024-09-10,AS,14869,14771,78,76,575,0
2025-02-28,F9,10397,12266,78,79,1426,0
2024-04-09,DL,14107,12892,17,15,1696,0
2024-11-01,WN,11298,10397,-7,12,2677,0
2024-08-15,NK,14869,13930,16,36,587,0
2025-04-21,AS,12478,11193,80,85,1554,0
2025-04-21,WN,12892,13303,76,94,2802,0
2024-03-28,WN,12266,11193,26,21,2905,0
2025-02-07,WN,14057,10397,38,44,553,0
2024-01-05,DL,13204,14869,0,-2,1947,0
2024-07-05,UA,12478,12892,115,117,2069,0
2025-06-03,UA,12478,10397,59,79,1936,0
2025-09-07,DL,15016,13930,72,90,1040,0
2025-11-24,WN,12266,11433,102,98,1637,0
2024-03-10,AA,12478,14057,17,13,695,1
2025-02-23,AS,12266,14771,-8,1,1860,0
2024-04-13,AA,12892,14057,103,105,1959,0
2024-02-19,AS,14107,13930,80,75,2613,0
2024-12-10,B6,14057,12892,98,92,769,0
2024-02-15,DL,13930,13204,99,118,1599,0
2024-03-21,WN,11298,12478,67,57,1964,0
2024-07-04,UA,13930,13303,13,21,2686,0
2025-06-28,NK,14771,14869,101,109,1264,0
2025-09-04,WN,12892,11193,-7,8,1965,0
2025-03-07,DL,11298,14107,73,67,876,0
2024-12-24,AS,15016,13204,119,120,456,0
2024-09-21,AA,12266,11193,5,3,1243,0
2025-01-12,AS,14057,12478,4,23,1298,0
2024-02-09,AA,14057,12892,104,103,1412,0
2024-10-18,B6,13204,12892,75,79,835,0
2024-10-11,AS,13204,13303,10,26,745,0
2025-04-14,WN,11193,11298,27,45,2156,0
2025-06-01,AS,13303,15016,30,21,555,0
2024-06-16,UA,14057,11433,13,25,1708,0
2024-01-01,B6,10397,13930,68,76,2968,0
2025-09-08,NK,15016,12266,75,81,1383,0
2024-07-19,WN,11298,12478,35,54,2103,0
2025-08-14,NK,14107,11193,82,97,2279,0
2024-07-06,UA,14869,15016,83,89,366,0
2024-01-22,DL,11298,14107,55,73,2699,0
2024-07-20,WN,13303,14771,107,104,1079,0
2025-03-08,B6,15016,11298,87,100,1000,0
2024-09-12,AA,12892,12478,16,30,301,0
2025-08-30,F9,12478,10397,100,94,493,0
2024-02-29,F9,13204,12478,44,47,565,0
2024-11-13,UA,12892,14771,19,16,514,0
2024-04-17,F9,14869,12478,81,85,2847,0
2024-12-24,WN,11193,14057,100,113,2161,0
2024-06-11,AA,11433,12266,36,33,2325,0
2024-06-17,AS,12266,14869,60,77,2588,0
2025-06-21,AS,14057,12266,61,64,1545,0
2025-01-06,B6,13930,13303,-2,4,1302,0
2024-07-11,AA,11433,13303,19,20,1558,0
2024-06-15,AS,13303,12478,102,97,2880,0
2025-02-20,WN,11433,14869,5,22,2674,0
2025-10-11,UA,14057,14107,66,77,589,0
2024-07-11,DL,13303,14107,64,57,2661,0
2024-02-20,WN,14771,13204,89,109,2278,0
2024-02-14,AS,11298,11193,67,77,1311,0
2024-02-08,AA,12478,11193,88,105,1444,0
2024-01-23,WN,13303,14771,-3,-8,634,0
2025-08-30,DL,15016,12892,64,60,2949,0
2025-03-24,WN,10397,14869,28,20,1523,0
2024-08-01,NK,11193,15016,48,46,2614,0
2025-09-16,DL,15016,13303,36,34,2778,0
2024-02-08,WN,11298,12892,54,44,1185,0
2025-08-28,UA,15016,13204,-10,1,1506,0
2024-05-12,F9,14107,14057,52,67,583,0
2024-05-21,AS,12266,10397,10,4,2389,0
2025-04-14,AA,13930,12892,74,68,816,0
2025-07-11,UA,14869,12892,84,87,1204,1
2024-06-25,AS,11193,14771,82,72,1558,0
2025-06-16,WN,15016,14869,38,46,1229,0
2025-07-24,NK,10397,15016,103,121,829,0
2024-09-26,F9,12892,13204,-2,13,1201,0
2025-03-17,AA,11193,14771,-13,1,1329,0
2025-06-29,B6,10397,14057,-13,-1,1899,0
2025-01-14,NK,12892,13930,47,64,1115,0
2024-01-07,F9,11298,14869,104,102,399,0
2024-01-15,AS,14771,12478,8,24,1039,0
2024-01-16,NK,14771,15016,92,100,1947,0
2024-03-07,F9,13303,13204,3,18,1835,0
2024-01-09,B6,12892,12266,94,107,558,0
2024-08-12,WN,13930,10397,2,2,1627,0
2025-07-03,AA,12478,10397,101,112,1676,0
2024-12-12,NK,12892,13204,120,124,2898,0
2024-08-08,AA,11298,11193,8,9,2971,0
2025-01-19,NK,11193,10397,59,72,2545,0
2024-02-06,AA,11433,12892,101,91,687,0
2025-06-16,NK,13930,11298,103,121,552,0
2025-09-16,NK,10397,15016,101,119,1493,0
2025-11-22,DL,12266,11298,104,99,2069,0
2024-09-13,B6,14771,11193,24,30,1022,0
2025-08-16,AA,12266,14107,43,55,2428,1
2025-06-09,B6,14771,14869,11,15,661,0
2025-02-17,UA,13303,11433,-10,9,1356,0
2024-10-12,AA,12478,14057,42,61,1210,0
2025-07-02,B6,11193,13303,35,35,622,0
2024-05-27,AA,11298,15016,74,85,2862,0
2024-03-27,F9,12892,14869,-1,14,1768,0
2024-11-16,DL,12478,14771,114,134,1400,0
2024-11-24,B6,14057,13930,70,64,576,0
2024-03-21,B6,13930,14869,73,90,896,0
2024-04-02,UA,12266,14107,15,23,1493,0
2025-01-15,AA,13930,12478,107,110,1603,0
2025-07-08,B6,11433,11193,92,93,871,0
2025-08-29,WN,14107,12478,74,78,659,0
2025-10-19,NK,15016,11433,36,56,2716,0
2025-06-04,DL,12478,11433,77,87,1963,0
2024-09-10,F9,13930,14771,22,36,2106,0
2024-05-31,DL,11433,14771,70,72,2057,0
2024-04-09,UA,13930,14057,91,99,1804,0
2024-08-26,UA,12892,14107,91,93,2961,0
2024-08-22,NK,11193,13204,6,3,2009,0
2025-02-25,WN,13303,15016,40,50,2384,0
2024-10-01,B6,14057,13303,-12,4,540,1
2024-09-28,WN,11298,11433,101,95,2101,0
2025-06-14,WN,14771,12478,41,40,2353,0
2025-04-26,DL,11298,11193,55,61,527,0
2024-08-17,AA,12892,10397,119,130,678,0
2025-01-20,AS,14057,10397,56,63,2504,0
2025-11-04,B6,14771,11193,8,28,360,0
2025-04-17,DL,13204,15016,111,131,1547,0
2025-01-01,F9,11433,11193,-15,-4,1369,0
2024-11-20,F9,11433,12266,31,47,2914,0
2025-08-30,B6,13930,14107,114,122,257,0
2024-06-27,UA,13930,14869,92,93,1679,0
2024-02-26,NK,13303,14107,67,59,2914,0
2025-03-23,UA,13930,14869,-2,18,1535,0
2024-07-31,WN,14771,15016,45,44,1861,0
2025-04-18,F9,14771,11433,33,27,657,0
2024-07-02,NK,15016,10397,27,18,1764,0
2024-08-25,WN,14869,12478,30,27,2056,0
2024-06-16,DL,11193,12266,105,125,2141,0
2025-05-27,UA,15016,12266,17,33,2992,0
2025-07-31,AS,14057,14107,63,73,836,0
2025-10-19,AA,15016,14057,-4,0,1940,0
2025-03-16,NK,14057,12892,103,115,528,0
2025-10-24,F9,12266,15016,67,80,2977,0
2024-07-09,AS,10397,11298,65,78,2683,0
2025-08-03,B6,11433,14771,80,91,2547,0
2025-04-16,NK,13303,12478,-9,-13,2500,0
2025-10-19,AA,11298,13303,94,106,429,0
2025-08-28,NK,11298,11193,24,29,590,0
2024-10-25,NK,13930,11433,71,75,1907,0
2025-09-11,B6,14771,14057,13,4,2646,0
2024-07-30,B6,13303,12892,92,88,1821,0
2025-05-24,F9,13930,15016,50,65,599,0
2024-01-07,AA,14107,15016,111,113,779,0
2024-06-04,AS,11298,13303,51,63,1149,0
2025-08-25,AA,12892,14869,9,26,2456,0
2024-01-25,NK,12478,11193,45,52,1229,0
2024-11-21,AS,13303,14771,34,50,2634,0
2025-11-22,B6,13930,14771,60,73,702,0
2024-12-03,NK,13303,11193,120,114,861,0
2024-03-19,DL,15016,10397,114,131,2160,0
2024-06-03,B6,14869,12892,99,101,2478,0
2024-05-19,AS,14869,12478,54,52,2774,0
2024-04-30,F9,11193,14771,46,54,2418,0
2024-07-13,AA,12266,13204,13,6,639,0
2024-11-29,DL,11433,13930,115,115,2200,0
2024-12-16,NK,11433,12266,109,121,1596,0
2025-09-05,F9,13204,14869,-13,-15,272,0
2025-10-10,AA,14057,12266,94,112,1130,0
2024-09-28,UA,12892,14869,15,20,1808,0
2024-01-03,F9,11298,14057,4,13,264,0
2024-11-08,UA,11193,14771,38,35,2547,0
2024-02-18,WN,15016,11298,104,100,2894,0
2024-05-23,B6,13204,11193,43,39,2390,0
2025-04-02,DL,14771,11433,55,56,1615,0
2025-02-08,UA,12478,11433,35,54,2779,0
2024-01-25,AS,12266,11193,111,122,2374,0
2025-05-01,DL,14107,13303,109,102,1342,0
2024-02-10,AS,14057,14869,86,80,243,0
2025-05-28,WN,14057,14107,62,71,2827,0
2025-08-28,NK,14869,14107,22,22,2664,0
2025-08-11,B6,15016,13930,100,118,828,0
2024-02-09,WN,13204,12478,112,126,1154,0
2024-07-01,F9,10397,11193,48,65,1180,0
2025-07-04,NK,12892,14057,38,31,2553,1
2025-10-12,F9,15016,13930,13,29,1328,0
2025-04-05,NK,14107,13303,92,104,2202,0
2024-03-27,AS,11193,12892,50,59,353,0
2024-05-21,WN,11298,13204,75,75,2503,0
2025-01-05,WN,13204,12892,109,124,2776,0
2024-11-23,DL,11433,14771,83,102,2382,0
2024-11-06,AA,11193,12266,55,53,671,0
2024-09-07,DL,11433,10397,64,72,2060,0
2025-09-30,WN,13204,14107,74,91,563,0
2025-02-26,AA,13930,14869,28,32,715,0
2025-10-29,WN,11298,12892,-12,1,1832,0
2025-10-11,F9,13930,13303,89,85,1492,0
2024-02-07,F9,12266,11433,35,29,2601,0
2024-10-01,AA,15016,11433,41,37,588,0
2025-04-08,UA,12266,13204,29,44,2622,0
2025-06-17,NK,14057,12478,9,6,1337,0
2025-08-25,WN,12478,15016,72,90,1572,0
2024-09-24,F9,14771,11193,-7,2,614,0
2024-12-02,B6,13303,15016,18,33,2966,0
2025-05-27,AS,10397,14107,31,45,2688,0
2025-11-06,AA,14771,15016,4,14,2147,1
2025-02-17,AA,10397,13303,13,15,647,0
2025-08-26,NK,15016,13204,117,137,1683,0
2025-09-19,B6,12892,14057,53,69,644,0
2024-11-04,AS,12266,11193,4,-4,2848,0
2024-02-24,AA,14057,14869,67,65,1789,0
2025-07-12,WN,14771,11193,48,63,2920,0
2025-09-21,B6,14869,10397,79,88,2720,0
2024-10-25,B6,13303,10397,82,100,1729,0
2024-08-28,AA,14057,13204,82,82,2314,0
2025-11-29,B6,13930,12478,97,108,707,0
2024-02-23,AA,13930,10397,79,88,1926,0
2024-10-03,DL,12478,11193,112,102,2053,0
2024-09-24,UA,12478,13303,8,1,383,0
2024-02-23,UA,11298,12478,1,9,484,0
2024-07-27,UA,10397,13303,81,96,814,0
2024-01-15,AA,13930,12478,75,85,758,0
2025-06-25,NK,14771,13930,49,66,2455,0
2024-12-27,F9,14771,12266,-8,-12,1976,0
2025-02-24,AA,13930,11433,43,57,2457,0
2025-05-11,UA,14869,13930,102,103,712,0
2024-01-04,DL,10397,14771,47,63,398,0
2025-03-17,DL,14869,13930,119,120,378,0
2025-08-30,DL,14107,12892,54,63,2972,0
2025-04-29,AA,11433,12478,36,46,716,0
2024-12-26,UA,14107,14057,52,52,1064,0
2024-02-18,WN,12266,11193,71,62,1729,0
2025-10-26,NK,12892,11298,32,33,615,0
2025-09-23,AS,14771,14057,24,36,2221,0
2025-07-03,F9,13303,11298,66,69,608,0
2024-02-03,DL,14057,14771,79,90,2996,0
2024-01-26,B6,11433,13303,-14,6,2534,0
2025-06-17,WN,14869,13930,60,70,1538,0
2024-08-10,DL,14107,12266,101,119,1528,0
2025-06-12,UA,13303,11433,64,75,2290,0
2025-04-21,F9,15016,11433,1,-2,334,0
2025-05-18,NK,11298,15016,42,37,2727,0
2025-06-03,AS,14057,12266,72,89,2805,0
2025-04-18,DL,12892,11193,61,64,2693,0
2024-08-28,UA,14107,12478,10,25,2589,0
2024-08-30,UA,13930,12266,57,53,1740,0
2024-11-24,AA,14057,13930,64,78,2952,0
2024-02-04,DL,13303,15016,54,62,2568,0
2024-08-17,DL,11193,11298,83,73,2808,0
2025-07-06,AS,15016,14107,6,13,863,0
2024-08-24,WN,11193,11298,56,74,936,0
2025-08-14,UA,13204,13930,77,76,458,0
2025-04-13,B6,14771,13930,5,11,2552,0
2025-04-18,NK,12892,12266,65,71,2827,0
2024-12-28,UA,10397,12266,112,113,2281,0
2024-06-27,F9,14057,11433,110,120,1097,0
2024-11-12,B6,12266,11433,98,92,553,0
2024-08-31,DL,14869,14107,5,-1,356,1
2024-12-28,NK,13303,11193,70,80,2280,0
2025-09-21,F9,11193,14869,-1,-9,1122,0
2024-03-12,UA,14771,12892,40,55,2333,0
2024-10-13,NK,12266,13303,78,94,1541,0
2024-10-03,WN,14057,14869,28,48,540,0
2025-08-11,DL,12892,15016,115,121,2443,0
2024-08-24,NK,11298,14107,18,28,403,0
2025-06-12,DL,11433,11298,63,70,521,0
2025-11-26,WN,12892,11433,44,43,1889,0
2025-09-06,AS,14057,11298,-2,-2,463,0
2025-08-08,DL,13204,14771,99,92,2322,0
2025-04-26,F9,11433,14771,13,31,1655,0
2025-03-19,AA,14057,11433,1,15,2095,0
2025-03-16,UA,14057,11298,67,59,1185,0
2024-03-12,NK,14057,10397,-9,-4,1811,0
2025-01-30,AS,13303,15016,80,73,1478,0
2025-10-18,WN,10397,14869,-14,-14,1939,0
2025-09-01,AA,14869,14107,84,104,636,0
2024-11-21,NK,12478,11193,79,73,2563,0
2024-05-15,AS,12892,14057,9,23,1900,0
2024-08-13,DL,12892,15016,64,84,1371,0
2024-02-22,B6,15016,12478,54,71,2525,0
2025-02-11,NK,11193,14869,76,88,2049,0
2025-04-19,NK,13204,12266,46,60,1854,0
2024-11-26,NK,14107,12266,91,91,1370,0
2025-08-22,F9,15016,11298,-2,3,2808,0
2024-06-03,F9,10397,14057,113,110,538,0
2024-04-28,DL,14107,14771,52,47,2228,0
2025-03-09,AA,11433,11193,-5,14,960,0
2025-10-25,NK,12266,11298,106,116,1784,0
2025-11-30,B6,11193,15016,108,111,2395,0
2024-12-26,DL,12892,13930,109,100,1255,0
2024-12-03,DL,11193,11433,71,84,2044,0
2024-05-13,AA,11298,12266,-10,-2,2213,0
2025-02-14,AA,13930,11298,8,20,2280,0
2025-02-09,AS,14771,14057,10,25,2657,0
2025-08-04,DL,10397,12892,72,70,1107,0
2025-11-04,B6,12892,12266,35,39,491,0
2025-01-19,B6,13303,10397,83,96,656,0
2024-09-15,WN,14869,11298,96,87,1613,0
2024-04-13,AA,14771,12478,49,42,721,0
2024-07-01,UA,13930,11298,110,114,1841,0
2025-08-29,UA,13204,12266,21,11,1291,0
2024-06-16,F9,15016,11193,2,21,2742,0
2025-10-04,AS,13204,12478,23,25,2778,0
2025-10-19,NK,13204,11298,67,71,1783,0
2025-07-22,AA,12892,13204,78,78,1845,0
2025-07-02,UA,11433,14057,91,110,1190,0
2024-03-30,NK,15016,14771,104,98,2098,0
2025-10-09,AS,12478,11193,-1,6,2785,0
2024-03-09,AS,14107,11433,103,108,1144,0
2024-11-25,AA,13204,12892,73,91,2026,0
2024-06-12,B6,11433,11298,87,107,1807,0
2025-08-01,UA,11298,11433,82,79,2868,0
2025-10-22,F9,15016,10397,19,31,2984,0
2025-03-11,F9,11193,13303,8,13,708,0
2025-02-04,AS,11193,10397,16,9,1561,0
2024-02-29,WN,14057,11433,23,33,2138,0
2025-06-29,B6,11433,12478,46,38,2025,0
2025-07-30,B6,10397,14107,110,108,523,0
2024-05-06,B6,12266,15016,112,110,1682,0
2024-03-11,AA,14107,11433,17,9,675,0
2024-05-01,B6,12478,11298,114,119,1164,0
2025-10-12,F9,12266,11193,13,31,1468,0
2024-02-01,DL,12478,13930,50,57,967,0
2025-01-07,NK,12478,11298,66,69,2226,0
2025-11-09,WN,12266,12892,55,74,1409,0
2025-09-04,AS,11433,14869,75,92,1668,0
2024-06-15,AS,14107,12266,99,99,395,0
2024-06-02,F9,12892,14869,49,47,1019,0
2025-01-11,AS,12892,13303,103,116,2711,0
2025-01-21,NK,14869,10397,82,89,1984,0
2024-05-27,NK,14107,13303,98,88,975,0
2024-12-09,F9,13303,13930,-11,-7,1853,0
2024-01-30,B6,15016,12892,29,45,256,1
2024-07-17,WN,12478,11298,19,18,736,0
2025-02-02,AS,11433,11193,94,110,270,0
2024-09-05,B6,14107,14057,26,37,2669,0
2025-06-16,NK,12478,11433,49,40,2672,0
2025-02-19,DL,10397,14869,88,79,1063,0
2024-08-31,WN,15016,10397,57,76,972,0
2024-06-21,AA,15016,12478,75,89,1400,0
2024-06-15,UA,12478,12892,37,30,1785,0
2025-01-27,AS,11433,13303,50,45,2315,0
2024-11-22,WN,11193,14107,100,101,991,0
2024-08-17,B6,14869,11298,10,25,1518,0
2025-07-20,AA,12892,15016,112,110,1369,0
2025-03-06,F9,13930,11433,97,99,1565,0
2024-07-05,AA,11433,13930,-15,-1,2205,0
2025-09-19,B6,13303,12266,108,122,1591,0
2025-01-12,B6,11433,11298,102,120,771,0
2025-04-29,F9,14869,12478,-12,8,2570,0
2025-01-11,NK,10397,12266,116,113,2004,0
2024-04-20,WN,14771,13303,92,88,1286,0
2024-04-03,AA,11193,14107,3,4,1642,0
2024-02-17,NK,12266,14107,46,44,215,0
2024-06-13,DL,12892,14057,84,93,1510,0
2024-08-04,WN,14869,14057,66,63,333,0
2024-06-06,B6,12892,12478,52,43,2055,0
2024-08-13,UA,12266,12892,116,120,2777,0
2024-07-20,NK,13303,11298,88,97,2823,0
2025-03-29,F9,10397,14057,107,120,374,0
2024-04-12,F9,13204,13303,107,116,1093,1
2025-02-21,AA,14107,14771,51,62,478,0
2025-08-05,UA,12478,11298,-3,-8,2737,0
2024-06-22,B6,12892,12478,69,80,2128,0
2025-04-27,NK,10397,11433,8,24,1457,0
2024-07-17,WN,14107,11298,40,48,1927,0
2024-04-07,AS,14869,13303,37,42,2739,0
2025-09-01,F9,12892,13204,15,15,1269,0
2025-02-28,WN,14771,13303,5,11,1695,0
2024-08-05,NK,12266,14771,93,111,541,0
2025-04-05,AS,11193,13303,33,37,2573,0
2024-10-24,DL,11433,12892,111,121,1235,0
2024-05-12,NK,15016,14057,75,67,1290,0
2025-06-21,B6,12266,11433,18,34,2165,0
2024-05-02,AA,12892,14869,78,72,1358,1
2025-11-05,F9,13303,15016,73,70,2574,0
2025-09-08,WN,12266,13204,4,10,1370,0
2025-08-03,F9,13204,15016,2,6,337,0
2025-04-07,AS,13303,14869,-8,-2,1965,0
2025-08-02,WN,12266,14771,105,120,701,0
2024-01-24,F9,14869,13303,101,108,786,0
2024-03-03,AA,14057,14869,35,25,1684,0
2024-11-09,F9,13930,12892,97,116,1474,0
2024-05-03,AA,14107,13303,68,71,1041,1
2024-06-24,F9,14057,13204,48,67,760,0
2025-01-23,B6,14869,12478,40,57,1711,0
2024-05-30,NK,13303,12892,26,23,829,0
2024-10-28,WN,14869,13303,-14,-20,508,0
2025-10-15,AA,13303,13930,50,40,1756,0
2024-03-25,AS,14057,15016,24,25,446,0
2024-06-30,AA,12266,11298,5,10,2920,0
2024-05-18,NK,12892,15016,18,25,1158,0
2024-07-29,DL,14771,14057,53,61,1180,0
2025-01-31,B6,12892,13303,40,51,1799,0
2025-02-19,AA,14057,12478,47,48,1508,1
2025-08-16,UA,13303,11193,84,84,926,0
2025-06-13,F9,11193,11298,107,107,252,0
2025-06-09,F9,10397,13930,75,81,2674,0
2024-01-17,AS,14869,11433,14,9,674,0
2025-06-07,F9,15016,14869,15,8,774,0
2024-10-20,B6,11298,10397,11,9,2277,0
2024-05-03,NK,11298,11433,1,4,2641,0
2024-08-15,AS,14771,14107,39,46,1305,0
2024-09-07,DL,14107,14771,21,32,2885,0
2024-10-06,WN,13303,12266,52,55,2771,0
2024-01-11,F9,13204,12266,40,50,316,0
2025-04-30,NK,12892,14107,108,107,800,0
2024-10-02,F9,12892,13930,44,52,2985,0
2024-09-06,WN,14057,11433,113,118,881,0
2025-06-26,WN,14771,11298,84,104,1510,0
2024-03-19,B6,14057,15016,75,74,665,0
2024-12-11,WN,11193,13303,105,120,2013,0
2024-03-14,UA,11193,11298,32,51,2582,0
2025-04-03,F9,11193,14057,64,62,1784,0
2024-11-01,UA,11433,11193,2,9,2913,0
2025-01-16,WN,14057,14771,28,48,220,0
2025-07-26,AA,11298,14771,99,107,2129,0
2025-10-02,AS,11298,14869,19,21,2819,0
2025-10-29,AA,11433,14869,79,75,2952,0
2024-07-05,AS,14107,11433,18,16,368,0
2025-01-24,F9,13303,14107,92,83,1634,0
2025-05-24,WN,15016,13303,99,117,1144,0
2025-08-19,NK,12266,13303,-12,4,1952,0
2025-04-03,NK,14107,15016,-11,4,1090,0
2025-06-24,AA,14057,13204,64,76,2479,0
2025-08-22,AA,12478,10397,18,21,2534,0
2024-05-08,UA,11193,15016,12,12,2044,0
2024-09-02,F9,10397,14771,68,82,2618,0
2024-07-17,B6,11433,14869,-8,-10,632,0
2025-06-06,WN,13930,11298,11,8,724,0
2025-02-06,DL,10397,14107,65,74,2053,0
2025-06-14,UA,13303,11298,23,19,347,0
2025-10-01,WN,11193,10397,103,97,1529,0
2024-03-29,AS,11298,14771,12,14,1002,0
2024-12-02,F9,11193,14869,6,23,1519,0
2024-04-28,WN,13930,12892,100,106,388,0
2025-01-13,B6,14869,15016,108,113,839,0
2024-04-22,NK,12266,14107,34,54,1831,1
2025-09-19,NK,12478,11433,11,26,2025,0
2024-10-09,DL,14057,14107,32,38,2196,0
2025-08-22,NK,13204,12892,39,38,1462,0
2025-01-09,F9,14057,14107,23,34,994,0
2024-05-21,UA,13204,11433,59,55,2403,0
2024-08-09,F9,11433,14107,-2,-6,1636,0
2024-08-06,WN,13303,13930,98,108,1838,0
2025-10-11,UA,13930,12266,-6,-9,1733,0
2024-10-02,AA,10397,13204,92,105,361,0
2025-09-20,WN,11298,12478,30,41,1594,1
2024-05-06,WN,12892,14771,60,76,403,0
2025-09-13,WN,14771,11433,106,96,398,0
2025-02-07,B6,14869,13930,44,56,972,0
2024-07-21,AS,12892,11193,-4,4,1887,0
2024-06-03,DL,10397,13303,108,127,2364,0
2024-12-10,AS,14107,14869,16,36,2118,0
2024-08-24,WN,14107,14057,104,115,297,0
2024-09-09,NK,14107,13303,33,53,2210,0
2025-05-06,WN,11298,11433,0,-8,2408,0
2025-11-07,WN,12478,11298,81,73,508,0
2025-08-11,B6,11193,14771,81,86,2143,0
2025-02-03,WN,12478,14869,76,83,1852,0
2024-09-14,AA,12266,14771,74,75,845,0
2024-03-18,AA,12266,11193,67,85,965,0
2025-09-11,AA,11433,13930,95,88,2281,0
2025-11-25,NK,12266,10397,32,40,2047,0
2025-09-27,AA,11193,10397,79,78,1249,0
2024-07-16,WN,13204,14057,77,89,2151,0
2025-01-30,AA,10397,14771,65,83,2840,0
2025-04-20,AA,13930,11298,83,101,2529,0
2025-11-08,WN,14107,13930,106,124,2703,0
2024-11-06,AS,10397,14107,2,6,784,0
2024-07-12,NK,14771,14869,30,43,2834,0
2025-10-17,NK,10397,13930,7,27,1670,0
2024-01-31,AS,12892,11433,23,28,2490,0
2024-06-13,UA,10397,12478,-13,-13,384,0
2025-07-22,AS,14869,12478,-10,3,482,0
2025-08-04,DL,15016,11193,16,10,2998,0
2025-03-30,F9,14057,13303,-14,-16,1652,0
2025-02-26,B6,11433,10397,12,16,446,0
2025-10-10,AA,13930,15016,70,67,1869,0
2025-07-03,F9,14107,15016,82,99,1742,0
2025-03-14,AA,14771,14057,12,4,575,0
2024-01-31,AA,11298,14107,115,118,2100,0
2024-04-23,B6,11433,10397,66,74,2163,0
2024-03-10,NK,11433,14771,103,107,1659,0
2025-07-22,AS,11433,14869,11,22,1904,0
2024-12-15,B6,10397,13204,73,81,1317,0
2025-08-27,UA,11433,13930,26,39,1472,0
2025-10-15,WN,12266,12892,91,108,863,0
2024-01-22,F9,13204,15016,69,66,1282,0
2025-01-14,DL,13930,11298,-12,-13,2309,0
2025-11-09,DL,10397,14057,13,17,2478,0
2025-10-07,AS,13303,12266,118,123,1976,0
2024-02-21,AA,13930,12266,62,74,1570,0
2025-07-16,F9,13303,11433,4,7,1509,0
2025-01-20,UA,13930,12478,97,113,2356,0
2025-03-07,AA,13303,13204,83,94,2392,0
2024-07-16,AS,12478,12266,29,20,1731,0
2024-10-12,WN,14771,13303,48,68,2032,0
2024-12-14,DL,14057,15016,72,70,1788,0
2024-06-03,AS,13930,13204,45,54,2696,0
2024-07-01,NK,14057,14869,0,-10,2404,0
2024-04-03,UA,13204,14869,25,25,2310,0
2024-08-29,F9,14057,11433,112,112,2446,0
2025-07-16,AA,14771,14057,74,70,2879,0
2025-11-04,NK,12892,12478,-13,-7,2477,0
2025-04-30,DL,13204,11193,61,58,1193,0
2025-10-06,B6,13303,10397,-1,19,1988,0
2024-06-28,NK,14771,12266,-6,-5,1725,0
2025-05-21,UA,11433,11298,31,45,1489,0
2025-10-05,AS,11433,12892,12,22,2381,0
2025-03-31,NK,12892,11298,98,105,2761,0
2024-07-18,AA,12478,13303,110,124,1560,0
2025-09-07,AA,13303,15016,40,31,1844,0
2024-12-03,UA,10397,15016,-13,-7,1682,0
2025-03-07,DL,10397,14771,5,-5,1618,0
2025-02-12,UA,11433,11193,33,31,1784,1
2025-08-04,AS,14057,10397,25,19,1893,0
2024-06-10,DL,12892,11433,68,77,2716,0
2024-05-12,UA,13930,10397,60,64,2377,0
2025-10-25,WN,14869,14107,57,77,2777,0
2025-10-03,DL,11298,12478,50,43,2653,0
2025-10-10,B6,13930,13303,103,97,1370,0
2024-11-09,AS,14771,11298,29,21,294,0
2024-08-26,NK,11298,11433,-13,-11,1114,0
2024-09-03,NK,14057,11433,42,48,1107,0
2025-11-19,UA,11433,13930,-7,-3,2136,0
2024-05-28,AS,11433,12478,107,99,2983,0
2025-07-19,WN,10397,11193,16,9,1618,0
2024-02-15,NK,13930,14771,88,93,2229,0
2024-02-26,AS,12266,11298,60,75,2643,0
2024-06-04,DL,14107,11193,113,122,2325,0
2024-09-06,DL,14057,15016,2,20,1687,0
2024-11-21,F9,15016,11433,100,96,1304,0
2025-09-23,UA,12478,10397,106,109,604,0
2024-07-22,B6,11193,12478,0,-9,2333,0
2024-09-27,B6,14057,13930,80,83,2389,0
2025-05-30,AA,14771,11193,118,117,2083,0
2025-08-21,AA,14771,12266,-8,-9,678,0
2024-03-25,B6,12478,10397,76,88,2997,0
2024-12-03,B6,12892,12266,82,100,1033,0
2024-12-26,WN,12266,13303,19,24,1140,0
2024-11-12,DL,14869,14107,17,29,437,0
2025-12-01,DL,14057,12892,95,96,2831,0
2025-05-20,AA,14771,13303,33,47,2617,0
2024-08-31,AS,13204,14771,101,111,2728,0
2024-05-29,DL,12892,14771,99,108,1147,0
2025-06-25,AS,14771,11298,114,122,1510,0
2025-11-18,AA,11193,13303,109,129,821,0
2025-10-30,AS,12892,14771,64,58,2759,0
2025-08-07,B6,11193,13303,85,101,996,1
2025-07-19,WN,14107,11298,-7,9,1572,0
2025-11-14,F9,12892,11193,98,99,1845,0
2025-04-05,WN,12478,12892,-3,14,2380,0
2024-02-24,UA,11298,11433,62,74,2257,0
2025-11-05,AA,12266,14057,66,80,1665,0
2025-04-02,NK,12892,11193,66,81,2269,0
2025-04-04,DL,11433,12266,91,100,204,0
2025-02-17,AS,13930,14771,94,106,1210,0
2024-02-26,AS,14869,11193,81,90,1796,0
2024-04-05,NK,14057,10397,20,31,2822,0
2025-05-25,AS,10397,13930,46,56,2282,0
2025-11-20,AA,10397,11433,16,25,935,0
2025-05-26,DL,11193,14107,6,-4,1099,0
2024-08-22,NK,13204,15016,1,4,568,0
2024-01-01,NK,14771,14869,21,33,1631,0
2024-08-01,B6,13930,11433,-1,-10,301,0
2025-07-09,NK,12266,14771,103,100,2254,0
2025-02-14,UA,12478,12266,26,25,1950,0
2024-09-15,AA,11433,12892,-10,-5,1615,0
2025-08-26,AA,11433,13303,103,98,1283,0
2025-08-01,WN,11193,10397,23,36,426,0
2025-05-29,DL,14057,13303,82,76,1998,0
2025-07-27,WN,14107,12892,51,55,1792,0
2025-08-25,F9,10397,11193,10,15,2930,0
2025-03-11,WN,14869,14057,120,128,1938,0
2025-03-21,B6,13930,11298,84,86,774,0
2025-07-01,NK,11193,11298,66,85,1334,0
2025-04-05,NK,12266,14107,118,109,2205,0
2025-08-08,B6,13303,11298,67,78,1897,0
2025-08-15,NK,11193,13204,75,88,695,0
2025-03-02,F9,11298,11433,71,61,451,0
2025-06-14,DL,15016,13204,99,101,1352,0
2024-09-01,AA,14869,15016,69,59,1622,0
2025-11-23,DL,11193,13303,-10,-1,816,0
2024-04-08,DL,12266,14107,14,15,915,1
2024-05-13,NK,13303,11193,73,78,1086,0
2024-07-14,F9,10397,12892,48,54,1605,0
2024-10-24,DL,10397,14771,-4,-1,343,0
2024-03-23,DL,14771,15016,91,95,299,0
2025-02-23,UA,12892,14107,39,41,579,0
2025-10-25,B6,12266,12892,-5,10,837,0
2024-08-22,WN,14057,11193,84,83,751,0
2024-08-01,AA,15016,14869,84,83,2098,0
2024-10-18,F9,13204,11433,79,79,417,0
2025-02-01,F9,14771,12266,39,52,596,0
2025-10-14,AS,12892,11193,64,55,2859,0
2025-01-04,DL,11193,10397,2,6,2440,0
2025-11-01,F9,14057,12478,84,103,2560,0
2025-01-11,F9,11433,15016,70,67,1536,0
2024-12-10,DL,14771,10397,54,64,1536,0
2025-10-24,WN,14057,13930,119,133,1599,0
2024-08-29,NK,14057,10397,53,68,2029,0
2024-07-05,DL,12892,11298,24,16,2680,0
2025-05-24,AS,14771,11193,23,13,2761,0
2025-01-16,UA,12266,11298,68,76,1292,0
2024-08-17,UA,12478,11298,79,69,363,0
2024-05-03,AS,14771,11433,65,57,2607,0
2024-07-13,F9,14771,13204,115,117,2119,0
2024-12-06,UA,13930,12892,39,30,517,0
2024-10-12,F9,13204,14057,109,107,2027,0
2024-01-08,AS,10397,13204,69,74,387,0
2025-02-15,NK,12892,12478,117,108,1019,0
2025-01-21,AS,14107,11298,29,28,2917,0
2024-05-08,B6,11433,13303,16,13,2948,0
2024-09-20,WN,11433,14107,52,45,2454,0
2025-05-15,AS,13204,14771,-6,-9,1892,0
2025-11-09,UA,11298,14107,62,52,1921,1
2024-02-26,WN,11433,12266,21,31,2236,0
2025-11-28,NK,12266,11298,25,28,1791,0
2025-09-15,NK,15016,13930,27,18,2157,0
2024-11-11,AA,13204,11433,108,108,2357,0
2025-08-13,WN,13303,12478,-7,9,2702,1
2024-02-11,AA,13930,11193,72,90,494,0
2025-07-11,AA,13303,10397,55,64,1326,0
2025-05-14,WN,14057,12892,54,69,487,0
2025-04-29,AA,14869,13303,71,71,817,0
2024-05-05,DL,14771,10397,85,82,2279,0
2025-01-28,WN,12478,13930,11,21,2750,0
2025-10-04,NK,14771,11433,110,107,703,0
2025-02-09,F9,11298,10397,34,47,2339,0
2024-06-07,DL,15016,11193,13,12,1376,0
2024-05-23,UA,14771,15016,83,86,1257,0
2025-07-16,UA,12266,11298,43,44,1716,0
2024-06-02,DL,14771,14869,64,72,373,0
2024-12-04,AA,12892,10397,25,15,2687,0
2025-08-02,UA,12892,14869,27,39,2651,0
2025-10-15,UA,12266,14771,120,140,2149,0
2025-11-22,AA,13204,14869,42,61,2159,0
2025-05-17,AS,11433,14107,104,123,214,0
2024-06-24,DL,13303,10397,116,121,1684,0
2024-08-09,AA,11433,13303,54,71,2951,0
2024-12-10,WN,14057,14771,37,48,1271,0
2024-10-22,WN,13930,12892,92,91,2497,0
2024-11-17,AS,12478,14771,-1,16,1990,0
2025-10-26,AA,10397,14107,7,10,835,0
2025-07-16,B6,14107,11298,16,21,970,0
2024-12-01,AA,14869,12266,97,102,663,0
2024-08-22,F9,14107,12266,112,107,904,0
2025-06-18,F9,15016,11193,53,48,2227,0
2024-08-29,B6,13303,13204,33,32,774,0
2025-11-27,NK,13930,14869,59,76,336,0
2024-02-11,AS,12266,14107,17,12,945,0
2024-03-09,UA,14107,13930,-12,-1,1182,0
2025-11-19,NK,12266,14771,76,92,2573,0
2024-01-10,AS,14107,14771,85,97,961,0
2025-01-21,AA,14771,11193,115,125,381,0
2024-11-21,AS,13303,11298,116,118,2286,0
2025-11-21,DL,11298,10397,99,119,1963,0
2025-02-11,NK,11298,12892,56,62,891,0
2025-11-30,AS,10397,11298,31,29,2140,0
2025-09-30,DL,11298,14057,9,3,2424,0
2024-06-11,AS,15016,12266,88,107,1357,0
2025-03-28,NK,14771,14869,112,128,640,0
2025-11-21,NK,15016,13204,-7,-2,320,0
2024-05-27,AA,12892,11193,20,26,1972,0
2025-10-05,WN,14869,11298,54,74,2110,0
2024-02-18,UA,13930,11193,-4,-6,1185,0
2025-10-11,AS,11298,12892,33,30,2973,0
2025-04-12,AA,10397,13303,32,25,208,0
2025-02-27,NK,13930,12266,115,116,1727,0
2024-01-10,UA,12266,12892,44,40,315,0
2025-01-06,F9,11193,13204,25,29,1518,0
2024-03-01,WN,14107,13930,-15,-18,2880,0
2024-07-20,NK,14057,12266,34,36,899,0
2025-03-25,AS,11298,14057,52,43,841,0
2024-07-01,DL,12266,11193,97,102,1303,0
2024-06-10,AA,13303,11433,64,80,504,0
2024-08-11,NK,15016,13930,27,37,1405,0
2025-07-05,AA,13930,11298,11,27,2199,0
2025-08-12,F9,11433,13303,16,30,2818,0
2024-07-18,NK,13204,14869,15,29,1080,0
2025-06-25,NK,14057,13930,75,91,790,0
2025-02-05,B6,14771,10397,81,96,1767,0
2024-02-26,WN,14057,12478,94,109,2566,0
2024-10-19,WN,14771,13930,47,64,1996,0
2024-12-18,UA,13930,14771,38,57,2992,0
2024-01-17,AS,10397,12892,67,59,2919,0
2024-08-03,AS,14107,12478,96,93,2430,0
2025-05-10,B6,12892,11193,16,16,673,0
2024-05-03,F9,14869,14107,6,-1,2764,0
2025-07-07,AA,14057,10397,111,124,736,0
2025-03-21,AS,12478,15016,118,132,903,0
2025-07-01,AS,11193,13930,43,44,877,0
2024-02-29,AS,13303,13204,13,19,1106,0
2024-05-06,NK,13303,11298,73,68,1642,0
2024-07-04,AA,11433,11298,45,47,2794,0
2025-06-19,B6,14057,11298,55,61,261,0
2024-03-01,NK,13303,11193,94,85,517,0
2024-03-13,NK,11193,13303,82,102,2444,0
2024-11-30,UA,11433,10397,86,80,1171,0
2025-09-02,NK,14771,14869,25,38,837,0
2024-08-17,NK,11298,12892,77,67,1011,0
2024-10-25,B6,13204,10397,65,80,2352,0
2025-02-18,AA,12266,12478,4,5,1740,0
2025-10-20,WN,11433,15016,81,92,2825,0
2024-08-29,AS,15016,10397,16,26,1768,0
2025-07-31,F9,15016,11433,38,40,1302,0
2024-08-09,AA,13204,10397,4,24,2403,0
2024-01-23,B6,14107,13930,19,15,1507,0
2024-02-12,AS,13930,14057,63,68,1563,0
2025-01-13,F9,13204,14771,49,43,1217,0
2024-01-18,AS,14869,11433,119,118,2392,0
2024-02-19,B6,10397,11193,115,115,219,0
2024-04-06,DL,11193,13930,19,10,2411,0
2025-09-08,B6,15016,14771,109,113,816,0
2025-06-16,NK,12478,14107,24,36,2910,0
2024-11-23,WN,14771,15016,18,30,1421,0
2025-01-27,F9,11298,11193,21,23,1123,0
2024-10-21,F9,14869,11298,75,75,212,0
2025-06-05,F9,13204,11433,107,119,2522,0
2025-07-03,B6,10397,12478,62,72,2181,0
2024-01-19,F9,11298,14869,116,115,231,0
2024-03-17,NK,11298,15016,6,20,1887,0
2025-10-26,WN,13930,12266,38,44,1910,0
2025-08-08,DL,13303,11193,82,79,2684,0
2025-03-28,WN,14057,14771,89,103,240,0
2025-09-09,F9,14057,13930,11,24,334,0
2024-12-24,DL,11193,11433,61,57,2278,0
2024-10-19,UA,11193,13930,37,32,2015,0
2025-02-05,UA,10397,11433,99,97,1132,0
2024-05-22,B6,12478,12892,-8,-10,2768,0
2024-06-08,UA,10397,12892,28,27,1089,0
2024-06-22,AA,11298,11433,87,104,1326,0
2024-08-20,WN,14869,14771,105,100,2885,0
2024-06-02,F9,10397,14107,-10,-7,2491,0
2024-01-13,AA,12266,13303,102,107,1146,0
2025-10-02,F9,14057,11193,95,103,1952,0
2025-07-16,F9,14869,12478,-15,-20,2769,0
2025-08-27,AA,11193,11298,4,6,2769,0
2025-02-18,B6,14771,11193,33,45,1933,0
2025-08-22,F9,14107,11193,46,46,374,0
2024-03-04,AA,13930,10397,74,78,2969,0
2024-01-26,F9,13930,10397,102,106,2463,0
2025-06-15,F9,13204,14771,80,70,1024,0
2024-04-04,UA,11193,12478,-5,-1,2379,1
2025-08-05,UA,12892,13930,82,86,2678,0
2024-06-24,F9,14869,12478,106,104,1904,0
2024-09-16,B6,11193,10397,39,43,704,0
2024-12-04,B6,13204,11193,70,83,2689,0
2025-09-18,AS,14107,12266,107,98,2244,0
2025-09-28,NK,14869,11433,0,-8,2276,0
2024-04-26,F9,13303,14869,109,105,1925,0
2024-10-17,DL,11193,10397,111,113,937,0
2025-01-19,DL,12266,14869,119,136,302,0
2024-06-05,F9,14869,15016,119,114,1261,0
2025-09-29,AA,14057,14869,106,123,203,0
2025-06-27,WN,11298,15016,37,36,1476,0
2025-01-11,B6,15016,13204,-1,-2,1417,0
2025-03-12,AS,13930,14771,-11,7,2724,0
2024-02-18,NK,11433,13204,29,48,642,0
2024-02-16,DL,14107,13930,-13,-13,1176,1
2025-03-26,F9,10397,14107,3,15,1351,0
2025-09-19,WN,13204,11298,104,110,1485,0
2025-11-02,WN,14771,15016,-3,-1,2568,0
2025-07-03,UA,12892,11193,-6,-14,2654,0
2025-07-08,UA,12266,11298,98,112,2760,0
2024-02-18,F9,13204,14771,-3,3,1132,0
2024-02-13,WN,12892,12266,-12,-18,2099,0
2024-06-15,B6,13930,13204,8,18,1955,0
2024-10-31,AA,11193,11433,74,75,2136,0
2024-11-21,WN,13303,12892,32,43,2052,0
2024-07-12,B6,13204,10397,104,94,2451,0
2024-02-20,NK,14057,12478,30,37,297,0
2024-05-22,F9,14771,14057,18,36,2788,0
2024-11-07,NK,14057,12892,90,82,813,0
2024-12-07,NK,12892,11193,3,4,2006,0
2024-06-12,AA,13930,15016,97,112,2687,0
2024-09-10,UA,14107,13930,55,64,465,0
2024-09-01,F9,14869,14771,45,47,450,0
2025-09-05,AA,13930,15016,39,30,1748,0
2025-11-07,AA,12266,13303,-3,12,1356,0
2024-08-25,B6,13303,14057,60,79,1214,0
2024-11-09,NK,13303,13204,87,87,231,0
2025-09-12,DL,13930,12892,80,95,1478,0
2024-12-02,AA,11298,11433,43,55,2580,0
2024-06-06,F9,11193,11433,42,38,994,0
2025-06-25,UA,11433,13303,35,41,2298,0
2024-06-26,AS,12266,13930,106,122,1508,0
2025-07-10,B6,12478,13930,117,137,1339,0
2024-03-29,AS,12478,15016,44,38,2703,0
2024-10-25,WN,11193,15016,67,66,460,0
2024-08-03,AS,11433,13303,-10,-4,1051,0
2025-06-01,AA,12266,14771,97,112,577,0
2025-05-20,WN,14771,11193,84,98,1742,0
2025-10-05,B6,12266,12892,104,102,1160,0
2024-06-07,NK,13303,11193,24,43,2248,0
2024-07-12,F9,11193,13204,0,9,352,0
2025-09-03,WN,14107,15016,55,54,1180,0
2025-04-16,NK,13204,10397,-12,-7,357,0
2024-10-16,AA,12266,11193,35,55,1129,0
2024-05-31,B6,14771,14057,60,63,2119,0
2024-06-05,F9,14057,14771,71,83,1429,0
2024-06-24,AS,12892,14771,50,60,220,0
2025-03-31,NK,13930,13204,26,38,1557,0
2025-11-03,B6,13204,11193,5,10,1145,0
2024-08-03,AS,12478,12266,21,34,914,0
2025-01-13,B6,13204,12478,74,77,631,0
2025-01-31,NK,13930,12892,3,3,389,0
2024-09-27,DL,13303,15016,-5,-12,2306,0
2024-10-21,AA,12478,11298,109,103,2330,0
2024-04-20,B6,13303,14869,40,59,2465,0
2025-06-07,AS,14107,12892,-7,-8,847,0
2025-04-27,B6,12892,14107,102,107,2322,0
2024-10-22,WN,12478,13930,94,96,1695,0
2024-01-11,UA,13204,14771,42,37,206,0
2025-03-20,UA,12478,13204,-14,-3,2433,0
2025-02-27,UA,12478,10397,31,31,1126,0
2024-09-08,AA,11193,12266,72,89,2096,0
2025-02-20,UA,11193,12478,-3,9,1856,0
2024-04-16,NK,10397,14771,112,123,1137,0
2025-10-05,WN,15016,11193,30,39,826,0
2024-12-04,AA,13303,13930,17,27,942,0
2024-02-18,WN,12892,11298,16,28,1171,1
2025-03-26,NK,15016,13204,117,113,224,0
2024-07-09,WN,11298,12478,104,97,388,0
2024-04-07,WN,14771,13303,102,94,1916,0
2025-08-14,AA,12478,11193,59,60,673,0
2024-08-28,AS,15016,14057,22,31,2974,0
2024-12-28,AS,12266,12478,1,-5,318,0
2024-06-16,AS,13930,14771,73,85,375,0
2024-09-15,UA,13303,12892,-9,7,2005,0
2024-02-21,UA,12892,14869,0,13,301,0
2024-12-25,AA,12892,15016,100,98,2671,0
2025-04-13,WN,12478,12266,81,71,1391,0
2024-10-06,AA,11433,11193,44,40,731,0
2025-07-20,AS,13930,14771,104,112,1674,0
2025-04-09,WN,15016,14107,78,97,2619,0
2025-11-11,DL,13930,11193,-15,1,1878,0
2024-08-01,UA,14107,11298,-9,-8,1185,0
2024-06-04,NK,14771,14107,43,41,2531,0
2025-08-06,AS,14107,13204,22,24,2324,0
2024-10-31,AS,13303,12266,66,75,819,0
2024-12-07,NK,12266,13204,65,60,1747,0
2024-06-13,AA,14057,12478,-14,-24,1812,0
2024-05-02,B6,13303,12892,74,74,2876,0
2025-11-22,B6,13303,11193,57,73,806,0
2025-05-20,DL,11433,11193,76,73,595,0
2025-07-30,AS,14107,10397,48,44,1739,0
2025-04-26,UA,13303,13204,27,47,589,0
2024-03-24,AS,12478,13930,78,90,1836,0
2024-12-26,DL,13204,12266,45,45,1645,0
2024-05-31,NK,14869,14107,42,56,911,0
2024-06-04,DL,13930,12892,113,116,2206,0
2025-06-11,AS,14107,12892,88,83,1250,0
2024-11-17,NK,11193,14869,93,107,285,0
2024-07-19,DL,14107,15016,42,42,2524,0
2025-06-06,NK,12266,14107,70,90,1262,0
2025-09-22,B6,11433,14107,52,45,729,0
2025-06-17,F9,15016,14869,80,79,285,1
2025-09-03,DL,13204,13930,40,47,1715,0
2025-10-07,F9,13303,13204,56,60,2680,0
2024-01-26,NK,15016,13204,54,47,2479,0
2025-04-10,B6,12266,12892,93,94,2010,0
2024-01-23,F9,11298,10397,-4,-4,279,0
2024-12-23,AA,14771,10397,8,20,2362,0
2024-05-14,AS,12266,12892,8,17,1644,0
2024-04-05,DL,15016,12266,94,88,644,0
2025-06-22,F9,11298,13204,88,93,2073,0
2024-05-15,B6,14057,14107,-14,-16,2648,0
2025-10-21,DL,11433,14771,75,69,2486,0
2025-06-15,DL,11193,14057,17,24,318,0
2024-01-01,AS,12478,10397,108,104,2133,0
2024-12-23,AS,11433,11298,-14,4,378,0
2025-11-02,B6,12266,11298,18,28,1490,0
2024-09-22,B6,14771,13204,42,57,1997,0
2024-06-25,F9,11193,12892,-13,4,1221,0
2024-09-01,NK,12266,13930,62,59,403,0
2025-08-26,AS,12892,13204,109,112,1741,1
2025-03-31,WN,14057,12266,57,64,1664,1
2024-06-27,DL,13930,13204,15,13,985,0
2024-06-02,DL,13204,11433,63,64,1632,0
2024-10-24,WN,11298,13930,82,81,1104,0
2025-06-24,AS,12892,11298,65,74,900,1
2024-10-25,NK,12478,15016,62,73,916,0
2025-04-19,UA,10397,11298,-4,11,1190,1
2024-11-18,UA,12892,10397,51,45,1971,0
2025-02-16,DL,12892,12266,41,61,2978,0
2024-01-16,F9,13930,14869,112,104,796,0
2025-03-19,DL,11433,13303,5,19,2884,0
2024-03-18,AA,12266,13303,46,38,1446,0
2024-08-04,NK,14057,12478,103,103,832,0
2025-11-05,UA,11298,13303,31,45,2009,0
2024-02-26,AS,11433,14771,99,98,1865,0
2025-08-26,DL,14057,13930,19,35,1498,0
2025-01-08,NK,14057,10397,-1,8,1016,0
2025-08-11,DL,15016,14107,31,33,2157,0
2025-07-18,B6,13930,11433,68,79,1673,0
2024-10-23,F9,14057,15016,29,31,1022,0
2024-09-05,DL,14771,11193,109,129,1490,0
2024-07-29,NK,15016,12478,106,115,1187,0
2024-07-11,DL,13204,13930,-5,13,806,0
2025-04-04,NK,14057,14869,42,46,2678,0
2024-08-19,WN,11193,13930,20,27,1717,0
2025-07-16,DL,14771,13303,-1,12,2773,0
2024-10-29,AA,12892,12266,71,90,2716,0
2024-04-27,UA,12266,13930,38,51,2129,0
2025-01-08,AS,14057,10397,19,34,1124,0
2025-05-30,UA,14771,14057,26,44,2503,0
2025-09-28,DL,14057,10397,45,54,393,0
2025-02-26,DL,14057,11193,120,115,1128,0
2024-03-13,AA,14107,13930,13,12,679,0
2024-05-07,F9,11193,14771,60,78,706,0
2024-12-08,DL,14771,14057,74,69,720,0
2024-06-23,B6,12892,12266,98,116,1471,0
2025-03-02,AA,11433,14107,-14,1,858,0
2024-02-06,AS,12478,13204,12,4,857,0
2025-09-15,DL,14057,13204,65,82,2506,0
2025-10-01,UA,14771,12266,45,43,960,0
2024-02-21,F9,11298,13204,60,56,1131,0
2024-10-06,AA,13204,14771,64,75,735,0
2025-10-06,DL,12892,14107,51,63,1115,0
2024-11-21,AA,13930,12478,55,69,731,0
2024-07-17,AS,14771,13303,87,84,2724,0
2025-03-08,NK,15016,12478,35,44,1098,0
2025-10-05,NK,13303,13930,112,109,2973,0
2024-01-25,AS,13930,13204,112,124,366,0
2024-06-25,DL,11298,12892,79,77,2637,0
2025-06-17,AA,13303,11298,12,31,855,0
2025-03-06,B6,15016,11193,-15,-16,1647,0
2024-05-02,F9,11298,13204,39,58,1705,0
2024-04-15,AS,14057,13204,3,19,2179,0
2024-05-14,WN,15016,12266,81,72,2172,0
2025-08-28,NK,14107,13303,22,19,865,0
2024-08-24,F9,14771,11433,19,30,1882,0
2025-07-17,WN,13930,11193,37,46,2291,0
2024-01-15,F9,13204,12478,-11,-1,2043,0
2024-10-13,UA,11298,15016,10,22,2914,0
2024-10-12,B6,14771,13204,3,6,2556,0
2025-05-12,NK,11298,13303,17,11,2603,0
2024-09-09,NK,14057,14107,77,89,581,0
2025-03-21,UA,12266,11298,38,32,2471,0
2025-02-27,AA,15016,11433,92,85,2652,0
2025-07-20,AS,11298,14869,106,106,2914,0
2025-03-18,AA,11193,15016,76,79,2752,0
2024-06-03,DL,13930,15016,53,64,2504,0
2025-05-21,UA,12892,14057,57,64,998,0
2024-04-21,AA,14771,11193,115,117,401,0
2024-10-03,DL,14107,14057,120,124,1821,0
2024-09-15,DL,14057,12266,106,111,2767,0
2024-12-27,AA,11193,11433,13,22,2551,0
2025-04-05,F9,14869,12478,-15,4,216,0
2025-03-08,AA,12266,12478,54,49,750,0
2024-06-06,DL,12266,15016,5,0,3000,0
2025-10-05,NK,14869,15016,63,61,2292,0
2025-11-25,F9,13204,15016,64,83,1766,0
2024-03-23,F9,13930,13204,92,101,2464,0
2025-02-05,AS,14771,10397,0,6,817,0
2025-03-31,B6,12892,13930,2,7,1665,0
2025-02-02,F9,14771,12266,-10,2,2640,0
2025-03-14,DL,13204,12892,20,16,1504,0
2024-01-17,WN,11298,14057,13,3,1627,0
2024-09-01,AS,12478,11433,27,21,2644,0
2025-11-03,F9,14107,12266,4,15,2705,0
2024-05-19,WN,11193,14771,107,115,638,0
2025-07-02,DL,14869,12892,62,57,2063,0
2024-04-19,AA,11298,12478,23,25,2400,0
2025-09-12,B6,11193,14057,5,3,913,0
2024-07-07,AA,11193,13930,97,94,448,0
2025-08-21,NK,14869,13204,75,72,808,0
2024-01-05,UA,13204,15016,90,83,1900,0
2025-11-27,AA,12892,15016,9,-1,1277,0
2025-11-23,NK,12892,11193,-4,12,2155,0
2025-02-19,F9,14869,13930,110,101,1818,0
2025-03-22,F9,14057,14771,85,97,472,0
2024-01-14,WN,11193,11298,76,90,2211,0
2025-02-18,UA,11433,11193,52,68,1756,0
2024-12-19,NK,15016,13930,37,56,459,0
2024-12-01,B6,11298,11433,59,64,229,0
2025-10-28,WN,14771,11193,26,22,1549,0
2024-05-24,B6,13303,14869,14,14,1303,0
2024-01-05,AS,15016,12478,73,90,1819,0
2025-08-18,DL,12266,11433,85,105,1531,0
2025-08-11,NK,15016,13930,75,88,1427,0
2024-12-07,B6,14771,14869,96,115,1051,0
2025-10-07,UA,14869,12266,54,63,1746,0
2025-04-21,B6,11193,12892,3,-5,1933,0
2025-07-01,F9,11433,13204,4,2,2151,0
2025-05-17,NK,12266,14057,15,30,362,0
2024-07-03,AS,13303,14107,-13,-19,596,0
2025-10-07,UA,15016,10397,55,52,1946,0
2025-02-23,NK,11433,12892,40,32,2200,0
2025-05-12,B6,13204,11193,90,109,652,0
2025-09-21,DL,15016,12892,108,120,1958,0
2024-04-25,AA,11193,10397,16,16,2945,0
2024-09-19,AS,12892,13930,105,109,2842,0
2025-01-27,DL,13303,13204,34,30,2926,0
2024-04-18,B6,14057,12266,-2,0,2511,0
2024-07-23,B6,14771,13204,108,120,2698,0
2024-03-26,WN,11433,13204,87,89,1856,0
2024-01-06,AS,11193,11433,9,20,2261,0
2025-08-01,B6,12892,11433,25,15,391,0
2025-05-08,AS,14107,14771,55,48,2515,0
2025-10-11,NK,13303,14771,24,29,429,0
2025-04-19,F9,13930,11433,68,85,2270,0
2025-06-03,F9,13930,14107,20,16,1699,0
2024-01-12,B6,14107,13204,93,87,703,0
2025-10-28,AS,11193,14107,18,17,2751,0
2024-01-15,NK,13930,10397,-12,-17,2181,0
2024-04-02,AA,14869,14057,34,31,1082,0
2025-05-12,B6,11433,11298,55,55,2027,0
2025-04-25,NK,13303,13204,22,31,541,0
2025-11-02,WN,14057,11193,53,60,701,0
2024-05-06,AS,13303,15016,107,105,1528,0
2025-08-18,UA,11433,10397,83,82,280,0
2025-08-02,WN,13204,13303,65,83,2761,0
2025-06-03,B6,14869,12892,55,72,1634,0
2024-11-29,AA,13204,14869,79,73,1169,0
2025-01-10,AA,14057,14107,-7,6,2628,0
2024-02-29,AS,13930,11433,64,77,2547,0
2025-05-10,F9,12892,13303,70,60,2431,0
2024-12-18,UA,12892,12478,-10,-7,878,0
2025-10-20,B6,14771,14107,100,91,2314,0
2024-10-14,UA,10397,14057,2,14,1559,0
2025-08-02,WN,13303,10397,120,116,2994,0
2024-05-04,DL,12266,10397,23,24,915,0
2025-06-10,B6,15016,10397,-7,-2,1011,0
2025-05-24,F9,11193,11298,29,38,2590,0
2024-05-03,DL,11433,12478,12,22,1819,0
2024-05-22,DL,14107,10397,112,102,1865,0
2024-06-16,AA,12478,14869,40,49,1150,0
2024-11-13,F9,13303,13204,26,17,1412,0
2025-04-25,UA,11193,14107,10,15,524,0
2024-03-11,UA,13204,12478,-7,6,2343,0
2025-01-17,AS,11433,10397,4,3,2354,0
2025-11-01,UA,14057,13303,111,115,1894,0
2025-10-17,NK,14057,11193,-7,-15,1377,0
2024-02-27,DL,14771,12478,13,20,515,0
2024-06-28,DL,13930,12478,77,96,1170,0
2025-10-01,NK,13930,11193,111,130,717,0
2025-08-02,AA,14869,13303,58,57,2596,0
2024-11-04,AS,14107,14057,32,50,2612,0
2024-06-16,WN,13930,14107,104,123,1702,0
2024-07-06,UA,12892,12266,74,90,316,0
2024-11-09,NK,11193,11433,3,-3,2068,0
2025-09-07,DL,12478,11193,47,41,1235,0
2025-01-03,B6,14107,10397,88,85,2769,0
2025-10-28,AA,13303,14107,32,37,1042,0
2024-06-24,UA,14771,14107,50,68,2154,0
2025-08-19,NK,14771,11433,12,12,2356,0
2025-05-27,UA,11298,11193,-6,-14,2218,0
2024-06-26,AA,14057,14107,22,36,346,0
2024-08-04,F9,10397,13930,67,85,1935,0
2025-01-25,NK,15016,14771,16,13,2664,0
2024-01-09,F9,10397,15016,2,21,1884,0
2025-04-26,UA,10397,14057,68,81,489,0
2024-04-15,F9,11298,14107,78,75,891,0
2024-08-14,F9,14771,15016,117,127,2321,0
2024-06-29,WN,13204,14869,27,35,1859,0
2024-05-21,B6,14107,12266,64,64,2473,0
2025-04-20,AS,13204,14107,32,36,1764,0
2024-03-06,UA,12266,14057,67,78,451,0
2024-12-12,F9,12478,15016,63,76,1577,0
2025-11-25,WN,12892,14771,69,60,2660,0
2025-09-27,DL,13204,14869,44,59,1000,0
2024-04-11,NK,12892,13930,24,15,2884,0
2024-12-09,B6,14057,12266,26,23,1092,0
2025-10-02,WN,14869,14057,80,84,2075,0
2024-09-30,UA,10397,13930,13,22,1169,0
2025-09-07,B6,10397,13930,71,67,2864,0
2025-01-28,WN,14107,14869,18,13,623,0
2025-01-11,F9,11193,12478,-11,-19,2063,0
2025-07-31,NK,15016,14869,117,133,839,0
2025-07-21,AS,12892,14057,13,26,2211,0
2025-10-09,AA,14107,13204,54,60,845,0
2024-06-15,WN,11193,13204,38,29,2727,0
2024-01-14,UA,13204,14057,-13,-14,842,0
2025-02-18,AA,10397,11298,78,69,732,0
2024-12-17,B6,14869,15016,33,45,2881,0
2024-01-08,WN,14057,10397,-10,-12,2500,0
2025-02-11,AA,14869,12478,61,61,1656,0
2024-03-03,AA,12892,14107,43,46,687,0
2024-06-07,F9,11298,14107,-4,3,1144,0
2024-04-27,WN,11193,10397,102,105,1788,0
2025-05-01,B6,14057,11298,93,84,2344,0
2025-07-08,F9,12892,14869,91,87,942,0
2025-09-03,DL,14057,15016,78,98,1242,0
2024-03-31,DL,14869,11433,110,120,857,0
2025-10-17,AA,13303,12266,-6,-15,1700,0
2025-03-06,WN,13204,14771,-6,6,1824,0
2025-04-18,F9,10397,13204,-4,-1,965,0
2025-01-21,UA,14107,14771,21,24,2748,0
2024-05-04,AA,12892,14869,-11,1,2498,0
2024-09-13,AS,13204,12478,76,84,2212,0
2025-07-03,AS,14771,14057,41,40,1793,0
2024-03-12,NK,11433,13303,42,39,2932,0
2024-08-13,NK,13930,15016,40,32,1201,0
2024-09-20,F9,12266,13204,53,45,2889,0
2025-09-30,B6,12892,13930,11,9,699,0
2024-08-03,WN,14771,11193,79,93,2138,0
2025-04-30,UA,12266,10397,4,19,1258,0
2024-12-17,DL,15016,12478,103,103,2786,0
2025-08-26,AA,13303,14869,35,51,2209,0
2025-07-22,AS,12478,11298,73,65,1268,0
2024-03-12,AS,11433,13303,105,101,944,0
2025-06-26,AA,15016,12478,59,54,786,0
2024-01-02,B6,14107,14869,107,107,839,0
2025-09-21,AA,11193,14057,-15,-25,594,0
2025-03-10,F9,10397,14869,110,127,2813,0
2024-01-04,WN,14057,13204,12,9,2094,0
2024-11-27,AA,12478,11433,103,102,2966,0
2024-09-30,NK,14771,10397,52,59,2286,0
2025-06-12,F9,11193,11433,73,79,2428,0
2024-06-21,UA,14107,13930,50,44,1052,0
2025-03-17,B6,13303,14107,119,114,1111,0
2025-06-26,UA,14057,11298,17,27,1310,0
2025-10-31,F9,11298,15016,36,44,1142,0
2025-07-26,AA,12266,14869,-3,-9,1587,0
2024-09-25,AS,14869,11193,14,23,2805,0
2025-11-18,AS,14107,14869,-8,-13,317,0
2025-02-16,WN,10397,13303,11,20,295,0
2025-11-01,F9,14869,12266,63,78,2503,0
2025-01-07,NK,12892,13930,76,91,1375,0
2024-07-17,AA,14057,12266,112,108,2287,0
2024-02-08,AS,13204,12266,89,95,2118,0
2024-11-18,AS,14771,14869,87,79,2282,0
2025-09-19,UA,12478,13204,41,50,1274,0
2025-05-07,DL,14057,11298,40,56,909,0
2024-03-12,F9,14057,13303,60,71,2750,0
2024-06-27,WN,12478,13303,85,100,2707,0
2024-09-08,DL,13930,15016,78,71,2511,0
2025-07-19,AA,12892,10397,11,20,2074,0
2024-10-07,B6,11298,14107,107,101,2535,0
2024-10-30,WN,11193,12266,75,88,1612,0
2024-02-23,B6,14107,12478,117,119,1584,0
2024-07-29,B6,14869,14107,60,53,773,0
2025-11-17,B6,11433,14869,-15,-19,2045,0
2024-07-28,DL,14057,13303,0,14,1160,0
2025-11-22,AS,14107,15016,2,-5,1071,0
2025-08-12,UA,13204,13930,22,14,2575,0
2025-11-10,F9,14771,10397,64,60,2953,0
2025-08-05,NK,15016,14771,-1,11,325,0
2024-07-09,AS,12478,10397,16,23,311,0
2024-02-18,WN,14869,12478,110,113,264,0
2024-05-30,WN,14107,10397,51,46,2506,0
2024-08-14,NK,14107,10397,115,120,2608,0
2024-12-01,AA,15016,14057,112,111,2594,0
2025-10-31,F9,14107,11298,81,78,635,0
2025-01-30,F9,13204,11193,60,55,786,0
2024-02-19,DL,13930,11298,114,119,2299,0
2025-06-22,B6,13204,12478,39,58,2716,0
2024-01-08,B6,12266,13303,111,127,911,0
2024-03-16,WN,11193,12892,56,66,1946,0
2024-03-17,WN,12266,14771,57,57,2132,0
2025-11-09,F9,15016,10397,-1,0,2143,0
2024-10-23,B6,11298,15016,38,47,1209,0
2024-05-08,AS,10397,15016,24,32,236,0
2025-06-20,UA,12892,14057,1,16,570,0
2025-01-16,AS,11433,14107,-3,-8,1934,0
2024-04-23,DL,14107,15016,48,55,2285,0
2024-01-25,DL,11193,14057,11,14,2515,0
2024-01-31,AA,14057,12892,37,28,1196,0
2024-12-08,B6,15016,13204,34,33,1928,0
2024-05-08,DL,14771,12266,55,55,426,0
2024-04-17,UA,15016,14771,105,112,769,0
2025-05-03,AS,11298,14869,14,17,2422,0
2025-02-16,DL,12266,11298,7,2,2479,0
2024-10-05,DL,14869,13930,-1,12,1745,0
2025-04-09,WN,14057,15016,-6,2,2471,0
2024-09-11,WN,13303,12266,58,58,1798,0
2024-04-29,NK,11193,11298,7,15,1979,0
2025-09-20,B6,11193,12892,58,55,2420,0
2025-02-23,AA,14771,10397,4,-1,482,0
2025-09-11,AS,10397,13303,72,81,2306,0
2024-05-18,AS,12266,13204,77,80,2654,0
2024-03-17,UA,11298,12478,99,101,605,0
2025-05-24,AS,14107,12892,68,74,2505,0
2025-08-06,F9,13930,11433,-2,14,2406,0
2025-11-01,UA,12892,14107,8,10,1975,0
2024-09-30,F9,14057,10397,-5,-4,2741,0
2025-02-22,AA,12266,14771,104,117,656,0
2025-07-20,DL,14771,13930,6,12,2564,0
2024-07-22,DL,12266,11433,100,94,843,0
2024-07-16,AA,12266,14869,90,105,1120,0
2024-11-19,WN,12892,12478,92,92,1810,0
2024-01-22,UA,12478,14057,-13,3,2956,0
2025-08-23,AA,14057,12478,62,65,2421,0
2024-09-03,UA,11298,14869,-8,-12,1709,0
2025-06-30,NK,14771,15016,71,71,2897,0
2025-09-11,UA,14107,11298,94,93,286,0
2024-03-23,AA,13303,10397,28,20,2365,0
2024-01-30,DL,11433,14869,107,106,2227,0
2025-04-14,AA,14869,14771,-8,1,1006,0
2024-02-19,F9,12266,15016,54,46,2636,0
2024-07-07,F9,11193,14057,51,66,551,0
2024-08-16,UA,14869,14771,36,27,1769,0
2024-11-21,NK,12892,13204,-1,14,914,0
2025-07-22,F9,13204,12478,96,116,317,0
2024-10-27,AS,14057,11298,60,72,1511,0
2025-02-07,AS,14771,15016,22,16,2845,0
2025-02-27,AS,14057,11298,31,46,2665,0
2024-02-17,AA,14107,13303,41,60,2175,0
2025-07-07,AS,11298,13204,-11,-12,2868,0
2025-11-11,WN,14869,12478,51,41,1029,0
2024-03-26,WN,11433,14771,-8,12,802,0
2025-05-07,WN,13204,14107,99,116,1626,0
2024-04-08,UA,11433,13204,23,30,2641,0
2024-09-04,NK,14771,14869,4,1,801,0
2025-07-30,AA,11298,12266,67,87,2806,0
2025-07-23,AS,14771,14057,40,54,1916,0
2024-08-04,DL,12892,12478,6,22,2440,0
2024-07-13,NK,14107,11298,86,103,1935,0
2024-12-20,F9,13303,13204,94,109,1039,0
2025-02-21,B6,11298,15016,103,117,2778,0
2024-10-27,AS,12892,13303,42,34,2045,0
2024-11-03,UA,13204,14057,98,105,676,0
2025-05-19,DL,12478,13930,113,103,921,0
2025-02-18,AS,11193,14107,6,24,1541,0
2025-06-11,NK,14869,14771,86,86,1614,0
2025-04-04,B6,14771,14107,65,74,1351,0
2024-09-28,AA,14107,14869,54,73,2843,1
2024-01-31,WN,11298,14869,99,96,1827,0
2024-07-13,AS,12478,11298,37,49,1174,0
2025-02-16,AS,14869,12892,29,24,1254,0
2024-05-15,F9,13303,15016,70,73,1496,0
2025-04-28,B6,10397,13930,82,92,2527,0
2024-12-08,NK,14869,15016,93,105,1249,0
2025-04-09,DL,12478,15016,52,47,1791,0
2025-01-02,UA,10397,14771,52,48,1356,0
2024-04-20,F9,11433,14057,110,113,2177,0
2024-04-17,UA,14057,11193,75,76,1499,0
2025-04-13,F9,14057,13930,10,3,2635,0
2025-02-07,F9,15016,13930,-9,0,1303,0
2024-02-17,B6,14869,14771,37,56,2508,0
2024-03-28,UA,11433,12478,-15,-15,1810,0
2024-05-01,NK,11298,14107,68,71,2536,0
2024-10-30,UA,13303,12266,53,66,2638,0
2025-10-22,WN,14057,10397,19,36,761,0
2024-01-06,AA,11193,14869,90,91,2442,0
2024-08-28,AA,15016,12892,96,102,2402,0
2025-01-18,AS,14771,11193,116,111,1643,0
2025-05-02,B6,14107,13303,27,39,1806,0
2024-06-05,AA,14771,10397,19,18,2722,0
2024-05-22,B6,12478,13303,84,96,352,0
2025-02-11,AS,12478,13204,57,57,2887,0
2025-10-03,NK,10397,12892,40,50,2934,0
2024-08-06,WN,13303,15016,92,105,1219,0
2025-10-10,F9,13930,14771,71,85,2021,0
2025-04-19,NK,11433,13930,4,-3,2540,0
2025-08-07,AS,11433,14107,-11,-1,872,0
2024-11-18,WN,15016,13303,15,9,2496,0
2024-04-27,WN,11433,13303,97,102,1648,0
2024-09-27,DL,11193,13303,108,121,2142,0
2025-06-03,DL,14057,13303,7,26,1568,0
2024-02-19,WN,13930,15016,72,92,2463,0
2025-05-15,WN,12266,13303,108,109,2642,0
2025-05-21,AA,11193,13204,61,69,1987,0
2025-04-17,NK,13303,14869,103,96,2608,0
2025-11-07,DL,13930,14771,14,4,1601,0
2025-11-11,AA,14869,15016,16,12,1136,0
2024-12-31,F9,12478,13930,-5,11,1371,0
2024-10-31,DL,11433,12892,63,75,1044,0
2024-10-27,DL,10397,12478,61,52,715,0
2025-07-23,WN,11433,15016,57,47,2059,0
2024-11-22,AS,10397,13930,69,65,1146,0
2025-01-28,WN,12892,13930,107,124,2193,0
2024-07-01,NK,15016,12478,120,136,1699,0
2025-07-22,UA,12892,14057,93,84,1502,0
2024-04-24,AS,15016,12266,71,88,420,1
2024-03-30,F9,15016,13204,102,99,683,0
2024-05-14,NK,13204,14057,16,8,652,0
2025-01-17,NK,15016,14771,120,122,2802,0
2025-06-26,WN,15016,12266,-1,-3,1294,0
2025-04-21,AS,11298,14107,62,54,2152,0
2025-08-08,F9,12892,12478,52,69,626,0
2024-01-12,AA,11298,15016,30,44,643,0
2025-11-26,F9,14771,12266,103,109,2036,0
2024-10-21,WN,13204,14107,57,66,635,0
2025-04-09,WN,14771,11433,32,33,1288,0
2024-04-04,DL,10397,13303,31,24,1384,0
2024-06-21,UA,14107,13303,63,54,2931,0
2025-08-13,AS,12266,10397,80,91,339,0
2025-06-08,B6,11433,12892,37,50,2908,0
2025-10-30,AA,10397,11193,94,106,511,0
2025-04-10,DL,12478,14869,101,91,1940,0
2024-05-21,B6,15016,12266,37,39,1144,0
2024-10-02,NK,11298,10397,39,44,2861,0
2025-11-28,B6,10397,11433,107,115,1950,0
2024-03-27,AS,14771,14107,28,36,2171,0
2024-01-19,AA,12892,13204,98,88,233,0
2024-01-20,AA,14057,14869,11,30,1564,0
2024-04-20,NK,12892,12478,39,38,1431,0
2025-09-12,AS,11433,12892,-14,-11,1810,0
2025-11-03,UA,12892,13204,100,104,387,0
2024-06-16,DL,12266,11433,80,86,2646,0
2025-04-06,WN,11433,13930,29,41,1401,0
2024-11-06,F9,13930,11433,28,36,1986,0
2025-06-16,F9,12478,12892,72,83,2349,0
2025-08-11,DL,15016,12266,62,59,2321,0
2024-07-29,NK,11298,14771,55,67,1328,0
2025-07-04,WN,11433,12892,26,45,958,0
2025-11-29,F9,10397,15016,42,62,2960,0
2024-12-04,F9,14869,12266,-9,-11,2978,0
2024-09-27,WN,13303,14771,74,69,647,0
2025-02-01,NK,14869,14107,40,59,872,0
2024-02-17,AS,13303,14771,79,76,1866,0
2024-01-16,AA,12266,13930,83,85,480,0
2025-01-16,AS,14107,14869,106,102,700,0
2024-02-24,WN,12478,13930,-14,-10,1679,0
2024-08-20,WN,11433,11298,38,46,1943,0
2025-09-21,F9,12266,12478,58,71,2258,0
2025-03-22,WN,13303,11433,86,87,2505,0
2025-09-22,AA,14057,13303,70,83,2452,0
2025-10-08,DL,14057,11193,-11,-9,470,0
2024-05-07,B6,14057,12266,91,89,2772,0
2024-08-22,AS,13204,13930,-11,-11,1210,0
2024-06-30,F9,14107,10397,112,120,816,0
2025-10-07,AA,12266,12478,16,21,2004,0
2025-10-31,AS,14771,11193,35,32,730,0
2024-11-16,AS,14869,10397,74,93,1216,0
2025-09-18,WN,12478,13930,116,126,2668,0
2025-03-11,AS,12478,14107,102,117,2323,0
2024-12-06,NK,13930,13204,11,14,1981,0
2024-09-03,WN,10397,11433,29,43,1232,0
2025-08-07,AA,11298,13930,13,32,1554,0
2024-03-21,NK,11433,11193,20,24,2602,0
2024-03-30,NK,10397,13930,58,73,485,0
2025-02-11,AS,14057,15016,54,55,2282,0
2024-12-27,DL,14057,11193,24,34,2131,0
2024-07-26,WN,12266,15016,11,17,1687,0
2025-07-28,NK,15016,14869,33,47,2250,0
2025-03-11,AS,10397,12478,99,99,579,0
2024-10-19,WN,10397,13303,23,42,2841,0
2024-11-04,B6,10397,14107,53,68,475,0
2025-10-20,DL,11193,15016,30,42,2999,0
2024-06-27,DL,11298,10397,1,-9,2350,0
2024-03-29,WN,12266,10397,120,133,1545,0
2024-09-01,UA,11433,13303,55,64,2576,0
2025-06-01,WN,14057,15016,40,60,1590,0
2025-01-15,DL,13930,14771,-4,-7,2956,0
2025-05-21,B6,12478,14771,58,78,2613,0
2024-01-15,F9,12892,12478,94,111,1622,0
2024-11-13,NK,13930,12892,96,104,2165,0
2024-02-22,F9,11298,14869,-8,-4,2200,0
2025-09-05,DL,12478,14771,38,54,2258,0
2024-06-27,WN,12266,12892,110,106,727,0
2024-07-30,WN,14107,14771,114,126,2316,0
2025-08-28,WN,12892,10397,20,24,2428,0
2024-02-25,WN,13303,12478,44,41,1420,0
2025-11-28,B6,10397,15016,106,114,1323,0
2024-11-30,WN,12892,12266,114,123,1335,0
2024-10-03,B6,10397,11433,30,50,978,0
2024-07-29,B6,14771,14107,63,74,2927,0
2024-02-22,B6,12266,10397,77,80,1765,0
2024-05-09,B6,12892,15016,117,109,2501,0
2024-04-11,DL,14057,11193,-14,-16,2223,0
2025-01-25,WN,13303,14869,48,55,2507,0
2024-08-17,F9,15016,10397,42,38,2517,0
2025-06-03,NK,14869,11193,-15,-15,2127,0
2025-06-27,WN,14869,13930,5,15,1578,0
2024-08-29,AS,13930,11193,82,82,1438,0
2025-08-20,WN,11193,13303,76,91,2542,0
2024-03-06,NK,14057,15016,87,84,1012,0
2025-11-22,F9,12266,15016,67,61,1924,0
2024-01-17,AS,12892,11433,115,128,1008,0
2025-02-28,WN,11298,12892,118,114,2963,0
2025-10-20,DL,13930,12266,113,125,1531,0
2024-04-02,NK,11298,11193,28,41,1947,0
2025-09-15,B6,14869,11298,9,5,726,0
2025-09-02,UA,12892,15016,43,37,2946,0
2025-07-20,AS,14107,13204,93,92,1627,0
2025-10-10,AA,11193,14771,81,74,2157,0
2024-12-10,DL,12892,14771,18,22,2622,0
2025-05-05,AS,11193,12478,65,79,978,0
2025-09-03,DL,11193,15016,20,14,257,0
2025-03-14,AA,13204,13930,29,35,1141,0
2025-11-21,B6,10397,12266,55,60,2577,0
2025-11-18,AS,12478,14057,70,75,1575,0
2024-11-02,F9,13930,14057,9,19,2223,0
2025-03-13,AA,11433,14057,7,16,828,0
2024-09-14,UA,15016,12892,33,33,1361,0
2024-04-03,AA,10397,14107,89,89,2462,0
2024-07-11,NK,10397,15016,89,90,2560,0
2024-04-11,AA,14771,14057,90,109,1062,0
2025-10-23,F9,11433,13303,16,32,693,0
2024-07-10,DL,11298,12478,-13,-19,2942,0
2024-11-03,NK,11433,14057,67,75,1042,0
2024-02-18,AS,13204,13303,43,35,2196,0
2024-10-24,NK,14057,12478,28,32,1744,0
2024-08-24,NK,11433,12478,42,47,2548,0
2025-06-04,F9,13303,11433,38,29,2017,0
2025-06-06,F9,11433,15016,28,39,559,0
2025-10-24,AA,13204,13303,-11,8,610,0
2024-01-19,UA,12266,13303,80,87,1158,0
2024-12-29,AS,15016,12892,114,131,384,0
2025-03-13,F9,12266,11193,119,115,653,0
2024-01-01,DL,14869,13303,83,93,1357,0
2024-08-13,UA,11433,14107,59,77,1353,0
2024-05-13,WN,13303,14107,98,90,353,0
2024-07-22,AA,13930,12266,73,72,2093,0
2024-07-08,WN,14107,11433,107,110,2404,0
2025-06-30,NK,11298,10397,65,81,2255,0
2025-09-23,F9,12478,13930,61,71,1854,0
2024-11-13,DL,15016,14771,119,113,717,0
2024-01-03,WN,11433,14107,75,89,895,0
2025-08-13,AA,11433,14771,27,23,1764,0
2024-02-15,AS,11298,11433,-7,8,1249,0
2025-05-03,UA,12892,12266,78,84,1900,0
2025-05-20,AA,12478,12892,3,5,418,0
2025-07-16,AA,10397,11298,71,88,748,0
2024-03-06,F9,11193,10397,40,52,1496,0
2024-06-02,NK,14869,12266,35,45,887,0
2025-04-06,AS,15016,13204,112,130,1883,0
2024-01-17,AS,11433,13204,42,33,537,0
2025-03-23,WN,11298,14771,-15,2,1740,0
2025-07-14,WN,13204,11433,8,16,990,0
2025-02-07,UA,11193,13930,-14,0,2323,0
2024-01-31,B6,14869,12892,-13,0,1701,0
2024-08-20,DL,12266,11193,52,60,2569,0
2024-11-26,B6,11193,13930,21,21,1999,0
2025-03-27,NK,13303,13930,11,22,1543,0
2024-10-31,AA,13303,12478,-8,-6,2409,0
2024-08-10,DL,10397,14869,114,119,2648,0
2025-05-27,UA,13204,12478,70,70,778,0
2024-11-03,AA,13303,12892,38,33,905,0
2025-11-05,F9,12266,13303,-4,8,2319,0
2025-04-10,B6,10397,14107,68,84,2049,0
2025-10-18,NK,13930,10397,14,31,2097,0
2025-01-03,AS,11193,11433,17,14,235,0
2024-08-09,F9,14057,12478,27,31,2941,0
2024-08-18,DL,12892,13204,8,2,1355,0
2024-08-23,AA,12266,13204,89,103,371,0
2024-11-14,F9,14057,15016,7,14,1825,0
2025-01-04,B6,11193,10397,-13,3,2774,0
2024-04-01,AA,12478,13204,15,24,1421,0
2025-08-21,WN,13303,11298,12,13,285,0
2024-04-21,AS,10397,12478,63,54,2428,0
2025-01-09,NK,14057,12266,32,28,1246,0
2024-08-27,AS,13204,14771,110,117,861,0
2024-03-14,B6,13204,15016,44,45,2340,0
2024-03-22,UA,15016,12266,-6,13,921,0
2024-01-23,AA,14771,12478,94,88,1630,0
2025-09-04,DL,13930,12266,71,89,1059,0
2025-06-10,UA,15016,11433,37,45,862,0
2024-06-09,UA,13204,15016,31,44,1343,0
2025-01-19,B6,13930,14107,68,59,1054,0
2025-06-09,AA,12892,10397,16,23,1225,0
2024-06-26,B6,13930,12892,95,93,1258,0
2024-05-25,DL,11433,13930,109,122,2476,0
2024-05-07,B6,10397,11298,92,88,701,0
2025-09-11,NK,14057,12478,-11,2,1493,1
2025-02-27,WN,12478,14107,78,75,2491,0
2024-05-20,UA,13303,14869,7,25,753,0
2025-11-20,UA,12478,13204,44,46,1623,0
2025-02-20,UA,11298,12266,64,81,1781,0
2024-11-23,NK,11193,14771,69,75,233,0
2024-10-24,DL,14869,14771,75,65,2073,0
2025-10-10,AA,13930,14869,112,111,750,0
2025-09-19,UA,13930,14869,5,6,2871,0
2024-12-21,UA,13930,14869,120,137,2710,0
2024-02-05,DL,11193,12892,108,127,1854,0
2025-05-23,F9,13204,14057,118,111,262,0
2024-11-06,WN,11433,13303,35,30,503,0
2025-05-17,NK,14057,12892,7,26,244,0
2024-02-29,AA,14107,12478,78,88,260,0
2024-11-06,WN,12892,14869,100,105,1195,0
2024-03-08,DL,11193,12266,92,98,1156,0
2025-03-30,B6,13303,13204,76,87,711,0
2024-02-16,NK,10397,14771,50,48,1811,1
2025-09-10,NK,12478,14869,-12,1,1327,0
2025-04-16,B6,11298,13204,72,81,2561,0
2025-04-05,AA,13930,14107,69,70,730,0
2025-10-17,UA,12892,13930,116,106,406,0
2024-03-08,UA,10397,11433,46,60,1631,0
2025-01-13,DL,11193,13204,-12,-12,2257,0
2025-05-30,AA,11433,12892,21,39,1187,0
2025-01-17,AA,10397,13303,-8,-13,420,0
2024-04-29,DL,11193,11298,2,16,2841,0
2024-02-10,DL,10397,13930,34,37,1957,0
2025-06-18,NK,11298,14057,69,87,2961,0
2025-11-15,NK,13930,14057,43,47,2992,0
2025-05-02,NK,13930,13303,27,27,2821,0
2025-03-14,AA,13204,14057,84,91,1491,0
2024-12-08,B6,13930,14107,101,91,2367,0
2025-09-23,DL,13930,12266,-8,5,2859,0
2024-03-18,NK,11433,12266,22,12,2948,0
2025-09-30,UA,12892,13204,94,90,2187,0
2024-11-24,NK,14107,12892,1,19,2612,0
2024-03-23,DL,14057,15016,108,103,1630,0
2025-05-19,B6,15016,14771,50,43,2392,0
2024-09-09,B6,13204,13930,-9,7,389,0
2024-10-06,B6,14107,14057,15,30,848,0
2024-12-10,AS,11298,14057,81,93,908,0
2024-07-30,WN,14057,14771,77,93,1064,0
2025-02-03,B6,12266,14771,8,6,976,0
2025-01-26,AS,14771,11298,108,111,1093,0
2024-11-09,UA,12478,14107,71,65,2573,0
2024-02-10,WN,14107,11298,109,101,2035,0
2025-08-19,DL,12892,13930,-14,-10,2039,0
2024-09-23,WN,12478,11433,26,19,751,0
2024-01-01,WN,14057,12892,55,47,1595,0
2024-08-07,DL,13303,11298,27,30,1625,0
2025-07-16,WN,13930,13303,21,22,2346,0
2025-09-08,AS,13930,15016,-4,4,2554,0
2025-08-02,B6,15016,13303,2,-4,1371,0
2025-01-19,F9,11433,12478,90,89,2986,0
2024-09-02,AA,13303,14057,44,42,1477,0
2025-03-25,AS,10397,12266,5,14,744,0
2024-10-15,AS,14057,11433,38,28,2333,0
2024-09-05,B6,11433,12266,110,113,852,0
2024-01-30,WN,11193,12892,119,121,1324,0
2025-07-24,AA,12892,13930,104,112,2746,0
2024-12-12,F9,15016,13303,7,3,2884,0
2025-01-12,NK,12478,15016,27,36,609,0
2025-07-14,WN,13930,11433,114,110,465,0
2025-05-16,B6,14057,14869,31,37,1915,0
2025-10-17,AS,13303,12266,94,86,1223,0
2024-07-22,F9,11433,12266,92,109,2815,1
2025-05-20,AA,12478,15016,34,50,2489,0
2025-03-14,B6,11433,12892,38,45,874,0
2024-01-25,B6,13303,12892,-8,10,2977,0
2024-02-08,AA,14869,12478,84,91,1061,0
2025-09-24,B6,13930,12478,53,58,2623,0
2024-12-01,F9,15016,11298,-8,-18,2608,0
2024-10-17,NK,14107,14771,120,135,618,0
2024-10-30,DL,12892,11193,29,37,2801,0
2024-12-23,AA,11433,12892,22,29,2659,0
2025-11-02,B6,12892,13303,117,131,1039,0
2024-02-12,B6,13204,14869,90,85,518,1
2024-06-09,AA,15016,14869,102,97,1332,0
2024-09-21,DL,12478,11433,0,-6,2703,0
2025-10-13,F9,15016,14057,71,68,741,0
2025-02-11,AS,12478,12266,32,29,506,0
2024-02-08,B6,11298,14869,38,56,802,0
2024-03-21,WN,12266,14057,31,28,2225,0
2025-10-10,WN,12478,11193,56,64,1744,0
2024-11-13,NK,11298,12266,70,75,2981,0
2024-01-23,AS,14107,12266,53,53,469,0
2025-01-14,UA,13930,11193,5,-5,1739,0
2024-09-16,UA,14107,11298,44,50,202,0
2025-04-14,B6,12266,14057,4,16,1687,0
2024-09-10,NK,14057,15016,20,17,1092,0
2025-09-07,F9,13204,12892,59,55,2280,0
2024-06-28,B6,13930,15016,-4,14,671,0
2025-11-20,NK,12266,13303,56,55,1978,1
2025-07-23,DL,11298,13930,53,72,2114,0
2025-01-28,NK,13930,11433,19,32,1838,0
2024-05-07,F9,14107,15016,92,102,903,0
2025-10-08,AS,12266,11433,4,1,1759,0
2025-11-04,F9,13930,11298,105,101,885,0
2025-06-01,F9,11298,15016,67,58,856,0
2024-10-03,B6,11298,13204,116,136,1580,0
2025-07-16,DL,13930,11298,14,17,501,0
2024-01-21,AS,11298,14057,66,80,1776,0
2024-12-20,DL,11193,13303,101,114,649,0
2024-05-11,DL,14057,12892,38,43,2862,0
2025-01-21,F9,10397,12892,116,117,2169,0
2025-02-12,AS,12892,12478,12,5,1287,0
2025-02-01,NK,15016,13204,5,16,2246,0
2024-10-13,WN,13204,12266,39,32,520,0
2025-07-09,F9,12892,14771,55,72,862,0
2025-10-22,DL,11193,14771,1,20,1168,0
2025-08-17,F9,11298,14107,55,61,554,0
2025-08-30,F9,13930,11193,52,44,1362,0
2024-06-09,UA,11433,13303,50,59,1737,1
2025-01-24,DL,13930,11433,114,110,1218,0
2024-05-11,AS,11433,12478,54,46,2069,0
2024-10-23,DL,12478,11433,37,45,1071,0
2024-09-01,AA,12266,14107,7,22,1507,0
2025-02-17,B6,13930,12892,100,97,984,0
2024-03-08,AA,13204,14107,60,64,2435,0
2024-12-27,NK,13204,12478,38,57,1859,0
2025-08-09,B6,14771,14107,51,61,1414,0
2024-08-01,WN,11193,12478,84,97,1044,0
2024-12-19,DL,12266,13303,105,121,1035,0
2025-04-12,AS,12266,11298,40,37,2553,0
2024-09-30,B6,11193,10397,85,92,1632,0
2025-04-25,AS,11298,14771,83,94,1377,0
2025-01-17,NK,14107,11193,95,100,1831,0
2025-04-23,AS,12266,11298,65,84,2243,0
2024-03-06,WN,12266,13204,66,84,2309,0
2025-10-24,NK,14107,14057,80,77,1809,0
2024-07-21,NK,14771,12478,-1,-2,2629,0
2024-03-05,AS,14107,14869,58,76,2316,0
2025-04-05,F9,13303,14869,108,109,1373,0
2024-08-29,WN,11433,14869,73,70,1765,0
2025-05-06,AA,15016,14107,100,117,2529,0
2024-12-15,AA,15016,14057,-3,7,1403,0
2025-07-23,AS,12478,11193,59,78,1222,0
2025-01-14,B6,15016,13204,117,114,283,0
2025-04-02,NK,13204,14869,23,17,2902,0
2025-08-08,AA,13204,14057,-8,2,2609,0
2025-03-25,NK,14771,12478,53,67,996,0
2025-03-27,DL,10397,13204,15,17,1525,0
2025-01-25,F9,13930,12478,104,106,2083,0
2025-08-19,AA,14107,15016,77,95,1762,0
2024-10-07,AS,14107,11433,73,65,2239,0
2025-01-22,F9,14771,13930,77,84,1697,0
2024-12-11,B6,12892,14771,109,105,1776,0
2025-08-04,WN,10397,14107,-8,-13,639,0
2024-09-03,NK,15016,12892,42,41,1649,0
2025-07-13,UA,11298,13930,84,74,2757,0
2024-02-22,DL,14107,12478,114,121,2696,0
2025-11-11,WN,12478,10397,50,69,2139,0
2024-03-18,AA,11193,12478,36,50,2594,0
2024-02-10,B6,11433,14057,30,34,668,0
2024-12-30,F9,12478,14057,63,54,436,0
2024-10-27,B6,13930,12266,35,38,512,0
2024-07-20,NK,14057,11433,117,130,294,0
2025-10-07,NK,12266,12478,95,109,2268,0
2024-12-18,F9,15016,12892,52,68,1130,0
2025-09-13,F9,14771,12478,49,40,362,0
2024-10-13,WN,12892,13204,14,17,658,0
2025-09-29,NK,14107,12478,92,86,455,0
2024-07-02,AS,14771,12478,98,105,2288,0
2025-01-01,DL,13204,13930,39,46,2010,0
2024-02-27,B6,11193,14057,69,83,2779,0
2024-05-06,NK,13930,12892,-14,-10,1975,0
2025-03-13,WN,11433,15016,42,41,1498,0
2025-04-04,NK,12892,14107,95,106,2712,0
2024-12-30,UA,13204,15016,115,115,1561,0
2024-05-23,B6,15016,14057,90,84,564,0
2024-10-11,DL,15016,12892,111,128,1242,0
2024-08-05,WN,11193,14869,85,96,1496,0
2024-09-04,DL,13930,12892,47,40,1663,0
2025-08-11,UA,14107,13930,11,19,529,0
2025-11-06,AS,11433,14771,-1,10,1632,0
2025-05-28,WN,14057,13930,-13,2,1375,0
2025-06-16,B6,14057,14771,14,30,682,0
2024-06-11,NK,12266,13930,46,60,2746,1
2024-12-26,AS,15016,14057,-4,-9,1518,0
2024-12-28,NK,12892,14107,52,46,1396,0
2024-10-17,AA,14057,15016,43,43,2429,0
2025-01-13,B6,11433,15016,87,79,743,0
2025-03-19,WN,13204,14057,76,71,317,0
2025-09-02,DL,12892,14771,96,96,205,0
2024-06-17,B6,12892,12266,120,117,1340,0
2025-05-05,DL,12478,13204,-14,-6,1862,0
2025-01-29,UA,10397,13303,-7,-1,1094,0
2025-02-20,B6,10397,11193,79,79,1995,0
2025-08-16,AA,14869,15016,81,79,1401,0
2024-10-21,WN,12478,13204,28,32,2090,0
2025-04-04,NK,12266,11298,109,127,2935,0
2024-06-05,F9,14869,13204,-10,1,2635,0
2025-06-10,WN,12266,14057,11,11,2821,0
2025-05-11,UA,14771,15016,113,114,1247,0
2025-08-19,WN,14107,10397,53,47,1991,0
2025-11-11,F9,14057,12892,101,102,2008,0
2025-07-17,AS,14869,12266,1,13,2381,1
2024-12-06,B6,14771,11433,49,65,2041,0
2024-12-25,DL,15016,13303,34,24,1307,0
2024-02-21,UA,11298,14771,76,92,980,0
2024-03-15,F9,14057,14869,48,51,322,0
2025-07-19,F9,10397,14057,112,125,2696,0
2024-05-18,AS,11298,12478,-3,7,244,0
2024-03-25,WN,11298,11193,29,26,331,0
2024-09-12,B6,13930,14057,104,95,1664,0
2024-11-13,F9,14771,11193,3,-6,318,0
2024-03-31,AA,12892,14771,25,45,599,0
2024-05-26,DL,14057,13204,106,98,2212,0
2024-09-14,UA,15016,12478,80,91,2299,0
2025-04-23,UA,14869,14771,99,98,2854,0
2024-12-31,B6,12892,14869,26,24,2426,0
2025-11-14,DL,11433,14771,38,58,759,0
2024-09-07,DL,14107,12266,111,109,1994,0
2025-02-20,DL,12478,10397,8,7,1003,0
2025-04-08,AA,11193,12266,64,58,1551,0
2025-05-27,AS,13204,14771,32,40,337,0
2025-08-27,DL,13303,14771,48,57,2230,0
2024-08-16,DL,11193,14107,114,104,1761,0
2025-05-06,NK,13204,14107,93,109,1816,0
2024-07-09,AA,13204,14107,47,37,2080,0
2025-05-04,DL,14057,13930,69,78,1863,0
2025-09-27,B6,14057,13303,31,38,1529,0
2025-06-11,NK,10397,15016,75,72,2582,0
2025-03-24,WN,13303,14771,71,79,2749,0
2024-02-25,WN,14107,12892,95,112,2157,0
2024-04-13,DL,12478,11298,114,105,2712,0
2025-09-05,AS,13204,14771,70,61,2537,0
2025-11-23,B6,14057,12892,67,84,869,0
2025-04-14,UA,12892,13930,42,50,630,0
2025-07-13,UA,14771,11193,59,52,684,0
2024-10-16,NK,14107,13303,58,57,2815,0
2024-02-13,WN,13303,11193,78,95,1050,0
2024-11-05,UA,15016,11433,-15,-16,687,0
2024-01-22,DL,15016,14057,-2,-5,1028,0
2025-09-12,NK,10397,14107,88,96,898,0
2024-11-17,UA,13303,11433,9,24,1032,0
2025-01-29,WN,13930,13303,39,56,1848,0
2024-09-06,NK,11433,13204,66,62,1988,0
2024-08-07,AA,11193,13204,63,66,2433,0
2024-11-06,NK,12478,13303,86,105,1172,0
2024-06-02,AA,11433,11298,100,106,588,0
2025-05-11,AS,12266,11298,111,125,2105,0
2024-09-27,AS,14869,12478,98,101,2894,0
2024-11-22,AS,13303,11433,54,56,813,0
2025-01-06,WN,14107,12266,-3,-3,1877,0
2025-07-25,AA,12478,13204,-2,9,325,0
2024-04-26,WN,11193,13930,88,90,719,0
2024-03-05,AS,13930,14107,81,89,1516,0
2024-05-10,UA,12478,15016,67,70,1006,0
2024-02-10,AA,15016,13303,107,114,1073,0
2025-08-02,B6,13204,14107,55,74,1742,0
2024-09-06,AS,10397,12478,113,103,1312,1
2025-03-17,WN,10397,14869,42,51,687,0
2025-11-01,AA,14057,14771,80,81,1546,0
2025-06-12,DL,14057,14107,88,89,2955,0
2024-04-13,UA,14107,12892,120,128,2085,0
2025-10-11,DL,13930,13303,117,112,2165,0
2024-02-08,F9,13303,11298,29,27,2247,0
2024-01-01,WN,11193,10397,79,70,1199,0
2024-10-21,AS,10397,14869,111,104,318,1
2024-07-31,B6,11193,14107,5,20,2668,1
2024-10-28,UA,12478,11193,46,44,749,0
2025-04-22,NK,13303,13204,35,44,2548,0
2025-02-07,WN,14771,13930,47,67,2762,0
2024-09-19,AS,12266,11433,22,32,877,0
2024-06-11,AA,11193,13930,104,95,2477,0
2024-10-01,B6,14057,13204,25,33,2990,0
2025-11-02,WN,11433,10397,111,110,2166,0
2025-05-27,AA,13930,11433,101,97,2195,0
2025-04-09,AS,11298,13930,87,104,1191,0
2024-07-23,WN,14771,11193,15,13,2051,0
2025-11-20,UA,13303,11193,69,67,2842,0
2025-11-15,B6,11433,14107,64,61,582,0
2024-01-29,NK,11193,12478,55,70,1404,0
2024-07-10,NK,12266,14107,20,14,1984,0
2025-06-10,B6,13930,11298,22,26,2559,0
2025-07-13,NK,12892,10397,89,87,911,0
2024-10-22,F9,15016,13204,97,113,568,0
2024-04-20,AS,13930,12266,57,48,986,0
2025-03-19,UA,15016,14869,43,39,2346,0
2024-09-18,WN,14057,13930,6,0,2714,0
2025-07-13,B6,14771,13303,5,8,2313,0
2024-04-07,B6,14057,13303,116,120,977,0
2024-04-09,AA,14107,11298,51,48,465,0
2024-08-05,B6,11433,14771,34,28,2466,0
2025-11-29,AS,14771,13303,63,75,1773,0
2024-12-08,WN,14869,12266,53,57,2612,0
2025-03-13,DL,14771,12266,38,36,2070,0
2025-09-16,B6,12892,14869,22,33,2155,0
2025-04-02,DL,12266,14107,8,22,2731,0
2025-07-29,DL,12892,14057,110,123,927,0
2024-11-10,AA,15016,14107,80,75,1530,0
2025-05-31,UA,12892,12266,70,69,2962,0
2024-10-03,UA,13930,10397,60,50,2083,0
2024-09-30,DL,11433,14869,44,38,490,0
2025-11-05,UA,14107,11193,63,57,1474,0
2025-06-24,AA,12892,12478,28,18,1719,0
2024-05-11,DL,12266,12892,37,51,555,0
2025-09-16,NK,14107,11433,6,24,610,0
2024-11-20,DL,12892,11193,-4,6,1061,0
2024-11-03,B6,15016,14869,85,89,920,0
2024-01-15,AA,11298,12892,105,114,1541,0
2024-11-04,AS,12266,13303,115,129,628,0
2025-08-22,UA,12892,14771,6,16,2789,0
2024-03-14,UA,14771,11193,93,110,702,0
2024-06-09,AA,14057,13204,59,75,215,0
2024-01-19,AS,12892,13303,25,37,291,0
2025-11-26,AS,12478,11433,84,91,499,0
2025-05-27,NK,12892,10397,1,4,2216,0
2024-06-19,NK,14057,10397,83,87,2645,0
2025-04-03,DL,11298,14057,53,63,929,0
2024-05-25,F9,13303,11193,117,133,2826,0
2025-03-19,UA,15016,11433,104,123,2377,0
2024-04-15,F9,14107,11433,47,40,2559,0
2024-05-23,NK,11298,14869,103,121,2588,0
2025-09-19,DL,13303,14869,83,100,1454,0
2025-01-15,AA,11193,12478,57,71,1807,0
2025-03-19,UA,15016,11433,23,25,747,0
2024-10-05,DL,14107,13930,108,103,1468,0
2025-06-02,B6,13303,14771,84,101,1829,1
2024-11-12,UA,15016,14869,87,94,2536,0
2024-05-10,F9,14771,14869,12,12,2847,0
2025-06-13,WN,14057,11433,11,31,2032,0
2025-11-08,NK,12266,12478,-5,-14,2588,0
2024-11-23,F9,12266,13204,23,28,1922,0
2025-05-14,UA,15016,11298,13,12,1545,0
2025-08-30,NK,12478,13204,118,137,1368,0
2024-11-08,AA,12266,15016,-15,-4,1895,0
2025-11-09,AS,13930,14869,117,118,772,0
2024-03-01,B6,12266,13204,85,98,1512,0
2025-01-05,UA,10397,12478,37,56,1330,0
2025-11-15,NK,11433,11298,18,16,605,0
2024-02-01,DL,11193,14107,81,72,425,0
2024-06-19,B6,10397,12266,98,116,1636,0
2024-09-24,NK,10397,14107,42,40,2307,0
2024-02-09,AS,11298,14771,5,3,575,0
2024-04-01,AS,10397,14057,114,130,334,0
2025-01-07,AA,11193,13204,10,24,2960,0
2024-02-10,WN,14771,14057,-4,5,539,0
2024-10-25,AA,15016,14107,33,29,2571,0
2024-08-30,B6,11298,11433,-6,-8,1133,0
2025-07-29,WN,14057,12892,69,81,1631,0
2024-05-22,AA,15016,10397,-13,6,2267,0
2024-09-24,DL,14107,11298,117,136,2027,0
2024-02-13,AS,14771,12892,-12,-19,2588,0
2025-02-06,NK,12892,11193,2,0,2116,0
2024-12-17,UA,14869,11433,22,35,1304,0
2024-12-08,AA,12266,15016,-10,1,1301,0
2024-06-16,AS,14057,11193,59,68,587,0
2025-07-27,F9,13930,14771,111,103,326,0
2025-01-05,UA,13204,11433,69,68,850,0
2025-09-15,UA,12892,11298,97,91,2092,0
2024-10-06,AA,11193,14771,100,115,1435,0
2025-07-12,UA,12266,12478,28,45,1925,0
2024-12-10,DL,14869,11298,59,60,2638,0
2025-08-29,UA,13204,14869,78,90,1781,0
2024-08-13,NK,14057,11193,56,60,2801,0
2025-06-14,UA,12266,13930,0,2,999,0
2025-05-02,DL,13204,12266,48,38,932,0
2024-06-26,B6,11298,13930,113,131,1508,0
2025-11-01,DL,14771,14057,12,17,281,0
2024-11-06,B6,12266,12478,79,87,2033,0
2024-05-04,B6,11433,13303,22,12,1790,0
2024-04-06,NK,13204,14771,113,117,666,0
2024-10-17,AS,13930,14771,71,76,592,0
2024-06-07,WN,12892,12266,76,96,1532,0
2024-05-03,UA,12266,11433,42,34,2036,0
2024-04-09,DL,11433,15016,-1,0,2452,0
2024-01-01,F9,14107,12892,87,88,2502,0
2025-11-01,DL,13303,14771,97,92,1959,0
2025-08-21,DL,13930,14771,-12,-6,1529,0
2024-09-08,AS,14869,11433,80,73,1690,0
2024-09-05,DL,14771,13204,14,21,2830,0
2025-01-25,F9,11433,14107,4,-2,1680,0
2024-04-30,B6,15016,14869,5,23,2556,0
2025-05-05,NK,13303,14057,50,54,2433,0
2025-10-24,B6,13930,10397,103,97,790,0
2024-11-13,B6,10397,13930,78,87,1489,0
2024-07-17,AS,14107,12266,14,12,2519,1
2025-05-19,F9,11193,13930,109,110,802,0
2024-12-18,NK,13930,11298,102,92,1545,0
2024-01-01,AS,11433,15016,71,88,2776,0
2025-09-09,AA,12892,13204,45,44,1051,0
2024-06-19,B6,13930,11193,42,54,2541,0
2024-05-20,NK,12892,13930,108,120,2945,0
2025-09-20,AS,14057,14107,12,26,1167,0
2025-01-23,B6,11433,15016,55,52,1087,0
2025-09-29,AS,10397,14771,54,74,423,0
2024-11-03,F9,12892,14869,84,80,940,0
2025-11-09,B6,10397,13204,63,75,2333,0
2025-07-21,AA,12892,10397,74,87,1230,0
2025-06-01,AS,11433,13303,18,21,1902,0
2025-10-04,NK,11193,11433,18,35,2166,0
2024-03-04,F9,14869,13303,65,83,2588,0
2025-04-02,UA,13204,14869,37,28,824,0
2025-03-22,AA,14107,14869,27,41,905,0
2025-09-23,NK,12478,12892,119,117,1254,0
2024-03-04,UA,13303,11298,75,80,2170,0
2025-06-19,AA,11433,11298,46,41,698,0
2025-07-14,NK,11193,15016,81,81,1176,0
2024-06-21,UA,14057,13303,13,19,489,0
2024-11-08,WN,12478,14869,65,82,761,0
2025-10-17,AA,15016,11193,20,13,2966,0
2025-08-06,AS,14107,14771,73,67,2564,0
2024-07-24,UA,12892,11298,67,68,1588,0
2025-11-24,F9,12266,13303,57,73,930,0
2024-09-28,DL,14771,12892,113,131,406,0
2024-10-18,AS,12892,14771,13,30,1833,0
2024-02-20,AA,14107,14057,43,58,2003,0
2024-08-03,WN,14771,11298,116,108,2001,0
2025-02-08,F9,12478,13204,48,47,2460,0
2025-08-31,AA,11298,13303,104,94,1771,0
2025-10-19,AA,11193,12892,56,66,1588,0
2024-08-17,DL,11433,14771,14,12,1963,0
2025-05-05,DL,14869,15016,-12,-20,1682,0
2025-06-20,AA,13204,11193,32,50,1584,0
2024-08-23,UA,14107,14771,-13,2,2732,0
2024-01-28,F9,12478,13930,46,55,866,0
2025-02-27,NK,12892,13303,83,74,1558,0
2025-11-25,B6,11433,12478,100,94,232,0
2024-06-16,UA,12266,14107,89,98,252,0
2024-07-10,WN,13930,13204,99,105,279,0
2024-01-01,AA,10397,14869,10,9,2932,0
2025-03-11,DL,13204,14057,28,35,1096,0
2025-11-16,AA,13204,14107,37,57,2735,0
2025-07-25,UA,12892,10397,-4,8,1620,0
2024-02-22,WN,13930,11298,61,57,2935,0
2024-01-02,F9,12478,14057,119,127,2045,0
2024-10-19,NK,14107,14057,6,9,929,0
2024-01-25,B6,10397,15016,2,-7,1173,0
2025-05-28,B6,11433,14771,87,90,1268,0
2024-12-20,DL,12266,14771,111,124,1693,0
2024-07-23,NK,15016,14869,116,130,1327,0
2024-06-05,B6,14107,13303,69,83,2819,0
2024-02-03,AS,13930,14869,105,122,843,0
2024-06-11,AS,15016,12478,60,55,2041,0
2024-02-22,UA,13204,12478,85,86,1852,0
2024-09-23,AS,12892,14869,16,22,478,0
2024-10-12,WN,15016,11433,89,101,1142,0
2025-01-13,NK,13303,11193,54,74,687,0
2025-06-18,AA,12478,15016,119,139,2081,0
2024-10-18,WN,11298,12266,57,54,342,0
2024-12-19,WN,11298,12266,10,11,1967,0
2024-04-07,WN,11193,10397,36,28,2947,0
2024-04-24,UA,12266,11298,115,119,1107,0
2025-11-30,AS,14771,11298,55,69,2336,0
2024-09-07,WN,13930,14771,33,45,630,0
2025-11-23,DL,11298,13204,35,36,711,0
2024-05-29,F9,12478,12892,84,75,2005,0
2024-10-24,B6,11298,13204,56,46,2874,0
2024-03-27,NK,11433,12266,-13,-18,2027,0
2025-08-23,AA,14057,14107,28,47,2703,0
2024-07-10,DL,14771,14869,68,63,567,0
2024-04-06,B6,12266,13204,75,87,1534,1
2025-04-04,B6,11433,13930,10,2,1104,0
2024-04-16,WN,11298,14107,51,52,2863,0
2024-04-13,DL,11193,14057,82,84,1851,0
2025-04-10,F9,13930,12266,69,85,423,0
2024-05-11,DL,13930,14869,-6,3,1033,0
2025-06-09,UA,12266,11193,33,39,1714,0
2024-11-07,NK,13303,10397,11,7,1434,0
2025-02-23,UA,12478,14107,74,92,2114,0
2024-08-13,AS,14057,12892,32,32,384,0
2024-08-31,F9,12478,13204,60,78,1851,0
2024-08-09,DL,11193,13204,88,84,527,0
2025-02-07,AA,14057,11433,88,102,913,0
2025-08-17,UA,11433,13303,59,55,2970,0
2024-08-11,WN,10397,14869,45,61,2608,0
2025-08-18,B6,13930,11298,69,85,1819,0
2024-04-30,NK,12478,13204,87,100,1358,0
2024-07-31,WN,12478,13204,72,66,2950,0
2025-09-05,NK,14869,13204,38,36,2021,0
2024-10-21,F9,14771,10397,82,102,509,0
2025-02-09,UA,14057,13930,76,96,1792,0
2024-10-20,DL,12892,11298,36,42,1952,0
2025-11-27,B6,11298,13930,68,81,2629,0
2024-02-01,B6,13303,13204,57,50,2129,0
2024-11-04,B6,13204,12266,65,64,2503,0
2024-09-17,AS,12478,14107,74,81,686,0
2024-01-14,F9,12892,14057,119,119,2846,0
2025-04-05,AA,14057,12478,8,20,587,0
2025-03-08,NK,11193,15016,2,11,2063,0
2025-05-19,UA,13930,12892,8,0,983,0
2025-04-10,B6,14057,13303,2,21,629,0
2025-05-30,B6,13204,13930,85,80,2521,0
2024-06-01,F9,15016,14057,52,62,615,0
2024-12-09,F9,13303,12478,59,57,1995,0
2024-02-18,WN,13303,13204,8,17,2750,0
2024-03-02,AS,12266,13204,30,44,1607,0
2024-03-08,WN,12892,13204,-11,-3,451,0
2025-10-08,AS,13204,12892,115,106,2925,0
2024-12-06,NK,12478,14107,85,80,2521,0
2025-11-17,AS,14107,11298,4,4,2644,0
2025-09-18,AA,12266,15016,112,126,1246,0
2025-09-20,UA,13930,12478,17,29,2857,0
2025-06-02,UA,13930,12478,37,53,1050,0
2024-12-22,NK,14107,13204,104,109,1294,0
2025-11-23,AS,11298,14771,60,62,653,0
2025-11-05,B6,11193,15016,47,66,2670,0
2025-05-24,NK,12478,10397,45,51,2955,0
2024-03-30,F9,11193,14869,50,63,2491,0
2025-04-07,B6,13303,12266,58,77,2280,0
2024-07-17,F9,14771,15016,103,110,906,0
2024-03-03,B6,14057,11433,93,84,365,0
2025-02-17,WN,14869,13930,81,92,688,0
2025-10-26,AA,12266,12478,86,99,429,0
2024-09-16,F9,13303,10397,16,15,253,0
2024-08-16,AS,12478,12266,24,26,332,0
2024-11-04,DL,12892,14869,70,86,788,0
2025-09-11,B6,11193,14057,97,108,1289,0
2025-05-13,DL,10397,14057,-6,-5,2513,0
2025-04-03,UA,14057,13303,17,23,1706,1
2025-11-24,B6,11298,15016,33,28,393,0
2025-03-13,F9,11433,11298,32,36,2584,0
2025-03-15,AS,11433,14869,76,96,852,0
2024-09-27,B6,12478,11298,70,84,1469,0
2024-02-06,WN,13303,11433,63,54,1991,0
2025-10-22,F9,14057,13204,23,31,497,0
2025-05-17,DL,14057,14107,-4,1,940,0
2024-10-20,AS,10397,14107,16,20,890,0
2025-10-30,DL,15016,11193,80,99,1868,0
2024-11-21,F9,14771,12478,1,15,1157,0
2025-09-16,B6,14771,11193,114,125,563,0
2024-05-01,DL,12266,14869,81,92,2038,0
2024-11-28,WN,14869,11298,26,28,1170,0
2024-11-29,B6,13204,11193,-12,-19,1520,0
2025-02-16,AS,14771,14057,84,100,1735,0
2025-01-06,NK,12478,13930,-2,-7,2673,0
2025-04-11,F9,15016,13303,100,116,2286,0
2025-06-17,AA,14869,14107,1,3,2635,0
2024-04-04,NK,11433,10397,71,61,2834,0
2024-09-09,UA,12478,10397,105,96,1069,0
2024-03-06,DL,12266,11298,41,34,2979,0
2024-04-20,WN,11298,13204,7,7,1118,0
2025-02-18,WN,11298,13204,-7,13,2094,0
2024-03-13,AS,12478,14869,15,35,2038,0
2025-04-18,NK,14057,14107,23,24,1737,0
2024-10-28,UA,14107,12478,32,50,2592,0
2025-08-29,B6,14869,14057,24,37,444,0
2025-03-06,AS,12266,14057,104,100,1587,0
2024-10-04,AS,13930,13303,-13,-3,2010,0
2024-05-22,F9,14107,14057,14,23,1301,0
2024-12-30,AS,10397,12266,107,120,2883,0
2025-05-24,DL,12892,10397,38,43,351,0
2024-01-29,AS,10397,14057,105,117,320,0
2024-04-20,UA,11433,14107,19,13,1064,0
2024-07-18,AS,15016,14771,48,66,913,0
2025-06-02,AS,13930,11193,34,50,683,0
2024-05-13,NK,13204,11433,101,103,546,0
2025-03-30,NK,12892,11298,25,29,860,0
2025-05-31,AA,14057,10397,95,95,2864,0
2024-07-13,AS,11193,13303,109,111,1249,0
2024-04-19,DL,13930,12478,31,30,1655,0
2024-10-07,DL,11193,13204,115,133,933,0
2025-01-31,F9,12892,14869,74,88,1268,0
2024-10-04,AA,14869,12892,15,9,1842,0
2025-03-12,AS,14869,12478,92,111,216,0
2025-02-20,B6,14869,12892,91,97,1929,0
2024-02-03,WN,14107,15016,25,36,1724,0
2025-03-29,NK,14869,12892,71,85,1997,0
2025-05-01,AA,10397,12266,86,106,248,0
2024-01-05,NK,11298,11433,-11,-19,2594,0
2025-03-16,B6,11193,13930,46,48,1181,0
2024-11-01,UA,13204,15016,98,108,1289,0
2025-05-01,DL,13930,14057,73,69,2499,0
2024-03-15,WN,11193,12478,117,129,1658,0
2025-09-08,AS,12892,13204,19,30,2449,0
2024-09-24,AS,10397,14057,106,105,2236,0
2024-01-21,NK,11433,15016,-8,-11,2403,0
2025-07-12,WN,10397,15016,-10,-7,1732,0
2024-04-07,B6,13930,12892,82,94,1501,0
2025-05-31,B6,14057,13930,67,69,2309,0
2025-07-08,AS,15016,14107,86,103,435,0
2024-05-25,DL,13930,11193,27,30,2445,0
2024-05-04,UA,13303,10397,50,55,698,0
2025-09-09,DL,12892,13204,116,134,850,0
2024-12-08,AA,12478,12892,42,56,2909,0
2024-04-20,UA,12266,10397,37,50,1572,0
2025-01-17,NK,13930,11298,96,86,1243,0
2025-03-28,B6,12478,11433,1,11,1742,0
2024-01-26,WN,14869,11298,113,119,1388,0
2025-11-13,UA,13303,11193,98,99,822,0
2025-04-10,WN,12892,14771,66,68,2367,0
2024-03-02,DL,10397,11298,50,62,1955,0
2024-12-04,B6,15016,13930,72,66,1082,0
2025-08-19,WN,13930,11193,-12,-19,1808,0
2025-11-22,AA,15016,12266,63,66,1154,0
2024-12-28,B6,14057,13204,30,33,835,0
2025-05-28,UA,11433,14869,44,49,590,0
2025-11-12,WN,11298,12892,53,46,864,0
2025-04-12,WN,11193,13303,90,93,807,0
2025-05-23,UA,14107,10397,67,73,2715,0
2024-06-18,F9,13204,11433,18,10,1352,0
2025-10-10,B6,15016,13930,42,61,1746,0
2025-04-19,AA,14057,12892,18,34,2594,0
2025-05-02,WN,12478,13204,69,67,857,0
2025-10-21,F9,14057,14869,61,67,732,0
2024-06-27,WN,13204,15016,31,50,1938,0
2025-10-27,AA,11433,12892,65,66,2228,0
2024-08-24,DL,14771,14057,0,19,2368,0
2024-10-02,WN,14869,14107,66,84,1103,0
2025-07-27,UA,13930,15016,28,30,466,0
2024-09-18,AS,12478,14107,49,49,2105,0
2024-07-08,UA,14869,12478,-7,9,1120,0
2025-10-01,AS,11193,12892,83,88,530,0
2025-05-30,UA,11433,11298,112,108,964,0
2025-02-16,F9,14869,14057,33,47,462,0
2024-05-23,AS,14869,11433,10,4,1571,0
2024-10-08,B6,12478,13303,4,1,2253,0
2024-08-09,AA,14057,13204,10,29,2944,0
2024-07-22,WN,11193,11433,79,95,2563,0
2024-10-10,NK,13204,12892,34,33,1028,0
2024-12-06,AA,14107,12892,60,76,320,0
2024-04-18,UA,14771,13204,94,91,1458,0
2024-06-01,WN,11193,15016,29,19,1973,0
2025-08-02,B6,13930,11433,72,80,452,0
2025-06-09,F9,14107,13303,32,35,2971,0
2025-02-12,WN,12266,14107,-7,7,460,0
2025-04-07,DL,11298,14771,91,105,627,1
2024-06-23,UA,13204,15016,83,76,681,0
2025-01-19,F9,10397,13303,70,83,2719,0
2025-04-30,DL,12478,12266,9,12,1111,0
2025-03-01,UA,15016,12478,87,79,1014,0
2024-11-04,NK,11433,15016,11,8,672,0
2025-07-22,B6,12266,11298,89,96,2476,0
2024-01-15,WN,11433,13930,57,55,1980,0
2024-08-09,B6,11193,12892,38,58,2721,0
2025-08-06,AA,14057,13204,48,55,2111,0
2025-03-22,B6,13303,10397,54,47,1133,0
2024-08-08,F9,13204,14107,-15,-11,1981,0
2024-04-06,F9,13204,14771,58,55,2908,0
2024-05-25,F9,13930,11298,13,20,2018,0
2025-01-14,AA,14869,11433,-1,11,670,0
2024-05-14,AS,12892,12266,89,97,2508,0
2024-01-03,B6,11298,14057,21,20,1543,0
2024-12-18,DL,14107,12266,27,32,464,0
2025-10-23,F9,12478,14771,113,108,818,0
2024-09-03,B6,15016,13303,56,53,1044,0
2024-04-28,B6,12266,15016,107,112,2263,0
2025-11-11,WN,10397,13303,66,83,2045,0
2025-10-01,WN,14869,13303,33,49,1872,0
2025-04-09,WN,11193,14107,104,104,2349,0
2024-12-01,UA,12892,14869,52,43,1655,0
2024-04-21,WN,14057,11193,28,29,904,0
2025-01-27,NK,12478,11298,15,28,1650,0
2025-03-16,NK,12478,13930,59,79,505,0
2024-06-16,WN,12478,15016,-3,15,810,0
2025-09-27,UA,11433,13204,35,34,584,0
2025-07-17,F9,13204,12266,28,35,642,0
2025-09-19,DL,13204,12478,30,24,2050,0
2024-07-25,AA,13930,14869,117,108,402,0
2024-01-12,WN,13930,12478,45,61,1585,0
2025-10-01,F9,13303,14869,117,120,2896,0
2025-11-14,UA,13303,15016,59,68,1350,0
2024-01-09,AA,15016,12892,57,56,816,0
2025-07-18,WN,15016,14107,-1,3,2274,0
2025-07-03,WN,12266,13303,86,99,2516,0
2025-10-20,F9,14771,15016,54,52,275,0
2025-09-21,F9,13930,12892,87,105,2666,0
2024-06-02,B6,14869,13930,69,69,875,0
2025-09-05,NK,11298,14869,56,74,1170,0
2025-02-17,UA,12478,12266,-2,-6,986,0
2025-05-11,UA,11193,13303,5,2,826,0
2025-01-08,B6,11193,14771,117,119,1237,0
2024-01-09,F9,15016,10397,40,53,2300,0
2024-12-19,UA,13204,12266,45,59,2981,0
2025-05-22,WN,14771,11298,115,127,1841,0
2025-01-28,DL,11298,13303,83,85,1511,0
2024-01-17,WN,11433,14869,70,70,1992,0
2024-07-16,WN,14057,13204,-1,-3,2028,0
2025-03-16,NK,14771,12266,-1,9,2442,0
2025-08-23,AA,15016,10397,20,19,1147,0
2025-03-06,AA,13303,12892,63,68,927,0
2024-02-28,DL,12892,13930,97,114,865,0
2025-03-24,UA,11298,11193,-2,6,680,0
2025-10-06,AS,11298,13204,116,113,1093,0
2024-08-26,B6,15016,13303,69,86,1941,0
2025-05-01,UA,13930,11298,119,132,945,0
2024-11-30,AA,13204,14107,39,34,1695,0
2025-06-20,DL,11433,14869,-14,-11,702,0
2024-07-26,AS,13303,11433,27,18,719,0
2025-04-17,UA,11193,15016,17,7,510,0
2025-06-01,UA,13930,14107,93,110,1656,0
2024-06-06,DL,12478,14107,48,41,464,0
2024-03-25,B6,12892,12266,51,44,1773,0
2024-08-19,B6,14107,15016,61,57,2463,0
2025-07-08,AS,11193,13930,91,88,2273,0
2025-03-07,AA,14107,14869,86,89,382,0
2024-04-06,NK,13204,11193,44,37,1757,0
2025-08-03,B6,14869,11193,0,7,2512,0
2024-07-15,AS,14771,11298,50,58,342,0
2025-07-16,UA,13303,10397,13,17,1368,0
2024-05-05,WN,13204,11298,97,91,2888,0
2024-04-03,DL,12478,11193,54,53,1322,0
2024-03-03,F9,12266,11193,-11,8,1734,1
2024-10-16,AS,12478,12892,24,36,1743,0
2025-09-06,UA,15016,14869,75,94,2016,0
2025-04-02,DL,12478,14057,43,50,399,0
2025-06-11,AS,11433,13930,80,77,1302,0
2024-12-06,F9,14771,10397,43,55,667,0
2025-08-15,UA,14057,12892,67,59,1101,0
2024-07-06,AA,12478,12892,113,133,2064,0
2025-06-26,B6,10397,13303,45,42,2699,0
2024-02-29,AA,11298,14771,106,124,319,0
2024-02-02,F9,13930,12478,78,78,1018,0
2025-01-20,AA,12478,14107,24,39,2183,0
2024-03-21,UA,14771,15016,57,52,581,0
2024-11-28,WN,12266,14771,108,116,1737,0
2024-07-23,B6,12266,14057,118,131,955,0
2025-08-20,UA,12478,13930,17,36,314,0
2025-02-07,WN,15016,11193,49,43,549,0
2024-10-23,WN,12266,12892,49,63,363,0
2025-01-16,AS,11298,13930,61,61,1355,0
2024-10-05,AS,13930,12266,48,47,712,0
2025-06-08,B6,12892,14107,53,58,2157,0
2024-12-24,B6,13204,12478,51,47,895,0
2024-11-09,B6,12266,11298,22,30,222,0
2024-07-14,DL,14057,11298,60,51,2310,0
2025-06-18,DL,12892,12478,44,36,652,0
2025-01-28,AS,14107,11298,89,105,2561,0
2024-09-06,F9,14107,14869,83,99,2228,0
2024-07-28,DL,12478,14869,97,98,699,0
2024-08-07,DL,13204,12266,89,80,502,0
2025-10-22,B6,15016,13204,46,64,1398,0
2024-10-08,UA,14057,14107,108,111,1428,0
2025-08-26,WN,14771,15016,-15,-3,1892,0
2024-07-18,AA,15016,10397,103,119,1061,0
2024-04-07,DL,14771,10397,102,101,1938,0
2024-10-29,NK,13303,13930,13,3,1692,0
2024-03-10,NK,15016,12478,26,44,1297,0
2025-04-28,WN,14107,10397,63,82,2256,0
2024-06-08,AA,11193,14057,86,82,1584,0
2025-09-27,AS,10397,13204,33,37,701,0
2025-03-18,AA,11193,14057,45,36,2552,0
2024-07-08,WN,12892,12266,39,43,2237,0
2025-02-20,DL,12478,11193,32,45,2232,0
2025-02-18,AA,14869,13303,-2,-10,490,0
2025-06-28,NK,14107,13303,54,69,2902,0
2024-11-18,WN,11298,13930,64,72,2173,0
2025-01-09,AS,13930,15016,0,8,2993,0
2024-09-14,F9,13930,14869,1,-5,2852,0
2024-12-18,WN,11298,11193,3,-7,1291,0
2024-10-10,F9,14869,11193,30,25,2779,0
2024-01-10,F9,14107,11298,103,120,2956,0
2024-07-05,NK,14771,12266,106,100,1991,0
2024-10-26,NK,12892,11298,12,8,2066,0
2025-07-22,NK,13204,14869,-5,-10,664,0
2024-06-14,WN,14869,13303,68,75,1019,0
2025-04-26,UA,13204,15016,111,101,1853,0
2025-10-19,WN,10397,14107,25,38,2405,0
2024-10-31,UA,14057,13204,76,83,820,0
2025-03-06,DL,14057,15016,91,107,386,0
2025-06-24,DL,13303,13204,53,47,2133,0
2024-05-08,AS,14057,11433,120,113,2339,0
2025-09-21,AS,10397,13930,72,67,1360,0
2025-06-14,AA,12478,13930,95,110,2200,0
2025-07-27,DL,13303,14107,61,78,1680,0
2024-05-28,B6,14057,10397,-14,-7,2753,0
2025-02-04,WN,14771,13303,-13,-18,490,0
2024-08-16,WN,14057,13930,56,69,2721,0
2024-03-19,UA,14869,15016,-7,4,2243,0
2025-11-03,NK,13303,13930,11,21,903,0
2024-06-01,DL,14107,11298,71,68,2350,0
2025-07-21,F9,13204,13930,114,115,2985,0
2024-05-01,AA,11298,13303,10,20,963,0
2025-07-23,NK,14869,13303,81,80,1399,0
2025-01-01,DL,13303,12478,-5,0,2024,0
2024-03-13,AS,11433,11193,58,74,808,0
2024-02-19,DL,13303,10397,24,28,2901,0
2024-02-03,B6,11433,13204,13,20,1195,0
2024-10-08,UA,11193,10397,67,82,928,0
2025-06-16,AS,13303,10397,102,102,643,0
2025-09-13,F9,10397,13204,97,105,643,0
2024-06-27,F9,12478,14869,91,83,332,0
2024-03-30,DL,12892,11433,78,74,2519,0
2024-11-13,WN,13930,14107,16,25,691,0
2024-03-10,DL,14869,14107,98,113,1242,0
2025-04-03,B6,12892,11298,13,23,2767,0
2024-06-14,F9,11193,15016,68,86,2423,0
2024-12-07,B6,11298,15016,28,46,1590,0
2025-11-14,UA,14057,13930,103,101,1936,0
2024-06-07,UA,13930,14107,27,39,2355,0
2025-11-08,NK,11298,11433,105,124,674,0
2024-09-23,F9,11298,14057,10,11,601,0
2025-09-05,DL,11193,11433,2,-8,2672,0
2025-01-04,WN,14107,11298,37,54,1269,0
2025-07-18,WN,13204,13930,55,53,286,0
2025-10-05,WN,11298,14057,-10,-2,2858,0
2024-02-09,B6,11193,13930,96,112,504,0
2024-07-01,F9,14869,13303,-9,-1,2041,0
2024-05-05,AS,12478,14771,54,52,998,0
2025-04-22,AS,14869,12478,-5,-9,492,0
2024-03-13,AS,12478,11433,-8,10,1442,0
2025-11-29,UA,13303,11433,-13,-16,1887,1
2025-06-07,NK,11298,15016,36,37,2238,0
2025-01-21,UA,14107,14869,113,105,2065,0
2025-10-22,B6,12478,11433,40,35,1603,0
2024-10-15,B6,12266,11193,-5,-13,245,0
2025-09-16,AA,11433,14107,35,32,394,0
2024-12-22,F9,11433,14869,31,25,2735,0
2025-02-13,AA,11433,10397,96,89,1567,0
2024-05-03,B6,13930,11193,74,78,1780,0
2024-09-18,DL,13930,14057,21,25,2964,0
2024-10-15,NK,12892,13204,23,42,2236,0
2025-09-07,F9,12892,13303,3,19,709,0
2025-09-13,WN,12892,12478,13,5,1662,0
2024-05-16,F9,14869,10397,24,22,2322,0
2025-03-25,B6,11433,13204,90,110,2678,0
2025-04-21,AA,11193,12478,98,109,1958,0
2024-09-20,WN,15016,12892,89,85,1882,0
2024-04-16,UA,14107,12892,104,100,2157,0
2024-12-16,AS,11298,15016,29,28,816,0
2024-09-02,B6,11298,11433,34,49,1072,0
2024-10-01,DL,12892,13204,-1,-11,2297,0
2025-11-18,DL,14771,13303,33,45,1015,0
2024-07-11,NK,12478,14107,117,119,768,0
2024-11-09,B6,11193,12266,111,122,2928,0
2024-03-14,AA,15016,11433,106,109,2459,1
2024-10-29,F9,14771,12478,107,104,775,0
2025-05-30,WN,15016,12266,-4,5,628,0
2025-08-02,AS,13930,11193,2,13,1338,0
2024-04-12,DL,14057,11298,79,77,1851,0
2024-01-10,B6,12892,11298,96,103,415,0
2024-01-15,AA,13204,14869,82,75,1571,0
2025-01-29,DL,14107,11433,18,37,1797,0
2025-01-26,WN,13303,13204,52,59,816,0
2025-06-27,NK,14869,11298,114,115,1392,0
2024-08-07,NK,15016,12478,110,116,2169,1
2024-11-14,F9,15016,13204,104,114,989,0
2024-09-10,DL,14869,12266,33,35,2152,0
2025-03-21,UA,11193,13930,-15,-17,343,0
2024-10-08,WN,13930,12892,-15,-19,608,0
2024-08-06,NK,12892,11433,71,80,2857,0
2025-10-04,DL,13204,14057,100,105,1695,0
2024-03-10,WN,12478,14107,79,82,1035,0
2025-08-30,AA,11193,10397,90,87,799,0
2025-04-11,NK,10397,11433,97,92,689,0
2025-01-15,F9,11298,12892,62,56,901,0
2025-03-16,UA,10397,11298,88,78,2899,0
2024-07-08,UA,14107,13303,21,40,2702,0
2025-09-15,AS,10397,11433,67,75,2754,0
2024-03-03,WN,13204,14771,-3,-2,350,0
2025-09-14,NK,11193,11298,45,46,2296,0
2024-06-16,F9,14107,11433,69,60,2236,0
2025-08-11,DL,11433,12892,39,49,275,0
2024-02-22,NK,13204,14869,52,44,1025,0
2024-12-31,B6,15016,12892,116,119,1168,0
2025-07-24,F9,12266,14869,103,97,1683,0
2025-09-03,AS,12892,14771,79,82,914,0
2025-08-19,WN,11193,14107,75,78,509,0
2025-02-19,AA,13303,11298,55,58,2880,0
2024-02-02,UA,12478,12266,115,135,1541,0
2024-07-19,DL,13303,10397,-11,-20,2576,0
2024-05-06,B6,11193,12478,95,96,580,0
2025-07-10,AS,13204,12892,93,85,243,0
2025-05-02,F9,14869,10397,80,95,2575,0
2025-10-09,AS,13204,11433,53,43,2204,0
2024-02-14,AS,15016,11433,78,91,2945,0
2024-09-05,NK,11298,14771,26,22,812,0
2024-06-20,DL,10397,14057,3,-1,1174,0
2024-06-28,AA,13303,12478,14,33,219,0
2024-03-24,B6,10397,13204,57,62,2341,0
2024-05-16,B6,14869,13930,21,33,1567,0
2024-06-02,AS,12892,14771,77,86,2906,0
2025-11-19,F9,15016,12892,41,61,395,0
2025-06-17,AA,11193,14869,6,20,2059,0
2024-10-22,AA,13303,12266,53,56,1928,0
2024-11-27,B6,11433,13930,9,11,1903,0
2024-06-24,F9,11433,11298,69,61,2354,0
2025-05-31,AA,13303,14107,95,106,2717,0
2025-01-26,UA,11298,10397,79,96,1182,0
2024-06-23,WN,12266,14771,75,92,2638,0
2024-11-17,AS,14771,11193,6,7,871,0
2025-11-19,B6,13303,14771,68,73,609,0
2024-11-02,NK,14107,13303,116,108,1365,0
2025-04-18,AA,14771,12892,-11,-16,2061,0
2024-09-10,UA,12266,12892,53,48,964,0
2024-09-22,F9,12266,15016,115,122,2717,0
2025-11-04,WN,11298,10397,-6,5,1762,0
2024-08-11,F9,12478,11298,115,122,1669,0
2025-07-27,B6,11433,14057,-8,-10,392,0
2024-09-26,WN,14771,12266,-13,-2,550,0
2024-07-15,DL,12266,11433,-1,3,351,0
2024-05-03,B6,14057,12892,88,79,2703,0
2025-02-02,AS,15016,10397,104,98,1427,0
2025-04-08,DL,11298,14057,15,32,2692,0
2024-11-27,AS,14107,13930,97,103,819,0
2024-05-11,WN,12892,10397,104,117,567,0
2025-11-11,DL,11298,11193,113,106,1957,0
2024-08-12,B6,12266,11433,61,66,1164,0
2024-07-03,B6,12266,14107,-9,-4,585,0
2024-10-03,AA,14869,13930,27,43,1401,0
2025-11-29,AA,12478,12266,95,87,2411,0
2024-10-04,F9,11193,14869,93,83,341,0
2025-10-12,AS,10397,15016,93,110,1574,0
2025-07-27,UA,14771,14107,116,113,2189,0
2024-03-31,DL,13204,13303,81,75,622,0
2025-05-09,DL,14057,14107,35,46,205,0
2024-11-18,B6,14107,14869,68,85,2755,1
2024-11-16,DL,11298,12266,106,116,1743,0
2024-12-25,B6,14771,14869,107,112,2442,0
2025-09-12,F9,11433,12266,115,117,983,0
2024-09-13,AA,11193,14057,-3,-11,611,0
2025-11-15,F9,10397,13204,5,21,1033,0
2024-05-16,DL,14869,11433,118,138,2556,0
2025-09-22,F9,14869,15016,37,32,2403,0
2024-09-11,AA,11193,12266,69,85,1413,0
2024-07-26,UA,13930,13204,9,21,309,0
2025-02-14,F9,12266,14771,31,33,636,0
2025-08-25,DL,15016,13204,88,97,2927,0
2024-08-14,AA,10397,13930,13,23,1403,0
2024-06-10,B6,14771,14057,43,38,1381,0
2024-10-09,B6,11193,12266,102,118,2702,0
2025-01-15,AS,12892,12478,52,66,1653,0
2025-03-10,F9,12266,14057,38,46,1100,0
2024-05-08,WN,13930,13303,45,53,2045,0
2024-10-19,UA,13303,11193,83,84,1328,0
2025-06-13,B6,13930,15016,36,26,671,0
2024-03-15,NK,14771,13204,16,33,975,0
2024-01-08,AA,14057,11298,53,55,1635,0
2024-01-28,UA,12892,14057,-4,-5,596,0
2025-05-12,WN,13204,10397,83,75,2087,0
2025-02-06,F9,11298,14057,6,17,1761,0
2024-07-21,UA,11193,12266,100,104,1157,0
2025-01-05,AA,14057,12266,120,138,2331,0
2025-07-20,F9,12892,11298,45,51,2231,0
2025-03-02,NK,11298,11193,77,69,2220,0
2025-10-17,DL,10397,11433,14,34,1484,0
2024-07-27,AA,13930,11193,24,17,1870,0
2025-02-16,AS,11298,11433,55,48,2894,0
2024-05-06,F9,11193,12266,95,103,2434,0
2025-05-26,DL,12478,14771,-13,-13,1318,0
2025-01-27,NK,14771,12266,0,19,1869,0
2025-03-20,AS,12892,14771,61,61,1235,0
2025-11-09,NK,13303,10397,77,70,1369,0
2025-08-08,WN,13204,11298,84,99,350,0
2025-01-01,B6,14869,11433,27,18,2769,0
2025-07-10,UA,10397,14771,15,22,1443,0
2025-07-23,UA,13930,11433,83,101,1450,0
2024-09-21,DL,14771,13204,2,14,2128,0
2024-03-09,WN,11433,12478,85,98,423,0
2025-09-13,DL,11193,14107,29,32,269,1
2024-06-19,AS,11298,11193,111,110,2296,0
2025-09-24,B6,11298,14107,36,32,2613,0
2024-03-02,AA,11193,14869,42,38,2389,0
2024-12-23,UA,12266,10397,57,69,1862,0
2025-07-28,WN,12478,12892,84,102,2616,0
2025-10-03,NK,12892,10397,92,101,798,0
2025-03-03,F9,14107,14771,-4,-3,2040,0
2025-09-18,DL,14771,15016,78,89,1117,0
2025-03-14,B6,13303,10397,74,64,381,0
2025-10-27,WN,14869,11298,109,121,723,0
2025-04-23,UA,11433,12892,99,103,2393,0
2024-08-19,B6,13303,12266,-15,2,1511,0
2025-01-17,DL,14771,12266,27,19,1773,0
2024-11-16,WN,14057,12266,88,97,427,0
2024-10-02,AA,14771,12266,51,59,2036,0
2024-07-24,AA,13930,14107,70,90,2217,0
2025-05-01,AS,14107,13303,2,15,1028,0
2025-04-30,DL,10397,12892,65,59,1205,0
2024-11-27,AS,11298,13204,101,112,2927,0
2025-10-23,B6,12892,11193,-1,-8,1665,1
2024-12-05,UA,10397,14869,75,75,2914,0
2024-12-20,B6,13204,12892,112,103,2063,0
2025-11-20,UA,11193,14771,102,120,2513,0
2024-12-04,AS,12266,13303,54,51,2531,0
2024-10-05,WN,14771,13204,47,50,1155,0
2024-04-20,DL,12892,12478,-8,-17,2184,0
2024-12-17,AS,13303,14057,96,112,2382,0
2024-02-09,B6,14771,15016,118,123,902,0
2024-12-31,UA,13930,11298,75,67,2848,0
2025-08-30,AA,13930,15016,-11,1,857,0
2025-08-25,NK,13204,11433,95,94,1921,0
2024-12-24,B6,12478,13303,-7,2,491,0
2025-05-30,AA,11433,12478,104,121,2031,0
2025-06-07,AA,14869,10397,16,30,1622,0
2025-02-04,B6,14107,14771,9,29,1139,0
2025-07-17,F9,13204,14057,43,39,952,0
2024-10-27,DL,11433,14771,4,-5,1860,0
2025-08-15,AA,10397,13204,2,6,1611,0
2025-05-02,B6,12266,14107,77,77,417,0
2025-10-21,WN,14057,14107,-10,10,1121,0
2025-10-27,DL,13930,14107,74,93,1782,0
2024-06-04,F9,14057,12478,33,41,1794,0
2024-06-14,AS,14057,15016,92,107,2406,0
2025-07-27,UA,11433,15016,61,71,1522,0
2025-01-28,F9,13204,14869,52,64,1693,0
2024-06-30,WN,14107,15016,61,81,622,0
2025-02-20,F9,15016,12892,30,23,1783,0
2024-07-01,AA,14771,14057,110,122,1647,0
2024-04-09,B6,12892,12266,3,18,2651,0
2024-01-29,B6,13204,12266,114,114,2649,0
2025-08-19,B6,14869,12892,67,67,689,0
2024-06-08,B6,10397,14107,81,76,2077,0
2025-11-02,F9,12478,11433,55,64,439,0
2025-02-01,UA,13930,13303,120,137,765,0
2025-03-03,F9,13204,13930,78,76,1308,0
2024-03-28,AS,13204,11433,53,47,2031,0
2025-01-19,DL,14107,11298,30,33,1215,0
2024-01-25,F9,14057,13303,-2,5,1313,0
2025-11-09,NK,13930,15016,-7,11,2644,0
2025-08-16,UA,11193,12266,13,8,232,0
2025-08-17,F9,14057,15016,-3,16,1152,0
2025-03-15,NK,12892,12478,39,29,2710,0
2025-04-03,AA,11298,14057,86,93,938,0
2025-03-07,AA,12478,13930,7,11,486,0
2025-08-28,B6,14107,11193,31,33,1256,0
2024-02-02,AS,13930,14869,43,59,1963,0
2025-10-16,WN,12892,12478,-6,10,2442,0
2025-05-26,WN,11298,14771,74,69,654,0
2024-03-22,AS,11433,11193,75,90,1572,0
2024-09-24,UA,11298,11193,27,17,921,0
2024-10-26,DL,14057,12266,39,30,676,0
2025-08-24,AA,12266,11298,34,52,2199,0
2024-02-25,WN,15016,14771,118,114,1274,0
2025-06-13,F9,13303,14869,96,89,1826,0
2024-11-19,WN,14771,11298,86,93,2424,0
2024-05-13,F9,13204,14057,108,108,1261,0
2025-04-02,NK,14771,14107,33,25,1683,0
2024-01-02,NK,11193,14771,62,73,2955,0
2024-10-26,WN,14107,14771,1,16,1963,0
2025-01-26,AS,12266,11298,46,51,1442,0
2025-04-25,F9,12266,11298,5,14,731,0
2025-08-24,UA,13930,12892,60,79,1238,0
2025-07-06,F9,14869,11193,2,18,2622,0
2024-10-15,B6,10397,14057,-6,3,2246,0
2025-06-17,AS,14869,13204,77,84,1630,0
2024-08-05,F9,13303,12478,37,28,1995,0
2024-07-27,NK,14771,10397,62,53,893,0
2024-03-10,F9,11433,14869,46,46,2787,0
2024-09-24,UA,11433,15016,99,117,558,0
2025-03-26,B6,11433,15016,-12,8,1879,0
2024-02-07,NK,14771,13930,83,87,2204,0
2024-05-25,AS,13303,11193,110,129,870,0
2025-02-09,NK,13303,14107,44,42,1244,0
2025-09-29,B6,12478,13303,95,111,287,0
2025-03-18,AS,14057,12266,48,63,1784,0
2024-09-09,WN,13303,12266,50,69,293,0
2025-06-02,UA,10397,14107,87,87,2261,0
